{"type": "FeatureCollection", "name": "classified_agricultural_parcels_tirunelveli", "crs": {"type": "name", "properties": {"name": "urn:ogc:def:crs:OGC:1.3:CRS84"}}, "features": [{"type": "Feature", "geometry": {"type": "Polygon", "coordinates": [[[77.491536, 8.690071], [77.492229, 8.691928], [77.493837, 8.690891], [77.494096, 8.68936], [77.49212, 8.689125], [77.491536, 8.690071]]]}, "properties": {"parcel_id": "parcel_00001", "state": "Tamil Nadu", "district": "Tirunelveli District", "taluk": "Ambasamudram Taluk", "village": "Kallidaikurichi", "predicted_crop": "Paddy", "confidence": 0.8608, "area_sq_km": 0.0575, "area_ha": 5.75, "prob_paddy": 0.8608, "prob_banana": 0.0998, "prob_other": 0.0394}}, {"type": "Feature", "geometry": {"type": "Polygon", "coordinates": [[[77.448592, 8.696714], [77.44821, 8.697197], [77.44807, 8.697664], [77.449348, 8.698518], [77.449693, 8.697803], [77.448962, 8.696862], [77.448592, 8.696714]]]}, "properties": {"parcel_id": "parcel_00002", "state": "Tamil Nadu", "district": "Tirunelveli District", "taluk": "Ambasamudram Taluk", "village": "Ambasamudram", "predicted_crop": "Other", "confidence": 0.8206, "area_sq_km": 0.0193, "area_ha": 1.93, "prob_paddy": 0.0796, "prob_banana": 0.0998, "prob_other": 0.8206}}, {"type": "Feature", "geometry": {"type": "Polygon", "coordinates": [[[77.512743, 8.687389], [77.512416, 8.689309], [77.513279, 8.689608], [77.514538, 8.687255], [77.513743, 8.68682], [77.512743, 8.687389]]]}, "properties": {"parcel_id": "parcel_00003", "state": "Tamil Nadu", "district": "Tirunelveli District", "taluk": "Cheranmahadevi Taluk", "village": "Veeravanallur", "predicted_crop": "Banana", "confidence": 0.933, "area_sq_km": 0.0408, "area_ha": 4.08, "prob_paddy": 0.0447, "prob_banana": 0.933, "prob_other": 0.0223}}, {"type": "Feature", "geometry": {"type": "Polygon", "coordinates": [[[77.540165, 8.711091], [77.539605, 8.709001], [77.539416, 8.708975], [77.538595, 8.709266], [77.538473, 8.710436], [77.540165, 8.711091]]]}, "properties": {"parcel_id": "parcel_00004", "state": "Tamil Nadu", "district": "Tirunelveli District", "taluk": "Cheranmahadevi Taluk", "village": "Ariyanayakipuram", "predicted_crop": "Other", "confidence": 0.7533, "area_sq_km": 0.0268, "area_ha": 2.68, "prob_paddy": 0.101, "prob_banana": 0.1457, "prob_other": 0.7533}}, {"type": "Feature", "geometry": {"type": "Polygon", "coordinates": [[[77.518386, 8.700422], [77.5175, 8.698725], [77.51678, 8.699037], [77.517462, 8.700983], [77.518079, 8.701402], [77.518386, 8.700422]]]}, "properties": {"parcel_id": "parcel_00005", "state": "Tamil Nadu", "district": "Tirunelveli District", "taluk": "Cheranmahadevi Taluk", "village": "Veeravanallur", "predicted_crop": "Paddy", "confidence": 0.9793, "area_sq_km": 0.0269, "area_ha": 2.69, "prob_paddy": 0.9793, "prob_banana": 0.0113, "prob_other": 0.0094}}, {"type": "Feature", "geometry": {"type": "Polygon", "coordinates": [[[77.471333, 8.674421], [77.469309, 8.6748], [77.469043, 8.675209], [77.472405, 8.678453], [77.472976, 8.6784], [77.473352, 8.677364], [77.471333, 8.674421]]]}, "properties": {"parcel_id": "parcel_00006", "state": "Tamil Nadu", "district": "Tirunelveli District", "taluk": "Ambasamudram Taluk", "village": "Kallidaikurichi", "predicted_crop": "Banana", "confidence": 0.8667, "area_sq_km": 0.0997, "area_ha": 9.97, "prob_paddy": 0.0872, "prob_banana": 0.8667, "prob_other": 0.0461}}, {"type": "Feature", "geometry": {"type": "Polygon", "coordinates": [[[77.451271, 8.695171], [77.449909, 8.693782], [77.449411, 8.694647], [77.450445, 8.695273], [77.45095, 8.695426], [77.451101, 8.695429], [77.451271, 8.695171]]]}, "properties": {"parcel_id": "parcel_00007", "state": "Tamil Nadu", "district": "Tirunelveli District", "taluk": "Ambasamudram Taluk", "village": "Ambasamudram", "predicted_crop": "Paddy", "confidence": 0.9465, "area_sq_km": 0.0165, "area_ha": 1.65, "prob_paddy": 0.9465, "prob_banana": 0.0318, "prob_other": 0.0216}}, {"type": "Feature", "geometry": {"type": "Polygon", "coordinates": [[[77.503422, 8.696345], [77.504217, 8.695096], [77.504381, 8.694494], [77.503919, 8.694364], [77.501924, 8.694512], [77.503422, 8.696345]]]}, "properties": {"parcel_id": "parcel_00008", "state": "Tamil Nadu", "district": "Tirunelveli District", "taluk": "Ambasamudram Taluk", "village": "Veeravanallur", "predicted_crop": "Banana", "confidence": 0.953, "area_sq_km": 0.0313, "area_ha": 3.13, "prob_paddy": 0.0246, "prob_banana": 0.953, "prob_other": 0.0224}}, {"type": "Feature", "geometry": {"type": "Polygon", "coordinates": [[[77.517697, 8.70892], [77.517605, 8.709025], [77.517772, 8.710969], [77.517784, 8.710997], [77.518982, 8.711722], [77.520048, 8.710946], [77.518209, 8.708852], [77.517697, 8.70892]]]}, "properties": {"parcel_id": "parcel_00009", "state": "Tamil Nadu", "district": "Tirunelveli District", "taluk": "Cheranmahadevi Taluk", "village": "Veeravanallur", "predicted_crop": "Paddy", "confidence": 0.9154, "area_sq_km": 0.0477, "area_ha": 4.77, "prob_paddy": 0.9154, "prob_banana": 0.0558, "prob_other": 0.0288}}, {"type": "Feature", "geometry": {"type": "Polygon", "coordinates": [[[77.490802, 8.679779], [77.491483, 8.680172], [77.493207, 8.680236], [77.493641, 8.67959], [77.492862, 8.677239], [77.492067, 8.677458], [77.490802, 8.679779]]]}, "properties": {"parcel_id": "parcel_00010", "state": "Tamil Nadu", "district": "Tirunelveli District", "taluk": "Ambasamudram Taluk", "village": "Kallidaikurichi", "predicted_crop": "Paddy", "confidence": 0.8872, "area_sq_km": 0.0656, "area_ha": 6.56, "prob_paddy": 0.8872, "prob_banana": 0.0792, "prob_other": 0.0336}}, {"type": "Feature", "geometry": {"type": "Polygon", "coordinates": [[[77.43332, 8.694836], [77.434693, 8.692593], [77.432538, 8.691042], [77.432311, 8.69121], [77.432887, 8.694624], [77.43332, 8.694836]]]}, "properties": {"parcel_id": "parcel_00011", "state": "Tamil Nadu", "district": "Tirunelveli District", "taluk": "Ambasamudram Taluk", "village": "Ambasamudram", "predicted_crop": "Paddy", "confidence": 0.8937, "area_sq_km": 0.0567, "area_ha": 5.67, "prob_paddy": 0.8937, "prob_banana": 0.0833, "prob_other": 0.023}}, {"type": "Feature", "geometry": {"type": "Polygon", "coordinates": [[[77.495996, 8.70588], [77.497018, 8.705499], [77.497203, 8.705182], [77.495195, 8.702955], [77.494441, 8.703062], [77.494282, 8.703311], [77.495148, 8.705613], [77.495996, 8.70588]]]}, "properties": {"parcel_id": "parcel_00012", "state": "Tamil Nadu", "district": "Tirunelveli District", "taluk": "Ambasamudram Taluk", "village": "Thiruppudaimaruthur", "predicted_crop": "Banana", "confidence": 0.8365, "area_sq_km": 0.056, "area_ha": 5.6, "prob_paddy": 0.0797, "prob_banana": 0.8365, "prob_other": 0.0837}}, {"type": "Feature", "geometry": {"type": "Polygon", "coordinates": [[[77.543263, 8.690057], [77.542633, 8.688145], [77.541551, 8.687789], [77.541393, 8.687812], [77.540058, 8.68872], [77.540033, 8.688742], [77.539957, 8.689116], [77.540256, 8.690086], [77.542814, 8.690921], [77.543263, 8.690057]]]}, "properties": {"parcel_id": "parcel_00013", "state": "Tamil Nadu", "district": "Tirunelveli District", "taluk": "Cheranmahadevi Taluk", "village": "Veeravanallur", "predicted_crop": "Paddy", "confidence": 0.9639, "area_sq_km": 0.0845, "area_ha": 8.45, "prob_paddy": 0.9639, "prob_banana": 0.0241, "prob_other": 0.012}}, {"type": "Feature", "geometry": {"type": "Polygon", "coordinates": [[[77.469866, 8.716693], [77.469919, 8.717262], [77.472401, 8.717345], [77.474173, 8.713379], [77.47405, 8.713219], [77.473773, 8.713159], [77.470313, 8.715397], [77.469866, 8.716693]]]}, "properties": {"parcel_id": "parcel_00014", "state": "Tamil Nadu", "district": "Tirunelveli District", "taluk": "Ambasamudram Taluk", "village": "Brahmadesam", "predicted_crop": "Banana", "confidence": 0.8308, "area_sq_km": 0.1121, "area_ha": 11.21, "prob_paddy": 0.0821, "prob_banana": 0.8308, "prob_other": 0.0871}}, {"type": "Feature", "geometry": {"type": "Polygon", "coordinates": [[[77.547201, 8.71105], [77.547841, 8.711134], [77.548306, 8.708976], [77.548125, 8.708879], [77.547443, 8.708577], [77.545322, 8.709879], [77.545461, 8.71037], [77.547201, 8.71105]]]}, "properties": {"parcel_id": "parcel_00015", "state": "Tamil Nadu", "district": "Tirunelveli District", "taluk": "Cheranmahadevi Taluk", "village": "Ariyanayakipuram", "predicted_crop": "Paddy", "confidence": 0.9048, "area_sq_km": 0.057, "area_ha": 5.7, "prob_paddy": 0.9048, "prob_banana": 0.0761, "prob_other": 0.0191}}, {"type": "Feature", "geometry": {"type": "Polygon", "coordinates": [[[77.531096, 8.691578], [77.532374, 8.690723], [77.532305, 8.689507], [77.530363, 8.690526], [77.530402, 8.691479], [77.531096, 8.691578]]]}, "properties": {"parcel_id": "parcel_00016", "state": "Tamil Nadu", "district": "Tirunelveli District", "taluk": "Cheranmahadevi Taluk", "village": "Veeravanallur", "predicted_crop": "Other", "confidence": 0.8371, "area_sq_km": 0.0308, "area_ha": 3.08, "prob_paddy": 0.0761, "prob_banana": 0.0868, "prob_other": 0.8371}}, {"type": "Feature", "geometry": {"type": "Polygon", "coordinates": [[[77.540019, 8.688718], [77.540034, 8.688705], [77.538948, 8.68514], [77.537833, 8.686117], [77.537898, 8.686675], [77.53823, 8.687702], [77.540019, 8.688718]]]}, "properties": {"parcel_id": "parcel_00017", "state": "Tamil Nadu", "district": "Tirunelveli District", "taluk": "Cheranmahadevi Taluk", "village": "Veeravanallur", "predicted_crop": "Paddy", "confidence": 0.9719, "area_sq_km": 0.0466, "area_ha": 4.66, "prob_paddy": 0.9719, "prob_banana": 0.0205, "prob_other": 0.0076}}, {"type": "Feature", "geometry": {"type": "Polygon", "coordinates": [[[77.448017, 8.712919], [77.448359, 8.713081], [77.448695, 8.709081], [77.446838, 8.709927], [77.445886, 8.710647], [77.445609, 8.71087], [77.448017, 8.712919]]]}, "properties": {"parcel_id": "parcel_00018", "state": "Tamil Nadu", "district": "Tirunelveli District", "taluk": "Ambasamudram Taluk", "village": "Ambasamudram", "predicted_crop": "Banana", "confidence": 0.9306, "area_sq_km": 0.0778, "area_ha": 7.78, "prob_paddy": 0.0353, "prob_banana": 0.9306, "prob_other": 0.0341}}, {"type": "Feature", "geometry": {"type": "Polygon", "coordinates": [[[77.450731, 8.677938], [77.450731, 8.677938], [77.449822, 8.677302], [77.445573, 8.678083], [77.445633, 8.678848], [77.450731, 8.677938]]]}, "properties": {"parcel_id": "parcel_00019", "state": "Tamil Nadu", "district": "Tirunelveli District", "taluk": "Ambasamudram Taluk", "village": "Kallidaikurichi", "predicted_crop": "Banana", "confidence": 0.8319, "area_sq_km": 0.0449, "area_ha": 4.49, "prob_paddy": 0.1106, "prob_banana": 0.8319, "prob_other": 0.0575}}, {"type": "Feature", "geometry": {"type": "Polygon", "coordinates": [[[77.493794, 8.694786], [77.494126, 8.694474], [77.49216, 8.692076], [77.491467, 8.693382], [77.491463, 8.693606], [77.493006, 8.695276], [77.493794, 8.694786]]]}, "properties": {"parcel_id": "parcel_00020", "state": "Tamil Nadu", "district": "Tirunelveli District", "taluk": "Ambasamudram Taluk", "village": "Veeravanallur", "predicted_crop": "Paddy", "confidence": 0.9532, "area_sq_km": 0.0489, "area_ha": 4.89, "prob_paddy": 0.9532, "prob_banana": 0.0336, "prob_other": 0.0132}}, {"type": "Feature", "geometry": {"type": "Polygon", "coordinates": [[[77.433739, 8.70333], [77.432649, 8.701927], [77.432361, 8.701764], [77.431503, 8.702072], [77.431444, 8.703571], [77.432115, 8.705058], [77.432464, 8.705129], [77.433707, 8.704002], [77.433739, 8.70333]]]}, "properties": {"parcel_id": "parcel_00021", "state": "Tamil Nadu", "district": "Tirunelveli District", "taluk": "Ambasamudram Taluk", "village": "Ambasamudram", "predicted_crop": "Paddy", "confidence": 0.9332, "area_sq_km": 0.064, "area_ha": 6.4, "prob_paddy": 0.9332, "prob_banana": 0.0515, "prob_other": 0.0153}}, {"type": "Feature", "geometry": {"type": "Polygon", "coordinates": [[[77.489381, 8.693592], [77.491445, 8.693366], [77.492144, 8.692048], [77.492145, 8.692029], [77.490301, 8.691447], [77.489674, 8.691686], [77.488837, 8.692257], [77.488678, 8.69325], [77.489381, 8.693592]]]}, "properties": {"parcel_id": "parcel_00022", "state": "Tamil Nadu", "district": "Tirunelveli District", "taluk": "Ambasamudram Taluk", "village": "Kallidaikurichi", "predicted_crop": "Paddy", "confidence": 0.9154, "area_sq_km": 0.0634, "area_ha": 6.34, "prob_paddy": 0.9154, "prob_banana": 0.051, "prob_other": 0.0336}}, {"type": "Feature", "geometry": {"type": "Polygon", "coordinates": [[[77.535696, 8.675748], [77.536532, 8.676884], [77.538156, 8.677199], [77.538573, 8.676446], [77.538777, 8.675272], [77.536476, 8.674686], [77.536024, 8.674981], [77.535693, 8.67572], [77.535696, 8.675748]]]}, "properties": {"parcel_id": "parcel_00023", "state": "Tamil Nadu", "district": "Tirunelveli District", "taluk": "Cheranmahadevi Taluk", "village": "Veeravanallur", "predicted_crop": "Paddy", "confidence": 0.9031, "area_sq_km": 0.0653, "area_ha": 6.53, "prob_paddy": 0.9031, "prob_banana": 0.0569, "prob_other": 0.04}}, {"type": "Feature", "geometry": {"type": "Polygon", "coordinates": [[[77.508316, 8.674721], [77.509945, 8.672709], [77.507714, 8.670846], [77.507098, 8.670638], [77.506688, 8.672925], [77.50646, 8.675088], [77.507586, 8.67518], [77.508316, 8.674721]]]}, "properties": {"parcel_id": "parcel_00024", "state": "Tamil Nadu", "district": "Tirunelveli District", "taluk": "Ambasamudram Taluk", "village": "Veeravanallur", "predicted_crop": "Banana", "confidence": 0.8894, "area_sq_km": 0.1143, "area_ha": 11.43, "prob_paddy": 0.0694, "prob_banana": 0.8894, "prob_other": 0.0412}}, {"type": "Feature", "geometry": {"type": "Polygon", "coordinates": [[[77.466138, 8.715057], [77.466573, 8.715155], [77.469288, 8.714129], [77.469025, 8.713454], [77.467414, 8.713557], [77.465705, 8.71413], [77.466138, 8.715057]]]}, "properties": {"parcel_id": "parcel_00025", "state": "Tamil Nadu", "district": "Tirunelveli District", "taluk": "Ambasamudram Taluk", "village": "Brahmadesam", "predicted_crop": "Paddy", "confidence": 0.9724, "area_sq_km": 0.0439, "area_ha": 4.39, "prob_paddy": 0.9724, "prob_banana": 0.0176, "prob_other": 0.01}}, {"type": "Feature", "geometry": {"type": "Polygon", "coordinates": [[[77.511937, 8.703363], [77.510153, 8.703371], [77.509105, 8.704281], [77.509647, 8.705307], [77.509901, 8.705697], [77.51082, 8.706489], [77.511036, 8.706555], [77.513135, 8.703556], [77.511937, 8.703363]]]}, "properties": {"parcel_id": "parcel_00026", "state": "Tamil Nadu", "district": "Tirunelveli District", "taluk": "Cheranmahadevi Taluk", "village": "Veeravanallur", "predicted_crop": "Banana", "confidence": 0.8273, "area_sq_km": 0.0908, "area_ha": 9.08, "prob_paddy": 0.0885, "prob_banana": 0.8273, "prob_other": 0.0842}}, {"type": "Feature", "geometry": {"type": "Polygon", "coordinates": [[[77.511806, 8.724277], [77.507955, 8.72305], [77.506784, 8.724392], [77.509406, 8.72658], [77.510853, 8.72524], [77.511804, 8.72428], [77.511806, 8.724277]]]}, "properties": {"parcel_id": "parcel_00027", "state": "Tamil Nadu", "district": "Tirunelveli District", "taluk": "Ambasamudram Taluk", "village": "Thiruppudaimaruthur", "predicted_crop": "Banana", "confidence": 0.9219, "area_sq_km": 0.1097, "area_ha": 10.97, "prob_paddy": 0.0352, "prob_banana": 0.9219, "prob_other": 0.0429}}, {"type": "Feature", "geometry": {"type": "Polygon", "coordinates": [[[77.454452, 8.682246], [77.453858, 8.680898], [77.451913, 8.682301], [77.452712, 8.684482], [77.454249, 8.684015], [77.454452, 8.682246]]]}, "properties": {"parcel_id": "parcel_00028", "state": "Tamil Nadu", "district": "Tirunelveli District", "taluk": "Ambasamudram Taluk", "village": "Kallidaikurichi", "predicted_crop": "Paddy", "confidence": 0.8686, "area_sq_km": 0.071, "area_ha": 7.1, "prob_paddy": 0.8686, "prob_banana": 0.075, "prob_other": 0.0563}}, {"type": "Feature", "geometry": {"type": "Polygon", "coordinates": [[[77.439026, 8.699379], [77.438035, 8.700463], [77.437919, 8.700872], [77.438208, 8.701449], [77.439022, 8.701012], [77.439026, 8.699379]]]}, "properties": {"parcel_id": "parcel_00029", "state": "Tamil Nadu", "district": "Tirunelveli District", "taluk": "Ambasamudram Taluk", "village": "Ambasamudram", "predicted_crop": "Other", "confidence": 0.8463, "area_sq_km": 0.0163, "area_ha": 1.63, "prob_paddy": 0.0834, "prob_banana": 0.0703, "prob_other": 0.8463}}, {"type": "Feature", "geometry": {"type": "Polygon", "coordinates": [[[77.487982, 8.712966], [77.487812, 8.714114], [77.488022, 8.714728], [77.489949, 8.715558], [77.490116, 8.713177], [77.487982, 8.712966]]]}, "properties": {"parcel_id": "parcel_00030", "state": "Tamil Nadu", "district": "Tirunelveli District", "taluk": "Ambasamudram Taluk", "village": "Thiruppudaimaruthur", "predicted_crop": "Banana", "confidence": 0.9506, "area_sq_km": 0.0538, "area_ha": 5.38, "prob_paddy": 0.0221, "prob_banana": 0.9506, "prob_other": 0.0273}}, {"type": "Feature", "geometry": {"type": "Polygon", "coordinates": [[[77.548983, 8.686295], [77.550022, 8.68757], [77.550053, 8.68758], [77.552224, 8.685304], [77.551766, 8.685062], [77.549086, 8.684399], [77.548983, 8.686295]]]}, "properties": {"parcel_id": "parcel_00031", "state": "Tamil Nadu", "district": "Tirunelveli District", "taluk": "Cheranmahadevi Taluk", "village": "Cheranmahadevi", "predicted_crop": "Paddy", "confidence": 0.9238, "area_sq_km": 0.071, "area_ha": 7.1, "prob_paddy": 0.9238, "prob_banana": 0.0473, "prob_other": 0.0289}}, {"type": "Feature", "geometry": {"type": "Polygon", "coordinates": [[[77.454146, 8.679781], [77.453878, 8.680876], [77.454475, 8.682232], [77.457605, 8.682571], [77.457746, 8.682206], [77.456651, 8.679479], [77.454146, 8.679781]]]}, "properties": {"parcel_id": "parcel_00032", "state": "Tamil Nadu", "district": "Tirunelveli District", "taluk": "Ambasamudram Taluk", "village": "Kallidaikurichi", "predicted_crop": "Banana", "confidence": 0.8277, "area_sq_km": 0.106, "area_ha": 10.6, "prob_paddy": 0.0734, "prob_banana": 0.8277, "prob_other": 0.0988}}, {"type": "Feature", "geometry": {"type": "Polygon", "coordinates": [[[77.42975, 8.690119], [77.428414, 8.689462], [77.427338, 8.689666], [77.427994, 8.69156], [77.428392, 8.69173], [77.43025, 8.691255], [77.42975, 8.690119]]]}, "properties": {"parcel_id": "parcel_00033", "state": "Tamil Nadu", "district": "Tirunelveli District", "taluk": "Ambasamudram Taluk", "village": "Ambasamudram", "predicted_crop": "Paddy", "confidence": 0.8667, "area_sq_km": 0.0516, "area_ha": 5.16, "prob_paddy": 0.8667, "prob_banana": 0.1066, "prob_other": 0.0267}}, {"type": "Feature", "geometry": {"type": "Polygon", "coordinates": [[[77.495485, 8.712379], [77.496008, 8.714857], [77.496334, 8.714701], [77.497416, 8.713407], [77.497694, 8.712722], [77.497053, 8.711839], [77.495485, 8.712379]]]}, "properties": {"parcel_id": "parcel_00034", "state": "Tamil Nadu", "district": "Tirunelveli District", "taluk": "Ambasamudram Taluk", "village": "Thiruppudaimaruthur", "predicted_crop": "Banana", "confidence": 0.899, "area_sq_km": 0.0477, "area_ha": 4.77, "prob_paddy": 0.0471, "prob_banana": 0.899, "prob_other": 0.054}}, {"type": "Feature", "geometry": {"type": "Polygon", "coordinates": [[[77.517473, 8.713531], [77.515857, 8.713766], [77.515827, 8.713806], [77.515774, 8.715938], [77.517414, 8.71706], [77.518014, 8.717131], [77.51849, 8.714094], [77.517473, 8.713531]]]}, "properties": {"parcel_id": "parcel_00035", "state": "Tamil Nadu", "district": "Tirunelveli District", "taluk": "Cheranmahadevi Taluk", "village": "Thiruppudaimaruthur", "predicted_crop": "Paddy", "confidence": 0.9774, "area_sq_km": 0.0907, "area_ha": 9.07, "prob_paddy": 0.9774, "prob_banana": 0.0176, "prob_other": 0.0049}}, {"type": "Feature", "geometry": {"type": "Polygon", "coordinates": [[[77.479161, 8.683015], [77.477824, 8.684633], [77.478167, 8.685213], [77.480499, 8.686046], [77.481037, 8.684047], [77.480303, 8.683106], [77.479161, 8.683015]]]}, "properties": {"parcel_id": "parcel_00036", "state": "Tamil Nadu", "district": "Tirunelveli District", "taluk": "Ambasamudram Taluk", "village": "Kallidaikurichi", "predicted_crop": "Other", "confidence": 0.7598, "area_sq_km": 0.0768, "area_ha": 7.68, "prob_paddy": 0.1141, "prob_banana": 0.1261, "prob_other": 0.7598}}, {"type": "Feature", "geometry": {"type": "Polygon", "coordinates": [[[77.444453, 8.689962], [77.444761, 8.68965], [77.444523, 8.686983], [77.443699, 8.686766], [77.441939, 8.68888], [77.442337, 8.689551], [77.442421, 8.689619], [77.443923, 8.690391], [77.444453, 8.689962]]]}, "properties": {"parcel_id": "parcel_00037", "state": "Tamil Nadu", "district": "Tirunelveli District", "taluk": "Ambasamudram Taluk", "village": "Ambasamudram", "predicted_crop": "Other", "confidence": 0.8488, "area_sq_km": 0.0792, "area_ha": 7.92, "prob_paddy": 0.0852, "prob_banana": 0.0661, "prob_other": 0.8488}}, {"type": "Feature", "geometry": {"type": "Polygon", "coordinates": [[[77.546067, 8.714775], [77.543581, 8.716147], [77.543242, 8.717142], [77.544859, 8.717913], [77.547396, 8.717381], [77.547241, 8.716379], [77.546067, 8.714775]]]}, "properties": {"parcel_id": "parcel_00038", "state": "Tamil Nadu", "district": "Tirunelveli District", "taluk": "Cheranmahadevi Taluk", "village": "Ariyanayakipuram", "predicted_crop": "Banana", "confidence": 0.8848, "area_sq_km": 0.099, "area_ha": 9.9, "prob_paddy": 0.0565, "prob_banana": 0.8848, "prob_other": 0.0587}}, {"type": "Feature", "geometry": {"type": "Polygon", "coordinates": [[[77.543815, 8.682986], [77.543924, 8.682702], [77.542817, 8.681494], [77.541447, 8.681059], [77.540524, 8.682204], [77.541357, 8.683697], [77.54173, 8.683713], [77.543815, 8.682986]]]}, "properties": {"parcel_id": "parcel_00039", "state": "Tamil Nadu", "district": "Tirunelveli District", "taluk": "Cheranmahadevi Taluk", "village": "Cheranmahadevi", "predicted_crop": "Paddy", "confidence": 0.8796, "area_sq_km": 0.0677, "area_ha": 6.77, "prob_paddy": 0.8796, "prob_banana": 0.0731, "prob_other": 0.0473}}, {"type": "Feature", "geometry": {"type": "Polygon", "coordinates": [[[77.515453, 8.703469], [77.51454, 8.703162], [77.514498, 8.703196], [77.514307, 8.705621], [77.515431, 8.706166], [77.517198, 8.705017], [77.515453, 8.703469]]]}, "properties": {"parcel_id": "parcel_00040", "state": "Tamil Nadu", "district": "Tirunelveli District", "taluk": "Cheranmahadevi Taluk", "village": "Veeravanallur", "predicted_crop": "Paddy", "confidence": 0.864, "area_sq_km": 0.0621, "area_ha": 6.21, "prob_paddy": 0.864, "prob_banana": 0.0837, "prob_other": 0.0523}}, {"type": "Feature", "geometry": {"type": "Polygon", "coordinates": [[[77.51798, 8.694269], [77.520401, 8.694193], [77.520413, 8.693031], [77.519423, 8.692457], [77.518997, 8.692389], [77.517377, 8.693142], [77.517187, 8.693632], [77.517448, 8.693954], [77.51798, 8.694269]]]}, "properties": {"parcel_id": "parcel_00041", "state": "Tamil Nadu", "district": "Tirunelveli District", "taluk": "Cheranmahadevi Taluk", "village": "Veeravanallur", "predicted_crop": "Paddy", "confidence": 0.9321, "area_sq_km": 0.056, "area_ha": 5.6, "prob_paddy": 0.9321, "prob_banana": 0.0508, "prob_other": 0.0171}}, {"type": "Feature", "geometry": {"type": "Polygon", "coordinates": [[[77.456246, 8.706665], [77.456565, 8.706742], [77.459364, 8.704527], [77.459007, 8.703717], [77.45867, 8.703362], [77.458629, 8.703338], [77.457107, 8.702789], [77.455618, 8.703662], [77.455566, 8.703875], [77.456246, 8.706665]]]}, "properties": {"parcel_id": "parcel_00042", "state": "Tamil Nadu", "district": "Tirunelveli District", "taluk": "Ambasamudram Taluk", "village": "Ambasamudram", "predicted_crop": "Paddy", "confidence": 0.9305, "area_sq_km": 0.11, "area_ha": 11.0, "prob_paddy": 0.9305, "prob_banana": 0.0437, "prob_other": 0.0258}}, {"type": "Feature", "geometry": {"type": "Polygon", "coordinates": [[[77.475995, 8.707036], [77.476778, 8.708025], [77.478759, 8.706595], [77.478753, 8.706392], [77.477868, 8.706104], [77.475995, 8.707036]]]}, "properties": {"parcel_id": "parcel_00043", "state": "Tamil Nadu", "district": "Tirunelveli District", "taluk": "Ambasamudram Taluk", "village": "Kallidaikurichi", "predicted_crop": "Paddy", "confidence": 0.9719, "area_sq_km": 0.0305, "area_ha": 3.05, "prob_paddy": 0.9719, "prob_banana": 0.0148, "prob_other": 0.0134}}, {"type": "Feature", "geometry": {"type": "Polygon", "coordinates": [[[77.451427, 8.708374], [77.450052, 8.70897], [77.450854, 8.709791], [77.452795, 8.709997], [77.453634, 8.708639], [77.451427, 8.708374]]]}, "properties": {"parcel_id": "parcel_00044", "state": "Tamil Nadu", "district": "Tirunelveli District", "taluk": "Ambasamudram Taluk", "village": "Ambasamudram", "predicted_crop": "Paddy", "confidence": 0.9238, "area_sq_km": 0.0469, "area_ha": 4.69, "prob_paddy": 0.9238, "prob_banana": 0.0566, "prob_other": 0.0196}}, {"type": "Feature", "geometry": {"type": "Polygon", "coordinates": [[[77.472996, 8.704991], [77.474531, 8.704308], [77.474779, 8.702862], [77.474689, 8.70274], [77.47435, 8.702568], [77.473609, 8.702418], [77.473195, 8.702588], [77.472844, 8.702978], [77.472996, 8.704991]]]}, "properties": {"parcel_id": "parcel_00045", "state": "Tamil Nadu", "district": "Tirunelveli District", "taluk": "Ambasamudram Taluk", "village": "Kallidaikurichi", "predicted_crop": "Banana", "confidence": 0.9536, "area_sq_km": 0.0441, "area_ha": 4.41, "prob_paddy": 0.0242, "prob_banana": 0.9536, "prob_other": 0.0222}}, {"type": "Feature", "geometry": {"type": "Polygon", "coordinates": [[[77.483804, 8.677748], [77.483597, 8.676605], [77.481026, 8.675596], [77.480761, 8.677114], [77.483804, 8.677748]]]}, "properties": {"parcel_id": "parcel_00046", "state": "Tamil Nadu", "district": "Tirunelveli District", "taluk": "Ambasamudram Taluk", "village": "Kallidaikurichi", "predicted_crop": "Paddy", "confidence": 0.978, "area_sq_km": 0.0458, "area_ha": 4.58, "prob_paddy": 0.978, "prob_banana": 0.0153, "prob_other": 0.0067}}, {"type": "Feature", "geometry": {"type": "Polygon", "coordinates": [[[77.510442, 8.684435], [77.509454, 8.684271], [77.507942, 8.686054], [77.508188, 8.686763], [77.510392, 8.686897], [77.510793, 8.685708], [77.510858, 8.685328], [77.510845, 8.685231], [77.510442, 8.684435]]]}, "properties": {"parcel_id": "parcel_00047", "state": "Tamil Nadu", "district": "Tirunelveli District", "taluk": "Ambasamudram Taluk", "village": "Veeravanallur", "predicted_crop": "Paddy", "confidence": 0.8816, "area_sq_km": 0.0657, "area_ha": 6.57, "prob_paddy": 0.8816, "prob_banana": 0.0936, "prob_other": 0.0248}}, {"type": "Feature", "geometry": {"type": "Polygon", "coordinates": [[[77.438184, 8.721146], [77.434873, 8.72281], [77.43415, 8.724746], [77.434591, 8.725235], [77.436932, 8.724604], [77.438891, 8.721671], [77.438184, 8.721146]]]}, "properties": {"parcel_id": "parcel_00048", "state": "Tamil Nadu", "district": "Tirunelveli District", "taluk": "Ambasamudram Taluk", "village": "Mannarkovil", "predicted_crop": "Paddy", "confidence": 0.9012, "area_sq_km": 0.1168, "area_ha": 11.68, "prob_paddy": 0.9012, "prob_banana": 0.0758, "prob_other": 0.0231}}, {"type": "Feature", "geometry": {"type": "Polygon", "coordinates": [[[77.537924, 8.70033], [77.539626, 8.701884], [77.540043, 8.701671], [77.539415, 8.699245], [77.537924, 8.70033]]]}, "properties": {"parcel_id": "parcel_00049", "state": "Tamil Nadu", "district": "Tirunelveli District", "taluk": "Cheranmahadevi Taluk", "village": "Veeravanallur", "predicted_crop": "Other", "confidence": 0.8249, "area_sq_km": 0.0323, "area_ha": 3.23, "prob_paddy": 0.0954, "prob_banana": 0.0797, "prob_other": 0.8249}}, {"type": "Feature", "geometry": {"type": "Polygon", "coordinates": [[[77.43947, 8.683926], [77.441172, 8.683539], [77.440371, 8.682675], [77.438721, 8.682863], [77.438819, 8.683281], [77.43947, 8.683926]]]}, "properties": {"parcel_id": "parcel_00050", "state": "Tamil Nadu", "district": "Tirunelveli District", "taluk": "Ambasamudram Taluk", "village": "Ambasamudram", "predicted_crop": "Other", "confidence": 0.8705, "area_sq_km": 0.0236, "area_ha": 2.36, "prob_paddy": 0.0617, "prob_banana": 0.0679, "prob_other": 0.8705}}, {"type": "Feature", "geometry": {"type": "Polygon", "coordinates": [[[77.517447, 8.701006], [77.51549, 8.701311], [77.514549, 8.702769], [77.51455, 8.703137], [77.515459, 8.703442], [77.518262, 8.701719], [77.518076, 8.701433], [77.517447, 8.701006]]]}, "properties": {"parcel_id": "parcel_00051", "state": "Tamil Nadu", "district": "Tirunelveli District", "taluk": "Cheranmahadevi Taluk", "village": "Veeravanallur", "predicted_crop": "Paddy", "confidence": 0.9765, "area_sq_km": 0.0607, "area_ha": 6.07, "prob_paddy": 0.9765, "prob_banana": 0.0159, "prob_other": 0.0077}}, {"type": "Feature", "geometry": {"type": "Polygon", "coordinates": [[[77.462068, 8.707162], [77.462029, 8.707087], [77.459618, 8.707215], [77.459409, 8.708841], [77.459468, 8.708934], [77.462068, 8.707162]]]}, "properties": {"parcel_id": "parcel_00052", "state": "Tamil Nadu", "district": "Tirunelveli District", "taluk": "Ambasamudram Taluk", "village": "Ambasamudram", "predicted_crop": "Paddy", "confidence": 0.8816, "area_sq_km": 0.0275, "area_ha": 2.75, "prob_paddy": 0.8816, "prob_banana": 0.0872, "prob_other": 0.0312}}, {"type": "Feature", "geometry": {"type": "Polygon", "coordinates": [[[77.534515, 8.714542], [77.534591, 8.714511], [77.535588, 8.711869], [77.535585, 8.711839], [77.533855, 8.711514], [77.533801, 8.713895], [77.534515, 8.714542]]]}, "properties": {"parcel_id": "parcel_00053", "state": "Tamil Nadu", "district": "Tirunelveli District", "taluk": "Cheranmahadevi Taluk", "village": "Ariyanayakipuram", "predicted_crop": "Paddy", "confidence": 0.965, "area_sq_km": 0.0425, "area_ha": 4.25, "prob_paddy": 0.965, "prob_banana": 0.0259, "prob_other": 0.009}}, {"type": "Feature", "geometry": {"type": "Polygon", "coordinates": [[[77.456657, 8.690088], [77.456079, 8.69083], [77.456674, 8.691891], [77.457168, 8.692003], [77.458718, 8.691614], [77.459598, 8.690838], [77.45975, 8.690547], [77.459746, 8.690545], [77.456657, 8.690088]]]}, "properties": {"parcel_id": "parcel_00054", "state": "Tamil Nadu", "district": "Tirunelveli District", "taluk": "Ambasamudram Taluk", "village": "Kallidaikurichi", "predicted_crop": "Banana", "confidence": 0.8869, "area_sq_km": 0.055, "area_ha": 5.5, "prob_paddy": 0.0602, "prob_banana": 0.8869, "prob_other": 0.0529}}, {"type": "Feature", "geometry": {"type": "Polygon", "coordinates": [[[77.500019, 8.707048], [77.501249, 8.704297], [77.50107, 8.70419], [77.499284, 8.703832], [77.498884, 8.704044], [77.498537, 8.704549], [77.500019, 8.707048]]]}, "properties": {"parcel_id": "parcel_00055", "state": "Tamil Nadu", "district": "Tirunelveli District", "taluk": "Ambasamudram Taluk", "village": "Thiruppudaimaruthur", "predicted_crop": "Paddy", "confidence": 0.9319, "area_sq_km": 0.0558, "area_ha": 5.58, "prob_paddy": 0.9319, "prob_banana": 0.0471, "prob_other": 0.021}}, {"type": "Feature", "geometry": {"type": "Polygon", "coordinates": [[[77.542175, 8.69589], [77.54196, 8.695687], [77.539923, 8.696521], [77.540687, 8.697897], [77.541987, 8.697471], [77.542175, 8.69589]]]}, "properties": {"parcel_id": "parcel_00056", "state": "Tamil Nadu", "district": "Tirunelveli District", "taluk": "Cheranmahadevi Taluk", "village": "Veeravanallur", "predicted_crop": "Paddy", "confidence": 0.9778, "area_sq_km": 0.0375, "area_ha": 3.75, "prob_paddy": 0.9778, "prob_banana": 0.0147, "prob_other": 0.0076}}, {"type": "Feature", "geometry": {"type": "Polygon", "coordinates": [[[77.545308, 8.709856], [77.547425, 8.708556], [77.546906, 8.707237], [77.546115, 8.706703], [77.544394, 8.708028], [77.544225, 8.708797], [77.545308, 8.709856]]]}, "properties": {"parcel_id": "parcel_00057", "state": "Tamil Nadu", "district": "Tirunelveli District", "taluk": "Cheranmahadevi Taluk", "village": "Ariyanayakipuram", "predicted_crop": "Banana", "confidence": 0.9456, "area_sq_km": 0.0717, "area_ha": 7.17, "prob_paddy": 0.0292, "prob_banana": 0.9456, "prob_other": 0.0253}}, {"type": "Feature", "geometry": {"type": "Polygon", "coordinates": [[[77.495012, 8.70797], [77.493561, 8.709767], [77.496631, 8.710052], [77.497359, 8.708323], [77.495021, 8.707966], [77.495012, 8.70797]]]}, "properties": {"parcel_id": "parcel_00058", "state": "Tamil Nadu", "district": "Tirunelveli District", "taluk": "Ambasamudram Taluk", "village": "Thiruppudaimaruthur", "predicted_crop": "Paddy", "confidence": 0.9255, "area_sq_km": 0.0625, "area_ha": 6.25, "prob_paddy": 0.9255, "prob_banana": 0.0548, "prob_other": 0.0197}}, {"type": "Feature", "geometry": {"type": "Polygon", "coordinates": [[[77.484285, 8.678469], [77.484877, 8.678348], [77.487074, 8.676534], [77.486146, 8.674593], [77.483877, 8.67578], [77.483623, 8.676596], [77.483834, 8.677761], [77.48415, 8.678388], [77.484285, 8.678469]]]}, "properties": {"parcel_id": "parcel_00059", "state": "Tamil Nadu", "district": "Tirunelveli District", "taluk": "Ambasamudram Taluk", "village": "Kallidaikurichi", "predicted_crop": "Banana", "confidence": 0.933, "area_sq_km": 0.0978, "area_ha": 9.78, "prob_paddy": 0.0369, "prob_banana": 0.933, "prob_other": 0.0301}}, {"type": "Feature", "geometry": {"type": "Polygon", "coordinates": [[[77.505282, 8.671025], [77.506666, 8.67289], [77.507073, 8.670627], [77.506731, 8.670427], [77.505282, 8.671025]]]}, "properties": {"parcel_id": "parcel_00060", "state": "Tamil Nadu", "district": "Tirunelveli District", "taluk": "Ambasamudram Taluk", "village": "Veeravanallur", "predicted_crop": "Banana", "confidence": 0.8393, "area_sq_km": 0.0267, "area_ha": 2.67, "prob_paddy": 0.091, "prob_banana": 0.8393, "prob_other": 0.0697}}, {"type": "Feature", "geometry": {"type": "Polygon", "coordinates": [[[77.518244, 8.697332], [77.51834, 8.697989], [77.521123, 8.69709], [77.520292, 8.695937], [77.519871, 8.695898], [77.518244, 8.697332]]]}, "properties": {"parcel_id": "parcel_00061", "state": "Tamil Nadu", "district": "Tirunelveli District", "taluk": "Cheranmahadevi Taluk", "village": "Veeravanallur", "predicted_crop": "Paddy", "confidence": 0.9162, "area_sq_km": 0.0372, "area_ha": 3.72, "prob_paddy": 0.9162, "prob_banana": 0.0547, "prob_other": 0.0291}}, {"type": "Feature", "geometry": {"type": "Polygon", "coordinates": [[[77.528395, 8.691172], [77.528414, 8.688179], [77.526456, 8.689889], [77.526289, 8.691471], [77.526458, 8.691703], [77.528395, 8.691172]]]}, "properties": {"parcel_id": "parcel_00062", "state": "Tamil Nadu", "district": "Tirunelveli District", "taluk": "Cheranmahadevi Taluk", "village": "Veeravanallur", "predicted_crop": "Other", "confidence": 0.8919, "area_sq_km": 0.0588, "area_ha": 5.88, "prob_paddy": 0.0643, "prob_banana": 0.0438, "prob_other": 0.8919}}, {"type": "Feature", "geometry": {"type": "Polygon", "coordinates": [[[77.504434, 8.709298], [77.504687, 8.708934], [77.504084, 8.706758], [77.502388, 8.708961], [77.502986, 8.709277], [77.504434, 8.709298]]]}, "properties": {"parcel_id": "parcel_00063", "state": "Tamil Nadu", "district": "Tirunelveli District", "taluk": "Ambasamudram Taluk", "village": "Thiruppudaimaruthur", "predicted_crop": "Other", "confidence": 0.9144, "area_sq_km": 0.0383, "area_ha": 3.83, "prob_paddy": 0.0447, "prob_banana": 0.0409, "prob_other": 0.9144}}, {"type": "Feature", "geometry": {"type": "Polygon", "coordinates": [[[77.437325, 8.710278], [77.437178, 8.710397], [77.436618, 8.712267], [77.437691, 8.714786], [77.437915, 8.715014], [77.438567, 8.714916], [77.440175, 8.712341], [77.437325, 8.710278]]]}, "properties": {"parcel_id": "parcel_00064", "state": "Tamil Nadu", "district": "Tirunelveli District", "taluk": "Ambasamudram Taluk", "village": "Ambasamudram", "predicted_crop": "Paddy", "confidence": 0.871, "area_sq_km": 0.1148, "area_ha": 11.48, "prob_paddy": 0.871, "prob_banana": 0.0826, "prob_other": 0.0463}}, {"type": "Feature", "geometry": {"type": "Polygon", "coordinates": [[[77.537876, 8.686696], [77.535842, 8.687535], [77.537312, 8.688177], [77.538202, 8.687704], [77.537876, 8.686696]]]}, "properties": {"parcel_id": "parcel_00065", "state": "Tamil Nadu", "district": "Tirunelveli District", "taluk": "Cheranmahadevi Taluk", "village": "Veeravanallur", "predicted_crop": "Banana", "confidence": 0.8461, "area_sq_km": 0.0219, "area_ha": 2.19, "prob_paddy": 0.0672, "prob_banana": 0.8461, "prob_other": 0.0867}}, {"type": "Feature", "geometry": {"type": "Polygon", "coordinates": [[[77.540088, 8.703841], [77.53803, 8.704875], [77.537923, 8.705027], [77.537942, 8.705071], [77.540679, 8.705586], [77.541053, 8.70469], [77.540088, 8.703841]]]}, "properties": {"parcel_id": "parcel_00066", "state": "Tamil Nadu", "district": "Tirunelveli District", "taluk": "Cheranmahadevi Taluk", "village": "Ariyanayakipuram", "predicted_crop": "Banana", "confidence": 0.8202, "area_sq_km": 0.0364, "area_ha": 3.64, "prob_paddy": 0.1168, "prob_banana": 0.8202, "prob_other": 0.063}}, {"type": "Feature", "geometry": {"type": "Polygon", "coordinates": [[[77.477481, 8.701063], [77.479354, 8.700302], [77.478334, 8.699034], [77.478011, 8.698822], [77.477708, 8.69885], [77.476451, 8.699341], [77.476643, 8.70031], [77.477214, 8.70103], [77.477481, 8.701063]]]}, "properties": {"parcel_id": "parcel_00067", "state": "Tamil Nadu", "district": "Tirunelveli District", "taluk": "Ambasamudram Taluk", "village": "Kallidaikurichi", "predicted_crop": "Paddy", "confidence": 0.9383, "area_sq_km": 0.0497, "area_ha": 4.97, "prob_paddy": 0.9383, "prob_banana": 0.0394, "prob_other": 0.0223}}, {"type": "Feature", "geometry": {"type": "Polygon", "coordinates": [[[77.447988, 8.689822], [77.449007, 8.68667], [77.447632, 8.685982], [77.446081, 8.686125], [77.444945, 8.68687], [77.447985, 8.689823], [77.447988, 8.689822]]]}, "properties": {"parcel_id": "parcel_00068", "state": "Tamil Nadu", "district": "Tirunelveli District", "taluk": "Ambasamudram Taluk", "village": "Kallidaikurichi", "predicted_crop": "Banana", "confidence": 0.8569, "area_sq_km": 0.1016, "area_ha": 10.16, "prob_paddy": 0.0893, "prob_banana": 0.8569, "prob_other": 0.0538}}, {"type": "Feature", "geometry": {"type": "Polygon", "coordinates": [[[77.455177, 8.69774], [77.454299, 8.698002], [77.454456, 8.698856], [77.454625, 8.69903], [77.456064, 8.69899], [77.456274, 8.698539], [77.455177, 8.69774]]]}, "properties": {"parcel_id": "parcel_00069", "state": "Tamil Nadu", "district": "Tirunelveli District", "taluk": "Ambasamudram Taluk", "village": "Ambasamudram", "predicted_crop": "Banana", "confidence": 0.8519, "area_sq_km": 0.0219, "area_ha": 2.19, "prob_paddy": 0.0876, "prob_banana": 0.8519, "prob_other": 0.0605}}, {"type": "Feature", "geometry": {"type": "Polygon", "coordinates": [[[77.541742, 8.701189], [77.542713, 8.701699], [77.544354, 8.701636], [77.544362, 8.699066], [77.543978, 8.698503], [77.541123, 8.699266], [77.541742, 8.701189]]]}, "properties": {"parcel_id": "parcel_00070", "state": "Tamil Nadu", "district": "Tirunelveli District", "taluk": "Cheranmahadevi Taluk", "village": "Ariyanayakipuram", "predicted_crop": "Other", "confidence": 0.9088, "area_sq_km": 0.0967, "area_ha": 9.67, "prob_paddy": 0.0507, "prob_banana": 0.0404, "prob_other": 0.9088}}, {"type": "Feature", "geometry": {"type": "Polygon", "coordinates": [[[77.475411, 8.689957], [77.475056, 8.687476], [77.474817, 8.687388], [77.474515, 8.687836], [77.474773, 8.69007], [77.475411, 8.689957]]]}, "properties": {"parcel_id": "parcel_00071", "state": "Tamil Nadu", "district": "Tirunelveli District", "taluk": "Ambasamudram Taluk", "village": "Kallidaikurichi", "predicted_crop": "Paddy", "confidence": 0.9727, "area_sq_km": 0.0186, "area_ha": 1.86, "prob_paddy": 0.9727, "prob_banana": 0.0217, "prob_other": 0.0056}}, {"type": "Feature", "geometry": {"type": "Polygon", "coordinates": [[[77.508279, 8.693252], [77.508887, 8.69241], [77.50915, 8.691727], [77.508881, 8.690141], [77.508207, 8.690149], [77.506852, 8.693069], [77.5069, 8.693096], [77.507269, 8.693269], [77.508279, 8.693252]]]}, "properties": {"parcel_id": "parcel_00072", "state": "Tamil Nadu", "district": "Tirunelveli District", "taluk": "Ambasamudram Taluk", "village": "Veeravanallur", "predicted_crop": "Paddy", "confidence": 0.8858, "area_sq_km": 0.053, "area_ha": 5.3, "prob_paddy": 0.8858, "prob_banana": 0.0674, "prob_other": 0.0467}}, {"type": "Feature", "geometry": {"type": "Polygon", "coordinates": [[[77.518291, 8.701713], [77.519874, 8.702604], [77.520859, 8.701464], [77.520923, 8.699571], [77.519249, 8.699056], [77.518413, 8.700426], [77.518101, 8.701422], [77.518291, 8.701713]]]}, "properties": {"parcel_id": "parcel_00073", "state": "Tamil Nadu", "district": "Tirunelveli District", "taluk": "Cheranmahadevi Taluk", "village": "Veeravanallur", "predicted_crop": "Paddy", "confidence": 0.9046, "area_sq_km": 0.0832, "area_ha": 8.32, "prob_paddy": 0.9046, "prob_banana": 0.0674, "prob_other": 0.028}}, {"type": "Feature", "geometry": {"type": "Polygon", "coordinates": [[[77.426717, 8.684287], [77.427551, 8.687421], [77.429281, 8.686733], [77.426717, 8.684287]]]}, "properties": {"parcel_id": "parcel_00074", "state": "Tamil Nadu", "district": "Tirunelveli District", "taluk": "Ambasamudram Taluk", "village": "Ambasamudram", "predicted_crop": "Banana", "confidence": 0.9568, "area_sq_km": 0.0365, "area_ha": 3.65, "prob_paddy": 0.0298, "prob_banana": 0.9568, "prob_other": 0.0134}}, {"type": "Feature", "geometry": {"type": "Polygon", "coordinates": [[[77.479927, 8.702951], [77.479102, 8.704028], [77.479446, 8.704867], [77.481997, 8.704493], [77.482518, 8.703703], [77.481505, 8.701911], [77.479927, 8.702951]]]}, "properties": {"parcel_id": "parcel_00075", "state": "Tamil Nadu", "district": "Tirunelveli District", "taluk": "Ambasamudram Taluk", "village": "Kallidaikurichi", "predicted_crop": "Other", "confidence": 0.8296, "area_sq_km": 0.0736, "area_ha": 7.36, "prob_paddy": 0.0842, "prob_banana": 0.0862, "prob_other": 0.8296}}, {"type": "Feature", "geometry": {"type": "Polygon", "coordinates": [[[77.461908, 8.701548], [77.462129, 8.700569], [77.462122, 8.700561], [77.460378, 8.700988], [77.458696, 8.70335], [77.459021, 8.703693], [77.461575, 8.702139], [77.461828, 8.701829], [77.461908, 8.701548]]]}, "properties": {"parcel_id": "parcel_00076", "state": "Tamil Nadu", "district": "Tirunelveli District", "taluk": "Ambasamudram Taluk", "village": "Kallidaikurichi", "predicted_crop": "Paddy", "confidence": 0.8671, "area_sq_km": 0.0543, "area_ha": 5.43, "prob_paddy": 0.8671, "prob_banana": 0.1038, "prob_other": 0.0291}}, {"type": "Feature", "geometry": {"type": "Polygon", "coordinates": [[[77.521975, 8.697774], [77.522818, 8.696826], [77.523142, 8.695315], [77.521778, 8.694755], [77.520804, 8.695061], [77.520315, 8.695923], [77.521155, 8.697088], [77.521975, 8.697774]]]}, "properties": {"parcel_id": "parcel_00077", "state": "Tamil Nadu", "district": "Tirunelveli District", "taluk": "Cheranmahadevi Taluk", "village": "Veeravanallur", "predicted_crop": "Banana", "confidence": 0.8903, "area_sq_km": 0.0651, "area_ha": 6.51, "prob_paddy": 0.0457, "prob_banana": 0.8903, "prob_other": 0.064}}, {"type": "Feature", "geometry": {"type": "Polygon", "coordinates": [[[77.493325, 8.686717], [77.493748, 8.685046], [77.493122, 8.683639], [77.49247, 8.683206], [77.491025, 8.68346], [77.490518, 8.683779], [77.491965, 8.686576], [77.493325, 8.686717]]]}, "properties": {"parcel_id": "parcel_00078", "state": "Tamil Nadu", "district": "Tirunelveli District", "taluk": "Ambasamudram Taluk", "village": "Kallidaikurichi", "predicted_crop": "Other", "confidence": 0.8482, "area_sq_km": 0.0904, "area_ha": 9.04, "prob_paddy": 0.0864, "prob_banana": 0.0654, "prob_other": 0.8482}}, {"type": "Feature", "geometry": {"type": "Polygon", "coordinates": [[[77.505954, 8.695333], [77.504744, 8.694069], [77.50441, 8.694491], [77.504246, 8.695095], [77.505778, 8.695862], [77.506125, 8.695758], [77.505954, 8.695333]]]}, "properties": {"parcel_id": "parcel_00079", "state": "Tamil Nadu", "district": "Tirunelveli District", "taluk": "Ambasamudram Taluk", "village": "Veeravanallur", "predicted_crop": "Banana", "confidence": 0.8462, "area_sq_km": 0.019, "area_ha": 1.9, "prob_paddy": 0.0701, "prob_banana": 0.8462, "prob_other": 0.0837}}, {"type": "Feature", "geometry": {"type": "Polygon", "coordinates": [[[77.520836, 8.689051], [77.520202, 8.686828], [77.51923, 8.686151], [77.518382, 8.689402], [77.519487, 8.689825], [77.520664, 8.689419], [77.520836, 8.689051]]]}, "properties": {"parcel_id": "parcel_00080", "state": "Tamil Nadu", "district": "Tirunelveli District", "taluk": "Cheranmahadevi Taluk", "village": "Veeravanallur", "predicted_crop": "Other", "confidence": 0.8964, "area_sq_km": 0.0683, "area_ha": 6.83, "prob_paddy": 0.0606, "prob_banana": 0.043, "prob_other": 0.8964}}, {"type": "Feature", "geometry": {"type": "Polygon", "coordinates": [[[77.444392, 8.712112], [77.443774, 8.713056], [77.447974, 8.712918], [77.445583, 8.710884], [77.445532, 8.710888], [77.444392, 8.712112]]]}, "properties": {"parcel_id": "parcel_00081", "state": "Tamil Nadu", "district": "Tirunelveli District", "taluk": "Ambasamudram Taluk", "village": "Ambasamudram", "predicted_crop": "Other", "confidence": 0.8841, "area_sq_km": 0.0566, "area_ha": 5.66, "prob_paddy": 0.0564, "prob_banana": 0.0594, "prob_other": 0.8841}}, {"type": "Feature", "geometry": {"type": "Polygon", "coordinates": [[[77.429779, 8.701718], [77.429384, 8.700746], [77.427967, 8.701681], [77.427754, 8.702208], [77.429068, 8.702714], [77.429779, 8.701718]]]}, "properties": {"parcel_id": "parcel_00082", "state": "Tamil Nadu", "district": "Tirunelveli District", "taluk": "Ambasamudram Taluk", "village": "Ambasamudram", "predicted_crop": "Other", "confidence": 0.8386, "area_sq_km": 0.0267, "area_ha": 2.67, "prob_paddy": 0.0778, "prob_banana": 0.0837, "prob_other": 0.8386}}, {"type": "Feature", "geometry": {"type": "Polygon", "coordinates": [[[77.475092, 8.673309], [77.47515, 8.671086], [77.472553, 8.668652], [77.472294, 8.672717], [77.472524, 8.673065], [77.47466, 8.673635], [77.475092, 8.673309]]]}, "properties": {"parcel_id": "parcel_00083", "state": "Tamil Nadu", "district": "Tirunelveli District", "taluk": "Ambasamudram Taluk", "village": "Kallidaikurichi", "predicted_crop": "Paddy", "confidence": 0.9799, "area_sq_km": 0.1171, "area_ha": 11.71, "prob_paddy": 0.9799, "prob_banana": 0.0138, "prob_other": 0.0064}}, {"type": "Feature", "geometry": {"type": "Polygon", "coordinates": [[[77.502798, 8.683515], [77.502909, 8.683168], [77.501315, 8.681634], [77.500662, 8.681565], [77.500501, 8.683317], [77.501637, 8.684299], [77.50167, 8.684284], [77.50253, 8.683799], [77.502798, 8.683515]]]}, "properties": {"parcel_id": "parcel_00084", "state": "Tamil Nadu", "district": "Tirunelveli District", "taluk": "Ambasamudram Taluk", "village": "Veeravanallur", "predicted_crop": "Paddy", "confidence": 0.9004, "area_sq_km": 0.0491, "area_ha": 4.91, "prob_paddy": 0.9004, "prob_banana": 0.0617, "prob_other": 0.0379}}, {"type": "Feature", "geometry": {"type": "Polygon", "coordinates": [[[77.451269, 8.704062], [77.4522, 8.702046], [77.448677, 8.701449], [77.448618, 8.701669], [77.450839, 8.704255], [77.451269, 8.704062]]]}, "properties": {"parcel_id": "parcel_00085", "state": "Tamil Nadu", "district": "Tirunelveli District", "taluk": "Ambasamudram Taluk", "village": "Ambasamudram", "predicted_crop": "Paddy", "confidence": 0.9783, "area_sq_km": 0.0604, "area_ha": 6.04, "prob_paddy": 0.9783, "prob_banana": 0.0172, "prob_other": 0.0045}}, {"type": "Feature", "geometry": {"type": "Polygon", "coordinates": [[[77.540358, 8.685737], [77.541559, 8.684899], [77.541249, 8.684283], [77.53922, 8.684929], [77.540358, 8.685737]]]}, "properties": {"parcel_id": "parcel_00086", "state": "Tamil Nadu", "district": "Tirunelveli District", "taluk": "Cheranmahadevi Taluk", "village": "Veeravanallur", "predicted_crop": "Paddy", "confidence": 0.9351, "area_sq_km": 0.0206, "area_ha": 2.06, "prob_paddy": 0.9351, "prob_banana": 0.0477, "prob_other": 0.0172}}, {"type": "Feature", "geometry": {"type": "Polygon", "coordinates": [[[77.501178, 8.718544], [77.502541, 8.722066], [77.504277, 8.720671], [77.504197, 8.717388], [77.501178, 8.718544]]]}, "properties": {"parcel_id": "parcel_00087", "state": "Tamil Nadu", "district": "Tirunelveli District", "taluk": "Ambasamudram Taluk", "village": "Thiruppudaimaruthur", "predicted_crop": "Paddy", "confidence": 0.9161, "area_sq_km": 0.1098, "area_ha": 10.98, "prob_paddy": 0.9161, "prob_banana": 0.0667, "prob_other": 0.0172}}, {"type": "Feature", "geometry": {"type": "Polygon", "coordinates": [[[77.450918, 8.695444], [77.45044, 8.695299], [77.448295, 8.696063], [77.448598, 8.696687], [77.448969, 8.696835], [77.450918, 8.695444]]]}, "properties": {"parcel_id": "parcel_00088", "state": "Tamil Nadu", "district": "Tirunelveli District", "taluk": "Ambasamudram Taluk", "village": "Ambasamudram", "predicted_crop": "Other", "confidence": 0.8889, "area_sq_km": 0.0201, "area_ha": 2.01, "prob_paddy": 0.0617, "prob_banana": 0.0494, "prob_other": 0.8889}}, {"type": "Feature", "geometry": {"type": "Polygon", "coordinates": [[[77.522058, 8.68478], [77.523009, 8.686012], [77.52405, 8.684511], [77.523535, 8.682552], [77.52328, 8.682566], [77.522505, 8.682884], [77.522058, 8.68478]]]}, "properties": {"parcel_id": "parcel_00089", "state": "Tamil Nadu", "district": "Tirunelveli District", "taluk": "Cheranmahadevi Taluk", "village": "Veeravanallur", "predicted_crop": "Paddy", "confidence": 0.9002, "area_sq_km": 0.0525, "area_ha": 5.25, "prob_paddy": 0.9002, "prob_banana": 0.0793, "prob_other": 0.0205}}, {"type": "Feature", "geometry": {"type": "Polygon", "coordinates": [[[77.544758, 8.688252], [77.545775, 8.690044], [77.54619, 8.689522], [77.546354, 8.68779], [77.545122, 8.68779], [77.544758, 8.688252]]]}, "properties": {"parcel_id": "parcel_00090", "state": "Tamil Nadu", "district": "Tirunelveli District", "taluk": "Cheranmahadevi Taluk", "village": "Cheranmahadevi", "predicted_crop": "Paddy", "confidence": 0.9629, "area_sq_km": 0.0276, "area_ha": 2.76, "prob_paddy": 0.9629, "prob_banana": 0.0189, "prob_other": 0.0181}}, {"type": "Feature", "geometry": {"type": "Polygon", "coordinates": [[[77.503325, 8.6983], [77.503369, 8.698272], [77.503366, 8.69682], [77.501254, 8.695557], [77.500895, 8.695947], [77.50158, 8.698032], [77.501847, 8.698237], [77.503325, 8.6983]]]}, "properties": {"parcel_id": "parcel_00091", "state": "Tamil Nadu", "district": "Tirunelveli District", "taluk": "Ambasamudram Taluk", "village": "Veeravanallur", "predicted_crop": "Other", "confidence": 0.748, "area_sq_km": 0.0535, "area_ha": 5.35, "prob_paddy": 0.1443, "prob_banana": 0.1077, "prob_other": 0.748}}, {"type": "Feature", "geometry": {"type": "Polygon", "coordinates": [[[77.469002, 8.689168], [77.469999, 8.690814], [77.4702, 8.689612], [77.469226, 8.68865], [77.469002, 8.689168]]]}, "properties": {"parcel_id": "parcel_00092", "state": "Tamil Nadu", "district": "Tirunelveli District", "taluk": "Ambasamudram Taluk", "village": "Kallidaikurichi", "predicted_crop": "Paddy", "confidence": 0.9428, "area_sq_km": 0.0137, "area_ha": 1.37, "prob_paddy": 0.9428, "prob_banana": 0.0331, "prob_other": 0.024}}, {"type": "Feature", "geometry": {"type": "Polygon", "coordinates": [[[77.467647, 8.69787], [77.466352, 8.6961], [77.465733, 8.696698], [77.466438, 8.69796], [77.467647, 8.69787]]]}, "properties": {"parcel_id": "parcel_00093", "state": "Tamil Nadu", "district": "Tirunelveli District", "taluk": "Ambasamudram Taluk", "village": "Kallidaikurichi", "predicted_crop": "Paddy", "confidence": 0.9733, "area_sq_km": 0.0211, "area_ha": 2.11, "prob_paddy": 0.9733, "prob_banana": 0.0166, "prob_other": 0.0102}}, {"type": "Feature", "geometry": {"type": "Polygon", "coordinates": [[[77.53536, 8.718337], [77.534685, 8.718165], [77.533017, 8.719547], [77.534773, 8.723026], [77.534998, 8.723041], [77.536005, 8.719295], [77.53536, 8.718337]]]}, "properties": {"parcel_id": "parcel_00094", "state": "Tamil Nadu", "district": "Tirunelveli District", "taluk": "Cheranmahadevi Taluk", "village": "Ariyanayakipuram", "predicted_crop": "Other", "confidence": 0.8606, "area_sq_km": 0.0971, "area_ha": 9.71, "prob_paddy": 0.0712, "prob_banana": 0.0683, "prob_other": 0.8606}}, {"type": "Feature", "geometry": {"type": "Polygon", "coordinates": [[[77.536223, 8.703381], [77.534463, 8.702811], [77.53412, 8.703132], [77.535564, 8.70503], [77.536564, 8.704629], [77.536223, 8.703381]]]}, "properties": {"parcel_id": "parcel_00095", "state": "Tamil Nadu", "district": "Tirunelveli District", "taluk": "Cheranmahadevi Taluk", "village": "Veeravanallur", "predicted_crop": "Paddy", "confidence": 0.9429, "area_sq_km": 0.0352, "area_ha": 3.52, "prob_paddy": 0.9429, "prob_banana": 0.0407, "prob_other": 0.0164}}, {"type": "Feature", "geometry": {"type": "Polygon", "coordinates": [[[77.462337, 8.707377], [77.463245, 8.70771], [77.464391, 8.706567], [77.464166, 8.705847], [77.463379, 8.704418], [77.4618, 8.705028], [77.461632, 8.705137], [77.46205, 8.707068], [77.462097, 8.707158], [77.462337, 8.707377]]]}, "properties": {"parcel_id": "parcel_00096", "state": "Tamil Nadu", "district": "Tirunelveli District", "taluk": "Ambasamudram Taluk", "village": "Ambasamudram", "predicted_crop": "Paddy", "confidence": 0.9072, "area_sq_km": 0.0721, "area_ha": 7.21, "prob_paddy": 0.9072, "prob_banana": 0.0726, "prob_other": 0.0202}}, {"type": "Feature", "geometry": {"type": "Polygon", "coordinates": [[[77.464047, 8.701204], [77.466403, 8.701091], [77.466782, 8.700826], [77.466303, 8.700226], [77.465856, 8.699956], [77.464689, 8.700012], [77.463858, 8.700929], [77.464047, 8.701204]]]}, "properties": {"parcel_id": "parcel_00097", "state": "Tamil Nadu", "district": "Tirunelveli District", "taluk": "Ambasamudram Taluk", "village": "Kallidaikurichi", "predicted_crop": "Paddy", "confidence": 0.9052, "area_sq_km": 0.0317, "area_ha": 3.17, "prob_paddy": 0.9052, "prob_banana": 0.0628, "prob_other": 0.032}}, {"type": "Feature", "geometry": {"type": "Polygon", "coordinates": [[[77.459733, 8.716703], [77.458835, 8.71502], [77.458096, 8.71554], [77.458347, 8.716234], [77.459733, 8.716703]]]}, "properties": {"parcel_id": "parcel_00098", "state": "Tamil Nadu", "district": "Tirunelveli District", "taluk": "Ambasamudram Taluk", "village": "Brahmadesam", "predicted_crop": "Banana", "confidence": 0.8869, "area_sq_km": 0.0156, "area_ha": 1.56, "prob_paddy": 0.0614, "prob_banana": 0.8869, "prob_other": 0.0517}}, {"type": "Feature", "geometry": {"type": "Polygon", "coordinates": [[[77.428737, 8.682477], [77.429154, 8.678771], [77.426935, 8.679232], [77.428737, 8.682477]]]}, "properties": {"parcel_id": "parcel_00099", "state": "Tamil Nadu", "district": "Tirunelveli District", "taluk": "Ambasamudram Taluk", "village": "Ambasamudram", "predicted_crop": "Other", "confidence": 0.8088, "area_sq_km": 0.0489, "area_ha": 4.89, "prob_paddy": 0.0807, "prob_banana": 0.1105, "prob_other": 0.8088}}, {"type": "Feature", "geometry": {"type": "Polygon", "coordinates": [[[77.541515, 8.708868], [77.541033, 8.706906], [77.540727, 8.706575], [77.539572, 8.707064], [77.539429, 8.70895], [77.539616, 8.708975], [77.541515, 8.708868]]]}, "properties": {"parcel_id": "parcel_00100", "state": "Tamil Nadu", "district": "Tirunelveli District", "taluk": "Cheranmahadevi Taluk", "village": "Ariyanayakipuram", "predicted_crop": "Paddy", "confidence": 0.8693, "area_sq_km": 0.0455, "area_ha": 4.55, "prob_paddy": 0.8693, "prob_banana": 0.0991, "prob_other": 0.0316}}, {"type": "Feature", "geometry": {"type": "Polygon", "coordinates": [[[77.52941, 8.712764], [77.531155, 8.716686], [77.53206, 8.713566], [77.530683, 8.712718], [77.52941, 8.712764]]]}, "properties": {"parcel_id": "parcel_00101", "state": "Tamil Nadu", "district": "Tirunelveli District", "taluk": "Cheranmahadevi Taluk", "village": "Ariyanayakipuram", "predicted_crop": "Paddy", "confidence": 0.8775, "area_sq_km": 0.0618, "area_ha": 6.18, "prob_paddy": 0.8775, "prob_banana": 0.0675, "prob_other": 0.055}}, {"type": "Feature", "geometry": {"type": "Polygon", "coordinates": [[[77.435126, 8.702038], [77.434733, 8.702027], [77.433767, 8.70333], [77.433735, 8.703996], [77.435423, 8.704212], [77.435126, 8.702038]]]}, "properties": {"parcel_id": "parcel_00102", "state": "Tamil Nadu", "district": "Tirunelveli District", "taluk": "Ambasamudram Taluk", "village": "Ambasamudram", "predicted_crop": "Paddy", "confidence": 0.9616, "area_sq_km": 0.0304, "area_ha": 3.04, "prob_paddy": 0.9616, "prob_banana": 0.0263, "prob_other": 0.0121}}, {"type": "Feature", "geometry": {"type": "Polygon", "coordinates": [[[77.458716, 8.685701], [77.456463, 8.685791], [77.456433, 8.685943], [77.458787, 8.68742], [77.459008, 8.68723], [77.458716, 8.685701]]]}, "properties": {"parcel_id": "parcel_00103", "state": "Tamil Nadu", "district": "Tirunelveli District", "taluk": "Ambasamudram Taluk", "village": "Kallidaikurichi", "predicted_crop": "Paddy", "confidence": 0.9102, "area_sq_km": 0.0285, "area_ha": 2.85, "prob_paddy": 0.9102, "prob_banana": 0.069, "prob_other": 0.0209}}, {"type": "Feature", "geometry": {"type": "Polygon", "coordinates": [[[77.493864, 8.690893], [77.495681, 8.692052], [77.497178, 8.691525], [77.497508, 8.689722], [77.494545, 8.688481], [77.494125, 8.689352], [77.493864, 8.690893]]]}, "properties": {"parcel_id": "parcel_00104", "state": "Tamil Nadu", "district": "Tirunelveli District", "taluk": "Ambasamudram Taluk", "village": "Veeravanallur", "predicted_crop": "Paddy", "confidence": 0.882, "area_sq_km": 0.1053, "area_ha": 10.53, "prob_paddy": 0.882, "prob_banana": 0.0743, "prob_other": 0.0437}}, {"type": "Feature", "geometry": {"type": "Polygon", "coordinates": [[[77.497739, 8.683243], [77.498138, 8.683866], [77.500474, 8.683312], [77.500635, 8.681555], [77.499714, 8.68054], [77.497739, 8.683243]]]}, "properties": {"parcel_id": "parcel_00105", "state": "Tamil Nadu", "district": "Tirunelveli District", "taluk": "Ambasamudram Taluk", "village": "Veeravanallur", "predicted_crop": "Banana", "confidence": 0.8875, "area_sq_km": 0.0669, "area_ha": 6.69, "prob_paddy": 0.0463, "prob_banana": 0.8875, "prob_other": 0.0662}}, {"type": "Feature", "geometry": {"type": "Polygon", "coordinates": [[[77.454462, 8.694609], [77.453803, 8.693356], [77.453721, 8.693353], [77.4517, 8.69413], [77.451627, 8.694624], [77.454462, 8.694609]]]}, "properties": {"parcel_id": "parcel_00106", "state": "Tamil Nadu", "district": "Tirunelveli District", "taluk": "Ambasamudram Taluk", "village": "Kallidaikurichi", "predicted_crop": "Paddy", "confidence": 0.9728, "area_sq_km": 0.0281, "area_ha": 2.81, "prob_paddy": 0.9728, "prob_banana": 0.0179, "prob_other": 0.0094}}, {"type": "Feature", "geometry": {"type": "Polygon", "coordinates": [[[77.514742, 8.698987], [77.51424, 8.699375], [77.513423, 8.701062], [77.514535, 8.70274], [77.515468, 8.701295], [77.515383, 8.699021], [77.514742, 8.698987]]]}, "properties": {"parcel_id": "parcel_00107", "state": "Tamil Nadu", "district": "Tirunelveli District", "taluk": "Cheranmahadevi Taluk", "village": "Veeravanallur", "predicted_crop": "Banana", "confidence": 0.8719, "area_sq_km": 0.0591, "area_ha": 5.91, "prob_paddy": 0.0793, "prob_banana": 0.8719, "prob_other": 0.0488}}, {"type": "Feature", "geometry": {"type": "Polygon", "coordinates": [[[77.520404, 8.674471], [77.520754, 8.675282], [77.523711, 8.675219], [77.524279, 8.675087], [77.522681, 8.67253], [77.520644, 8.67227], [77.520457, 8.672376], [77.520404, 8.674471]]]}, "properties": {"parcel_id": "parcel_00108", "state": "Tamil Nadu", "district": "Tirunelveli District", "taluk": "Cheranmahadevi Taluk", "village": "Veeravanallur", "predicted_crop": "Other", "confidence": 0.8022, "area_sq_km": 0.1044, "area_ha": 10.44, "prob_paddy": 0.0812, "prob_banana": 0.1166, "prob_other": 0.8022}}, {"type": "Feature", "geometry": {"type": "Polygon", "coordinates": [[[77.522046, 8.67773], [77.520673, 8.676], [77.519002, 8.677469], [77.521539, 8.679229], [77.522288, 8.678209], [77.522046, 8.67773]]]}, "properties": {"parcel_id": "parcel_00109", "state": "Tamil Nadu", "district": "Tirunelveli District", "taluk": "Cheranmahadevi Taluk", "village": "Veeravanallur", "predicted_crop": "Other", "confidence": 0.8297, "area_sq_km": 0.0622, "area_ha": 6.22, "prob_paddy": 0.0686, "prob_banana": 0.1017, "prob_other": 0.8297}}, {"type": "Feature", "geometry": {"type": "Polygon", "coordinates": [[[77.477842, 8.680867], [77.476546, 8.679651], [77.474531, 8.680021], [77.47449, 8.680471], [77.474708, 8.680986], [77.476245, 8.682393], [77.478174, 8.682107], [77.477842, 8.680867]]]}, "properties": {"parcel_id": "parcel_00110", "state": "Tamil Nadu", "district": "Tirunelveli District", "taluk": "Ambasamudram Taluk", "village": "Kallidaikurichi", "predicted_crop": "Paddy", "confidence": 0.956, "area_sq_km": 0.0803, "area_ha": 8.03, "prob_paddy": 0.956, "prob_banana": 0.0323, "prob_other": 0.0117}}, {"type": "Feature", "geometry": {"type": "Polygon", "coordinates": [[[77.441391, 8.67884], [77.442206, 8.676438], [77.438718, 8.675855], [77.438637, 8.676894], [77.440289, 8.678861], [77.441094, 8.679127], [77.441391, 8.67884]]]}, "properties": {"parcel_id": "parcel_00111", "state": "Tamil Nadu", "district": "Tirunelveli District", "taluk": "Ambasamudram Taluk", "village": "Kallidaikurichi", "predicted_crop": "Banana", "confidence": 0.9567, "area_sq_km": 0.0876, "area_ha": 8.76, "prob_paddy": 0.029, "prob_banana": 0.9567, "prob_other": 0.0142}}, {"type": "Feature", "geometry": {"type": "Polygon", "coordinates": [[[77.48791, 8.699097], [77.487628, 8.698447], [77.485645, 8.698481], [77.484679, 8.700524], [77.484851, 8.70183], [77.485305, 8.702958], [77.486301, 8.702535], [77.487899, 8.699375], [77.48791, 8.699097]]]}, "properties": {"parcel_id": "parcel_00112", "state": "Tamil Nadu", "district": "Tirunelveli District", "taluk": "Ambasamudram Taluk", "village": "Kallidaikurichi", "predicted_crop": "Paddy", "confidence": 0.8637, "area_sq_km": 0.1147, "area_ha": 11.47, "prob_paddy": 0.8637, "prob_banana": 0.1052, "prob_other": 0.0311}}, {"type": "Feature", "geometry": {"type": "Polygon", "coordinates": [[[77.464001, 8.683947], [77.464602, 8.683537], [77.463161, 8.680663], [77.461243, 8.682107], [77.46134, 8.683358], [77.462407, 8.684456], [77.464001, 8.683947]]]}, "properties": {"parcel_id": "parcel_00113", "state": "Tamil Nadu", "district": "Tirunelveli District", "taluk": "Ambasamudram Taluk", "village": "Kallidaikurichi", "predicted_crop": "Paddy", "confidence": 0.88, "area_sq_km": 0.0938, "area_ha": 9.38, "prob_paddy": 0.88, "prob_banana": 0.0608, "prob_other": 0.0592}}, {"type": "Feature", "geometry": {"type": "Polygon", "coordinates": [[[77.504852, 8.709878], [77.504435, 8.709325], [77.502995, 8.709304], [77.502928, 8.710398], [77.502989, 8.71138], [77.505101, 8.71223], [77.504852, 8.709878]]]}, "properties": {"parcel_id": "parcel_00114", "state": "Tamil Nadu", "district": "Tirunelveli District", "taluk": "Ambasamudram Taluk", "village": "Thiruppudaimaruthur", "predicted_crop": "Paddy", "confidence": 0.8888, "area_sq_km": 0.0581, "area_ha": 5.81, "prob_paddy": 0.8888, "prob_banana": 0.0621, "prob_other": 0.049}}, {"type": "Feature", "geometry": {"type": "Polygon", "coordinates": [[[77.467399, 8.704], [77.467195, 8.703893], [77.465715, 8.704559], [77.465747, 8.705104], [77.466386, 8.70692], [77.466593, 8.707053], [77.46773, 8.706906], [77.467399, 8.704]]]}, "properties": {"parcel_id": "parcel_00115", "state": "Tamil Nadu", "district": "Tirunelveli District", "taluk": "Ambasamudram Taluk", "village": "Kallidaikurichi", "predicted_crop": "Paddy", "confidence": 0.9637, "area_sq_km": 0.055, "area_ha": 5.5, "prob_paddy": 0.9637, "prob_banana": 0.0273, "prob_other": 0.009}}, {"type": "Feature", "geometry": {"type": "Polygon", "coordinates": [[[77.460833, 8.689499], [77.460627, 8.690389], [77.462334, 8.69161], [77.462992, 8.691187], [77.463099, 8.687769], [77.460928, 8.689255], [77.460833, 8.689499]]]}, "properties": {"parcel_id": "parcel_00116", "state": "Tamil Nadu", "district": "Tirunelveli District", "taluk": "Ambasamudram Taluk", "village": "Kallidaikurichi", "predicted_crop": "Banana", "confidence": 0.8745, "area_sq_km": 0.0716, "area_ha": 7.16, "prob_paddy": 0.0825, "prob_banana": 0.8745, "prob_other": 0.043}}, {"type": "Feature", "geometry": {"type": "Polygon", "coordinates": [[[77.503048, 8.668719], [77.501378, 8.666739], [77.4995, 8.668485], [77.499547, 8.669103], [77.499948, 8.670124], [77.501634, 8.670905], [77.502461, 8.670804], [77.503048, 8.668719]]]}, "properties": {"parcel_id": "parcel_00117", "state": "Tamil Nadu", "district": "Tirunelveli District", "taluk": "Ambasamudram Taluk", "village": "Veeravanallur", "predicted_crop": "Other", "confidence": 0.8675, "area_sq_km": 0.1158, "area_ha": 11.58, "prob_paddy": 0.0543, "prob_banana": 0.0782, "prob_other": 0.8675}}, {"type": "Feature", "geometry": {"type": "Polygon", "coordinates": [[[77.507443, 8.699741], [77.507451, 8.699742], [77.507951, 8.699305], [77.508015, 8.698866], [77.50748, 8.698252], [77.506274, 8.698673], [77.507443, 8.699741]]]}, "properties": {"parcel_id": "parcel_00118", "state": "Tamil Nadu", "district": "Tirunelveli District", "taluk": "Ambasamudram Taluk", "village": "Veeravanallur", "predicted_crop": "Paddy", "confidence": 0.8894, "area_sq_km": 0.017, "area_ha": 1.7, "prob_paddy": 0.8894, "prob_banana": 0.0788, "prob_other": 0.0317}}, {"type": "Feature", "geometry": {"type": "Polygon", "coordinates": [[[77.509172, 8.696201], [77.50915, 8.696197], [77.508393, 8.697442], [77.508911, 8.69833], [77.509352, 8.69834], [77.509172, 8.696201]]]}, "properties": {"parcel_id": "parcel_00119", "state": "Tamil Nadu", "district": "Tirunelveli District", "taluk": "Ambasamudram Taluk", "village": "Veeravanallur", "predicted_crop": "Paddy", "confidence": 0.9274, "area_sq_km": 0.014, "area_ha": 1.4, "prob_paddy": 0.9274, "prob_banana": 0.0374, "prob_other": 0.0352}}, {"type": "Feature", "geometry": {"type": "Polygon", "coordinates": [[[77.452282, 8.712501], [77.452076, 8.711508], [77.450951, 8.710918], [77.450398, 8.713046], [77.452282, 8.712501]]]}, "properties": {"parcel_id": "parcel_00120", "state": "Tamil Nadu", "district": "Tirunelveli District", "taluk": "Ambasamudram Taluk", "village": "Ambasamudram", "predicted_crop": "Paddy", "confidence": 0.8904, "area_sq_km": 0.0286, "area_ha": 2.86, "prob_paddy": 0.8904, "prob_banana": 0.0586, "prob_other": 0.051}}, {"type": "Feature", "geometry": {"type": "Polygon", "coordinates": [[[77.442836, 8.706063], [77.441952, 8.708495], [77.442362, 8.709239], [77.44288, 8.709118], [77.443575, 8.708829], [77.444608, 8.706876], [77.444161, 8.705867], [77.442836, 8.706063]]]}, "properties": {"parcel_id": "parcel_00121", "state": "Tamil Nadu", "district": "Tirunelveli District", "taluk": "Ambasamudram Taluk", "village": "Ambasamudram", "predicted_crop": "Other", "confidence": 0.8333, "area_sq_km": 0.0677, "area_ha": 6.77, "prob_paddy": 0.0817, "prob_banana": 0.085, "prob_other": 0.8333}}, {"type": "Feature", "geometry": {"type": "Polygon", "coordinates": [[[77.488815, 8.677515], [77.487542, 8.676663], [77.487094, 8.676552], [77.484907, 8.678359], [77.48696, 8.679534], [77.487857, 8.679437], [77.488991, 8.678045], [77.488957, 8.677697], [77.488815, 8.677515]]]}, "properties": {"parcel_id": "parcel_00122", "state": "Tamil Nadu", "district": "Tirunelveli District", "taluk": "Ambasamudram Taluk", "village": "Kallidaikurichi", "predicted_crop": "Paddy", "confidence": 0.8918, "area_sq_km": 0.0871, "area_ha": 8.71, "prob_paddy": 0.8918, "prob_banana": 0.0805, "prob_other": 0.0277}}, {"type": "Feature", "geometry": {"type": "Polygon", "coordinates": [[[77.517781, 8.696872], [77.517425, 8.69397], [77.517167, 8.693651], [77.517138, 8.693664], [77.516017, 8.694786], [77.515474, 8.696226], [77.51585, 8.696917], [77.517781, 8.696872]]]}, "properties": {"parcel_id": "parcel_00123", "state": "Tamil Nadu", "district": "Tirunelveli District", "taluk": "Cheranmahadevi Taluk", "village": "Veeravanallur", "predicted_crop": "Paddy", "confidence": 0.9796, "area_sq_km": 0.0614, "area_ha": 6.14, "prob_paddy": 0.9796, "prob_banana": 0.015, "prob_other": 0.0055}}, {"type": "Feature", "geometry": {"type": "Polygon", "coordinates": [[[77.44383, 8.723907], [77.440957, 8.724748], [77.440935, 8.724812], [77.444055, 8.72844], [77.444411, 8.727523], [77.443873, 8.723959], [77.44383, 8.723907]]]}, "properties": {"parcel_id": "parcel_00124", "state": "Tamil Nadu", "district": "Tirunelveli District", "taluk": "Ambasamudram Taluk", "village": "Brahmadesam", "predicted_crop": "Banana", "confidence": 0.9479, "area_sq_km": 0.094, "area_ha": 9.4, "prob_paddy": 0.0251, "prob_banana": 0.9479, "prob_other": 0.027}}, {"type": "Feature", "geometry": {"type": "Polygon", "coordinates": [[[77.537786, 8.690771], [77.538937, 8.691338], [77.540114, 8.690913], [77.540231, 8.690098], [77.539935, 8.689136], [77.538473, 8.689851], [77.537719, 8.690684], [77.537786, 8.690771]]]}, "properties": {"parcel_id": "parcel_00125", "state": "Tamil Nadu", "district": "Tirunelveli District", "taluk": "Cheranmahadevi Taluk", "village": "Veeravanallur", "predicted_crop": "Paddy", "confidence": 0.9669, "area_sq_km": 0.0402, "area_ha": 4.02, "prob_paddy": 0.9669, "prob_banana": 0.0228, "prob_other": 0.0103}}, {"type": "Feature", "geometry": {"type": "Polygon", "coordinates": [[[77.543638, 8.712557], [77.546441, 8.713944], [77.546492, 8.713903], [77.546167, 8.712707], [77.545046, 8.711284], [77.543638, 8.712557]]]}, "properties": {"parcel_id": "parcel_00126", "state": "Tamil Nadu", "district": "Tirunelveli District", "taluk": "Cheranmahadevi Taluk", "village": "Ariyanayakipuram", "predicted_crop": "Banana", "confidence": 0.9339, "area_sq_km": 0.0402, "area_ha": 4.02, "prob_paddy": 0.0357, "prob_banana": 0.9339, "prob_other": 0.0304}}, {"type": "Feature", "geometry": {"type": "Polygon", "coordinates": [[[77.511665, 8.70045], [77.5134, 8.701046], [77.514208, 8.699379], [77.512103, 8.699306], [77.511929, 8.699444], [77.511619, 8.700221], [77.511665, 8.70045]]]}, "properties": {"parcel_id": "parcel_00127", "state": "Tamil Nadu", "district": "Tirunelveli District", "taluk": "Cheranmahadevi Taluk", "village": "Veeravanallur", "predicted_crop": "Paddy", "confidence": 0.9717, "area_sq_km": 0.0369, "area_ha": 3.69, "prob_paddy": 0.9717, "prob_banana": 0.0155, "prob_other": 0.0128}}, {"type": "Feature", "geometry": {"type": "Polygon", "coordinates": [[[77.488139, 8.682694], [77.488571, 8.681368], [77.487855, 8.679465], [77.486968, 8.679561], [77.486346, 8.68166], [77.487609, 8.68248], [77.488139, 8.682694]]]}, "properties": {"parcel_id": "parcel_00128", "state": "Tamil Nadu", "district": "Tirunelveli District", "taluk": "Ambasamudram Taluk", "village": "Kallidaikurichi", "predicted_crop": "Paddy", "confidence": 0.9796, "area_sq_km": 0.0563, "area_ha": 5.63, "prob_paddy": 0.9796, "prob_banana": 0.0148, "prob_other": 0.0056}}, {"type": "Feature", "geometry": {"type": "Polygon", "coordinates": [[[77.483851, 8.693174], [77.481462, 8.692901], [77.480891, 8.694464], [77.482592, 8.695924], [77.484868, 8.6941], [77.484937, 8.693978], [77.484675, 8.693512], [77.483851, 8.693174]]]}, "properties": {"parcel_id": "parcel_00129", "state": "Tamil Nadu", "district": "Tirunelveli District", "taluk": "Ambasamudram Taluk", "village": "Kallidaikurichi", "predicted_crop": "Banana", "confidence": 0.9093, "area_sq_km": 0.0905, "area_ha": 9.05, "prob_paddy": 0.0415, "prob_banana": 0.9093, "prob_other": 0.0492}}, {"type": "Feature", "geometry": {"type": "Polygon", "coordinates": [[[77.540116, 8.690941], [77.538945, 8.691364], [77.538573, 8.69186], [77.538481, 8.692844], [77.538923, 8.69339], [77.539059, 8.693392], [77.540356, 8.69199], [77.540116, 8.690941]]]}, "properties": {"parcel_id": "parcel_00130", "state": "Tamil Nadu", "district": "Tirunelveli District", "taluk": "Cheranmahadevi Taluk", "village": "Veeravanallur", "predicted_crop": "Other", "confidence": 0.8252, "area_sq_km": 0.0343, "area_ha": 3.43, "prob_paddy": 0.0973, "prob_banana": 0.0776, "prob_other": 0.8252}}, {"type": "Feature", "geometry": {"type": "Polygon", "coordinates": [[[77.429233, 8.700393], [77.428337, 8.700024], [77.427953, 8.700285], [77.42797, 8.701647], [77.429375, 8.700719], [77.429374, 8.700712], [77.429233, 8.700393]]]}, "properties": {"parcel_id": "parcel_00131", "state": "Tamil Nadu", "district": "Tirunelveli District", "taluk": "Ambasamudram Taluk", "village": "Ambasamudram", "predicted_crop": "Paddy", "confidence": 0.9401, "area_sq_km": 0.0165, "area_ha": 1.65, "prob_paddy": 0.9401, "prob_banana": 0.0336, "prob_other": 0.0263}}, {"type": "Feature", "geometry": {"type": "Polygon", "coordinates": [[[77.479842, 8.687679], [77.480564, 8.686664], [77.480496, 8.686074], [77.478164, 8.685241], [77.477544, 8.686502], [77.477601, 8.688048], [77.478978, 8.688042], [77.479484, 8.687871], [77.479842, 8.687679]]]}, "properties": {"parcel_id": "parcel_00132", "state": "Tamil Nadu", "district": "Tirunelveli District", "taluk": "Ambasamudram Taluk", "village": "Kallidaikurichi", "predicted_crop": "Paddy", "confidence": 0.9373, "area_sq_km": 0.0757, "area_ha": 7.57, "prob_paddy": 0.9373, "prob_banana": 0.0384, "prob_other": 0.0243}}, {"type": "Feature", "geometry": {"type": "Polygon", "coordinates": [[[77.532743, 8.710544], [77.533062, 8.710659], [77.534634, 8.709593], [77.534264, 8.707393], [77.532655, 8.708241], [77.532288, 8.709966], [77.532743, 8.710544]]]}, "properties": {"parcel_id": "parcel_00133", "state": "Tamil Nadu", "district": "Tirunelveli District", "taluk": "Cheranmahadevi Taluk", "village": "Ariyanayakipuram", "predicted_crop": "Banana", "confidence": 0.8923, "area_sq_km": 0.0598, "area_ha": 5.98, "prob_paddy": 0.0619, "prob_banana": 0.8923, "prob_other": 0.0458}}, {"type": "Feature", "geometry": {"type": "Polygon", "coordinates": [[[77.432527, 8.691017], [77.432623, 8.690762], [77.430586, 8.689355], [77.429777, 8.690113], [77.430281, 8.691256], [77.430607, 8.691613], [77.43229, 8.691192], [77.432527, 8.691017]]]}, "properties": {"parcel_id": "parcel_00134", "state": "Tamil Nadu", "district": "Tirunelveli District", "taluk": "Ambasamudram Taluk", "village": "Ambasamudram", "predicted_crop": "Paddy", "confidence": 0.9306, "area_sq_km": 0.0441, "area_ha": 4.41, "prob_paddy": 0.9306, "prob_banana": 0.0504, "prob_other": 0.0189}}, {"type": "Feature", "geometry": {"type": "Polygon", "coordinates": [[[77.542001, 8.697495], [77.540693, 8.697923], [77.540631, 8.698651], [77.54111, 8.699242], [77.543967, 8.698478], [77.543742, 8.697641], [77.542001, 8.697495]]]}, "properties": {"parcel_id": "parcel_00135", "state": "Tamil Nadu", "district": "Tirunelveli District", "taluk": "Cheranmahadevi Taluk", "village": "Veeravanallur", "predicted_crop": "Paddy", "confidence": 0.8934, "area_sq_km": 0.0489, "area_ha": 4.89, "prob_paddy": 0.8934, "prob_banana": 0.0791, "prob_other": 0.0275}}, {"type": "Feature", "geometry": {"type": "Polygon", "coordinates": [[[77.537396, 8.697796], [77.534715, 8.697569], [77.533997, 8.698357], [77.533885, 8.698523], [77.535665, 8.700288], [77.5367, 8.700246], [77.536723, 8.700237], [77.537518, 8.6984], [77.537396, 8.697796]]]}, "properties": {"parcel_id": "parcel_00136", "state": "Tamil Nadu", "district": "Tirunelveli District", "taluk": "Cheranmahadevi Taluk", "village": "Veeravanallur", "predicted_crop": "Paddy", "confidence": 0.9083, "area_sq_km": 0.0824, "area_ha": 8.24, "prob_paddy": 0.9083, "prob_banana": 0.047, "prob_other": 0.0447}}, {"type": "Feature", "geometry": {"type": "Polygon", "coordinates": [[[77.431099, 8.700362], [77.431167, 8.700436], [77.43237, 8.700069], [77.431666, 8.698836], [77.430723, 8.699176], [77.431099, 8.700362]]]}, "properties": {"parcel_id": "parcel_00137", "state": "Tamil Nadu", "district": "Tirunelveli District", "taluk": "Ambasamudram Taluk", "village": "Ambasamudram", "predicted_crop": "Paddy", "confidence": 0.9396, "area_sq_km": 0.0191, "area_ha": 1.91, "prob_paddy": 0.9396, "prob_banana": 0.0304, "prob_other": 0.0299}}, {"type": "Feature", "geometry": {"type": "Polygon", "coordinates": [[[77.528621, 8.702029], [77.528565, 8.702237], [77.531503, 8.702034], [77.532165, 8.701335], [77.53215, 8.70054], [77.528621, 8.702029]]]}, "properties": {"parcel_id": "parcel_00138", "state": "Tamil Nadu", "district": "Tirunelveli District", "taluk": "Cheranmahadevi Taluk", "village": "Veeravanallur", "predicted_crop": "Paddy", "confidence": 0.9686, "area_sq_km": 0.0332, "area_ha": 3.32, "prob_paddy": 0.9686, "prob_banana": 0.0183, "prob_other": 0.0131}}, {"type": "Feature", "geometry": {"type": "Polygon", "coordinates": [[[77.505836, 8.704094], [77.506385, 8.703616], [77.504159, 8.702002], [77.503486, 8.702028], [77.5033, 8.703982], [77.503722, 8.704353], [77.505836, 8.704094]]]}, "properties": {"parcel_id": "parcel_00139", "state": "Tamil Nadu", "district": "Tirunelveli District", "taluk": "Ambasamudram Taluk", "village": "Veeravanallur", "predicted_crop": "Paddy", "confidence": 0.9638, "area_sq_km": 0.0565, "area_ha": 5.65, "prob_paddy": 0.9638, "prob_banana": 0.0221, "prob_other": 0.0141}}, {"type": "Feature", "geometry": {"type": "Polygon", "coordinates": [[[77.508105, 8.709463], [77.508241, 8.709643], [77.508264, 8.709643], [77.509194, 8.708263], [77.507827, 8.707241], [77.50746, 8.707409], [77.508105, 8.709463]]]}, "properties": {"parcel_id": "parcel_00140", "state": "Tamil Nadu", "district": "Tirunelveli District", "taluk": "Ambasamudram Taluk", "village": "Thiruppudaimaruthur", "predicted_crop": "Paddy", "confidence": 0.9269, "area_sq_km": 0.0244, "area_ha": 2.44, "prob_paddy": 0.9269, "prob_banana": 0.0438, "prob_other": 0.0294}}, {"type": "Feature", "geometry": {"type": "Polygon", "coordinates": [[[77.439279, 8.685143], [77.442217, 8.685401], [77.442366, 8.685355], [77.442311, 8.684231], [77.441195, 8.683561], [77.439478, 8.683952], [77.439279, 8.685143]]]}, "properties": {"parcel_id": "parcel_00141", "state": "Tamil Nadu", "district": "Tirunelveli District", "taluk": "Ambasamudram Taluk", "village": "Ambasamudram", "predicted_crop": "Paddy", "confidence": 0.9275, "area_sq_km": 0.0527, "area_ha": 5.27, "prob_paddy": 0.9275, "prob_banana": 0.0413, "prob_other": 0.0312}}, {"type": "Feature", "geometry": {"type": "Polygon", "coordinates": [[[77.466375, 8.683898], [77.467412, 8.684957], [77.467564, 8.684915], [77.469233, 8.682244], [77.468302, 8.681378], [77.466474, 8.682483], [77.466375, 8.683898]]]}, "properties": {"parcel_id": "parcel_00142", "state": "Tamil Nadu", "district": "Tirunelveli District", "taluk": "Ambasamudram Taluk", "village": "Kallidaikurichi", "predicted_crop": "Paddy", "confidence": 0.9427, "area_sq_km": 0.0705, "area_ha": 7.05, "prob_paddy": 0.9427, "prob_banana": 0.0347, "prob_other": 0.0225}}, {"type": "Feature", "geometry": {"type": "Polygon", "coordinates": [[[77.495576, 8.693644], [77.494976, 8.69446], [77.495417, 8.6953], [77.497894, 8.695115], [77.498028, 8.694749], [77.497976, 8.69435], [77.495576, 8.693644]]]}, "properties": {"parcel_id": "parcel_00143", "state": "Tamil Nadu", "district": "Tirunelveli District", "taluk": "Ambasamudram Taluk", "village": "Veeravanallur", "predicted_crop": "Paddy", "confidence": 0.9034, "area_sq_km": 0.0421, "area_ha": 4.21, "prob_paddy": 0.9034, "prob_banana": 0.062, "prob_other": 0.0346}}, {"type": "Feature", "geometry": {"type": "Polygon", "coordinates": [[[77.507149, 8.697115], [77.507498, 8.697566], [77.508369, 8.697429], [77.509124, 8.696187], [77.508909, 8.696049], [77.507147, 8.69605], [77.507149, 8.697115]]]}, "properties": {"parcel_id": "parcel_00144", "state": "Tamil Nadu", "district": "Tirunelveli District", "taluk": "Ambasamudram Taluk", "village": "Veeravanallur", "predicted_crop": "Banana", "confidence": 0.8525, "area_sq_km": 0.0277, "area_ha": 2.77, "prob_paddy": 0.089, "prob_banana": 0.8525, "prob_other": 0.0585}}, {"type": "Feature", "geometry": {"type": "Polygon", "coordinates": [[[77.533328, 8.69462], [77.5322, 8.695256], [77.53195, 8.697082], [77.533541, 8.698532], [77.53386, 8.698512], [77.533972, 8.698345], [77.533328, 8.69462]]]}, "properties": {"parcel_id": "parcel_00145", "state": "Tamil Nadu", "district": "Tirunelveli District", "taluk": "Cheranmahadevi Taluk", "village": "Veeravanallur", "predicted_crop": "Paddy", "confidence": 0.9443, "area_sq_km": 0.0584, "area_ha": 5.84, "prob_paddy": 0.9443, "prob_banana": 0.0445, "prob_other": 0.0113}}, {"type": "Feature", "geometry": {"type": "Polygon", "coordinates": [[[77.451673, 8.694122], [77.451397, 8.693237], [77.449748, 8.692139], [77.449702, 8.692184], [77.449919, 8.693753], [77.451287, 8.695149], [77.451485, 8.694908], [77.451598, 8.694634], [77.451673, 8.694122]]]}, "properties": {"parcel_id": "parcel_00146", "state": "Tamil Nadu", "district": "Tirunelveli District", "taluk": "Ambasamudram Taluk", "village": "Ambasamudram", "predicted_crop": "Paddy", "confidence": 0.9334, "area_sq_km": 0.0371, "area_ha": 3.71, "prob_paddy": 0.9334, "prob_banana": 0.0471, "prob_other": 0.0195}}, {"type": "Feature", "geometry": {"type": "Polygon", "coordinates": [[[77.49143, 8.688718], [77.490873, 8.689312], [77.490879, 8.689343], [77.491518, 8.690047], [77.492094, 8.689115], [77.49143, 8.688718]]]}, "properties": {"parcel_id": "parcel_00147", "state": "Tamil Nadu", "district": "Tirunelveli District", "taluk": "Ambasamudram Taluk", "village": "Kallidaikurichi", "predicted_crop": "Paddy", "confidence": 0.9165, "area_sq_km": 0.0101, "area_ha": 1.01, "prob_paddy": 0.9165, "prob_banana": 0.0501, "prob_other": 0.0334}}, {"type": "Feature", "geometry": {"type": "Polygon", "coordinates": [[[77.481994, 8.704521], [77.479448, 8.704894], [77.479172, 8.705788], [77.482487, 8.706855], [77.482505, 8.706639], [77.481994, 8.704521]]]}, "properties": {"parcel_id": "parcel_00148", "state": "Tamil Nadu", "district": "Tirunelveli District", "taluk": "Ambasamudram Taluk", "village": "Thiruppudaimaruthur", "predicted_crop": "Banana", "confidence": 0.8499, "area_sq_km": 0.0581, "area_ha": 5.81, "prob_paddy": 0.1, "prob_banana": 0.8499, "prob_other": 0.0501}}, {"type": "Feature", "geometry": {"type": "Polygon", "coordinates": [[[77.427929, 8.696329], [77.429372, 8.696176], [77.42968, 8.694933], [77.42946, 8.693954], [77.427929, 8.696329]]]}, "properties": {"parcel_id": "parcel_00149", "state": "Tamil Nadu", "district": "Tirunelveli District", "taluk": "Ambasamudram Taluk", "village": "Ambasamudram", "predicted_crop": "Other", "confidence": 0.9053, "area_sq_km": 0.023, "area_ha": 2.3, "prob_paddy": 0.0408, "prob_banana": 0.054, "prob_other": 0.9053}}, {"type": "Feature", "geometry": {"type": "Polygon", "coordinates": [[[77.459932, 8.697199], [77.459057, 8.69504], [77.458144, 8.697453], [77.459932, 8.697199]]]}, "properties": {"parcel_id": "parcel_00150", "state": "Tamil Nadu", "district": "Tirunelveli District", "taluk": "Ambasamudram Taluk", "village": "Kallidaikurichi", "predicted_crop": "Banana", "confidence": 0.8318, "area_sq_km": 0.0249, "area_ha": 2.49, "prob_paddy": 0.0679, "prob_banana": 0.8318, "prob_other": 0.1003}}, {"type": "Feature", "geometry": {"type": "Polygon", "coordinates": [[[77.52632, 8.692443], [77.523682, 8.693434], [77.523965, 8.694569], [77.524352, 8.69468], [77.525282, 8.694647], [77.526023, 8.693195], [77.52632, 8.692443]]]}, "properties": {"parcel_id": "parcel_00151", "state": "Tamil Nadu", "district": "Tirunelveli District", "taluk": "Cheranmahadevi Taluk", "village": "Veeravanallur", "predicted_crop": "Paddy", "confidence": 0.8986, "area_sq_km": 0.0396, "area_ha": 3.96, "prob_paddy": 0.8986, "prob_banana": 0.069, "prob_other": 0.0324}}, {"type": "Feature", "geometry": {"type": "Polygon", "coordinates": [[[77.532057, 8.693241], [77.533239, 8.693572], [77.533867, 8.692377], [77.533589, 8.691991], [77.531763, 8.692247], [77.532057, 8.693241]]]}, "properties": {"parcel_id": "parcel_00152", "state": "Tamil Nadu", "district": "Tirunelveli District", "taluk": "Cheranmahadevi Taluk", "village": "Veeravanallur", "predicted_crop": "Banana", "confidence": 0.8502, "area_sq_km": 0.0271, "area_ha": 2.71, "prob_paddy": 0.0733, "prob_banana": 0.8502, "prob_other": 0.0765}}, {"type": "Feature", "geometry": {"type": "Polygon", "coordinates": [[[77.492189, 8.70616], [77.492061, 8.706508], [77.493278, 8.709907], [77.493525, 8.709768], [77.494986, 8.707959], [77.494223, 8.706833], [77.492189, 8.70616]]]}, "properties": {"parcel_id": "parcel_00153", "state": "Tamil Nadu", "district": "Tirunelveli District", "taluk": "Ambasamudram Taluk", "village": "Thiruppudaimaruthur", "predicted_crop": "Banana", "confidence": 0.858, "area_sq_km": 0.0695, "area_ha": 6.95, "prob_paddy": 0.0826, "prob_banana": 0.858, "prob_other": 0.0594}}, {"type": "Feature", "geometry": {"type": "Polygon", "coordinates": [[[77.53103, 8.686164], [77.531741, 8.683941], [77.530457, 8.682337], [77.52982, 8.684797], [77.529825, 8.685025], [77.530672, 8.686293], [77.53103, 8.686164]]]}, "properties": {"parcel_id": "parcel_00154", "state": "Tamil Nadu", "district": "Tirunelveli District", "taluk": "Cheranmahadevi Taluk", "village": "Veeravanallur", "predicted_crop": "Paddy", "confidence": 0.8965, "area_sq_km": 0.0529, "area_ha": 5.29, "prob_paddy": 0.8965, "prob_banana": 0.0551, "prob_other": 0.0484}}, {"type": "Feature", "geometry": {"type": "Polygon", "coordinates": [[[77.513501, 8.716101], [77.515747, 8.715933], [77.5158, 8.713819], [77.513846, 8.714327], [77.513248, 8.71584], [77.513501, 8.716101]]]}, "properties": {"parcel_id": "parcel_00155", "state": "Tamil Nadu", "district": "Tirunelveli District", "taluk": "Cheranmahadevi Taluk", "village": "Thiruppudaimaruthur", "predicted_crop": "Banana", "confidence": 0.9489, "area_sq_km": 0.0522, "area_ha": 5.22, "prob_paddy": 0.0274, "prob_banana": 0.9489, "prob_other": 0.0238}}, {"type": "Feature", "geometry": {"type": "Polygon", "coordinates": [[[77.537541, 8.698414], [77.536753, 8.700236], [77.537899, 8.700315], [77.539414, 8.699213], [77.53944, 8.699182], [77.538477, 8.69834], [77.537541, 8.698414]]]}, "properties": {"parcel_id": "parcel_00156", "state": "Tamil Nadu", "district": "Tirunelveli District", "taluk": "Cheranmahadevi Taluk", "village": "Veeravanallur", "predicted_crop": "Banana", "confidence": 0.8449, "area_sq_km": 0.0388, "area_ha": 3.88, "prob_paddy": 0.0812, "prob_banana": 0.8449, "prob_other": 0.0739}}, {"type": "Feature", "geometry": {"type": "Polygon", "coordinates": [[[77.470217, 8.68959], [77.471723, 8.688708], [77.471541, 8.688155], [77.470845, 8.68731], [77.469194, 8.688426], [77.469234, 8.688619], [77.470217, 8.68959]]]}, "properties": {"parcel_id": "parcel_00157", "state": "Tamil Nadu", "district": "Tirunelveli District", "taluk": "Ambasamudram Taluk", "village": "Kallidaikurichi", "predicted_crop": "Other", "confidence": 0.8901, "area_sq_km": 0.0385, "area_ha": 3.85, "prob_paddy": 0.0528, "prob_banana": 0.0571, "prob_other": 0.8901}}, {"type": "Feature", "geometry": {"type": "Polygon", "coordinates": [[[77.46705, 8.690552], [77.465423, 8.691296], [77.465827, 8.693478], [77.466505, 8.693288], [77.467474, 8.692138], [77.46705, 8.690552]]]}, "properties": {"parcel_id": "parcel_00158", "state": "Tamil Nadu", "district": "Tirunelveli District", "taluk": "Ambasamudram Taluk", "village": "Kallidaikurichi", "predicted_crop": "Paddy", "confidence": 0.9348, "area_sq_km": 0.0465, "area_ha": 4.65, "prob_paddy": 0.9348, "prob_banana": 0.0409, "prob_other": 0.0243}}, {"type": "Feature", "geometry": {"type": "Polygon", "coordinates": [[[77.548916, 8.706345], [77.549413, 8.708692], [77.552314, 8.709457], [77.552325, 8.709457], [77.55156, 8.707566], [77.549175, 8.705802], [77.548916, 8.706345]]]}, "properties": {"parcel_id": "parcel_00159", "state": "Tamil Nadu", "district": "Tirunelveli District", "taluk": "Cheranmahadevi Taluk", "village": "Ariyanayakipuram", "predicted_crop": "Banana", "confidence": 0.9282, "area_sq_km": 0.0748, "area_ha": 7.48, "prob_paddy": 0.0384, "prob_banana": 0.9282, "prob_other": 0.0333}}, {"type": "Feature", "geometry": {"type": "Polygon", "coordinates": [[[77.514717, 8.698972], [77.513089, 8.697231], [77.51212, 8.69928], [77.514225, 8.699352], [77.514717, 8.698972]]]}, "properties": {"parcel_id": "parcel_00160", "state": "Tamil Nadu", "district": "Tirunelveli District", "taluk": "Cheranmahadevi Taluk", "village": "Veeravanallur", "predicted_crop": "Paddy", "confidence": 0.9156, "area_sq_km": 0.0357, "area_ha": 3.57, "prob_paddy": 0.9156, "prob_banana": 0.0561, "prob_other": 0.0283}}, {"type": "Feature", "geometry": {"type": "Polygon", "coordinates": [[[77.455778, 8.696452], [77.455592, 8.697374], [77.45746, 8.697705], [77.457536, 8.697657], [77.455778, 8.696452]]]}, "properties": {"parcel_id": "parcel_00161", "state": "Tamil Nadu", "district": "Tirunelveli District", "taluk": "Ambasamudram Taluk", "village": "Kallidaikurichi", "predicted_crop": "Other", "confidence": 0.8781, "area_sq_km": 0.0119, "area_ha": 1.19, "prob_paddy": 0.0504, "prob_banana": 0.0714, "prob_other": 0.8781}}, {"type": "Feature", "geometry": {"type": "Polygon", "coordinates": [[[77.436594, 8.712253], [77.437148, 8.710403], [77.43515, 8.710402], [77.434013, 8.711068], [77.43512, 8.711973], [77.436084, 8.712219], [77.436594, 8.712253]]]}, "properties": {"parcel_id": "parcel_00162", "state": "Tamil Nadu", "district": "Tirunelveli District", "taluk": "Ambasamudram Taluk", "village": "Ambasamudram", "predicted_crop": "Paddy", "confidence": 0.8618, "area_sq_km": 0.048, "area_ha": 4.8, "prob_paddy": 0.8618, "prob_banana": 0.0711, "prob_other": 0.0671}}, {"type": "Feature", "geometry": {"type": "Polygon", "coordinates": [[[77.522116, 8.711314], [77.522183, 8.712033], [77.52342, 8.713851], [77.526723, 8.711757], [77.522413, 8.710652], [77.522325, 8.7108], [77.522116, 8.711314]]]}, "properties": {"parcel_id": "parcel_00163", "state": "Tamil Nadu", "district": "Tirunelveli District", "taluk": "Cheranmahadevi Taluk", "village": "Veeravanallur", "predicted_crop": "Paddy", "confidence": 0.9491, "area_sq_km": 0.0918, "area_ha": 9.18, "prob_paddy": 0.9491, "prob_banana": 0.032, "prob_other": 0.0189}}, {"type": "Feature", "geometry": {"type": "Polygon", "coordinates": [[[77.521842, 8.693881], [77.521793, 8.694732], [77.523155, 8.695291], [77.523939, 8.694575], [77.523653, 8.693431], [77.52364, 8.693412], [77.523027, 8.693179], [77.521842, 8.693881]]]}, "properties": {"parcel_id": "parcel_00164", "state": "Tamil Nadu", "district": "Tirunelveli District", "taluk": "Cheranmahadevi Taluk", "village": "Veeravanallur", "predicted_crop": "Paddy", "confidence": 0.9048, "area_sq_km": 0.0376, "area_ha": 3.76, "prob_paddy": 0.9048, "prob_banana": 0.0727, "prob_other": 0.0225}}, {"type": "Feature", "geometry": {"type": "Polygon", "coordinates": [[[77.476566, 8.685355], [77.477161, 8.684553], [77.476562, 8.683833], [77.475587, 8.684031], [77.474921, 8.6849], [77.476566, 8.685355]]]}, "properties": {"parcel_id": "parcel_00165", "state": "Tamil Nadu", "district": "Tirunelveli District", "taluk": "Ambasamudram Taluk", "village": "Kallidaikurichi", "predicted_crop": "Banana", "confidence": 0.8224, "area_sq_km": 0.0251, "area_ha": 2.51, "prob_paddy": 0.0865, "prob_banana": 0.8224, "prob_other": 0.0911}}, {"type": "Feature", "geometry": {"type": "Polygon", "coordinates": [[[77.487148, 8.687255], [77.486329, 8.68922], [77.486745, 8.689932], [77.486867, 8.689975], [77.487936, 8.689551], [77.488497, 8.6892], [77.487148, 8.687255]]]}, "properties": {"parcel_id": "parcel_00166", "state": "Tamil Nadu", "district": "Tirunelveli District", "taluk": "Ambasamudram Taluk", "village": "Kallidaikurichi", "predicted_crop": "Paddy", "confidence": 0.9092, "area_sq_km": 0.0372, "area_ha": 3.72, "prob_paddy": 0.9092, "prob_banana": 0.0561, "prob_other": 0.0347}}, {"type": "Feature", "geometry": {"type": "Polygon", "coordinates": [[[77.543767, 8.697629], [77.543996, 8.698481], [77.54438, 8.699045], [77.54753, 8.697744], [77.547286, 8.696964], [77.544067, 8.696675], [77.543767, 8.697629]]]}, "properties": {"parcel_id": "parcel_00167", "state": "Tamil Nadu", "district": "Tirunelveli District", "taluk": "Cheranmahadevi Taluk", "village": "Ariyanayakipuram", "predicted_crop": "Banana", "confidence": 0.8548, "area_sq_km": 0.0702, "area_ha": 7.02, "prob_paddy": 0.0901, "prob_banana": 0.8548, "prob_other": 0.0551}}, {"type": "Feature", "geometry": {"type": "Polygon", "coordinates": [[[77.500946, 8.678511], [77.499605, 8.67982], [77.499725, 8.680512], [77.500656, 8.681537], [77.501318, 8.681607], [77.503122, 8.68059], [77.500946, 8.678511]]]}, "properties": {"parcel_id": "parcel_00168", "state": "Tamil Nadu", "district": "Tirunelveli District", "taluk": "Ambasamudram Taluk", "village": "Veeravanallur", "predicted_crop": "Paddy", "confidence": 0.9131, "area_sq_km": 0.0742, "area_ha": 7.42, "prob_paddy": 0.9131, "prob_banana": 0.0653, "prob_other": 0.0216}}, {"type": "Feature", "geometry": {"type": "Polygon", "coordinates": [[[77.551747, 8.685029], [77.551287, 8.684002], [77.549542, 8.681371], [77.549538, 8.68137], [77.549335, 8.681385], [77.548734, 8.68378], [77.548926, 8.684228], [77.54908, 8.684369], [77.551747, 8.685029]]]}, "properties": {"parcel_id": "parcel_00169", "state": "Tamil Nadu", "district": "Tirunelveli District", "taluk": "Cheranmahadevi Taluk", "village": "Cheranmahadevi", "predicted_crop": "Other", "confidence": 0.7495, "area_sq_km": 0.0653, "area_ha": 6.53, "prob_paddy": 0.1177, "prob_banana": 0.1328, "prob_other": 0.7495}}, {"type": "Feature", "geometry": {"type": "Polygon", "coordinates": [[[77.47916, 8.682988], [77.4803, 8.683079], [77.480602, 8.681974], [77.479605, 8.680484], [77.477871, 8.68087], [77.478203, 8.682113], [77.478437, 8.682473], [77.47916, 8.682988]]]}, "properties": {"parcel_id": "parcel_00170", "state": "Tamil Nadu", "district": "Tirunelveli District", "taluk": "Ambasamudram Taluk", "village": "Kallidaikurichi", "predicted_crop": "Banana", "confidence": 0.8961, "area_sq_km": 0.0588, "area_ha": 5.88, "prob_paddy": 0.055, "prob_banana": 0.8961, "prob_other": 0.049}}, {"type": "Feature", "geometry": {"type": "Polygon", "coordinates": [[[77.471164, 8.699812], [77.471391, 8.700428], [77.4731, 8.700355], [77.474033, 8.699134], [77.472236, 8.698489], [77.471164, 8.699812]]]}, "properties": {"parcel_id": "parcel_00171", "state": "Tamil Nadu", "district": "Tirunelveli District", "taluk": "Ambasamudram Taluk", "village": "Kallidaikurichi", "predicted_crop": "Banana", "confidence": 0.8742, "area_sq_km": 0.0427, "area_ha": 4.27, "prob_paddy": 0.0651, "prob_banana": 0.8742, "prob_other": 0.0606}}, {"type": "Feature", "geometry": {"type": "Polygon", "coordinates": [[[77.465077, 8.691141], [77.465044, 8.687948], [77.464978, 8.687957], [77.463341, 8.691112], [77.465077, 8.691141]]]}, "properties": {"parcel_id": "parcel_00172", "state": "Tamil Nadu", "district": "Tirunelveli District", "taluk": "Ambasamudram Taluk", "village": "Kallidaikurichi", "predicted_crop": "Paddy", "confidence": 0.8956, "area_sq_km": 0.0349, "area_ha": 3.49, "prob_paddy": 0.8956, "prob_banana": 0.0685, "prob_other": 0.0358}}, {"type": "Feature", "geometry": {"type": "Polygon", "coordinates": [[[77.545892, 8.680107], [77.545689, 8.679783], [77.544206, 8.679591], [77.54337, 8.680876], [77.545462, 8.680536], [77.545892, 8.680107]]]}, "properties": {"parcel_id": "parcel_00173", "state": "Tamil Nadu", "district": "Tirunelveli District", "taluk": "Cheranmahadevi Taluk", "village": "Cheranmahadevi", "predicted_crop": "Paddy", "confidence": 0.8684, "area_sq_km": 0.0231, "area_ha": 2.31, "prob_paddy": 0.8684, "prob_banana": 0.0699, "prob_other": 0.0617}}, {"type": "Feature", "geometry": {"type": "Polygon", "coordinates": [[[77.525431, 8.675122], [77.526226, 8.672385], [77.5254, 8.671109], [77.522708, 8.672523], [77.524308, 8.675082], [77.525431, 8.675122]]]}, "properties": {"parcel_id": "parcel_00174", "state": "Tamil Nadu", "district": "Tirunelveli District", "taluk": "Cheranmahadevi Taluk", "village": "Veeravanallur", "predicted_crop": "Other", "confidence": 0.9047, "area_sq_km": 0.1032, "area_ha": 10.32, "prob_paddy": 0.0531, "prob_banana": 0.0422, "prob_other": 0.9047}}, {"type": "Feature", "geometry": {"type": "Polygon", "coordinates": [[[77.537319, 8.704698], [77.536583, 8.704651], [77.53557, 8.705056], [77.535454, 8.705466], [77.537638, 8.70699], [77.537918, 8.705085], [77.537896, 8.705034], [77.537319, 8.704698]]]}, "properties": {"parcel_id": "parcel_00175", "state": "Tamil Nadu", "district": "Tirunelveli District", "taluk": "Cheranmahadevi Taluk", "village": "Ariyanayakipuram", "predicted_crop": "Paddy", "confidence": 0.9369, "area_sq_km": 0.0415, "area_ha": 4.15, "prob_paddy": 0.9369, "prob_banana": 0.0465, "prob_other": 0.0166}}, {"type": "Feature", "geometry": {"type": "Polygon", "coordinates": [[[77.429379, 8.696202], [77.427907, 8.696359], [77.426953, 8.696999], [77.430075, 8.697348], [77.430396, 8.696963], [77.429379, 8.696202]]]}, "properties": {"parcel_id": "parcel_00176", "state": "Tamil Nadu", "district": "Tirunelveli District", "taluk": "Ambasamudram Taluk", "village": "Ambasamudram", "predicted_crop": "Paddy", "confidence": 0.9542, "area_sq_km": 0.029, "area_ha": 2.9, "prob_paddy": 0.9542, "prob_banana": 0.0265, "prob_other": 0.0193}}, {"type": "Feature", "geometry": {"type": "Polygon", "coordinates": [[[77.52505, 8.704808], [77.525573, 8.703161], [77.524713, 8.702344], [77.521526, 8.704505], [77.52505, 8.704808]]]}, "properties": {"parcel_id": "parcel_00177", "state": "Tamil Nadu", "district": "Tirunelveli District", "taluk": "Cheranmahadevi Taluk", "village": "Veeravanallur", "predicted_crop": "Banana", "confidence": 0.832, "area_sq_km": 0.0635, "area_ha": 6.35, "prob_paddy": 0.082, "prob_banana": 0.832, "prob_other": 0.086}}, {"type": "Feature", "geometry": {"type": "Polygon", "coordinates": [[[77.50618, 8.706877], [77.505642, 8.708135], [77.50807, 8.709441], [77.507432, 8.707411], [77.506421, 8.706946], [77.50618, 8.706877]]]}, "properties": {"parcel_id": "parcel_00178", "state": "Tamil Nadu", "district": "Tirunelveli District", "taluk": "Ambasamudram Taluk", "village": "Thiruppudaimaruthur", "predicted_crop": "Banana", "confidence": 0.9409, "area_sq_km": 0.0365, "area_ha": 3.65, "prob_paddy": 0.0331, "prob_banana": 0.9409, "prob_other": 0.026}}, {"type": "Feature", "geometry": {"type": "Polygon", "coordinates": [[[77.546761, 8.685459], [77.546495, 8.68662], [77.546963, 8.687206], [77.547272, 8.687268], [77.547892, 8.68651], [77.547536, 8.685423], [77.546761, 8.685459]]]}, "properties": {"parcel_id": "parcel_00179", "state": "Tamil Nadu", "district": "Tirunelveli District", "taluk": "Cheranmahadevi Taluk", "village": "Cheranmahadevi", "predicted_crop": "Paddy", "confidence": 0.8853, "area_sq_km": 0.0219, "area_ha": 2.19, "prob_paddy": 0.8853, "prob_banana": 0.0587, "prob_other": 0.0559}}, {"type": "Feature", "geometry": {"type": "Polygon", "coordinates": [[[77.480638, 8.698846], [77.47837, 8.699035], [77.479385, 8.700297], [77.479928, 8.700648], [77.480301, 8.70064], [77.480638, 8.698846]]]}, "properties": {"parcel_id": "parcel_00180", "state": "Tamil Nadu", "district": "Tirunelveli District", "taluk": "Ambasamudram Taluk", "village": "Kallidaikurichi", "predicted_crop": "Paddy", "confidence": 0.9656, "area_sq_km": 0.0301, "area_ha": 3.01, "prob_paddy": 0.9656, "prob_banana": 0.0222, "prob_other": 0.0122}}, {"type": "Feature", "geometry": {"type": "Polygon", "coordinates": [[[77.46202, 8.70706], [77.461605, 8.705142], [77.459647, 8.704766], [77.459496, 8.706693], [77.459617, 8.707188], [77.46202, 8.70706]]]}, "properties": {"parcel_id": "parcel_00181", "state": "Tamil Nadu", "district": "Tirunelveli District", "taluk": "Ambasamudram Taluk", "village": "Ambasamudram", "predicted_crop": "Paddy", "confidence": 0.944, "area_sq_km": 0.0592, "area_ha": 5.92, "prob_paddy": 0.944, "prob_banana": 0.0403, "prob_other": 0.0157}}, {"type": "Feature", "geometry": {"type": "Polygon", "coordinates": [[[77.503282, 8.704003], [77.501622, 8.704403], [77.501877, 8.70623], [77.503504, 8.706114], [77.503904, 8.705892], [77.503705, 8.704374], [77.503282, 8.704003]]]}, "properties": {"parcel_id": "parcel_00182", "state": "Tamil Nadu", "district": "Tirunelveli District", "taluk": "Ambasamudram Taluk", "village": "Thiruppudaimaruthur", "predicted_crop": "Paddy", "confidence": 0.9277, "area_sq_km": 0.0491, "area_ha": 4.91, "prob_paddy": 0.9277, "prob_banana": 0.0376, "prob_other": 0.0347}}, {"type": "Feature", "geometry": {"type": "Polygon", "coordinates": [[[77.485007, 8.691081], [77.486718, 8.689939], [77.486304, 8.68923], [77.485515, 8.688656], [77.48501, 8.688467], [77.483426, 8.68873], [77.483216, 8.68925], [77.483199, 8.690164], [77.485007, 8.691081]]]}, "properties": {"parcel_id": "parcel_00183", "state": "Tamil Nadu", "district": "Tirunelveli District", "taluk": "Ambasamudram Taluk", "village": "Kallidaikurichi", "predicted_crop": "Paddy", "confidence": 0.8753, "area_sq_km": 0.0751, "area_ha": 7.51, "prob_paddy": 0.8753, "prob_banana": 0.0946, "prob_other": 0.0301}}, {"type": "Feature", "geometry": {"type": "Polygon", "coordinates": [[[77.490182, 8.683731], [77.490316, 8.680223], [77.488597, 8.681376], [77.488162, 8.682711], [77.488736, 8.683742], [77.490182, 8.683731]]]}, "properties": {"parcel_id": "parcel_00184", "state": "Tamil Nadu", "district": "Tirunelveli District", "taluk": "Ambasamudram Taluk", "village": "Kallidaikurichi", "predicted_crop": "Paddy", "confidence": 0.9644, "area_sq_km": 0.064, "area_ha": 6.4, "prob_paddy": 0.9644, "prob_banana": 0.0218, "prob_other": 0.0138}}, {"type": "Feature", "geometry": {"type": "Polygon", "coordinates": [[[77.4985, 8.69882], [77.499654, 8.69742], [77.49923, 8.696855], [77.497924, 8.696419], [77.497234, 8.697062], [77.4985, 8.69882]]]}, "properties": {"parcel_id": "parcel_00185", "state": "Tamil Nadu", "district": "Tirunelveli District", "taluk": "Ambasamudram Taluk", "village": "Veeravanallur", "predicted_crop": "Banana", "confidence": 0.9589, "area_sq_km": 0.0375, "area_ha": 3.75, "prob_paddy": 0.0229, "prob_banana": 0.9589, "prob_other": 0.0183}}, {"type": "Feature", "geometry": {"type": "Polygon", "coordinates": [[[77.465802, 8.693493], [77.465396, 8.691298], [77.465088, 8.691169], [77.46332, 8.691139], [77.463011, 8.691207], [77.462347, 8.691634], [77.46232, 8.692511], [77.46513, 8.694311], [77.465377, 8.694221], [77.465802, 8.693493]]]}, "properties": {"parcel_id": "parcel_00186", "state": "Tamil Nadu", "district": "Tirunelveli District", "taluk": "Ambasamudram Taluk", "village": "Kallidaikurichi", "predicted_crop": "Paddy", "confidence": 0.9015, "area_sq_km": 0.0917, "area_ha": 9.17, "prob_paddy": 0.9015, "prob_banana": 0.0627, "prob_other": 0.0358}}, {"type": "Feature", "geometry": {"type": "Polygon", "coordinates": [[[77.502705, 8.687025], [77.501401, 8.687471], [77.502499, 8.689629], [77.504372, 8.688261], [77.504396, 8.688213], [77.503673, 8.687363], [77.503446, 8.687211], [77.502705, 8.687025]]]}, "properties": {"parcel_id": "parcel_00187", "state": "Tamil Nadu", "district": "Tirunelveli District", "taluk": "Ambasamudram Taluk", "village": "Veeravanallur", "predicted_crop": "Banana", "confidence": 0.9227, "area_sq_km": 0.0528, "area_ha": 5.28, "prob_paddy": 0.0464, "prob_banana": 0.9227, "prob_other": 0.0309}}, {"type": "Feature", "geometry": {"type": "Polygon", "coordinates": [[[77.500253, 8.687932], [77.500158, 8.689031], [77.502079, 8.690005], [77.502478, 8.689646], [77.501374, 8.687479], [77.500732, 8.687613], [77.500253, 8.687932]]]}, "properties": {"parcel_id": "parcel_00188", "state": "Tamil Nadu", "district": "Tirunelveli District", "taluk": "Ambasamudram Taluk", "village": "Veeravanallur", "predicted_crop": "Paddy", "confidence": 0.8897, "area_sq_km": 0.0412, "area_ha": 4.12, "prob_paddy": 0.8897, "prob_banana": 0.0576, "prob_other": 0.0527}}, {"type": "Feature", "geometry": {"type": "Polygon", "coordinates": [[[77.461349, 8.713614], [77.462287, 8.714452], [77.463077, 8.714166], [77.463565, 8.711499], [77.461668, 8.710789], [77.461471, 8.711224], [77.461349, 8.713614]]]}, "properties": {"parcel_id": "parcel_00189", "state": "Tamil Nadu", "district": "Tirunelveli District", "taluk": "Ambasamudram Taluk", "village": "Brahmadesam", "predicted_crop": "Paddy", "confidence": 0.9246, "area_sq_km": 0.0719, "area_ha": 7.19, "prob_paddy": 0.9246, "prob_banana": 0.0537, "prob_other": 0.0216}}, {"type": "Feature", "geometry": {"type": "Polygon", "coordinates": [[[77.46382, 8.709041], [77.461657, 8.710493], [77.461674, 8.710763], [77.46358, 8.711476], [77.464834, 8.710955], [77.464886, 8.710696], [77.464675, 8.709467], [77.46382, 8.709041]]]}, "properties": {"parcel_id": "parcel_00190", "state": "Tamil Nadu", "district": "Tirunelveli District", "taluk": "Ambasamudram Taluk", "village": "Ambasamudram", "predicted_crop": "Paddy", "confidence": 0.8823, "area_sq_km": 0.0589, "area_ha": 5.89, "prob_paddy": 0.8823, "prob_banana": 0.0594, "prob_other": 0.0583}}, {"type": "Feature", "geometry": {"type": "Polygon", "coordinates": [[[77.454699, 8.694858], [77.454479, 8.694636], [77.45162, 8.694651], [77.451515, 8.694907], [77.45417, 8.695898], [77.454636, 8.695409], [77.454699, 8.694858]]]}, "properties": {"parcel_id": "parcel_00191", "state": "Tamil Nadu", "district": "Tirunelveli District", "taluk": "Ambasamudram Taluk", "village": "Kallidaikurichi", "predicted_crop": "Paddy", "confidence": 0.9476, "area_sq_km": 0.0302, "area_ha": 3.02, "prob_paddy": 0.9476, "prob_banana": 0.0315, "prob_other": 0.0209}}, {"type": "Feature", "geometry": {"type": "Polygon", "coordinates": [[[77.495873, 8.678995], [77.496423, 8.679538], [77.497245, 8.679758], [77.49883, 8.679594], [77.497817, 8.677059], [77.495987, 8.677208], [77.495873, 8.678995]]]}, "properties": {"parcel_id": "parcel_00192", "state": "Tamil Nadu", "district": "Tirunelveli District", "taluk": "Ambasamudram Taluk", "village": "Veeravanallur", "predicted_crop": "Paddy", "confidence": 0.9654, "area_sq_km": 0.0725, "area_ha": 7.25, "prob_paddy": 0.9654, "prob_banana": 0.023, "prob_other": 0.0116}}, {"type": "Feature", "geometry": {"type": "Polygon", "coordinates": [[[77.441184, 8.701499], [77.441266, 8.701334], [77.440972, 8.700261], [77.440646, 8.700068], [77.439727, 8.700769], [77.440492, 8.702102], [77.441184, 8.701499]]]}, "properties": {"parcel_id": "parcel_00193", "state": "Tamil Nadu", "district": "Tirunelveli District", "taluk": "Ambasamudram Taluk", "village": "Ambasamudram", "predicted_crop": "Paddy", "confidence": 0.9563, "area_sq_km": 0.0218, "area_ha": 2.18, "prob_paddy": 0.9563, "prob_banana": 0.0274, "prob_other": 0.0163}}, {"type": "Feature", "geometry": {"type": "Polygon", "coordinates": [[[77.522712, 8.680294], [77.524341, 8.681843], [77.525471, 8.681291], [77.525939, 8.680342], [77.525373, 8.679037], [77.525134, 8.678976], [77.522712, 8.680294]]]}, "properties": {"parcel_id": "parcel_00194", "state": "Tamil Nadu", "district": "Tirunelveli District", "taluk": "Cheranmahadevi Taluk", "village": "Veeravanallur", "predicted_crop": "Paddy", "confidence": 0.9734, "area_sq_km": 0.0632, "area_ha": 6.32, "prob_paddy": 0.9734, "prob_banana": 0.0148, "prob_other": 0.0118}}, {"type": "Feature", "geometry": {"type": "Polygon", "coordinates": [[[77.460137, 8.681694], [77.46005, 8.679235], [77.458864, 8.679429], [77.459735, 8.68173], [77.460137, 8.681694]]]}, "properties": {"parcel_id": "parcel_00195", "state": "Tamil Nadu", "district": "Tirunelveli District", "taluk": "Ambasamudram Taluk", "village": "Kallidaikurichi", "predicted_crop": "Paddy", "confidence": 0.8967, "area_sq_km": 0.0237, "area_ha": 2.37, "prob_paddy": 0.8967, "prob_banana": 0.0745, "prob_other": 0.0288}}, {"type": "Feature", "geometry": {"type": "Polygon", "coordinates": [[[77.440389, 8.682579], [77.44039, 8.682656], [77.441206, 8.683536], [77.442319, 8.684205], [77.444032, 8.681231], [77.441829, 8.679871], [77.440389, 8.682579]]]}, "properties": {"parcel_id": "parcel_00196", "state": "Tamil Nadu", "district": "Tirunelveli District", "taluk": "Ambasamudram Taluk", "village": "Kallidaikurichi", "predicted_crop": "Banana", "confidence": 0.9394, "area_sq_km": 0.1037, "area_ha": 10.37, "prob_paddy": 0.0415, "prob_banana": 0.9394, "prob_other": 0.019}}, {"type": "Feature", "geometry": {"type": "Polygon", "coordinates": [[[77.534662, 8.677147], [77.536047, 8.678232], [77.536118, 8.678197], [77.536509, 8.676899], [77.535683, 8.675776], [77.534662, 8.677147]]]}, "properties": {"parcel_id": "parcel_00197", "state": "Tamil Nadu", "district": "Tirunelveli District", "taluk": "Cheranmahadevi Taluk", "village": "Veeravanallur", "predicted_crop": "Paddy", "confidence": 0.911, "area_sq_km": 0.0287, "area_ha": 2.87, "prob_paddy": 0.911, "prob_banana": 0.0529, "prob_other": 0.0361}}, {"type": "Feature", "geometry": {"type": "Polygon", "coordinates": [[[77.439687, 8.7072], [77.438462, 8.709199], [77.440537, 8.70987], [77.439687, 8.7072]]]}, "properties": {"parcel_id": "parcel_00198", "state": "Tamil Nadu", "district": "Tirunelveli District", "taluk": "Ambasamudram Taluk", "village": "Ambasamudram", "predicted_crop": "Banana", "confidence": 0.9244, "area_sq_km": 0.0303, "area_ha": 3.03, "prob_paddy": 0.0416, "prob_banana": 0.9244, "prob_other": 0.034}}, {"type": "Feature", "geometry": {"type": "Polygon", "coordinates": [[[77.476787, 8.708051], [77.476335, 8.709994], [77.476371, 8.710127], [77.476938, 8.710177], [77.47869, 8.70892], [77.479456, 8.707976], [77.478767, 8.706622], [77.476787, 8.708051]]]}, "properties": {"parcel_id": "parcel_00199", "state": "Tamil Nadu", "district": "Tirunelveli District", "taluk": "Ambasamudram Taluk", "village": "Thiruppudaimaruthur", "predicted_crop": "Paddy", "confidence": 0.9685, "area_sq_km": 0.0693, "area_ha": 6.93, "prob_paddy": 0.9685, "prob_banana": 0.0223, "prob_other": 0.0092}}, {"type": "Feature", "geometry": {"type": "Polygon", "coordinates": [[[77.535441, 8.70102], [77.534479, 8.702788], [77.536233, 8.703355], [77.5368, 8.70298], [77.535441, 8.70102]]]}, "properties": {"parcel_id": "parcel_00200", "state": "Tamil Nadu", "district": "Tirunelveli District", "taluk": "Cheranmahadevi Taluk", "village": "Veeravanallur", "predicted_crop": "Other", "confidence": 0.8295, "area_sq_km": 0.0321, "area_ha": 3.21, "prob_paddy": 0.1021, "prob_banana": 0.0685, "prob_other": 0.8295}}, {"type": "Feature", "geometry": {"type": "Polygon", "coordinates": [[[77.437892, 8.715029], [77.437672, 8.714805], [77.434736, 8.713803], [77.433269, 8.713974], [77.433134, 8.714296], [77.434714, 8.715658], [77.435935, 8.716214], [77.437197, 8.715914], [77.437892, 8.715029]]]}, "properties": {"parcel_id": "parcel_00201", "state": "Tamil Nadu", "district": "Tirunelveli District", "taluk": "Ambasamudram Taluk", "village": "Ambasamudram", "predicted_crop": "Banana", "confidence": 0.9011, "area_sq_km": 0.0802, "area_ha": 8.02, "prob_paddy": 0.0687, "prob_banana": 0.9011, "prob_other": 0.0301}}, {"type": "Feature", "geometry": {"type": "Polygon", "coordinates": [[[77.52086, 8.689064], [77.520689, 8.689429], [77.520722, 8.689483], [77.521718, 8.690364], [77.522811, 8.690464], [77.522883, 8.68854], [77.52086, 8.689064]]]}, "properties": {"parcel_id": "parcel_00202", "state": "Tamil Nadu", "district": "Tirunelveli District", "taluk": "Cheranmahadevi Taluk", "village": "Veeravanallur", "predicted_crop": "Banana", "confidence": 0.8859, "area_sq_km": 0.035, "area_ha": 3.5, "prob_paddy": 0.052, "prob_banana": 0.8859, "prob_other": 0.0621}}, {"type": "Feature", "geometry": {"type": "Polygon", "coordinates": [[[77.506293, 8.692873], [77.506001, 8.691584], [77.505413, 8.691182], [77.503716, 8.691601], [77.504119, 8.692774], [77.505032, 8.693412], [77.506293, 8.692873]]]}, "properties": {"parcel_id": "parcel_00203", "state": "Tamil Nadu", "district": "Tirunelveli District", "taluk": "Ambasamudram Taluk", "village": "Veeravanallur", "predicted_crop": "Other", "confidence": 0.8634, "area_sq_km": 0.0468, "area_ha": 4.68, "prob_paddy": 0.0555, "prob_banana": 0.0811, "prob_other": 0.8634}}, {"type": "Feature", "geometry": {"type": "Polygon", "coordinates": [[[77.513681, 8.685561], [77.515415, 8.684728], [77.51559, 8.682917], [77.513593, 8.683028], [77.513681, 8.685561]]]}, "properties": {"parcel_id": "parcel_00204", "state": "Tamil Nadu", "district": "Tirunelveli District", "taluk": "Cheranmahadevi Taluk", "village": "Veeravanallur", "predicted_crop": "Other", "confidence": 0.7512, "area_sq_km": 0.0491, "area_ha": 4.91, "prob_paddy": 0.1328, "prob_banana": 0.116, "prob_other": 0.7512}}, {"type": "Feature", "geometry": {"type": "Polygon", "coordinates": [[[77.51618, 8.711728], [77.51468, 8.711416], [77.515857, 8.713739], [77.517459, 8.713505], [77.517348, 8.71287], [77.51618, 8.711728]]]}, "properties": {"parcel_id": "parcel_00205", "state": "Tamil Nadu", "district": "Tirunelveli District", "taluk": "Cheranmahadevi Taluk", "village": "Thiruppudaimaruthur", "predicted_crop": "Paddy", "confidence": 0.9438, "area_sq_km": 0.0419, "area_ha": 4.19, "prob_paddy": 0.9438, "prob_banana": 0.0435, "prob_other": 0.0127}}, {"type": "Feature", "geometry": {"type": "Polygon", "coordinates": [[[77.458836, 8.679431], [77.456796, 8.679306], [77.456675, 8.679467], [77.457769, 8.68219], [77.459708, 8.681734], [77.458836, 8.679431]]]}, "properties": {"parcel_id": "parcel_00206", "state": "Tamil Nadu", "district": "Tirunelveli District", "taluk": "Ambasamudram Taluk", "village": "Kallidaikurichi", "predicted_crop": "Banana", "confidence": 0.8929, "area_sq_km": 0.0678, "area_ha": 6.78, "prob_paddy": 0.065, "prob_banana": 0.8929, "prob_other": 0.0421}}, {"type": "Feature", "geometry": {"type": "Polygon", "coordinates": [[[77.435125, 8.684141], [77.435406, 8.682931], [77.4334, 8.680958], [77.432717, 8.684543], [77.433262, 8.68569], [77.435125, 8.684141]]]}, "properties": {"parcel_id": "parcel_00207", "state": "Tamil Nadu", "district": "Tirunelveli District", "taluk": "Ambasamudram Taluk", "village": "Ambasamudram", "predicted_crop": "Other", "confidence": 0.9142, "area_sq_km": 0.0872, "area_ha": 8.72, "prob_paddy": 0.0505, "prob_banana": 0.0353, "prob_other": 0.9142}}, {"type": "Feature", "geometry": {"type": "Polygon", "coordinates": [[[77.488841, 8.702368], [77.490167, 8.702178], [77.491091, 8.701829], [77.490257, 8.70113], [77.488766, 8.701619], [77.488841, 8.702368]]]}, "properties": {"parcel_id": "parcel_00208", "state": "Tamil Nadu", "district": "Tirunelveli District", "taluk": "Ambasamudram Taluk", "village": "Thiruppudaimaruthur", "predicted_crop": "Banana", "confidence": 0.8224, "area_sq_km": 0.0211, "area_ha": 2.11, "prob_paddy": 0.1089, "prob_banana": 0.8224, "prob_other": 0.0687}}, {"type": "Feature", "geometry": {"type": "Polygon", "coordinates": [[[77.486331, 8.702536], [77.487829, 8.702825], [77.488656, 8.702678], [77.488815, 8.702381], [77.488738, 8.701612], [77.487911, 8.699413], [77.486331, 8.702536]]]}, "properties": {"parcel_id": "parcel_00209", "state": "Tamil Nadu", "district": "Tirunelveli District", "taluk": "Ambasamudram Taluk", "village": "Thiruppudaimaruthur", "predicted_crop": "Paddy", "confidence": 0.9398, "area_sq_km": 0.0558, "area_ha": 5.58, "prob_paddy": 0.9398, "prob_banana": 0.048, "prob_other": 0.0121}}, {"type": "Feature", "geometry": {"type": "Polygon", "coordinates": [[[77.540502, 8.68222], [77.539162, 8.682801], [77.538973, 8.684199], [77.539136, 8.684891], [77.53919, 8.68491], [77.541244, 8.684256], [77.541334, 8.683712], [77.540502, 8.68222]]]}, "properties": {"parcel_id": "parcel_00210", "state": "Tamil Nadu", "district": "Tirunelveli District", "taluk": "Cheranmahadevi Taluk", "village": "Veeravanallur", "predicted_crop": "Paddy", "confidence": 0.9211, "area_sq_km": 0.0522, "area_ha": 5.22, "prob_paddy": 0.9211, "prob_banana": 0.0615, "prob_other": 0.0174}}, {"type": "Feature", "geometry": {"type": "Polygon", "coordinates": [[[77.470209, 8.681859], [77.470805, 8.67936], [77.470175, 8.679262], [77.467958, 8.68055], [77.468315, 8.681353], [77.469253, 8.682226], [77.470209, 8.681859]]]}, "properties": {"parcel_id": "parcel_00211", "state": "Tamil Nadu", "district": "Tirunelveli District", "taluk": "Ambasamudram Taluk", "village": "Kallidaikurichi", "predicted_crop": "Paddy", "confidence": 0.9152, "area_sq_km": 0.0606, "area_ha": 6.06, "prob_paddy": 0.9152, "prob_banana": 0.0655, "prob_other": 0.0192}}, {"type": "Feature", "geometry": {"type": "Polygon", "coordinates": [[[77.536987, 8.692513], [77.536674, 8.69473], [77.537805, 8.694389], [77.538898, 8.693402], [77.538458, 8.692859], [77.537677, 8.692466], [77.537299, 8.6924], [77.536987, 8.692513]]]}, "properties": {"parcel_id": "parcel_00212", "state": "Tamil Nadu", "district": "Tirunelveli District", "taluk": "Cheranmahadevi Taluk", "village": "Veeravanallur", "predicted_crop": "Paddy", "confidence": 0.8618, "area_sq_km": 0.0382, "area_ha": 3.82, "prob_paddy": 0.8618, "prob_banana": 0.1076, "prob_other": 0.0306}}, {"type": "Feature", "geometry": {"type": "Polygon", "coordinates": [[[77.49992, 8.670127], [77.499524, 8.669119], [77.49608, 8.668776], [77.495985, 8.669673], [77.497535, 8.671255], [77.497618, 8.671276], [77.49992, 8.670127]]]}, "properties": {"parcel_id": "parcel_00213", "state": "Tamil Nadu", "district": "Tirunelveli District", "taluk": "Ambasamudram Taluk", "village": "Veeravanallur", "predicted_crop": "Banana", "confidence": 0.8778, "area_sq_km": 0.0766, "area_ha": 7.66, "prob_paddy": 0.0574, "prob_banana": 0.8778, "prob_other": 0.0647}}, {"type": "Feature", "geometry": {"type": "Polygon", "coordinates": [[[77.487575, 8.68249], [77.486326, 8.681679], [77.485289, 8.681571], [77.484824, 8.683105], [77.485073, 8.683665], [77.485157, 8.683707], [77.487575, 8.68249]]]}, "properties": {"parcel_id": "parcel_00214", "state": "Tamil Nadu", "district": "Tirunelveli District", "taluk": "Ambasamudram Taluk", "village": "Kallidaikurichi", "predicted_crop": "Paddy", "confidence": 0.8935, "area_sq_km": 0.0398, "area_ha": 3.98, "prob_paddy": 0.8935, "prob_banana": 0.0661, "prob_other": 0.0404}}, {"type": "Feature", "geometry": {"type": "Polygon", "coordinates": [[[77.522026, 8.692165], [77.521007, 8.692978], [77.521404, 8.693487], [77.52183, 8.693856], [77.523004, 8.693161], [77.522035, 8.692167], [77.522026, 8.692165]]]}, "properties": {"parcel_id": "parcel_00215", "state": "Tamil Nadu", "district": "Tirunelveli District", "taluk": "Cheranmahadevi Taluk", "village": "Veeravanallur", "predicted_crop": "Paddy", "confidence": 0.8644, "area_sq_km": 0.0213, "area_ha": 2.13, "prob_paddy": 0.8644, "prob_banana": 0.0691, "prob_other": 0.0665}}, {"type": "Feature", "geometry": {"type": "Polygon", "coordinates": [[[77.439703, 8.700783], [77.439041, 8.701032], [77.438214, 8.701476], [77.437898, 8.702866], [77.438077, 8.703539], [77.440242, 8.702779], [77.440473, 8.702125], [77.439703, 8.700783]]]}, "properties": {"parcel_id": "parcel_00216", "state": "Tamil Nadu", "district": "Tirunelveli District", "taluk": "Ambasamudram Taluk", "village": "Ambasamudram", "predicted_crop": "Banana", "confidence": 0.9084, "area_sq_km": 0.0552, "area_ha": 5.52, "prob_paddy": 0.0495, "prob_banana": 0.9084, "prob_other": 0.042}}, {"type": "Feature", "geometry": {"type": "Polygon", "coordinates": [[[77.544069, 8.696648], [77.547284, 8.696937], [77.547343, 8.696323], [77.54708, 8.695125], [77.54595, 8.694307], [77.545477, 8.694008], [77.544384, 8.694882], [77.544021, 8.696429], [77.544069, 8.696648]]]}, "properties": {"parcel_id": "parcel_00217", "state": "Tamil Nadu", "district": "Tirunelveli District", "taluk": "Cheranmahadevi Taluk", "village": "Cheranmahadevi", "predicted_crop": "Paddy", "confidence": 0.917, "area_sq_km": 0.0832, "area_ha": 8.32, "prob_paddy": 0.917, "prob_banana": 0.0503, "prob_other": 0.0327}}, {"type": "Feature", "geometry": {"type": "Polygon", "coordinates": [[[77.479677, 8.680287], [77.481254, 8.680143], [77.481287, 8.679968], [77.481024, 8.6794], [77.479724, 8.6798], [77.479677, 8.680287]]]}, "properties": {"parcel_id": "parcel_00218", "state": "Tamil Nadu", "district": "Tirunelveli District", "taluk": "Ambasamudram Taluk", "village": "Kallidaikurichi", "predicted_crop": "Paddy", "confidence": 0.8804, "area_sq_km": 0.0115, "area_ha": 1.15, "prob_paddy": 0.8804, "prob_banana": 0.0781, "prob_other": 0.0415}}, {"type": "Feature", "geometry": {"type": "Polygon", "coordinates": [[[77.50535, 8.712735], [77.506969, 8.71206], [77.507534, 8.710222], [77.50488, 8.709888], [77.50513, 8.712247], [77.50535, 8.712735]]]}, "properties": {"parcel_id": "parcel_00219", "state": "Tamil Nadu", "district": "Tirunelveli District", "taluk": "Ambasamudram Taluk", "village": "Thiruppudaimaruthur", "predicted_crop": "Paddy", "confidence": 0.9734, "area_sq_km": 0.0633, "area_ha": 6.33, "prob_paddy": 0.9734, "prob_banana": 0.0201, "prob_other": 0.0065}}, {"type": "Feature", "geometry": {"type": "Polygon", "coordinates": [[[77.553154, 8.697031], [77.550953, 8.700816], [77.551394, 8.702142], [77.55179, 8.702009], [77.553907, 8.696907], [77.553339, 8.696914], [77.553154, 8.697031]]]}, "properties": {"parcel_id": "parcel_00220", "state": "Tamil Nadu", "district": "Tirunelveli District", "taluk": "Cheranmahadevi Taluk", "village": "Cheranmahadevi", "predicted_crop": "Other", "confidence": 0.8448, "area_sq_km": 0.0611, "area_ha": 6.11, "prob_paddy": 0.0692, "prob_banana": 0.086, "prob_other": 0.8448}}, {"type": "Feature", "geometry": {"type": "Polygon", "coordinates": [[[77.48876, 8.701592], [77.490241, 8.701106], [77.489616, 8.699863], [77.487936, 8.699115], [77.487926, 8.699377], [77.48876, 8.701592]]]}, "properties": {"parcel_id": "parcel_00221", "state": "Tamil Nadu", "district": "Tirunelveli District", "taluk": "Ambasamudram Taluk", "village": "Thiruppudaimaruthur", "predicted_crop": "Paddy", "confidence": 0.9738, "area_sq_km": 0.0361, "area_ha": 3.61, "prob_paddy": 0.9738, "prob_banana": 0.0171, "prob_other": 0.0091}}, {"type": "Feature", "geometry": {"type": "Polygon", "coordinates": [[[77.451279, 8.704087], [77.450844, 8.704283], [77.450701, 8.704462], [77.450575, 8.706008], [77.451969, 8.706332], [77.452887, 8.705153], [77.452283, 8.704607], [77.451279, 8.704087]]]}, "properties": {"parcel_id": "parcel_00222", "state": "Tamil Nadu", "district": "Tirunelveli District", "taluk": "Ambasamudram Taluk", "village": "Ambasamudram", "predicted_crop": "Paddy", "confidence": 0.8959, "area_sq_km": 0.0421, "area_ha": 4.21, "prob_paddy": 0.8959, "prob_banana": 0.0631, "prob_other": 0.041}}, {"type": "Feature", "geometry": {"type": "Polygon", "coordinates": [[[77.542678, 8.694146], [77.542705, 8.694286], [77.544369, 8.694859], [77.545462, 8.693985], [77.54533, 8.692663], [77.543176, 8.692111], [77.542736, 8.693234], [77.542678, 8.694146]]]}, "properties": {"parcel_id": "parcel_00223", "state": "Tamil Nadu", "district": "Tirunelveli District", "taluk": "Cheranmahadevi Taluk", "village": "Veeravanallur", "predicted_crop": "Paddy", "confidence": 0.8691, "area_sq_km": 0.0681, "area_ha": 6.81, "prob_paddy": 0.8691, "prob_banana": 0.0747, "prob_other": 0.0562}}, {"type": "Feature", "geometry": {"type": "Polygon", "coordinates": [[[77.526632, 8.684875], [77.526633, 8.684876], [77.527441, 8.684553], [77.528505, 8.683181], [77.528596, 8.682891], [77.526116, 8.682529], [77.526632, 8.684875]]]}, "properties": {"parcel_id": "parcel_00224", "state": "Tamil Nadu", "district": "Tirunelveli District", "taluk": "Cheranmahadevi Taluk", "village": "Veeravanallur", "predicted_crop": "Paddy", "confidence": 0.965, "area_sq_km": 0.0414, "area_ha": 4.14, "prob_paddy": 0.965, "prob_banana": 0.0176, "prob_other": 0.0174}}, {"type": "Feature", "geometry": {"type": "Polygon", "coordinates": [[[77.468063, 8.711888], [77.467432, 8.713529], [77.469023, 8.713427], [77.469694, 8.71063], [77.468063, 8.711888]]]}, "properties": {"parcel_id": "parcel_00225", "state": "Tamil Nadu", "district": "Tirunelveli District", "taluk": "Ambasamudram Taluk", "village": "Brahmadesam", "predicted_crop": "Paddy", "confidence": 0.9014, "area_sq_km": 0.0382, "area_ha": 3.82, "prob_paddy": 0.9014, "prob_banana": 0.0621, "prob_other": 0.0365}}, {"type": "Feature", "geometry": {"type": "Polygon", "coordinates": [[[77.501255, 8.677621], [77.498187, 8.676736], [77.497842, 8.677048], [77.498859, 8.679595], [77.499586, 8.6798], [77.500934, 8.678485], [77.501255, 8.677621]]]}, "properties": {"parcel_id": "parcel_00226", "state": "Tamil Nadu", "district": "Tirunelveli District", "taluk": "Ambasamudram Taluk", "village": "Veeravanallur", "predicted_crop": "Banana", "confidence": 0.8908, "area_sq_km": 0.0734, "area_ha": 7.34, "prob_paddy": 0.0603, "prob_banana": 0.8908, "prob_other": 0.0489}}, {"type": "Feature", "geometry": {"type": "Polygon", "coordinates": [[[77.486471, 8.710067], [77.485293, 8.710124], [77.484575, 8.710192], [77.484521, 8.711937], [77.485075, 8.712269], [77.487706, 8.712212], [77.486471, 8.710067]]]}, "properties": {"parcel_id": "parcel_00227", "state": "Tamil Nadu", "district": "Tirunelveli District", "taluk": "Ambasamudram Taluk", "village": "Thiruppudaimaruthur", "predicted_crop": "Paddy", "confidence": 0.8977, "area_sq_km": 0.0654, "area_ha": 6.54, "prob_paddy": 0.8977, "prob_banana": 0.0542, "prob_other": 0.0481}}, {"type": "Feature", "geometry": {"type": "Polygon", "coordinates": [[[77.523702, 8.688025], [77.522911, 8.68853], [77.522838, 8.690472], [77.523429, 8.690947], [77.523658, 8.690958], [77.524081, 8.690739], [77.524191, 8.689854], [77.524018, 8.688354], [77.523702, 8.688025]]]}, "properties": {"parcel_id": "parcel_00228", "state": "Tamil Nadu", "district": "Tirunelveli District", "taluk": "Cheranmahadevi Taluk", "village": "Veeravanallur", "predicted_crop": "Banana", "confidence": 0.9511, "area_sq_km": 0.0385, "area_ha": 3.85, "prob_paddy": 0.0313, "prob_banana": 0.9511, "prob_other": 0.0176}}, {"type": "Feature", "geometry": {"type": "Polygon", "coordinates": [[[77.510532, 8.683432], [77.510595, 8.684093], [77.513038, 8.682662], [77.512653, 8.682006], [77.511736, 8.682028], [77.510532, 8.683432]]]}, "properties": {"parcel_id": "parcel_00229", "state": "Tamil Nadu", "district": "Tirunelveli District", "taluk": "Cheranmahadevi Taluk", "village": "Veeravanallur", "predicted_crop": "Paddy", "confidence": 0.9645, "area_sq_km": 0.0299, "area_ha": 2.99, "prob_paddy": 0.9645, "prob_banana": 0.0205, "prob_other": 0.015}}, {"type": "Feature", "geometry": {"type": "Polygon", "coordinates": [[[77.492877, 8.669048], [77.491399, 8.670859], [77.492949, 8.672479], [77.494067, 8.671868], [77.494772, 8.670398], [77.492877, 8.669048]]]}, "properties": {"parcel_id": "parcel_00230", "state": "Tamil Nadu", "district": "Tirunelveli District", "taluk": "Ambasamudram Taluk", "village": "Kallidaikurichi", "predicted_crop": "Banana", "confidence": 0.9268, "area_sq_km": 0.0781, "area_ha": 7.81, "prob_paddy": 0.0471, "prob_banana": 0.9268, "prob_other": 0.0261}}, {"type": "Feature", "geometry": {"type": "Polygon", "coordinates": [[[77.50837, 8.677589], [77.506738, 8.678767], [77.507723, 8.679948], [77.509405, 8.67881], [77.509396, 8.678478], [77.50837, 8.677589]]]}, "properties": {"parcel_id": "parcel_00231", "state": "Tamil Nadu", "district": "Tirunelveli District", "taluk": "Ambasamudram Taluk", "village": "Veeravanallur", "predicted_crop": "Other", "confidence": 0.8059, "area_sq_km": 0.0405, "area_ha": 4.05, "prob_paddy": 0.0926, "prob_banana": 0.1015, "prob_other": 0.8059}}, {"type": "Feature", "geometry": {"type": "Polygon", "coordinates": [[[77.488171, 8.717792], [77.487178, 8.715633], [77.485432, 8.716808], [77.488171, 8.717792]]]}, "properties": {"parcel_id": "parcel_00232", "state": "Tamil Nadu", "district": "Tirunelveli District", "taluk": "Ambasamudram Taluk", "village": "Thiruppudaimaruthur", "predicted_crop": "Paddy", "confidence": 0.9522, "area_sq_km": 0.0301, "area_ha": 3.01, "prob_paddy": 0.9522, "prob_banana": 0.0276, "prob_other": 0.0203}}, {"type": "Feature", "geometry": {"type": "Polygon", "coordinates": [[[77.536392, 8.689461], [77.536108, 8.689487], [77.535654, 8.691173], [77.535703, 8.691299], [77.537208, 8.690966], [77.537497, 8.690708], [77.536392, 8.689461]]]}, "properties": {"parcel_id": "parcel_00233", "state": "Tamil Nadu", "district": "Tirunelveli District", "taluk": "Cheranmahadevi Taluk", "village": "Veeravanallur", "predicted_crop": "Paddy", "confidence": 0.9039, "area_sq_km": 0.0233, "area_ha": 2.33, "prob_paddy": 0.9039, "prob_banana": 0.0684, "prob_other": 0.0277}}, {"type": "Feature", "geometry": {"type": "Polygon", "coordinates": [[[77.532499, 8.713558], [77.532086, 8.713573], [77.531171, 8.716727], [77.531173, 8.716743], [77.534108, 8.715642], [77.534496, 8.714562], [77.53378, 8.713913], [77.532499, 8.713558]]]}, "properties": {"parcel_id": "parcel_00234", "state": "Tamil Nadu", "district": "Tirunelveli District", "taluk": "Cheranmahadevi Taluk", "village": "Ariyanayakipuram", "predicted_crop": "Paddy", "confidence": 0.8938, "area_sq_km": 0.0751, "area_ha": 7.51, "prob_paddy": 0.8938, "prob_banana": 0.0566, "prob_other": 0.0496}}, {"type": "Feature", "geometry": {"type": "Polygon", "coordinates": [[[77.474745, 8.682419], [77.474683, 8.680997], [77.474472, 8.680498], [77.471923, 8.683325], [77.472022, 8.684739], [77.47339, 8.685211], [77.474745, 8.682419]]]}, "properties": {"parcel_id": "parcel_00235", "state": "Tamil Nadu", "district": "Tirunelveli District", "taluk": "Ambasamudram Taluk", "village": "Kallidaikurichi", "predicted_crop": "Banana", "confidence": 0.821, "area_sq_km": 0.0882, "area_ha": 8.82, "prob_paddy": 0.1103, "prob_banana": 0.821, "prob_other": 0.0687}}, {"type": "Feature", "geometry": {"type": "Polygon", "coordinates": [[[77.523721, 8.675245], [77.522073, 8.677723], [77.522312, 8.678197], [77.523099, 8.678212], [77.524275, 8.675116], [77.523721, 8.675245]]]}, "properties": {"parcel_id": "parcel_00236", "state": "Tamil Nadu", "district": "Tirunelveli District", "taluk": "Cheranmahadevi Taluk", "village": "Veeravanallur", "predicted_crop": "Paddy", "confidence": 0.8822, "area_sq_km": 0.0322, "area_ha": 3.22, "prob_paddy": 0.8822, "prob_banana": 0.0698, "prob_other": 0.048}}, {"type": "Feature", "geometry": {"type": "Polygon", "coordinates": [[[77.549057, 8.701239], [77.550208, 8.700664], [77.548963, 8.698419], [77.548464, 8.70068], [77.549057, 8.701239]]]}, "properties": {"parcel_id": "parcel_00237", "state": "Tamil Nadu", "district": "Tirunelveli District", "taluk": "Cheranmahadevi Taluk", "village": "Ariyanayakipuram", "predicted_crop": "Paddy", "confidence": 0.9626, "area_sq_km": 0.03, "area_ha": 3.0, "prob_paddy": 0.9626, "prob_banana": 0.0254, "prob_other": 0.0119}}, {"type": "Feature", "geometry": {"type": "Polygon", "coordinates": [[[77.526615, 8.684897], [77.526613, 8.684894], [77.524071, 8.684528], [77.523023, 8.68604], [77.523015, 8.686182], [77.523719, 8.687174], [77.526633, 8.68603], [77.526615, 8.684897]]]}, "properties": {"parcel_id": "parcel_00238", "state": "Tamil Nadu", "district": "Tirunelveli District", "taluk": "Cheranmahadevi Taluk", "village": "Veeravanallur", "predicted_crop": "Paddy", "confidence": 0.8733, "area_sq_km": 0.0764, "area_ha": 7.64, "prob_paddy": 0.8733, "prob_banana": 0.0661, "prob_other": 0.0606}}, {"type": "Feature", "geometry": {"type": "Polygon", "coordinates": [[[77.489452, 8.703655], [77.490088, 8.703435], [77.490156, 8.702207], [77.488837, 8.702396], [77.48868, 8.70269], [77.488754, 8.702827], [77.489452, 8.703655]]]}, "properties": {"parcel_id": "parcel_00239", "state": "Tamil Nadu", "district": "Tirunelveli District", "taluk": "Ambasamudram Taluk", "village": "Thiruppudaimaruthur", "predicted_crop": "Banana", "confidence": 0.921, "area_sq_km": 0.018, "area_ha": 1.8, "prob_paddy": 0.0531, "prob_banana": 0.921, "prob_other": 0.0259}}, {"type": "Feature", "geometry": {"type": "Polygon", "coordinates": [[[77.429182, 8.678763], [77.428759, 8.68252], [77.428829, 8.682763], [77.429831, 8.682709], [77.432258, 8.680437], [77.429788, 8.678494], [77.429182, 8.678763]]]}, "properties": {"parcel_id": "parcel_00240", "state": "Tamil Nadu", "district": "Tirunelveli District", "taluk": "Ambasamudram Taluk", "village": "Ambasamudram", "predicted_crop": "Paddy", "confidence": 0.9472, "area_sq_km": 0.1051, "area_ha": 10.51, "prob_paddy": 0.9472, "prob_banana": 0.0285, "prob_other": 0.0243}}, {"type": "Feature", "geometry": {"type": "Polygon", "coordinates": [[[77.477447, 8.688127], [77.475892, 8.687614], [77.475084, 8.687482], [77.475439, 8.689957], [77.476137, 8.690136], [77.47709, 8.689329], [77.477447, 8.688127]]]}, "properties": {"parcel_id": "parcel_00241", "state": "Tamil Nadu", "district": "Tirunelveli District", "taluk": "Ambasamudram Taluk", "village": "Kallidaikurichi", "predicted_crop": "Paddy", "confidence": 0.8984, "area_sq_km": 0.0507, "area_ha": 5.07, "prob_paddy": 0.8984, "prob_banana": 0.0619, "prob_other": 0.0397}}, {"type": "Feature", "geometry": {"type": "Polygon", "coordinates": [[[77.535807, 8.684189], [77.535481, 8.683988], [77.534583, 8.684471], [77.533856, 8.686432], [77.534158, 8.686983], [77.537007, 8.685651], [77.535807, 8.684189]]]}, "properties": {"parcel_id": "parcel_00242", "state": "Tamil Nadu", "district": "Tirunelveli District", "taluk": "Cheranmahadevi Taluk", "village": "Veeravanallur", "predicted_crop": "Paddy", "confidence": 0.9646, "area_sq_km": 0.0612, "area_ha": 6.12, "prob_paddy": 0.9646, "prob_banana": 0.0192, "prob_other": 0.0162}}, {"type": "Feature", "geometry": {"type": "Polygon", "coordinates": [[[77.481002, 8.675578], [77.480593, 8.674491], [77.479167, 8.674367], [77.478808, 8.676751], [77.480598, 8.677289], [77.480732, 8.677119], [77.481002, 8.675578]]]}, "properties": {"parcel_id": "parcel_00243", "state": "Tamil Nadu", "district": "Tirunelveli District", "taluk": "Ambasamudram Taluk", "village": "Kallidaikurichi", "predicted_crop": "Banana", "confidence": 0.8465, "area_sq_km": 0.0594, "area_ha": 5.94, "prob_paddy": 0.096, "prob_banana": 0.8465, "prob_other": 0.0575}}, {"type": "Feature", "geometry": {"type": "Polygon", "coordinates": [[[77.498848, 8.67962], [77.497257, 8.679784], [77.497255, 8.683017], [77.497718, 8.683226], [77.499698, 8.680515], [77.499578, 8.679826], [77.498848, 8.67962]]]}, "properties": {"parcel_id": "parcel_00244", "state": "Tamil Nadu", "district": "Tirunelveli District", "taluk": "Ambasamudram Taluk", "village": "Veeravanallur", "predicted_crop": "Other", "confidence": 0.9191, "area_sq_km": 0.0707, "area_ha": 7.07, "prob_paddy": 0.0362, "prob_banana": 0.0447, "prob_other": 0.9191}}, {"type": "Feature", "geometry": {"type": "Polygon", "coordinates": [[[77.438106, 8.699166], [77.43593, 8.699047], [77.435819, 8.699335], [77.437897, 8.700851], [77.438009, 8.700454], [77.438106, 8.699166]]]}, "properties": {"parcel_id": "parcel_00245", "state": "Tamil Nadu", "district": "Tirunelveli District", "taluk": "Ambasamudram Taluk", "village": "Ambasamudram", "predicted_crop": "Paddy", "confidence": 0.9262, "area_sq_km": 0.0278, "area_ha": 2.78, "prob_paddy": 0.9262, "prob_banana": 0.0552, "prob_other": 0.0186}}, {"type": "Feature", "geometry": {"type": "Polygon", "coordinates": [[[77.44451, 8.715044], [77.443688, 8.713131], [77.443461, 8.713078], [77.441316, 8.715367], [77.443671, 8.716164], [77.44451, 8.715044]]]}, "properties": {"parcel_id": "parcel_00246", "state": "Tamil Nadu", "district": "Tirunelveli District", "taluk": "Ambasamudram Taluk", "village": "Ambasamudram", "predicted_crop": "Other", "confidence": 0.8186, "area_sq_km": 0.0628, "area_ha": 6.28, "prob_paddy": 0.0844, "prob_banana": 0.097, "prob_other": 0.8186}}, {"type": "Feature", "geometry": {"type": "Polygon", "coordinates": [[[77.477415, 8.669838], [77.479032, 8.669842], [77.479749, 8.66934], [77.479166, 8.667214], [77.475297, 8.66691], [77.474717, 8.667007], [77.477415, 8.669838]]]}, "properties": {"parcel_id": "parcel_00247", "state": "Tamil Nadu", "district": "Tirunelveli District", "taluk": "Ambasamudram Taluk", "village": "Kallidaikurichi", "predicted_crop": "Banana", "confidence": 0.9238, "area_sq_km": 0.1136, "area_ha": 11.36, "prob_paddy": 0.0513, "prob_banana": 0.9238, "prob_other": 0.025}}, {"type": "Feature", "geometry": {"type": "Polygon", "coordinates": [[[77.477872, 8.706077], [77.478761, 8.706366], [77.479142, 8.705791], [77.479423, 8.704883], [77.479076, 8.704035], [77.478244, 8.703487], [77.47658, 8.705283], [77.477872, 8.706077]]]}, "properties": {"parcel_id": "parcel_00248", "state": "Tamil Nadu", "district": "Tirunelveli District", "taluk": "Ambasamudram Taluk", "village": "Kallidaikurichi", "predicted_crop": "Paddy", "confidence": 0.9789, "area_sq_km": 0.0574, "area_ha": 5.74, "prob_paddy": 0.9789, "prob_banana": 0.0133, "prob_other": 0.0078}}, {"type": "Feature", "geometry": {"type": "Polygon", "coordinates": [[[77.442833, 8.70004], [77.442997, 8.698857], [77.442981, 8.698771], [77.441248, 8.69759], [77.43999, 8.697076], [77.440007, 8.697239], [77.440657, 8.700043], [77.440986, 8.700238], [77.442833, 8.70004]]]}, "properties": {"parcel_id": "parcel_00249", "state": "Tamil Nadu", "district": "Tirunelveli District", "taluk": "Ambasamudram Taluk", "village": "Ambasamudram", "predicted_crop": "Banana", "confidence": 0.8447, "area_sq_km": 0.0708, "area_ha": 7.08, "prob_paddy": 0.0729, "prob_banana": 0.8447, "prob_other": 0.0823}}, {"type": "Feature", "geometry": {"type": "Polygon", "coordinates": [[[77.502534, 8.683827], [77.501699, 8.684299], [77.503381, 8.685815], [77.50348, 8.685249], [77.502534, 8.683827]]]}, "properties": {"parcel_id": "parcel_00250", "state": "Tamil Nadu", "district": "Tirunelveli District", "taluk": "Ambasamudram Taluk", "village": "Veeravanallur", "predicted_crop": "Paddy", "confidence": 0.941, "area_sq_km": 0.0167, "area_ha": 1.67, "prob_paddy": 0.941, "prob_banana": 0.037, "prob_other": 0.022}}, {"type": "Feature", "geometry": {"type": "Polygon", "coordinates": [[[77.445419, 8.680423], [77.450683, 8.67804], [77.450716, 8.677969], [77.445633, 8.678876], [77.445419, 8.680423]]]}, "properties": {"parcel_id": "parcel_00251", "state": "Tamil Nadu", "district": "Tirunelveli District", "taluk": "Ambasamudram Taluk", "village": "Kallidaikurichi", "predicted_crop": "Banana", "confidence": 0.9026, "area_sq_km": 0.0485, "area_ha": 4.85, "prob_paddy": 0.043, "prob_banana": 0.9026, "prob_other": 0.0544}}, {"type": "Feature", "geometry": {"type": "Polygon", "coordinates": [[[77.46232, 8.691633], [77.460608, 8.69041], [77.459778, 8.690554], [77.459623, 8.69085], [77.459509, 8.69429], [77.462163, 8.692703], [77.462292, 8.692514], [77.46232, 8.691633]]]}, "properties": {"parcel_id": "parcel_00252", "state": "Tamil Nadu", "district": "Tirunelveli District", "taluk": "Ambasamudram Taluk", "village": "Kallidaikurichi", "predicted_crop": "Paddy", "confidence": 0.9634, "area_sq_km": 0.0868, "area_ha": 8.68, "prob_paddy": 0.9634, "prob_banana": 0.0194, "prob_other": 0.0172}}, {"type": "Feature", "geometry": {"type": "Polygon", "coordinates": [[[77.502152, 8.691072], [77.503588, 8.691467], [77.504547, 8.68975], [77.504372, 8.688295], [77.502503, 8.68966], [77.502095, 8.690027], [77.502152, 8.691072]]]}, "properties": {"parcel_id": "parcel_00253", "state": "Tamil Nadu", "district": "Tirunelveli District", "taluk": "Ambasamudram Taluk", "village": "Veeravanallur", "predicted_crop": "Banana", "confidence": 0.9317, "area_sq_km": 0.0559, "area_ha": 5.59, "prob_paddy": 0.0417, "prob_banana": 0.9317, "prob_other": 0.0266}}, {"type": "Feature", "geometry": {"type": "Polygon", "coordinates": [[[77.460057, 8.679207], [77.460177, 8.679089], [77.460164, 8.67718], [77.457093, 8.678092], [77.456806, 8.67928], [77.458845, 8.679405], [77.460057, 8.679207]]]}, "properties": {"parcel_id": "parcel_00254", "state": "Tamil Nadu", "district": "Tirunelveli District", "taluk": "Ambasamudram Taluk", "village": "Kallidaikurichi", "predicted_crop": "Banana", "confidence": 0.9465, "area_sq_km": 0.0655, "area_ha": 6.55, "prob_paddy": 0.0242, "prob_banana": 0.9465, "prob_other": 0.0293}}, {"type": "Feature", "geometry": {"type": "Polygon", "coordinates": [[[77.468181, 8.690471], [77.469941, 8.691457], [77.469993, 8.690856], [77.468987, 8.689195], [77.468181, 8.690471]]]}, "properties": {"parcel_id": "parcel_00255", "state": "Tamil Nadu", "district": "Tirunelveli District", "taluk": "Ambasamudram Taluk", "village": "Kallidaikurichi", "predicted_crop": "Paddy", "confidence": 0.883, "area_sq_km": 0.0227, "area_ha": 2.27, "prob_paddy": 0.883, "prob_banana": 0.0639, "prob_other": 0.053}}, {"type": "Feature", "geometry": {"type": "Polygon", "coordinates": [[[77.546099, 8.684692], [77.546756, 8.685432], [77.54754, 8.685395], [77.548898, 8.684233], [77.548711, 8.683794], [77.546295, 8.683599], [77.546099, 8.684692]]]}, "properties": {"parcel_id": "parcel_00256", "state": "Tamil Nadu", "district": "Tirunelveli District", "taluk": "Cheranmahadevi Taluk", "village": "Cheranmahadevi", "predicted_crop": "Other", "confidence": 0.81, "area_sq_km": 0.044, "area_ha": 4.4, "prob_paddy": 0.0993, "prob_banana": 0.0908, "prob_other": 0.81}}, {"type": "Feature", "geometry": {"type": "Polygon", "coordinates": [[[77.474003, 8.707609], [77.476313, 8.709967], [77.47676, 8.708047], [77.475964, 8.707042], [77.475013, 8.706499], [77.474548, 8.706789], [77.474003, 8.707609]]]}, "properties": {"parcel_id": "parcel_00257", "state": "Tamil Nadu", "district": "Tirunelveli District", "taluk": "Ambasamudram Taluk", "village": "Kallidaikurichi", "predicted_crop": "Paddy", "confidence": 0.9764, "area_sq_km": 0.0593, "area_ha": 5.93, "prob_paddy": 0.9764, "prob_banana": 0.0143, "prob_other": 0.0093}}, {"type": "Feature", "geometry": {"type": "Polygon", "coordinates": [[[77.454415, 8.707674], [77.453811, 8.70713], [77.452782, 8.707162], [77.452618, 8.707232], [77.451455, 8.70835], [77.453652, 8.708614], [77.454386, 8.707941], [77.454415, 8.707674]]]}, "properties": {"parcel_id": "parcel_00258", "state": "Tamil Nadu", "district": "Tirunelveli District", "taluk": "Ambasamudram Taluk", "village": "Ambasamudram", "predicted_crop": "Paddy", "confidence": 0.9422, "area_sq_km": 0.035, "area_ha": 3.5, "prob_paddy": 0.9422, "prob_banana": 0.0384, "prob_other": 0.0195}}, {"type": "Feature", "geometry": {"type": "Polygon", "coordinates": [[[77.51353, 8.710349], [77.514662, 8.711385], [77.516185, 8.711702], [77.517744, 8.710964], [77.517578, 8.709039], [77.51353, 8.710349]]]}, "properties": {"parcel_id": "parcel_00259", "state": "Tamil Nadu", "district": "Tirunelveli District", "taluk": "Cheranmahadevi Taluk", "village": "Veeravanallur", "predicted_crop": "Other", "confidence": 0.7581, "area_sq_km": 0.081, "area_ha": 8.1, "prob_paddy": 0.1355, "prob_banana": 0.1063, "prob_other": 0.7581}}, {"type": "Feature", "geometry": {"type": "Polygon", "coordinates": [[[77.482374, 8.679818], [77.482265, 8.681196], [77.483293, 8.68146], [77.484358, 8.680759], [77.484269, 8.678491], [77.484139, 8.678412], [77.483972, 8.678476], [77.482374, 8.679818]]]}, "properties": {"parcel_id": "parcel_00260", "state": "Tamil Nadu", "district": "Tirunelveli District", "taluk": "Ambasamudram Taluk", "village": "Kallidaikurichi", "predicted_crop": "Paddy", "confidence": 0.9017, "area_sq_km": 0.053, "area_ha": 5.3, "prob_paddy": 0.9017, "prob_banana": 0.0628, "prob_other": 0.0355}}, {"type": "Feature", "geometry": {"type": "Polygon", "coordinates": [[[77.45319, 8.710671], [77.452103, 8.711504], [77.452309, 8.712498], [77.453522, 8.712678], [77.454286, 8.711888], [77.453938, 8.711345], [77.45319, 8.710671]]]}, "properties": {"parcel_id": "parcel_00261", "state": "Tamil Nadu", "district": "Tirunelveli District", "taluk": "Ambasamudram Taluk", "village": "Ambasamudram", "predicted_crop": "Paddy", "confidence": 0.91, "area_sq_km": 0.0341, "area_ha": 3.41, "prob_paddy": 0.91, "prob_banana": 0.054, "prob_other": 0.036}}, {"type": "Feature", "geometry": {"type": "Polygon", "coordinates": [[[77.471751, 8.688707], [77.472652, 8.689613], [77.47449, 8.687824], [77.474795, 8.687371], [77.47463, 8.687097], [77.474259, 8.686626], [77.47157, 8.688154], [77.471751, 8.688707]]]}, "properties": {"parcel_id": "parcel_00262", "state": "Tamil Nadu", "district": "Tirunelveli District", "taluk": "Ambasamudram Taluk", "village": "Kallidaikurichi", "predicted_crop": "Paddy", "confidence": 0.939, "area_sq_km": 0.0549, "area_ha": 5.49, "prob_paddy": 0.939, "prob_banana": 0.0341, "prob_other": 0.0269}}, {"type": "Feature", "geometry": {"type": "Polygon", "coordinates": [[[77.480495, 8.677945], [77.480588, 8.677314], [77.478797, 8.676776], [77.477725, 8.677756], [77.477681, 8.678411], [77.479126, 8.67873], [77.480495, 8.677945]]]}, "properties": {"parcel_id": "parcel_00263", "state": "Tamil Nadu", "district": "Tirunelveli District", "taluk": "Ambasamudram Taluk", "village": "Kallidaikurichi", "predicted_crop": "Banana", "confidence": 0.8479, "area_sq_km": 0.0456, "area_ha": 4.56, "prob_paddy": 0.0745, "prob_banana": 0.8479, "prob_other": 0.0776}}, {"type": "Feature", "geometry": {"type": "Polygon", "coordinates": [[[77.481019, 8.679373], [77.481143, 8.678753], [77.480504, 8.677971], [77.479146, 8.678749], [77.479717, 8.679774], [77.481019, 8.679373]]]}, "properties": {"parcel_id": "parcel_00264", "state": "Tamil Nadu", "district": "Tirunelveli District", "taluk": "Ambasamudram Taluk", "village": "Kallidaikurichi", "predicted_crop": "Paddy", "confidence": 0.884, "area_sq_km": 0.0266, "area_ha": 2.66, "prob_paddy": 0.884, "prob_banana": 0.0846, "prob_other": 0.0314}}, {"type": "Feature", "geometry": {"type": "Polygon", "coordinates": [[[77.546517, 8.713891], [77.546901, 8.713797], [77.548298, 8.712076], [77.548175, 8.711523], [77.547845, 8.711162], [77.547205, 8.711078], [77.546195, 8.712703], [77.546517, 8.713891]]]}, "properties": {"parcel_id": "parcel_00265", "state": "Tamil Nadu", "district": "Tirunelveli District", "taluk": "Cheranmahadevi Taluk", "village": "Ariyanayakipuram", "predicted_crop": "Paddy", "confidence": 0.9696, "area_sq_km": 0.0408, "area_ha": 4.08, "prob_paddy": 0.9696, "prob_banana": 0.0185, "prob_other": 0.0119}}, {"type": "Feature", "geometry": {"type": "Polygon", "coordinates": [[[77.522681, 8.680303], [77.521376, 8.679754], [77.521137, 8.680045], [77.523283, 8.682539], [77.52354, 8.682525], [77.524318, 8.681859], [77.522681, 8.680303]]]}, "properties": {"parcel_id": "parcel_00266", "state": "Tamil Nadu", "district": "Tirunelveli District", "taluk": "Cheranmahadevi Taluk", "village": "Veeravanallur", "predicted_crop": "Paddy", "confidence": 0.9008, "area_sq_km": 0.0408, "area_ha": 4.08, "prob_paddy": 0.9008, "prob_banana": 0.0688, "prob_other": 0.0304}}, {"type": "Feature", "geometry": {"type": "Polygon", "coordinates": [[[77.533832, 8.686418], [77.534556, 8.684466], [77.533342, 8.683536], [77.531767, 8.683949], [77.531059, 8.686163], [77.533832, 8.686418]]]}, "properties": {"parcel_id": "parcel_00267", "state": "Tamil Nadu", "district": "Tirunelveli District", "taluk": "Cheranmahadevi Taluk", "village": "Veeravanallur", "predicted_crop": "Paddy", "confidence": 0.922, "area_sq_km": 0.0859, "area_ha": 8.59, "prob_paddy": 0.922, "prob_banana": 0.0479, "prob_other": 0.0301}}, {"type": "Feature", "geometry": {"type": "Polygon", "coordinates": [[[77.539338, 8.674873], [77.537427, 8.671169], [77.53649, 8.674662], [77.53879, 8.675247], [77.539338, 8.674873]]]}, "properties": {"parcel_id": "parcel_00268", "state": "Tamil Nadu", "district": "Tirunelveli District", "taluk": "Cheranmahadevi Taluk", "village": "Veeravanallur", "predicted_crop": "Paddy", "confidence": 0.9492, "area_sq_km": 0.069, "area_ha": 6.9, "prob_paddy": 0.9492, "prob_banana": 0.0267, "prob_other": 0.0241}}, {"type": "Feature", "geometry": {"type": "Polygon", "coordinates": [[[77.525963, 8.680329], [77.527654, 8.680324], [77.530595, 8.676929], [77.525646, 8.678375], [77.525398, 8.679025], [77.525963, 8.680329]]]}, "properties": {"parcel_id": "parcel_00269", "state": "Tamil Nadu", "district": "Tirunelveli District", "taluk": "Cheranmahadevi Taluk", "village": "Veeravanallur", "predicted_crop": "Banana", "confidence": 0.8945, "area_sq_km": 0.1008, "area_ha": 10.08, "prob_paddy": 0.0697, "prob_banana": 0.8945, "prob_other": 0.0358}}, {"type": "Feature", "geometry": {"type": "Polygon", "coordinates": [[[77.433218, 8.697981], [77.435085, 8.69804], [77.433321, 8.696895], [77.433218, 8.697981]]]}, "properties": {"parcel_id": "parcel_00270", "state": "Tamil Nadu", "district": "Tirunelveli District", "taluk": "Ambasamudram Taluk", "village": "Ambasamudram", "predicted_crop": "Paddy", "confidence": 0.9344, "area_sq_km": 0.0124, "area_ha": 1.24, "prob_paddy": 0.9344, "prob_banana": 0.0459, "prob_other": 0.0197}}, {"type": "Feature", "geometry": {"type": "Polygon", "coordinates": [[[77.449678, 8.692169], [77.449733, 8.692115], [77.449844, 8.690714], [77.447997, 8.689848], [77.447986, 8.68985], [77.446513, 8.691033], [77.446418, 8.691623], [77.447333, 8.692247], [77.449243, 8.692396], [77.449426, 8.692343], [77.449678, 8.692169]]]}, "properties": {"parcel_id": "parcel_00271", "state": "Tamil Nadu", "district": "Tirunelveli District", "taluk": "Ambasamudram Taluk", "village": "Ambasamudram", "predicted_crop": "Banana", "confidence": 0.9523, "area_sq_km": 0.0754, "area_ha": 7.54, "prob_paddy": 0.0312, "prob_banana": 0.9523, "prob_other": 0.0165}}, {"type": "Feature", "geometry": {"type": "Polygon", "coordinates": [[[77.546398, 8.701237], [77.546042, 8.701552], [77.549284, 8.703618], [77.549041, 8.701261], [77.548445, 8.700699], [77.546398, 8.701237]]]}, "properties": {"parcel_id": "parcel_00272", "state": "Tamil Nadu", "district": "Tirunelveli District", "taluk": "Cheranmahadevi Taluk", "village": "Ariyanayakipuram", "predicted_crop": "Paddy", "confidence": 0.8875, "area_sq_km": 0.0576, "area_ha": 5.76, "prob_paddy": 0.8875, "prob_banana": 0.063, "prob_other": 0.0495}}, {"type": "Feature", "geometry": {"type": "Polygon", "coordinates": [[[77.446811, 8.709914], [77.445791, 8.70879], [77.44589, 8.71061], [77.446811, 8.709914]]]}, "properties": {"parcel_id": "parcel_00273", "state": "Tamil Nadu", "district": "Tirunelveli District", "taluk": "Ambasamudram Taluk", "village": "Ambasamudram", "predicted_crop": "Paddy", "confidence": 0.9495, "area_sq_km": 0.0106, "area_ha": 1.06, "prob_paddy": 0.9495, "prob_banana": 0.0363, "prob_other": 0.0142}}, {"type": "Feature", "geometry": {"type": "Polygon", "coordinates": [[[77.455098, 8.720862], [77.458542, 8.724895], [77.458938, 8.724539], [77.459047, 8.724242], [77.456628, 8.720859], [77.455098, 8.720862]]]}, "properties": {"parcel_id": "parcel_00274", "state": "Tamil Nadu", "district": "Tirunelveli District", "taluk": "Ambasamudram Taluk", "village": "Brahmadesam", "predicted_crop": "Paddy", "confidence": 0.9569, "area_sq_km": 0.0581, "area_ha": 5.81, "prob_paddy": 0.9569, "prob_banana": 0.0286, "prob_other": 0.0146}}, {"type": "Feature", "geometry": {"type": "Polygon", "coordinates": [[[77.498363, 8.674266], [77.496064, 8.673833], [77.495578, 8.67426], [77.495998, 8.676129], [77.498363, 8.674266]]]}, "properties": {"parcel_id": "parcel_00275", "state": "Tamil Nadu", "district": "Tirunelveli District", "taluk": "Ambasamudram Taluk", "village": "Veeravanallur", "predicted_crop": "Other", "confidence": 0.7718, "area_sq_km": 0.039, "area_ha": 3.9, "prob_paddy": 0.1006, "prob_banana": 0.1276, "prob_other": 0.7718}}, {"type": "Feature", "geometry": {"type": "Polygon", "coordinates": [[[77.446241, 8.698947], [77.443599, 8.698194], [77.443008, 8.698768], [77.443022, 8.698846], [77.445935, 8.699608], [77.44635, 8.6992], [77.446241, 8.698947]]]}, "properties": {"parcel_id": "parcel_00276", "state": "Tamil Nadu", "district": "Tirunelveli District", "taluk": "Ambasamudram Taluk", "village": "Ambasamudram", "predicted_crop": "Paddy", "confidence": 0.8783, "area_sq_km": 0.0275, "area_ha": 2.75, "prob_paddy": 0.8783, "prob_banana": 0.063, "prob_other": 0.0587}}, {"type": "Feature", "geometry": {"type": "Polygon", "coordinates": [[[77.526429, 8.689857], [77.526442, 8.689866], [77.528417, 8.68814], [77.528516, 8.687977], [77.527444, 8.687146], [77.525113, 8.688597], [77.526429, 8.689857]]]}, "properties": {"parcel_id": "parcel_00277", "state": "Tamil Nadu", "district": "Tirunelveli District", "taluk": "Cheranmahadevi Taluk", "village": "Veeravanallur", "predicted_crop": "Banana", "confidence": 0.933, "area_sq_km": 0.0535, "area_ha": 5.35, "prob_paddy": 0.0323, "prob_banana": 0.933, "prob_other": 0.0347}}, {"type": "Feature", "geometry": {"type": "Polygon", "coordinates": [[[77.503677, 8.687333], [77.504455, 8.685692], [77.504166, 8.684954], [77.503506, 8.685256], [77.503404, 8.685843], [77.503465, 8.687191], [77.503677, 8.687333]]]}, "properties": {"parcel_id": "parcel_00278", "state": "Tamil Nadu", "district": "Tirunelveli District", "taluk": "Ambasamudram Taluk", "village": "Veeravanallur", "predicted_crop": "Paddy", "confidence": 0.8976, "area_sq_km": 0.0186, "area_ha": 1.86, "prob_paddy": 0.8976, "prob_banana": 0.0771, "prob_other": 0.0253}}, {"type": "Feature", "geometry": {"type": "Polygon", "coordinates": [[[77.483851, 8.675772], [77.482404, 8.672991], [77.480619, 8.674483], [77.481026, 8.675567], [77.483601, 8.676577], [77.483851, 8.675772]]]}, "properties": {"parcel_id": "parcel_00279", "state": "Tamil Nadu", "district": "Tirunelveli District", "taluk": "Ambasamudram Taluk", "village": "Kallidaikurichi", "predicted_crop": "Paddy", "confidence": 0.9264, "area_sq_km": 0.0757, "area_ha": 7.57, "prob_paddy": 0.9264, "prob_banana": 0.0447, "prob_other": 0.0289}}, {"type": "Feature", "geometry": {"type": "Polygon", "coordinates": [[[77.494662, 8.683154], [77.495517, 8.682416], [77.495378, 8.682153], [77.493544, 8.681172], [77.492491, 8.683187], [77.493135, 8.683615], [77.494662, 8.683154]]]}, "properties": {"parcel_id": "parcel_00280", "state": "Tamil Nadu", "district": "Tirunelveli District", "taluk": "Ambasamudram Taluk", "village": "Kallidaikurichi", "predicted_crop": "Other", "confidence": 0.7744, "area_sq_km": 0.0497, "area_ha": 4.97, "prob_paddy": 0.132, "prob_banana": 0.0935, "prob_other": 0.7744}}, {"type": "Feature", "geometry": {"type": "Polygon", "coordinates": [[[77.481164, 8.678735], [77.483961, 8.678451], [77.484121, 8.67839], [77.483812, 8.677777], [77.480751, 8.67714], [77.480616, 8.67731], [77.480521, 8.67795], [77.481164, 8.678735]]]}, "properties": {"parcel_id": "parcel_00281", "state": "Tamil Nadu", "district": "Tirunelveli District", "taluk": "Ambasamudram Taluk", "village": "Kallidaikurichi", "predicted_crop": "Paddy", "confidence": 0.9613, "area_sq_km": 0.0453, "area_ha": 4.53, "prob_paddy": 0.9613, "prob_banana": 0.0208, "prob_other": 0.0179}}, {"type": "Feature", "geometry": {"type": "Polygon", "coordinates": [[[77.431688, 8.69882], [77.4324, 8.700067], [77.43285, 8.700346], [77.433998, 8.699916], [77.434118, 8.699759], [77.433157, 8.698151], [77.431795, 8.698647], [77.431688, 8.69882]]]}, "properties": {"parcel_id": "parcel_00282", "state": "Tamil Nadu", "district": "Tirunelveli District", "taluk": "Ambasamudram Taluk", "village": "Ambasamudram", "predicted_crop": "Banana", "confidence": 0.9048, "area_sq_km": 0.0384, "area_ha": 3.84, "prob_paddy": 0.0628, "prob_banana": 0.9048, "prob_other": 0.0324}}, {"type": "Feature", "geometry": {"type": "Polygon", "coordinates": [[[77.539059, 8.693419], [77.538922, 8.693417], [77.537831, 8.694403], [77.539602, 8.6965], [77.539891, 8.696501], [77.540131, 8.694477], [77.539059, 8.693419]]]}, "properties": {"parcel_id": "parcel_00283", "state": "Tamil Nadu", "district": "Tirunelveli District", "taluk": "Cheranmahadevi Taluk", "village": "Veeravanallur", "predicted_crop": "Paddy", "confidence": 0.8921, "area_sq_km": 0.0473, "area_ha": 4.73, "prob_paddy": 0.8921, "prob_banana": 0.077, "prob_other": 0.0308}}, {"type": "Feature", "geometry": {"type": "Polygon", "coordinates": [[[77.44404, 8.70154], [77.444957, 8.701066], [77.445917, 8.699632], [77.443022, 8.698874], [77.44286, 8.700049], [77.44404, 8.70154]]]}, "properties": {"parcel_id": "parcel_00284", "state": "Tamil Nadu", "district": "Tirunelveli District", "taluk": "Ambasamudram Taluk", "village": "Ambasamudram", "predicted_crop": "Paddy", "confidence": 0.9758, "area_sq_km": 0.0575, "area_ha": 5.75, "prob_paddy": 0.9758, "prob_banana": 0.0131, "prob_other": 0.0111}}, {"type": "Feature", "geometry": {"type": "Polygon", "coordinates": [[[77.453428, 8.705465], [77.453829, 8.707109], [77.454431, 8.707652], [77.456219, 8.706669], [77.455544, 8.703898], [77.453428, 8.705465]]]}, "properties": {"parcel_id": "parcel_00285", "state": "Tamil Nadu", "district": "Tirunelveli District", "taluk": "Ambasamudram Taluk", "village": "Ambasamudram", "predicted_crop": "Banana", "confidence": 0.9233, "area_sq_km": 0.0767, "area_ha": 7.67, "prob_paddy": 0.0381, "prob_banana": 0.9233, "prob_other": 0.0386}}, {"type": "Feature", "geometry": {"type": "Polygon", "coordinates": [[[77.433345, 8.706959], [77.433311, 8.707034], [77.433273, 8.709172], [77.433603, 8.709085], [77.43517, 8.708276], [77.435548, 8.707607], [77.435184, 8.707265], [77.433345, 8.706959]]]}, "properties": {"parcel_id": "parcel_00286", "state": "Tamil Nadu", "district": "Tirunelveli District", "taluk": "Ambasamudram Taluk", "village": "Ambasamudram", "predicted_crop": "Paddy", "confidence": 0.8748, "area_sq_km": 0.04, "area_ha": 4.0, "prob_paddy": 0.8748, "prob_banana": 0.0701, "prob_other": 0.0551}}, {"type": "Feature", "geometry": {"type": "Polygon", "coordinates": [[[77.488431, 8.697255], [77.488539, 8.697181], [77.488378, 8.695222], [77.486421, 8.693652], [77.485649, 8.694026], [77.488431, 8.697255]]]}, "properties": {"parcel_id": "parcel_00287", "state": "Tamil Nadu", "district": "Tirunelveli District", "taluk": "Ambasamudram Taluk", "village": "Kallidaikurichi", "predicted_crop": "Banana", "confidence": 0.8985, "area_sq_km": 0.0466, "area_ha": 4.66, "prob_paddy": 0.0637, "prob_banana": 0.8985, "prob_other": 0.0378}}, {"type": "Feature", "geometry": {"type": "Polygon", "coordinates": [[[77.534349, 8.687482], [77.53414, 8.687007], [77.533833, 8.686446], [77.531043, 8.686189], [77.530675, 8.68632], [77.529729, 8.687708], [77.532394, 8.689188], [77.534096, 8.688443], [77.534277, 8.688187], [77.534349, 8.687482]]]}, "properties": {"parcel_id": "parcel_00288", "state": "Tamil Nadu", "district": "Tirunelveli District", "taluk": "Cheranmahadevi Taluk", "village": "Veeravanallur", "predicted_crop": "Paddy", "confidence": 0.8654, "area_sq_km": 0.1151, "area_ha": 11.51, "prob_paddy": 0.8654, "prob_banana": 0.0967, "prob_other": 0.0379}}, {"type": "Feature", "geometry": {"type": "Polygon", "coordinates": [[[77.536033, 8.695313], [77.534732, 8.697543], [77.537398, 8.697769], [77.537766, 8.696763], [77.536033, 8.695313]]]}, "properties": {"parcel_id": "parcel_00289", "state": "Tamil Nadu", "district": "Tirunelveli District", "taluk": "Cheranmahadevi Taluk", "village": "Veeravanallur", "predicted_crop": "Paddy", "confidence": 0.9276, "area_sq_km": 0.0519, "area_ha": 5.19, "prob_paddy": 0.9276, "prob_banana": 0.0404, "prob_other": 0.0319}}, {"type": "Feature", "geometry": {"type": "Polygon", "coordinates": [[[77.508325, 8.674748], [77.507606, 8.6752], [77.508382, 8.677564], [77.509411, 8.678455], [77.51143, 8.677273], [77.511363, 8.676861], [77.508325, 8.674748]]]}, "properties": {"parcel_id": "parcel_00290", "state": "Tamil Nadu", "district": "Tirunelveli District", "taluk": "Ambasamudram Taluk", "village": "Veeravanallur", "predicted_crop": "Paddy", "confidence": 0.9783, "area_sq_km": 0.09, "area_ha": 9.0, "prob_paddy": 0.9783, "prob_banana": 0.0173, "prob_other": 0.0043}}, {"type": "Feature", "geometry": {"type": "Polygon", "coordinates": [[[77.453222, 8.701737], [77.452631, 8.701605], [77.452231, 8.702043], [77.451297, 8.704066], [77.45229, 8.70458], [77.45467, 8.703113], [77.453222, 8.701737]]]}, "properties": {"parcel_id": "parcel_00291", "state": "Tamil Nadu", "district": "Tirunelveli District", "taluk": "Ambasamudram Taluk", "village": "Ambasamudram", "predicted_crop": "Paddy", "confidence": 0.9612, "area_sq_km": 0.0654, "area_ha": 6.54, "prob_paddy": 0.9612, "prob_banana": 0.0265, "prob_other": 0.0123}}, {"type": "Feature", "geometry": {"type": "Polygon", "coordinates": [[[77.454033, 8.686996], [77.453912, 8.689482], [77.454912, 8.688505], [77.455414, 8.686898], [77.454033, 8.686996]]]}, "properties": {"parcel_id": "parcel_00292", "state": "Tamil Nadu", "district": "Tirunelveli District", "taluk": "Ambasamudram Taluk", "village": "Kallidaikurichi", "predicted_crop": "Paddy", "confidence": 0.8936, "area_sq_km": 0.0276, "area_ha": 2.76, "prob_paddy": 0.8936, "prob_banana": 0.069, "prob_other": 0.0373}}, {"type": "Feature", "geometry": {"type": "Polygon", "coordinates": [[[77.458757, 8.699728], [77.459166, 8.700336], [77.460372, 8.700962], [77.462111, 8.700535], [77.462073, 8.700382], [77.459377, 8.699015], [77.459011, 8.699086], [77.458757, 8.699728]]]}, "properties": {"parcel_id": "parcel_00293", "state": "Tamil Nadu", "district": "Tirunelveli District", "taluk": "Ambasamudram Taluk", "village": "Kallidaikurichi", "predicted_crop": "Other", "confidence": 0.9158, "area_sq_km": 0.0413, "area_ha": 4.13, "prob_paddy": 0.0349, "prob_banana": 0.0493, "prob_other": 0.9158}}, {"type": "Feature", "geometry": {"type": "Polygon", "coordinates": [[[77.480973, 8.689005], [77.483193, 8.689232], [77.483401, 8.688718], [77.482695, 8.687244], [77.480584, 8.686684], [77.479869, 8.687688], [77.480973, 8.689005]]]}, "properties": {"parcel_id": "parcel_00294", "state": "Tamil Nadu", "district": "Tirunelveli District", "taluk": "Ambasamudram Taluk", "village": "Kallidaikurichi", "predicted_crop": "Paddy", "confidence": 0.9325, "area_sq_km": 0.0713, "area_ha": 7.13, "prob_paddy": 0.9325, "prob_banana": 0.0377, "prob_other": 0.0298}}, {"type": "Feature", "geometry": {"type": "Polygon", "coordinates": [[[77.485077, 8.707182], [77.482994, 8.708725], [77.484566, 8.710166], [77.485282, 8.710098], [77.486191, 8.707607], [77.485077, 8.707182]]]}, "properties": {"parcel_id": "parcel_00295", "state": "Tamil Nadu", "district": "Tirunelveli District", "taluk": "Ambasamudram Taluk", "village": "Thiruppudaimaruthur", "predicted_crop": "Banana", "confidence": 0.8505, "area_sq_km": 0.0651, "area_ha": 6.51, "prob_paddy": 0.0781, "prob_banana": 0.8505, "prob_other": 0.0715}}, {"type": "Feature", "geometry": {"type": "Polygon", "coordinates": [[[77.442339, 8.689587], [77.442161, 8.692131], [77.443238, 8.6915], [77.442402, 8.689638], [77.442339, 8.689587]]]}, "properties": {"parcel_id": "parcel_00296", "state": "Tamil Nadu", "district": "Tirunelveli District", "taluk": "Ambasamudram Taluk", "village": "Ambasamudram", "predicted_crop": "Other", "confidence": 0.748, "area_sq_km": 0.0165, "area_ha": 1.65, "prob_paddy": 0.1431, "prob_banana": 0.1089, "prob_other": 0.748}}, {"type": "Feature", "geometry": {"type": "Polygon", "coordinates": [[[77.537421, 8.697784], [77.537543, 8.698387], [77.538472, 8.698314], [77.539003, 8.696724], [77.537792, 8.696772], [77.537421, 8.697784]]]}, "properties": {"parcel_id": "parcel_00297", "state": "Tamil Nadu", "district": "Tirunelveli District", "taluk": "Cheranmahadevi Taluk", "village": "Veeravanallur", "predicted_crop": "Paddy", "confidence": 0.9764, "area_sq_km": 0.0227, "area_ha": 2.27, "prob_paddy": 0.9764, "prob_banana": 0.0188, "prob_other": 0.0048}}, {"type": "Feature", "geometry": {"type": "Polygon", "coordinates": [[[77.505394, 8.691159], [77.504561, 8.68978], [77.503612, 8.691481], [77.503702, 8.691576], [77.505394, 8.691159]]]}, "properties": {"parcel_id": "parcel_00298", "state": "Tamil Nadu", "district": "Tirunelveli District", "taluk": "Ambasamudram Taluk", "village": "Veeravanallur", "predicted_crop": "Other", "confidence": 0.8484, "area_sq_km": 0.0178, "area_ha": 1.78, "prob_paddy": 0.0761, "prob_banana": 0.0755, "prob_other": 0.8484}}, {"type": "Feature", "geometry": {"type": "Polygon", "coordinates": [[[77.482346, 8.679828], [77.481313, 8.679979], [77.48128, 8.680156], [77.481346, 8.681292], [77.482238, 8.681194], [77.482346, 8.679828]]]}, "properties": {"parcel_id": "parcel_00299", "state": "Tamil Nadu", "district": "Tirunelveli District", "taluk": "Ambasamudram Taluk", "village": "Kallidaikurichi", "predicted_crop": "Banana", "confidence": 0.8493, "area_sq_km": 0.016, "area_ha": 1.6, "prob_paddy": 0.0912, "prob_banana": 0.8493, "prob_other": 0.0595}}, {"type": "Feature", "geometry": {"type": "Polygon", "coordinates": [[[77.476923, 8.692226], [77.478012, 8.690926], [77.477098, 8.689358], [77.476154, 8.690157], [77.476142, 8.6925], [77.476923, 8.692226]]]}, "properties": {"parcel_id": "parcel_00300", "state": "Tamil Nadu", "district": "Tirunelveli District", "taluk": "Ambasamudram Taluk", "village": "Kallidaikurichi", "predicted_crop": "Paddy", "confidence": 0.9662, "area_sq_km": 0.0444, "area_ha": 4.44, "prob_paddy": 0.9662, "prob_banana": 0.0232, "prob_other": 0.0106}}, {"type": "Feature", "geometry": {"type": "Polygon", "coordinates": [[[77.435193, 8.70829], [77.435084, 8.709295], [77.43511, 8.709388], [77.437041, 8.708855], [77.436587, 8.707837], [77.435572, 8.70762], [77.435193, 8.70829]]]}, "properties": {"parcel_id": "parcel_00301", "state": "Tamil Nadu", "district": "Tirunelveli District", "taluk": "Ambasamudram Taluk", "village": "Ambasamudram", "predicted_crop": "Paddy", "confidence": 0.8874, "area_sq_km": 0.0274, "area_ha": 2.74, "prob_paddy": 0.8874, "prob_banana": 0.0696, "prob_other": 0.043}}, {"type": "Feature", "geometry": {"type": "Polygon", "coordinates": [[[77.552273, 8.709474], [77.549402, 8.708717], [77.548333, 8.70898], [77.547866, 8.711145], [77.548191, 8.7115], [77.552273, 8.709474]]]}, "properties": {"parcel_id": "parcel_00302", "state": "Tamil Nadu", "district": "Tirunelveli District", "taluk": "Cheranmahadevi Taluk", "village": "Ariyanayakipuram", "predicted_crop": "Other", "confidence": 0.868, "area_sq_km": 0.0757, "area_ha": 7.57, "prob_paddy": 0.0776, "prob_banana": 0.0544, "prob_other": 0.868}}, {"type": "Feature", "geometry": {"type": "Polygon", "coordinates": [[[77.540717, 8.70655], [77.540674, 8.705613], [77.537943, 8.705099], [77.537662, 8.707014], [77.537674, 8.707083], [77.539556, 8.707041], [77.540717, 8.70655]]]}, "properties": {"parcel_id": "parcel_00303", "state": "Tamil Nadu", "district": "Tirunelveli District", "taluk": "Cheranmahadevi Taluk", "village": "Ariyanayakipuram", "predicted_crop": "Banana", "confidence": 0.8296, "area_sq_km": 0.057, "area_ha": 5.7, "prob_paddy": 0.0707, "prob_banana": 0.8296, "prob_other": 0.0996}}, {"type": "Feature", "geometry": {"type": "Polygon", "coordinates": [[[77.502981, 8.711405], [77.50208, 8.712678], [77.502066, 8.712926], [77.503996, 8.714655], [77.504616, 8.714797], [77.505328, 8.712753], [77.505107, 8.712261], [77.502981, 8.711405]]]}, "properties": {"parcel_id": "parcel_00304", "state": "Tamil Nadu", "district": "Tirunelveli District", "taluk": "Ambasamudram Taluk", "village": "Thiruppudaimaruthur", "predicted_crop": "Paddy", "confidence": 0.8642, "area_sq_km": 0.0805, "area_ha": 8.05, "prob_paddy": 0.8642, "prob_banana": 0.1058, "prob_other": 0.03}}, {"type": "Feature", "geometry": {"type": "Polygon", "coordinates": [[[77.505829, 8.704123], [77.503733, 8.704379], [77.503932, 8.705893], [77.504142, 8.706085], [77.505993, 8.706522], [77.505829, 8.704123]]]}, "properties": {"parcel_id": "parcel_00305", "state": "Tamil Nadu", "district": "Tirunelveli District", "taluk": "Ambasamudram Taluk", "village": "Thiruppudaimaruthur", "predicted_crop": "Paddy", "confidence": 0.9128, "area_sq_km": 0.0508, "area_ha": 5.08, "prob_paddy": 0.9128, "prob_banana": 0.0444, "prob_other": 0.0428}}, {"type": "Feature", "geometry": {"type": "Polygon", "coordinates": [[[77.466368, 8.696076], [77.46768, 8.697869], [77.467763, 8.69788], [77.467849, 8.697876], [77.468142, 8.697808], [77.467562, 8.695301], [77.46644, 8.69507], [77.466368, 8.696076]]]}, "properties": {"parcel_id": "parcel_00306", "state": "Tamil Nadu", "district": "Tirunelveli District", "taluk": "Ambasamudram Taluk", "village": "Kallidaikurichi", "predicted_crop": "Paddy", "confidence": 0.8829, "area_sq_km": 0.0336, "area_ha": 3.36, "prob_paddy": 0.8829, "prob_banana": 0.0866, "prob_other": 0.0304}}, {"type": "Feature", "geometry": {"type": "Polygon", "coordinates": [[[77.53582, 8.69211], [77.535588, 8.69189], [77.53466, 8.692396], [77.535506, 8.694879], [77.536026, 8.695198], [77.536142, 8.695078], [77.53582, 8.69211]]]}, "properties": {"parcel_id": "parcel_00307", "state": "Tamil Nadu", "district": "Tirunelveli District", "taluk": "Cheranmahadevi Taluk", "village": "Veeravanallur", "predicted_crop": "Paddy", "confidence": 0.9566, "area_sq_km": 0.0327, "area_ha": 3.27, "prob_paddy": 0.9566, "prob_banana": 0.0304, "prob_other": 0.0129}}, {"type": "Feature", "geometry": {"type": "Polygon", "coordinates": [[[77.43862, 8.676916], [77.438571, 8.676948], [77.438295, 8.677269], [77.437443, 8.681285], [77.437848, 8.681783], [77.439243, 8.680619], [77.440264, 8.678874], [77.43862, 8.676916]]]}, "properties": {"parcel_id": "parcel_00308", "state": "Tamil Nadu", "district": "Tirunelveli District", "taluk": "Ambasamudram Taluk", "village": "Kallidaikurichi", "predicted_crop": "Paddy", "confidence": 0.8951, "area_sq_km": 0.086, "area_ha": 8.6, "prob_paddy": 0.8951, "prob_banana": 0.0537, "prob_other": 0.0512}}, {"type": "Feature", "geometry": {"type": "Polygon", "coordinates": [[[77.509954, 8.672681], [77.511253, 8.669575], [77.511117, 8.669123], [77.509412, 8.668879], [77.50774, 8.670832], [77.509954, 8.672681]]]}, "properties": {"parcel_id": "parcel_00309", "state": "Tamil Nadu", "district": "Tirunelveli District", "taluk": "Ambasamudram Taluk", "village": "Veeravanallur", "predicted_crop": "Paddy", "confidence": 0.9297, "area_sq_km": 0.09, "area_ha": 9.0, "prob_paddy": 0.9297, "prob_banana": 0.0388, "prob_other": 0.0315}}, {"type": "Feature", "geometry": {"type": "Polygon", "coordinates": [[[77.485436, 8.705165], [77.485241, 8.70371], [77.485114, 8.703386], [77.483276, 8.703678], [77.483749, 8.705694], [77.485436, 8.705165]]]}, "properties": {"parcel_id": "parcel_00310", "state": "Tamil Nadu", "district": "Tirunelveli District", "taluk": "Ambasamudram Taluk", "village": "Thiruppudaimaruthur", "predicted_crop": "Other", "confidence": 0.782, "area_sq_km": 0.0435, "area_ha": 4.35, "prob_paddy": 0.0971, "prob_banana": 0.1209, "prob_other": 0.782}}, {"type": "Feature", "geometry": {"type": "Polygon", "coordinates": [[[77.512152, 8.674802], [77.511116, 8.673173], [77.509966, 8.672727], [77.508345, 8.674729], [77.511369, 8.676832], [77.512152, 8.674802]]]}, "properties": {"parcel_id": "parcel_00311", "state": "Tamil Nadu", "district": "Tirunelveli District", "taluk": "Cheranmahadevi Taluk", "village": "Veeravanallur", "predicted_crop": "Paddy", "confidence": 0.9219, "area_sq_km": 0.1032, "area_ha": 10.32, "prob_paddy": 0.9219, "prob_banana": 0.0586, "prob_other": 0.0194}}, {"type": "Feature", "geometry": {"type": "Polygon", "coordinates": [[[77.434943, 8.717088], [77.434479, 8.717091], [77.431265, 8.718028], [77.431329, 8.719275], [77.433921, 8.719902], [77.434442, 8.719692], [77.434931, 8.718036], [77.434943, 8.717088]]]}, "properties": {"parcel_id": "parcel_00312", "state": "Tamil Nadu", "district": "Tirunelveli District", "taluk": "Ambasamudram Taluk", "village": "Mannarkovil", "predicted_crop": "Other", "confidence": 0.7555, "area_sq_km": 0.0896, "area_ha": 8.96, "prob_paddy": 0.1058, "prob_banana": 0.1387, "prob_other": 0.7555}}, {"type": "Feature", "geometry": {"type": "Polygon", "coordinates": [[[77.534569, 8.716443], [77.534694, 8.71814], [77.535367, 8.718311], [77.537023, 8.717444], [77.53617, 8.716681], [77.534569, 8.716443]]]}, "properties": {"parcel_id": "parcel_00313", "state": "Tamil Nadu", "district": "Tirunelveli District", "taluk": "Cheranmahadevi Taluk", "village": "Ariyanayakipuram", "predicted_crop": "Banana", "confidence": 0.9136, "area_sq_km": 0.0361, "area_ha": 3.61, "prob_paddy": 0.0584, "prob_banana": 0.9136, "prob_other": 0.028}}, {"type": "Feature", "geometry": {"type": "Polygon", "coordinates": [[[77.514783, 8.687282], [77.514834, 8.6874], [77.517176, 8.689383], [77.51711, 8.686584], [77.516167, 8.686496], [77.514783, 8.687282]]]}, "properties": {"parcel_id": "parcel_00314", "state": "Tamil Nadu", "district": "Tirunelveli District", "taluk": "Cheranmahadevi Taluk", "village": "Veeravanallur", "predicted_crop": "Banana", "confidence": 0.8596, "area_sq_km": 0.0463, "area_ha": 4.63, "prob_paddy": 0.076, "prob_banana": 0.8596, "prob_other": 0.0644}}, {"type": "Feature", "geometry": {"type": "Polygon", "coordinates": [[[77.496385, 8.686416], [77.495454, 8.684676], [77.494691, 8.684636], [77.493774, 8.685054], [77.493351, 8.686727], [77.49448, 8.687697], [77.496385, 8.686416]]]}, "properties": {"parcel_id": "parcel_00315", "state": "Tamil Nadu", "district": "Tirunelveli District", "taluk": "Ambasamudram Taluk", "village": "Veeravanallur", "predicted_crop": "Paddy", "confidence": 0.9495, "area_sq_km": 0.0723, "area_ha": 7.23, "prob_paddy": 0.9495, "prob_banana": 0.0266, "prob_other": 0.0239}}, {"type": "Feature", "geometry": {"type": "Polygon", "coordinates": [[[77.437054, 8.70888], [77.435115, 8.709415], [77.43516, 8.710375], [77.437161, 8.710376], [77.437312, 8.710254], [77.437465, 8.709616], [77.437054, 8.70888]]]}, "properties": {"parcel_id": "parcel_00316", "state": "Tamil Nadu", "district": "Tirunelveli District", "taluk": "Ambasamudram Taluk", "village": "Ambasamudram", "predicted_crop": "Paddy", "confidence": 0.8699, "area_sq_km": 0.0335, "area_ha": 3.35, "prob_paddy": 0.8699, "prob_banana": 0.071, "prob_other": 0.0591}}, {"type": "Feature", "geometry": {"type": "Polygon", "coordinates": [[[77.458654, 8.688184], [77.458751, 8.688024], [77.458775, 8.687444], [77.456422, 8.685968], [77.456049, 8.686628], [77.456441, 8.687568], [77.458654, 8.688184]]]}, "properties": {"parcel_id": "parcel_00317", "state": "Tamil Nadu", "district": "Tirunelveli District", "taluk": "Ambasamudram Taluk", "village": "Kallidaikurichi", "predicted_crop": "Paddy", "confidence": 0.8901, "area_sq_km": 0.0372, "area_ha": 3.72, "prob_paddy": 0.8901, "prob_banana": 0.0632, "prob_other": 0.0467}}, {"type": "Feature", "geometry": {"type": "Polygon", "coordinates": [[[77.504815, 8.698435], [77.507122, 8.697112], [77.50712, 8.696043], [77.507109, 8.696033], [77.506975, 8.696028], [77.504065, 8.698351], [77.504162, 8.698388], [77.50468, 8.698452], [77.504815, 8.698435]]]}, "properties": {"parcel_id": "parcel_00318", "state": "Tamil Nadu", "district": "Tirunelveli District", "taluk": "Ambasamudram Taluk", "village": "Veeravanallur", "predicted_crop": "Paddy", "confidence": 0.8603, "area_sq_km": 0.0297, "area_ha": 2.97, "prob_paddy": 0.8603, "prob_banana": 0.0928, "prob_other": 0.0469}}, {"type": "Feature", "geometry": {"type": "Polygon", "coordinates": [[[77.489648, 8.691671], [77.487937, 8.68958], [77.486885, 8.689997], [77.487303, 8.69105], [77.488825, 8.692232], [77.489648, 8.691671]]]}, "properties": {"parcel_id": "parcel_00319", "state": "Tamil Nadu", "district": "Tirunelveli District", "taluk": "Ambasamudram Taluk", "village": "Kallidaikurichi", "predicted_crop": "Other", "confidence": 0.8445, "area_sq_km": 0.0423, "area_ha": 4.23, "prob_paddy": 0.0683, "prob_banana": 0.0872, "prob_other": 0.8445}}, {"type": "Feature", "geometry": {"type": "Polygon", "coordinates": [[[77.43826, 8.677305], [77.435748, 8.679816], [77.43742, 8.681263], [77.43826, 8.677305]]]}, "properties": {"parcel_id": "parcel_00320", "state": "Tamil Nadu", "district": "Tirunelveli District", "taluk": "Ambasamudram Taluk", "village": "Kallidaikurichi", "predicted_crop": "Banana", "confidence": 0.8559, "area_sq_km": 0.0477, "area_ha": 4.77, "prob_paddy": 0.0693, "prob_banana": 0.8559, "prob_other": 0.0749}}, {"type": "Feature", "geometry": {"type": "Polygon", "coordinates": [[[77.429945, 8.698579], [77.428172, 8.6993], [77.428347, 8.699999], [77.429239, 8.700366], [77.430264, 8.699092], [77.429945, 8.698579]]]}, "properties": {"parcel_id": "parcel_00321", "state": "Tamil Nadu", "district": "Tirunelveli District", "taluk": "Ambasamudram Taluk", "village": "Ambasamudram", "predicted_crop": "Paddy", "confidence": 0.8981, "area_sq_km": 0.0253, "area_ha": 2.53, "prob_paddy": 0.8981, "prob_banana": 0.0512, "prob_other": 0.0507}}, {"type": "Feature", "geometry": {"type": "Polygon", "coordinates": [[[77.445414, 8.680455], [77.445273, 8.680954], [77.445295, 8.680971], [77.44553, 8.681021], [77.449925, 8.680442], [77.450671, 8.678075], [77.445414, 8.680455]]]}, "properties": {"parcel_id": "parcel_00322", "state": "Tamil Nadu", "district": "Tirunelveli District", "taluk": "Ambasamudram Taluk", "village": "Kallidaikurichi", "predicted_crop": "Paddy", "confidence": 0.9712, "area_sq_km": 0.0814, "area_ha": 8.14, "prob_paddy": 0.9712, "prob_banana": 0.021, "prob_other": 0.0077}}, {"type": "Feature", "geometry": {"type": "Polygon", "coordinates": [[[77.5131, 8.718562], [77.515072, 8.719937], [77.515417, 8.718385], [77.513647, 8.717483], [77.5131, 8.718562]]]}, "properties": {"parcel_id": "parcel_00323", "state": "Tamil Nadu", "district": "Tirunelveli District", "taluk": "Cheranmahadevi Taluk", "village": "Thiruppudaimaruthur", "predicted_crop": "Paddy", "confidence": 0.8691, "area_sq_km": 0.0362, "area_ha": 3.62, "prob_paddy": 0.8691, "prob_banana": 0.0864, "prob_other": 0.0445}}, {"type": "Feature", "geometry": {"type": "Polygon", "coordinates": [[[77.44491, 8.692225], [77.445469, 8.692604], [77.446391, 8.691623], [77.446485, 8.691031], [77.444776, 8.689673], [77.444477, 8.689976], [77.44491, 8.692225]]]}, "properties": {"parcel_id": "parcel_00324", "state": "Tamil Nadu", "district": "Tirunelveli District", "taluk": "Ambasamudram Taluk", "village": "Ambasamudram", "predicted_crop": "Paddy", "confidence": 0.9605, "area_sq_km": 0.0408, "area_ha": 4.08, "prob_paddy": 0.9605, "prob_banana": 0.0243, "prob_other": 0.0152}}, {"type": "Feature", "geometry": {"type": "Polygon", "coordinates": [[[77.514805, 8.676593], [77.512174, 8.677724], [77.51276, 8.679718], [77.513777, 8.67956], [77.51581, 8.677955], [77.514805, 8.676593]]]}, "properties": {"parcel_id": "parcel_00325", "state": "Tamil Nadu", "district": "Tirunelveli District", "taluk": "Cheranmahadevi Taluk", "village": "Veeravanallur", "predicted_crop": "Paddy", "confidence": 0.8635, "area_sq_km": 0.0801, "area_ha": 8.01, "prob_paddy": 0.8635, "prob_banana": 0.0782, "prob_other": 0.0583}}, {"type": "Feature", "geometry": {"type": "Polygon", "coordinates": [[[77.495396, 8.695318], [77.494952, 8.694473], [77.49415, 8.694488], [77.493817, 8.694801], [77.494573, 8.698416], [77.494627, 8.698532], [77.494758, 8.698517], [77.495567, 8.69754], [77.495396, 8.695318]]]}, "properties": {"parcel_id": "parcel_00326", "state": "Tamil Nadu", "district": "Tirunelveli District", "taluk": "Ambasamudram Taluk", "village": "Veeravanallur", "predicted_crop": "Paddy", "confidence": 0.891, "area_sq_km": 0.0567, "area_ha": 5.67, "prob_paddy": 0.891, "prob_banana": 0.0639, "prob_other": 0.0451}}, {"type": "Feature", "geometry": {"type": "Polygon", "coordinates": [[[77.434315, 8.701502], [77.433996, 8.699945], [77.43286, 8.700371], [77.432379, 8.701742], [77.43266, 8.701902], [77.434315, 8.701502]]]}, "properties": {"parcel_id": "parcel_00327", "state": "Tamil Nadu", "district": "Tirunelveli District", "taluk": "Ambasamudram Taluk", "village": "Ambasamudram", "predicted_crop": "Paddy", "confidence": 0.8826, "area_sq_km": 0.0294, "area_ha": 2.94, "prob_paddy": 0.8826, "prob_banana": 0.0684, "prob_other": 0.049}}, {"type": "Feature", "geometry": {"type": "Polygon", "coordinates": [[[77.431421, 8.703586], [77.429169, 8.703268], [77.428639, 8.704908], [77.429285, 8.705798], [77.431948, 8.705127], [77.432088, 8.705064], [77.431421, 8.703586]]]}, "properties": {"parcel_id": "parcel_00328", "state": "Tamil Nadu", "district": "Tirunelveli District", "taluk": "Ambasamudram Taluk", "village": "Ambasamudram", "predicted_crop": "Banana", "confidence": 0.8539, "area_sq_km": 0.0725, "area_ha": 7.25, "prob_paddy": 0.0607, "prob_banana": 0.8539, "prob_other": 0.0854}}, {"type": "Feature", "geometry": {"type": "Polygon", "coordinates": [[[77.464101, 8.703814], [77.464165, 8.70363], [77.461928, 8.701576], [77.461855, 8.701834], [77.463413, 8.704347], [77.464101, 8.703814]]]}, "properties": {"parcel_id": "parcel_00329", "state": "Tamil Nadu", "district": "Tirunelveli District", "taluk": "Ambasamudram Taluk", "village": "Kallidaikurichi", "predicted_crop": "Paddy", "confidence": 0.9069, "area_sq_km": 0.0233, "area_ha": 2.33, "prob_paddy": 0.9069, "prob_banana": 0.0642, "prob_other": 0.0289}}, {"type": "Feature", "geometry": {"type": "Polygon", "coordinates": [[[77.4297, 8.694964], [77.429398, 8.696183], [77.430417, 8.696945], [77.430444, 8.696933], [77.430585, 8.696112], [77.4297, 8.694964]]]}, "properties": {"parcel_id": "parcel_00330", "state": "Tamil Nadu", "district": "Tirunelveli District", "taluk": "Ambasamudram Taluk", "village": "Ambasamudram", "predicted_crop": "Paddy", "confidence": 0.9302, "area_sq_km": 0.0148, "area_ha": 1.48, "prob_paddy": 0.9302, "prob_banana": 0.044, "prob_other": 0.0258}}, {"type": "Feature", "geometry": {"type": "Polygon", "coordinates": [[[77.550525, 8.688843], [77.549804, 8.690853], [77.552013, 8.690455], [77.554072, 8.689738], [77.551054, 8.688832], [77.550525, 8.688843]]]}, "properties": {"parcel_id": "parcel_00331", "state": "Tamil Nadu", "district": "Tirunelveli District", "taluk": "Cheranmahadevi Taluk", "village": "Cheranmahadevi", "predicted_crop": "Paddy", "confidence": 0.9417, "area_sq_km": 0.0551, "area_ha": 5.51, "prob_paddy": 0.9417, "prob_banana": 0.0401, "prob_other": 0.0182}}, {"type": "Feature", "geometry": {"type": "Polygon", "coordinates": [[[77.501343, 8.681624], [77.502925, 8.683145], [77.504301, 8.681731], [77.504318, 8.680903], [77.503146, 8.680608], [77.501343, 8.681624]]]}, "properties": {"parcel_id": "parcel_00332", "state": "Tamil Nadu", "district": "Tirunelveli District", "taluk": "Ambasamudram Taluk", "village": "Veeravanallur", "predicted_crop": "Paddy", "confidence": 0.964, "area_sq_km": 0.0518, "area_ha": 5.18, "prob_paddy": 0.964, "prob_banana": 0.0194, "prob_other": 0.0166}}, {"type": "Feature", "geometry": {"type": "Polygon", "coordinates": [[[77.508032, 8.698844], [77.508885, 8.698338], [77.50837, 8.697456], [77.507505, 8.697592], [77.507498, 8.698231], [77.508032, 8.698844]]]}, "properties": {"parcel_id": "parcel_00333", "state": "Tamil Nadu", "district": "Tirunelveli District", "taluk": "Ambasamudram Taluk", "village": "Veeravanallur", "predicted_crop": "Paddy", "confidence": 0.9768, "area_sq_km": 0.0153, "area_ha": 1.53, "prob_paddy": 0.9768, "prob_banana": 0.0131, "prob_other": 0.01}}, {"type": "Feature", "geometry": {"type": "Polygon", "coordinates": [[[77.459738, 8.684539], [77.457587, 8.683053], [77.45634, 8.685042], [77.456463, 8.685764], [77.458724, 8.685673], [77.459711, 8.685288], [77.459738, 8.684539]]]}, "properties": {"parcel_id": "parcel_00334", "state": "Tamil Nadu", "district": "Tirunelveli District", "taluk": "Ambasamudram Taluk", "village": "Kallidaikurichi", "predicted_crop": "Paddy", "confidence": 0.8862, "area_sq_km": 0.0722, "area_ha": 7.22, "prob_paddy": 0.8862, "prob_banana": 0.0836, "prob_other": 0.0301}}, {"type": "Feature", "geometry": {"type": "Polygon", "coordinates": [[[77.474055, 8.699113], [77.474862, 8.698802], [77.474055, 8.696595], [77.471617, 8.696283], [77.471394, 8.696334], [77.471298, 8.696546], [77.472242, 8.698462], [77.474055, 8.699113]]]}, "properties": {"parcel_id": "parcel_00335", "state": "Tamil Nadu", "district": "Tirunelveli District", "taluk": "Ambasamudram Taluk", "village": "Kallidaikurichi", "predicted_crop": "Paddy", "confidence": 0.8709, "area_sq_km": 0.0769, "area_ha": 7.69, "prob_paddy": 0.8709, "prob_banana": 0.0961, "prob_other": 0.033}}, {"type": "Feature", "geometry": {"type": "Polygon", "coordinates": [[[77.482513, 8.706872], [77.482938, 8.708702], [77.48297, 8.708709], [77.485063, 8.707158], [77.485535, 8.705407], [77.485528, 8.705378], [77.485443, 8.705191], [77.483745, 8.705723], [77.482532, 8.706645], [77.482513, 8.706872]]]}, "properties": {"parcel_id": "parcel_00336", "state": "Tamil Nadu", "district": "Tirunelveli District", "taluk": "Ambasamudram Taluk", "village": "Thiruppudaimaruthur", "predicted_crop": "Paddy", "confidence": 0.9374, "area_sq_km": 0.0704, "area_ha": 7.04, "prob_paddy": 0.9374, "prob_banana": 0.0478, "prob_other": 0.0148}}, {"type": "Feature", "geometry": {"type": "Polygon", "coordinates": [[[77.429061, 8.70274], [77.427734, 8.70223], [77.427731, 8.70223], [77.427262, 8.704591], [77.428615, 8.704894], [77.429146, 8.703252], [77.429061, 8.70274]]]}, "properties": {"parcel_id": "parcel_00337", "state": "Tamil Nadu", "district": "Tirunelveli District", "taluk": "Ambasamudram Taluk", "village": "Ambasamudram", "predicted_crop": "Paddy", "confidence": 0.9266, "area_sq_km": 0.0417, "area_ha": 4.17, "prob_paddy": 0.9266, "prob_banana": 0.0377, "prob_other": 0.0356}}, {"type": "Feature", "geometry": {"type": "Polygon", "coordinates": [[[77.470065, 8.669087], [77.468576, 8.668143], [77.466986, 8.667335], [77.467545, 8.671861], [77.469225, 8.671858], [77.469227, 8.671856], [77.470065, 8.669087]]]}, "properties": {"parcel_id": "parcel_00338", "state": "Tamil Nadu", "district": "Tirunelveli District", "taluk": "Ambasamudram Taluk", "village": "Kallidaikurichi", "predicted_crop": "Banana", "confidence": 0.8303, "area_sq_km": 0.1091, "area_ha": 10.91, "prob_paddy": 0.108, "prob_banana": 0.8303, "prob_other": 0.0617}}, {"type": "Feature", "geometry": {"type": "Polygon", "coordinates": [[[77.45972, 8.685314], [77.458742, 8.685695], [77.459033, 8.687217], [77.460606, 8.686574], [77.460662, 8.68649], [77.45972, 8.685314]]]}, "properties": {"parcel_id": "parcel_00339", "state": "Tamil Nadu", "district": "Tirunelveli District", "taluk": "Ambasamudram Taluk", "village": "Kallidaikurichi", "predicted_crop": "Paddy", "confidence": 0.8661, "area_sq_km": 0.0262, "area_ha": 2.62, "prob_paddy": 0.8661, "prob_banana": 0.0784, "prob_other": 0.0555}}, {"type": "Feature", "geometry": {"type": "Polygon", "coordinates": [[[77.489524, 8.704902], [77.4885, 8.705368], [77.488352, 8.705795], [77.489134, 8.707974], [77.489293, 8.707983], [77.490159, 8.707279], [77.489716, 8.704968], [77.489524, 8.704902]]]}, "properties": {"parcel_id": "parcel_00340", "state": "Tamil Nadu", "district": "Tirunelveli District", "taluk": "Ambasamudram Taluk", "village": "Thiruppudaimaruthur", "predicted_crop": "Paddy", "confidence": 0.9406, "area_sq_km": 0.0428, "area_ha": 4.28, "prob_paddy": 0.9406, "prob_banana": 0.0358, "prob_other": 0.0236}}, {"type": "Feature", "geometry": {"type": "Polygon", "coordinates": [[[77.506726, 8.669963], [77.506745, 8.670404], [77.507093, 8.670608], [77.507716, 8.670818], [77.509388, 8.668866], [77.508028, 8.667522], [77.506726, 8.669963]]]}, "properties": {"parcel_id": "parcel_00341", "state": "Tamil Nadu", "district": "Tirunelveli District", "taluk": "Ambasamudram Taluk", "village": "Veeravanallur", "predicted_crop": "Paddy", "confidence": 0.9628, "area_sq_km": 0.0543, "area_ha": 5.43, "prob_paddy": 0.9628, "prob_banana": 0.0272, "prob_other": 0.01}}, {"type": "Feature", "geometry": {"type": "Polygon", "coordinates": [[[77.511458, 8.677272], [77.512159, 8.677701], [77.514796, 8.676568], [77.514734, 8.675337], [77.512176, 8.674816], [77.51139, 8.676854], [77.511458, 8.677272]]]}, "properties": {"parcel_id": "parcel_00342", "state": "Tamil Nadu", "district": "Tirunelveli District", "taluk": "Cheranmahadevi Taluk", "village": "Veeravanallur", "predicted_crop": "Banana", "confidence": 0.8867, "area_sq_km": 0.0804, "area_ha": 8.04, "prob_paddy": 0.0491, "prob_banana": 0.8867, "prob_other": 0.0642}}, {"type": "Feature", "geometry": {"type": "Polygon", "coordinates": [[[77.475331, 8.666886], [77.479165, 8.667187], [77.479526, 8.664919], [77.477986, 8.664722], [77.475331, 8.666886]]]}, "properties": {"parcel_id": "parcel_00343", "state": "Tamil Nadu", "district": "Tirunelveli District", "taluk": "Ambasamudram Taluk", "village": "Kallidaikurichi", "predicted_crop": "Paddy", "confidence": 0.9173, "area_sq_km": 0.0771, "area_ha": 7.71, "prob_paddy": 0.9173, "prob_banana": 0.0501, "prob_other": 0.0325}}, {"type": "Feature", "geometry": {"type": "Polygon", "coordinates": [[[77.457498, 8.69456], [77.459127, 8.694579], [77.459201, 8.694528], [77.458474, 8.693089], [77.457162, 8.69203], [77.456676, 8.691919], [77.456404, 8.693874], [77.457498, 8.69456]]]}, "properties": {"parcel_id": "parcel_00344", "state": "Tamil Nadu", "district": "Tirunelveli District", "taluk": "Ambasamudram Taluk", "village": "Kallidaikurichi", "predicted_crop": "Paddy", "confidence": 0.8715, "area_sq_km": 0.0551, "area_ha": 5.51, "prob_paddy": 0.8715, "prob_banana": 0.0791, "prob_other": 0.0494}}, {"type": "Feature", "geometry": {"type": "Polygon", "coordinates": [[[77.525634, 8.69488], [77.525786, 8.695152], [77.527506, 8.695432], [77.527288, 8.694451], [77.526746, 8.694528], [77.525634, 8.69488]]]}, "properties": {"parcel_id": "parcel_00345", "state": "Tamil Nadu", "district": "Tirunelveli District", "taluk": "Cheranmahadevi Taluk", "village": "Veeravanallur", "predicted_crop": "Paddy", "confidence": 0.8908, "area_sq_km": 0.0137, "area_ha": 1.37, "prob_paddy": 0.8908, "prob_banana": 0.0807, "prob_other": 0.0285}}, {"type": "Feature", "geometry": {"type": "Polygon", "coordinates": [[[77.508828, 8.704161], [77.507622, 8.703104], [77.506414, 8.703627], [77.505856, 8.704113], [77.506021, 8.706533], [77.506074, 8.706586], [77.508828, 8.704161]]]}, "properties": {"parcel_id": "parcel_00346", "state": "Tamil Nadu", "district": "Tirunelveli District", "taluk": "Ambasamudram Taluk", "village": "Veeravanallur", "predicted_crop": "Paddy", "confidence": 0.9293, "area_sq_km": 0.066, "area_ha": 6.6, "prob_paddy": 0.9293, "prob_banana": 0.0524, "prob_other": 0.0183}}, {"type": "Feature", "geometry": {"type": "Polygon", "coordinates": [[[77.463401, 8.704402], [77.464185, 8.705824], [77.465719, 8.705099], [77.465688, 8.704559], [77.464115, 8.703838], [77.463419, 8.704376], [77.463401, 8.704402]]]}, "properties": {"parcel_id": "parcel_00347", "state": "Tamil Nadu", "district": "Tirunelveli District", "taluk": "Ambasamudram Taluk", "village": "Kallidaikurichi", "predicted_crop": "Paddy", "confidence": 0.9235, "area_sq_km": 0.0328, "area_ha": 3.28, "prob_paddy": 0.9235, "prob_banana": 0.0534, "prob_other": 0.0231}}, {"type": "Feature", "geometry": {"type": "Polygon", "coordinates": [[[77.445815, 8.696917], [77.445675, 8.696534], [77.445616, 8.696496], [77.443779, 8.697665], [77.443613, 8.69817], [77.446233, 8.698916], [77.445815, 8.696917]]]}, "properties": {"parcel_id": "parcel_00348", "state": "Tamil Nadu", "district": "Tirunelveli District", "taluk": "Ambasamudram Taluk", "village": "Ambasamudram", "predicted_crop": "Paddy", "confidence": 0.9063, "area_sq_km": 0.0418, "area_ha": 4.18, "prob_paddy": 0.9063, "prob_banana": 0.0636, "prob_other": 0.0302}}, {"type": "Feature", "geometry": {"type": "Polygon", "coordinates": [[[77.476565, 8.685389], [77.474659, 8.687092], [77.47482, 8.687361], [77.475072, 8.687452], [77.475887, 8.687585], [77.476612, 8.685514], [77.476565, 8.685389]]]}, "properties": {"parcel_id": "parcel_00349", "state": "Tamil Nadu", "district": "Tirunelveli District", "taluk": "Ambasamudram Taluk", "village": "Kallidaikurichi", "predicted_crop": "Paddy", "confidence": 0.9456, "area_sq_km": 0.0214, "area_ha": 2.14, "prob_paddy": 0.9456, "prob_banana": 0.0286, "prob_other": 0.0258}}, {"type": "Feature", "geometry": {"type": "Polygon", "coordinates": [[[77.432643, 8.705434], [77.43246, 8.705155], [77.432107, 8.705084], [77.431964, 8.70515], [77.430931, 8.708363], [77.433287, 8.707022], [77.433322, 8.706944], [77.432643, 8.705434]]]}, "properties": {"parcel_id": "parcel_00350", "state": "Tamil Nadu", "district": "Tirunelveli District", "taluk": "Ambasamudram Taluk", "village": "Ambasamudram", "predicted_crop": "Paddy", "confidence": 0.8812, "area_sq_km": 0.0448, "area_ha": 4.48, "prob_paddy": 0.8812, "prob_banana": 0.0717, "prob_other": 0.0471}}, {"type": "Feature", "geometry": {"type": "Polygon", "coordinates": [[[77.530436, 8.682308], [77.530369, 8.682038], [77.529414, 8.681922], [77.528626, 8.682886], [77.528532, 8.683185], [77.5298, 8.684766], [77.530436, 8.682308]]]}, "properties": {"parcel_id": "parcel_00351", "state": "Tamil Nadu", "district": "Tirunelveli District", "taluk": "Cheranmahadevi Taluk", "village": "Veeravanallur", "predicted_crop": "Paddy", "confidence": 0.935, "area_sq_km": 0.0375, "area_ha": 3.75, "prob_paddy": 0.935, "prob_banana": 0.0329, "prob_other": 0.0321}}, {"type": "Feature", "geometry": {"type": "Polygon", "coordinates": [[[77.530931, 8.717187], [77.531768, 8.718951], [77.532997, 8.719528], [77.534667, 8.718144], [77.53454, 8.716431], [77.534113, 8.71567], [77.531171, 8.716773], [77.530931, 8.717187]]]}, "properties": {"parcel_id": "parcel_00352", "state": "Tamil Nadu", "district": "Tirunelveli District", "taluk": "Cheranmahadevi Taluk", "village": "Ariyanayakipuram", "predicted_crop": "Other", "confidence": 0.8224, "area_sq_km": 0.1143, "area_ha": 11.43, "prob_paddy": 0.0885, "prob_banana": 0.0891, "prob_other": 0.8224}}, {"type": "Feature", "geometry": {"type": "Polygon", "coordinates": [[[77.443563, 8.702519], [77.443416, 8.703378], [77.444241, 8.705353], [77.446263, 8.703609], [77.443779, 8.702144], [77.443646, 8.702315], [77.443563, 8.702519]]]}, "properties": {"parcel_id": "parcel_00353", "state": "Tamil Nadu", "district": "Tirunelveli District", "taluk": "Ambasamudram Taluk", "village": "Ambasamudram", "predicted_crop": "Paddy", "confidence": 0.9633, "area_sq_km": 0.0559, "area_ha": 5.59, "prob_paddy": 0.9633, "prob_banana": 0.0254, "prob_other": 0.0113}}, {"type": "Feature", "geometry": {"type": "Polygon", "coordinates": [[[77.478994, 8.688065], [77.479082, 8.690941], [77.479879, 8.691482], [77.480435, 8.691472], [77.47948, 8.687901], [77.478994, 8.688065]]]}, "properties": {"parcel_id": "parcel_00354", "state": "Tamil Nadu", "district": "Tirunelveli District", "taluk": "Ambasamudram Taluk", "village": "Kallidaikurichi", "predicted_crop": "Banana", "confidence": 0.882, "area_sq_km": 0.0368, "area_ha": 3.68, "prob_paddy": 0.0579, "prob_banana": 0.882, "prob_other": 0.0601}}, {"type": "Feature", "geometry": {"type": "Polygon", "coordinates": [[[77.490344, 8.680203], [77.49021, 8.683732], [77.490497, 8.68376], [77.491008, 8.683439], [77.491464, 8.680192], [77.490779, 8.679797], [77.490762, 8.679795], [77.490344, 8.680203]]]}, "properties": {"parcel_id": "parcel_00355", "state": "Tamil Nadu", "district": "Tirunelveli District", "taluk": "Ambasamudram Taluk", "village": "Kallidaikurichi", "predicted_crop": "Banana", "confidence": 0.8271, "area_sq_km": 0.0425, "area_ha": 4.25, "prob_paddy": 0.1176, "prob_banana": 0.8271, "prob_other": 0.0553}}, {"type": "Feature", "geometry": {"type": "Polygon", "coordinates": [[[77.529856, 8.707207], [77.527334, 8.707133], [77.526949, 8.707378], [77.528859, 8.710357], [77.529931, 8.709503], [77.530183, 8.707469], [77.529856, 8.707207]]]}, "properties": {"parcel_id": "parcel_00356", "state": "Tamil Nadu", "district": "Tirunelveli District", "taluk": "Cheranmahadevi Taluk", "village": "Veeravanallur", "predicted_crop": "Paddy", "confidence": 0.978, "area_sq_km": 0.0785, "area_ha": 7.85, "prob_paddy": 0.978, "prob_banana": 0.0123, "prob_other": 0.0097}}, {"type": "Feature", "geometry": {"type": "Polygon", "coordinates": [[[77.543565, 8.68485], [77.544505, 8.685694], [77.546072, 8.684687], [77.546269, 8.683588], [77.545845, 8.683006], [77.544061, 8.682699], [77.54395, 8.682712], [77.543839, 8.683001], [77.543565, 8.68485]]]}, "properties": {"parcel_id": "parcel_00357", "state": "Tamil Nadu", "district": "Tirunelveli District", "taluk": "Cheranmahadevi Taluk", "village": "Cheranmahadevi", "predicted_crop": "Paddy", "confidence": 0.9035, "area_sq_km": 0.0698, "area_ha": 6.98, "prob_paddy": 0.9035, "prob_banana": 0.0565, "prob_other": 0.04}}, {"type": "Feature", "geometry": {"type": "Polygon", "coordinates": [[[77.477717, 8.698821], [77.478008, 8.698795], [77.479335, 8.697244], [77.479025, 8.696691], [77.477924, 8.69595], [77.477566, 8.696543], [77.477717, 8.698821]]]}, "properties": {"parcel_id": "parcel_00358", "state": "Tamil Nadu", "district": "Tirunelveli District", "taluk": "Ambasamudram Taluk", "village": "Kallidaikurichi", "predicted_crop": "Paddy", "confidence": 0.9095, "area_sq_km": 0.0367, "area_ha": 3.67, "prob_paddy": 0.9095, "prob_banana": 0.0717, "prob_other": 0.0188}}, {"type": "Feature", "geometry": {"type": "Polygon", "coordinates": [[[77.490846, 8.689318], [77.489139, 8.688632], [77.488804, 8.689068], [77.490097, 8.690659], [77.490852, 8.689347], [77.490846, 8.689318]]]}, "properties": {"parcel_id": "parcel_00359", "state": "Tamil Nadu", "district": "Tirunelveli District", "taluk": "Ambasamudram Taluk", "village": "Kallidaikurichi", "predicted_crop": "Paddy", "confidence": 0.8886, "area_sq_km": 0.0239, "area_ha": 2.39, "prob_paddy": 0.8886, "prob_banana": 0.0637, "prob_other": 0.0478}}, {"type": "Feature", "geometry": {"type": "Polygon", "coordinates": [[[77.468339, 8.692521], [77.467493, 8.692157], [77.466537, 8.693292], [77.467556, 8.693535], [77.468223, 8.693042], [77.468339, 8.692521]]]}, "properties": {"parcel_id": "parcel_00360", "state": "Tamil Nadu", "district": "Tirunelveli District", "taluk": "Ambasamudram Taluk", "village": "Kallidaikurichi", "predicted_crop": "Other", "confidence": 0.7709, "area_sq_km": 0.0172, "area_ha": 1.72, "prob_paddy": 0.1337, "prob_banana": 0.0954, "prob_other": 0.7709}}, {"type": "Feature", "geometry": {"type": "Polygon", "coordinates": [[[77.455633, 8.716463], [77.455197, 8.716559], [77.455103, 8.716659], [77.458946, 8.719064], [77.460953, 8.719065], [77.461336, 8.718636], [77.46036, 8.717551], [77.457785, 8.716506], [77.455633, 8.716463]]]}, "properties": {"parcel_id": "parcel_00361", "state": "Tamil Nadu", "district": "Tirunelveli District", "taluk": "Ambasamudram Taluk", "village": "Brahmadesam", "predicted_crop": "Other", "confidence": 0.8638, "area_sq_km": 0.1021, "area_ha": 10.21, "prob_paddy": 0.0794, "prob_banana": 0.0567, "prob_other": 0.8638}}, {"type": "Feature", "geometry": {"type": "Polygon", "coordinates": [[[77.537052, 8.717434], [77.537283, 8.717452], [77.539497, 8.716842], [77.538767, 8.714474], [77.537892, 8.714301], [77.536776, 8.71455], [77.536191, 8.716664], [77.537052, 8.717434]]]}, "properties": {"parcel_id": "parcel_00362", "state": "Tamil Nadu", "district": "Tirunelveli District", "taluk": "Cheranmahadevi Taluk", "village": "Ariyanayakipuram", "predicted_crop": "Paddy", "confidence": 0.8935, "area_sq_km": 0.0905, "area_ha": 9.05, "prob_paddy": 0.8935, "prob_banana": 0.0559, "prob_other": 0.0507}}, {"type": "Feature", "geometry": {"type": "Polygon", "coordinates": [[[77.464374, 8.698202], [77.464603, 8.697967], [77.46449, 8.696207], [77.464219, 8.695732], [77.462517, 8.696069], [77.462001, 8.696512], [77.461844, 8.697333], [77.462305, 8.698217], [77.464374, 8.698202]]]}, "properties": {"parcel_id": "parcel_00363", "state": "Tamil Nadu", "district": "Tirunelveli District", "taluk": "Ambasamudram Taluk", "village": "Kallidaikurichi", "predicted_crop": "Banana", "confidence": 0.8487, "area_sq_km": 0.0686, "area_ha": 6.86, "prob_paddy": 0.0819, "prob_banana": 0.8487, "prob_other": 0.0694}}, {"type": "Feature", "geometry": {"type": "Polygon", "coordinates": [[[77.480464, 8.691474], [77.481004, 8.691575], [77.481171, 8.691382], [77.480953, 8.689024], [77.479848, 8.687706], [77.479506, 8.68789], [77.480464, 8.691474]]]}, "properties": {"parcel_id": "parcel_00364", "state": "Tamil Nadu", "district": "Tirunelveli District", "taluk": "Ambasamudram Taluk", "village": "Kallidaikurichi", "predicted_crop": "Paddy", "confidence": 0.9756, "area_sq_km": 0.04, "area_ha": 4.0, "prob_paddy": 0.9756, "prob_banana": 0.0131, "prob_other": 0.0113}}, {"type": "Feature", "geometry": {"type": "Polygon", "coordinates": [[[77.53797, 8.710795], [77.538446, 8.710437], [77.538568, 8.709261], [77.537262, 8.707856], [77.537019, 8.70796], [77.536438, 8.709121], [77.537339, 8.710832], [77.53797, 8.710795]]]}, "properties": {"parcel_id": "parcel_00365", "state": "Tamil Nadu", "district": "Tirunelveli District", "taluk": "Cheranmahadevi Taluk", "village": "Ariyanayakipuram", "predicted_crop": "Banana", "confidence": 0.938, "area_sq_km": 0.0488, "area_ha": 4.88, "prob_paddy": 0.0257, "prob_banana": 0.938, "prob_other": 0.0363}}, {"type": "Feature", "geometry": {"type": "Polygon", "coordinates": [[[77.453963, 8.711335], [77.454311, 8.711876], [77.456377, 8.711947], [77.456605, 8.711295], [77.456283, 8.710043], [77.454896, 8.708767], [77.453963, 8.711335]]]}, "properties": {"parcel_id": "parcel_00366", "state": "Tamil Nadu", "district": "Tirunelveli District", "taluk": "Ambasamudram Taluk", "village": "Ambasamudram", "predicted_crop": "Paddy", "confidence": 0.8668, "area_sq_km": 0.0663, "area_ha": 6.63, "prob_paddy": 0.8668, "prob_banana": 0.1055, "prob_other": 0.0277}}, {"type": "Feature", "geometry": {"type": "Polygon", "coordinates": [[[77.490504, 8.696705], [77.493155, 8.699169], [77.494601, 8.698539], [77.494548, 8.698426], [77.492862, 8.695538], [77.490504, 8.696705]]]}, "properties": {"parcel_id": "parcel_00367", "state": "Tamil Nadu", "district": "Tirunelveli District", "taluk": "Ambasamudram Taluk", "village": "Veeravanallur", "predicted_crop": "Paddy", "confidence": 0.885, "area_sq_km": 0.0876, "area_ha": 8.76, "prob_paddy": 0.885, "prob_banana": 0.0638, "prob_other": 0.0512}}, {"type": "Feature", "geometry": {"type": "Polygon", "coordinates": [[[77.470036, 8.691633], [77.469943, 8.69149], [77.468158, 8.69049], [77.467172, 8.690417], [77.467074, 8.690537], [77.4675, 8.692131], [77.468354, 8.692498], [77.470036, 8.691633]]]}, "properties": {"parcel_id": "parcel_00368", "state": "Tamil Nadu", "district": "Tirunelveli District", "taluk": "Ambasamudram Taluk", "village": "Kallidaikurichi", "predicted_crop": "Paddy", "confidence": 0.9375, "area_sq_km": 0.044, "area_ha": 4.4, "prob_paddy": 0.9375, "prob_banana": 0.0477, "prob_other": 0.0149}}, {"type": "Feature", "geometry": {"type": "Polygon", "coordinates": [[[77.527455, 8.68712], [77.528538, 8.68796], [77.529476, 8.687847], [77.529699, 8.687702], [77.53065, 8.686309], [77.529803, 8.685042], [77.527451, 8.684578], [77.526643, 8.684901], [77.526661, 8.686035], [77.527455, 8.68712]]]}, "properties": {"parcel_id": "parcel_00369", "state": "Tamil Nadu", "district": "Tirunelveli District", "taluk": "Cheranmahadevi Taluk", "village": "Veeravanallur", "predicted_crop": "Paddy", "confidence": 0.8737, "area_sq_km": 0.1139, "area_ha": 11.39, "prob_paddy": 0.8737, "prob_banana": 0.0793, "prob_other": 0.0471}}, {"type": "Feature", "geometry": {"type": "Polygon", "coordinates": [[[77.534293, 8.688211], [77.534119, 8.688458], [77.534188, 8.690281], [77.535631, 8.691153], [77.536082, 8.68948], [77.534293, 8.688211]]]}, "properties": {"parcel_id": "parcel_00370", "state": "Tamil Nadu", "district": "Tirunelveli District", "taluk": "Cheranmahadevi Taluk", "village": "Veeravanallur", "predicted_crop": "Paddy", "confidence": 0.9412, "area_sq_km": 0.0425, "area_ha": 4.25, "prob_paddy": 0.9412, "prob_banana": 0.0408, "prob_other": 0.018}}, {"type": "Feature", "geometry": {"type": "Polygon", "coordinates": [[[77.530133, 8.691671], [77.530375, 8.691485], [77.530336, 8.69052], [77.529472, 8.687875], [77.528542, 8.687986], [77.528441, 8.688152], [77.528422, 8.691174], [77.52963, 8.691726], [77.530133, 8.691671]]]}, "properties": {"parcel_id": "parcel_00371", "state": "Tamil Nadu", "district": "Tirunelveli District", "taluk": "Cheranmahadevi Taluk", "village": "Veeravanallur", "predicted_crop": "Paddy", "confidence": 0.8832, "area_sq_km": 0.0703, "area_ha": 7.03, "prob_paddy": 0.8832, "prob_banana": 0.0692, "prob_other": 0.0476}}, {"type": "Feature", "geometry": {"type": "Polygon", "coordinates": [[[77.543001, 8.68802], [77.542661, 8.688143], [77.543288, 8.690045], [77.545754, 8.690101], [77.545759, 8.69007], [77.544733, 8.688264], [77.543001, 8.68802]]]}, "properties": {"parcel_id": "parcel_00372", "state": "Tamil Nadu", "district": "Tirunelveli District", "taluk": "Cheranmahadevi Taluk", "village": "Cheranmahadevi", "predicted_crop": "Paddy", "confidence": 0.8655, "area_sq_km": 0.0529, "area_ha": 5.29, "prob_paddy": 0.8655, "prob_banana": 0.0968, "prob_other": 0.0377}}, {"type": "Feature", "geometry": {"type": "Polygon", "coordinates": [[[77.538821, 8.702841], [77.538046, 8.704837], [77.54007, 8.70382], [77.539322, 8.702638], [77.538821, 8.702841]]]}, "properties": {"parcel_id": "parcel_00373", "state": "Tamil Nadu", "district": "Tirunelveli District", "taluk": "Cheranmahadevi Taluk", "village": "Ariyanayakipuram", "predicted_crop": "Banana", "confidence": 0.8412, "area_sq_km": 0.0243, "area_ha": 2.43, "prob_paddy": 0.0827, "prob_banana": 0.8412, "prob_other": 0.0761}}, {"type": "Feature", "geometry": {"type": "Polygon", "coordinates": [[[77.432932, 8.690225], [77.432652, 8.690763], [77.432555, 8.69102], [77.434712, 8.692574], [77.435883, 8.692036], [77.434751, 8.690732], [77.432932, 8.690225]]]}, "properties": {"parcel_id": "parcel_00374", "state": "Tamil Nadu", "district": "Tirunelveli District", "taluk": "Ambasamudram Taluk", "village": "Ambasamudram", "predicted_crop": "Banana", "confidence": 0.8427, "area_sq_km": 0.0477, "area_ha": 4.77, "prob_paddy": 0.088, "prob_banana": 0.8427, "prob_other": 0.0693}}, {"type": "Feature", "geometry": {"type": "Polygon", "coordinates": [[[77.506828, 8.693057], [77.508179, 8.690144], [77.50703, 8.689851], [77.506028, 8.691578], [77.506321, 8.692871], [77.506828, 8.693057]]]}, "properties": {"parcel_id": "parcel_00375", "state": "Tamil Nadu", "district": "Tirunelveli District", "taluk": "Ambasamudram Taluk", "village": "Veeravanallur", "predicted_crop": "Paddy", "confidence": 0.9101, "area_sq_km": 0.0439, "area_ha": 4.39, "prob_paddy": 0.9101, "prob_banana": 0.0515, "prob_other": 0.0384}}, {"type": "Feature", "geometry": {"type": "Polygon", "coordinates": [[[77.544367, 8.708023], [77.543411, 8.706579], [77.541062, 8.706911], [77.541545, 8.708874], [77.541649, 8.708994], [77.543772, 8.708929], [77.544198, 8.708791], [77.544367, 8.708023]]]}, "properties": {"parcel_id": "parcel_00376", "state": "Tamil Nadu", "district": "Tirunelveli District", "taluk": "Cheranmahadevi Taluk", "village": "Ariyanayakipuram", "predicted_crop": "Banana", "confidence": 0.8372, "area_sq_km": 0.0748, "area_ha": 7.48, "prob_paddy": 0.0744, "prob_banana": 0.8372, "prob_other": 0.0884}}, {"type": "Feature", "geometry": {"type": "Polygon", "coordinates": [[[77.513278, 8.689636], [77.5124, 8.689332], [77.51233, 8.689348], [77.51156, 8.690558], [77.511413, 8.691168], [77.511467, 8.691446], [77.512662, 8.692275], [77.513794, 8.690658], [77.513809, 8.690199], [77.513278, 8.689636]]]}, "properties": {"parcel_id": "parcel_00377", "state": "Tamil Nadu", "district": "Tirunelveli District", "taluk": "Cheranmahadevi Taluk", "village": "Veeravanallur", "predicted_crop": "Paddy", "confidence": 0.9377, "area_sq_km": 0.0538, "area_ha": 5.38, "prob_paddy": 0.9377, "prob_banana": 0.0358, "prob_other": 0.0266}}, {"type": "Feature", "geometry": {"type": "Polygon", "coordinates": [[[77.484993, 8.691104], [77.483187, 8.690189], [77.4828, 8.690567], [77.483865, 8.69315], [77.484674, 8.693482], [77.484829, 8.692616], [77.484993, 8.691104]]]}, "properties": {"parcel_id": "parcel_00378", "state": "Tamil Nadu", "district": "Tirunelveli District", "taluk": "Ambasamudram Taluk", "village": "Kallidaikurichi", "predicted_crop": "Banana", "confidence": 0.9431, "area_sq_km": 0.0503, "area_ha": 5.03, "prob_paddy": 0.0369, "prob_banana": 0.9431, "prob_other": 0.02}}, {"type": "Feature", "geometry": {"type": "Polygon", "coordinates": [[[77.489292, 8.70801], [77.489128, 8.708001], [77.487917, 8.708695], [77.489143, 8.711018], [77.491399, 8.71015], [77.489292, 8.70801]]]}, "properties": {"parcel_id": "parcel_00379", "state": "Tamil Nadu", "district": "Tirunelveli District", "taluk": "Ambasamudram Taluk", "village": "Thiruppudaimaruthur", "predicted_crop": "Paddy", "confidence": 0.9267, "area_sq_km": 0.0659, "area_ha": 6.59, "prob_paddy": 0.9267, "prob_banana": 0.0433, "prob_other": 0.03}}, {"type": "Feature", "geometry": {"type": "Polygon", "coordinates": [[[77.498511, 8.704537], [77.498857, 8.704035], [77.49665, 8.70152], [77.495219, 8.702941], [77.497223, 8.705164], [77.498511, 8.704537]]]}, "properties": {"parcel_id": "parcel_00380", "state": "Tamil Nadu", "district": "Tirunelveli District", "taluk": "Ambasamudram Taluk", "village": "Thiruppudaimaruthur", "predicted_crop": "Paddy", "confidence": 0.9467, "area_sq_km": 0.0796, "area_ha": 7.96, "prob_paddy": 0.9467, "prob_banana": 0.029, "prob_other": 0.0243}}, {"type": "Feature", "geometry": {"type": "Polygon", "coordinates": [[[77.4359, 8.695069], [77.43515, 8.69571], [77.438627, 8.696876], [77.439445, 8.696687], [77.438552, 8.695618], [77.4359, 8.695069]]]}, "properties": {"parcel_id": "parcel_00381", "state": "Tamil Nadu", "district": "Tirunelveli District", "taluk": "Ambasamudram Taluk", "village": "Ambasamudram", "predicted_crop": "Paddy", "confidence": 0.9648, "area_sq_km": 0.0453, "area_ha": 4.53, "prob_paddy": 0.9648, "prob_banana": 0.0209, "prob_other": 0.0143}}, {"type": "Feature", "geometry": {"type": "Polygon", "coordinates": [[[77.537306, 8.703024], [77.536822, 8.702997], [77.53625, 8.703376], [77.536591, 8.704624], [77.53731, 8.704671], [77.537306, 8.703024]]]}, "properties": {"parcel_id": "parcel_00382", "state": "Tamil Nadu", "district": "Tirunelveli District", "taluk": "Cheranmahadevi Taluk", "village": "Ariyanayakipuram", "predicted_crop": "Paddy", "confidence": 0.9295, "area_sq_km": 0.0172, "area_ha": 1.72, "prob_paddy": 0.9295, "prob_banana": 0.0445, "prob_other": 0.026}}, {"type": "Feature", "geometry": {"type": "Polygon", "coordinates": [[[77.490181, 8.707296], [77.489318, 8.707998], [77.49143, 8.710144], [77.492311, 8.710412], [77.493185, 8.710038], [77.493255, 8.709925], [77.492039, 8.706526], [77.490181, 8.707296]]]}, "properties": {"parcel_id": "parcel_00383", "state": "Tamil Nadu", "district": "Tirunelveli District", "taluk": "Ambasamudram Taluk", "village": "Thiruppudaimaruthur", "predicted_crop": "Paddy", "confidence": 0.8888, "area_sq_km": 0.1024, "area_ha": 10.24, "prob_paddy": 0.8888, "prob_banana": 0.0827, "prob_other": 0.0285}}, {"type": "Feature", "geometry": {"type": "Polygon", "coordinates": [[[77.551282, 8.683945], [77.551114, 8.681546], [77.549578, 8.681376], [77.551282, 8.683945]]]}, "properties": {"parcel_id": "parcel_00384", "state": "Tamil Nadu", "district": "Tirunelveli District", "taluk": "Cheranmahadevi Taluk", "village": "Cheranmahadevi", "predicted_crop": "Paddy", "confidence": 0.9445, "area_sq_km": 0.0223, "area_ha": 2.23, "prob_paddy": 0.9445, "prob_banana": 0.0334, "prob_other": 0.0221}}, {"type": "Feature", "geometry": {"type": "Polygon", "coordinates": [[[77.541664, 8.69358], [77.542652, 8.694125], [77.542708, 8.693244], [77.54223, 8.693214], [77.541664, 8.69358]]]}, "properties": {"parcel_id": "parcel_00385", "state": "Tamil Nadu", "district": "Tirunelveli District", "taluk": "Cheranmahadevi Taluk", "village": "Veeravanallur", "predicted_crop": "Paddy", "confidence": 0.9311, "area_sq_km": 0.0067, "area_ha": 0.67, "prob_paddy": 0.9311, "prob_banana": 0.0438, "prob_other": 0.0251}}, {"type": "Feature", "geometry": {"type": "Polygon", "coordinates": [[[77.486108, 8.686858], [77.485798, 8.686724], [77.48496, 8.687401], [77.485024, 8.688443], [77.485513, 8.688626], [77.486108, 8.686858]]]}, "properties": {"parcel_id": "parcel_00386", "state": "Tamil Nadu", "district": "Tirunelveli District", "taluk": "Ambasamudram Taluk", "village": "Kallidaikurichi", "predicted_crop": "Paddy", "confidence": 0.9602, "area_sq_km": 0.0154, "area_ha": 1.54, "prob_paddy": 0.9602, "prob_banana": 0.0263, "prob_other": 0.0135}}, {"type": "Feature", "geometry": {"type": "Polygon", "coordinates": [[[77.53603, 8.719305], [77.535025, 8.723046], [77.535086, 8.723063], [77.538883, 8.720789], [77.536841, 8.71922], [77.53603, 8.719305]]]}, "properties": {"parcel_id": "parcel_00387", "state": "Tamil Nadu", "district": "Tirunelveli District", "taluk": "Cheranmahadevi Taluk", "village": "Ariyanayakipuram", "predicted_crop": "Banana", "confidence": 0.8371, "area_sq_km": 0.0841, "area_ha": 8.41, "prob_paddy": 0.0793, "prob_banana": 0.8371, "prob_other": 0.0836}}, {"type": "Feature", "geometry": {"type": "Polygon", "coordinates": [[[77.526439, 8.691723], [77.526267, 8.691487], [77.525726, 8.691408], [77.523854, 8.692708], [77.523664, 8.693398], [77.523671, 8.693409], [77.526336, 8.692408], [77.526473, 8.692245], [77.526439, 8.691723]]]}, "properties": {"parcel_id": "parcel_00388", "state": "Tamil Nadu", "district": "Tirunelveli District", "taluk": "Cheranmahadevi Taluk", "village": "Veeravanallur", "predicted_crop": "Banana", "confidence": 0.8814, "area_sq_km": 0.0309, "area_ha": 3.09, "prob_paddy": 0.0479, "prob_banana": 0.8814, "prob_other": 0.0706}}, {"type": "Feature", "geometry": {"type": "Polygon", "coordinates": [[[77.506247, 8.698654], [77.507471, 8.698226], [77.507478, 8.697585], [77.507132, 8.697137], [77.50486, 8.698441], [77.506247, 8.698654]]]}, "properties": {"parcel_id": "parcel_00389", "state": "Tamil Nadu", "district": "Tirunelveli District", "taluk": "Ambasamudram Taluk", "village": "Veeravanallur", "predicted_crop": "Paddy", "confidence": 0.9124, "area_sq_km": 0.0243, "area_ha": 2.43, "prob_paddy": 0.9124, "prob_banana": 0.0627, "prob_other": 0.025}}, {"type": "Feature", "geometry": {"type": "Polygon", "coordinates": [[[77.516173, 8.686469], [77.517121, 8.686557], [77.518851, 8.685692], [77.518921, 8.685012], [77.516202, 8.682533], [77.515618, 8.68291], [77.515442, 8.684734], [77.516173, 8.686469]]]}, "properties": {"parcel_id": "parcel_00390", "state": "Tamil Nadu", "district": "Tirunelveli District", "taluk": "Cheranmahadevi Taluk", "village": "Veeravanallur", "predicted_crop": "Paddy", "confidence": 0.8985, "area_sq_km": 0.1063, "area_ha": 10.63, "prob_paddy": 0.8985, "prob_banana": 0.0761, "prob_other": 0.0253}}, {"type": "Feature", "geometry": {"type": "Polygon", "coordinates": [[[77.444832, 8.7099], [77.443583, 8.708855], [77.442903, 8.709138], [77.444385, 8.71208], [77.445508, 8.710874], [77.444832, 8.7099]]]}, "properties": {"parcel_id": "parcel_00391", "state": "Tamil Nadu", "district": "Tirunelveli District", "taluk": "Ambasamudram Taluk", "village": "Ambasamudram", "predicted_crop": "Paddy", "confidence": 0.9773, "area_sq_km": 0.0458, "area_ha": 4.58, "prob_paddy": 0.9773, "prob_banana": 0.0166, "prob_other": 0.0061}}, {"type": "Feature", "geometry": {"type": "Polygon", "coordinates": [[[77.459485, 8.708977], [77.461108, 8.709839], [77.462313, 8.707392], [77.462085, 8.707184], [77.45948, 8.708959], [77.459485, 8.708977]]]}, "properties": {"parcel_id": "parcel_00392", "state": "Tamil Nadu", "district": "Tirunelveli District", "taluk": "Ambasamudram Taluk", "village": "Ambasamudram", "predicted_crop": "Banana", "confidence": 0.8741, "area_sq_km": 0.0367, "area_ha": 3.67, "prob_paddy": 0.0661, "prob_banana": 0.8741, "prob_other": 0.0598}}, {"type": "Feature", "geometry": {"type": "Polygon", "coordinates": [[[77.465934, 8.6797], [77.46794, 8.680529], [77.470146, 8.679247], [77.467148, 8.677424], [77.464939, 8.678455], [77.465934, 8.6797]]]}, "properties": {"parcel_id": "parcel_00393", "state": "Tamil Nadu", "district": "Tirunelveli District", "taluk": "Ambasamudram Taluk", "village": "Kallidaikurichi", "predicted_crop": "Banana", "confidence": 0.9185, "area_sq_km": 0.1049, "area_ha": 10.49, "prob_paddy": 0.0326, "prob_banana": 0.9185, "prob_other": 0.0488}}, {"type": "Feature", "geometry": {"type": "Polygon", "coordinates": [[[77.52582, 8.698212], [77.525355, 8.700541], [77.526519, 8.700229], [77.527481, 8.699042], [77.52582, 8.698212]]]}, "properties": {"parcel_id": "parcel_00394", "state": "Tamil Nadu", "district": "Tirunelveli District", "taluk": "Cheranmahadevi Taluk", "village": "Veeravanallur", "predicted_crop": "Paddy", "confidence": 0.9656, "area_sq_km": 0.0325, "area_ha": 3.25, "prob_paddy": 0.9656, "prob_banana": 0.0264, "prob_other": 0.008}}, {"type": "Feature", "geometry": {"type": "Polygon", "coordinates": [[[77.4984, 8.674271], [77.496001, 8.676161], [77.49577, 8.676874], [77.495981, 8.677181], [77.49782, 8.677031], [77.498171, 8.676714], [77.498574, 8.674309], [77.498474, 8.67426], [77.4984, 8.674271]]]}, "properties": {"parcel_id": "parcel_00395", "state": "Tamil Nadu", "district": "Tirunelveli District", "taluk": "Ambasamudram Taluk", "village": "Veeravanallur", "predicted_crop": "Paddy", "confidence": 0.8693, "area_sq_km": 0.0539, "area_ha": 5.39, "prob_paddy": 0.8693, "prob_banana": 0.0953, "prob_other": 0.0354}}, {"type": "Feature", "geometry": {"type": "Polygon", "coordinates": [[[77.429309, 8.67165], [77.428666, 8.675932], [77.429872, 8.677266], [77.430281, 8.676946], [77.431265, 8.674889], [77.430961, 8.672762], [77.429309, 8.67165]]]}, "properties": {"parcel_id": "parcel_00396", "state": "Tamil Nadu", "district": "Tirunelveli District", "taluk": "Ambasamudram Taluk", "village": "Ambasamudram", "predicted_crop": "Banana", "confidence": 0.9142, "area_sq_km": 0.1151, "area_ha": 11.51, "prob_paddy": 0.0378, "prob_banana": 0.9142, "prob_other": 0.048}}, {"type": "Feature", "geometry": {"type": "Polygon", "coordinates": [[[77.495968, 8.669695], [77.494799, 8.670404], [77.494096, 8.67187], [77.495825, 8.672512], [77.497508, 8.671266], [77.495968, 8.669695]]]}, "properties": {"parcel_id": "parcel_00397", "state": "Tamil Nadu", "district": "Tirunelveli District", "taluk": "Ambasamudram Taluk", "village": "Veeravanallur", "predicted_crop": "Paddy", "confidence": 0.911, "area_sq_km": 0.0654, "area_ha": 6.54, "prob_paddy": 0.911, "prob_banana": 0.0656, "prob_other": 0.0235}}, {"type": "Feature", "geometry": {"type": "Polygon", "coordinates": [[[77.536823, 8.711199], [77.537877, 8.714239], [77.5379, 8.714274], [77.538771, 8.714447], [77.538854, 8.714327], [77.537965, 8.710822], [77.537336, 8.710859], [77.536823, 8.711199]]]}, "properties": {"parcel_id": "parcel_00398", "state": "Tamil Nadu", "district": "Tirunelveli District", "taluk": "Cheranmahadevi Taluk", "village": "Ariyanayakipuram", "predicted_crop": "Paddy", "confidence": 0.9539, "area_sq_km": 0.0461, "area_ha": 4.61, "prob_paddy": 0.9539, "prob_banana": 0.0332, "prob_other": 0.0129}}, {"type": "Feature", "geometry": {"type": "Polygon", "coordinates": [[[77.47449, 8.687862], [77.472666, 8.689636], [77.472924, 8.691128], [77.473023, 8.691147], [77.474747, 8.690079], [77.47449, 8.687862]]]}, "properties": {"parcel_id": "parcel_00399", "state": "Tamil Nadu", "district": "Tirunelveli District", "taluk": "Ambasamudram Taluk", "village": "Kallidaikurichi", "predicted_crop": "Paddy", "confidence": 0.8703, "area_sq_km": 0.0465, "area_ha": 4.65, "prob_paddy": 0.8703, "prob_banana": 0.0948, "prob_other": 0.0349}}, {"type": "Feature", "geometry": {"type": "Polygon", "coordinates": [[[77.504477, 8.685674], [77.505495, 8.685165], [77.504507, 8.684402], [77.504426, 8.684417], [77.504188, 8.684936], [77.504477, 8.685674]]]}, "properties": {"parcel_id": "parcel_00400", "state": "Tamil Nadu", "district": "Tirunelveli District", "taluk": "Ambasamudram Taluk", "village": "Veeravanallur", "predicted_crop": "Paddy", "confidence": 0.8729, "area_sq_km": 0.0104, "area_ha": 1.04, "prob_paddy": 0.8729, "prob_banana": 0.0673, "prob_other": 0.0599}}, {"type": "Feature", "geometry": {"type": "Polygon", "coordinates": [[[77.462151, 8.700553], [77.463836, 8.700913], [77.464668, 8.699993], [77.464643, 8.699321], [77.464369, 8.698229], [77.462309, 8.698244], [77.462098, 8.700372], [77.462139, 8.700539], [77.462151, 8.700553]]]}, "properties": {"parcel_id": "parcel_00401", "state": "Tamil Nadu", "district": "Tirunelveli District", "taluk": "Ambasamudram Taluk", "village": "Kallidaikurichi", "predicted_crop": "Paddy", "confidence": 0.976, "area_sq_km": 0.0702, "area_ha": 7.02, "prob_paddy": 0.976, "prob_banana": 0.0183, "prob_other": 0.0057}}, {"type": "Feature", "geometry": {"type": "Polygon", "coordinates": [[[77.512647, 8.681979], [77.512688, 8.681122], [77.512582, 8.679996], [77.510241, 8.68013], [77.51014, 8.681614], [77.511731, 8.682001], [77.512647, 8.681979]]]}, "properties": {"parcel_id": "parcel_00402", "state": "Tamil Nadu", "district": "Tirunelveli District", "taluk": "Cheranmahadevi Taluk", "village": "Veeravanallur", "predicted_crop": "Other", "confidence": 0.8606, "area_sq_km": 0.0544, "area_ha": 5.44, "prob_paddy": 0.0658, "prob_banana": 0.0736, "prob_other": 0.8606}}, {"type": "Feature", "geometry": {"type": "Polygon", "coordinates": [[[77.450672, 8.704471], [77.449198, 8.704598], [77.448359, 8.704862], [77.44957, 8.707802], [77.45026, 8.706754], [77.450547, 8.706015], [77.450672, 8.704471]]]}, "properties": {"parcel_id": "parcel_00403", "state": "Tamil Nadu", "district": "Tirunelveli District", "taluk": "Ambasamudram Taluk", "village": "Ambasamudram", "predicted_crop": "Paddy", "confidence": 0.8896, "area_sq_km": 0.0551, "area_ha": 5.51, "prob_paddy": 0.8896, "prob_banana": 0.0863, "prob_other": 0.0241}}, {"type": "Feature", "geometry": {"type": "Polygon", "coordinates": [[[77.547174, 8.680839], [77.545912, 8.680125], [77.545479, 8.680557], [77.544085, 8.682676], [77.545846, 8.682979], [77.547174, 8.680839]]]}, "properties": {"parcel_id": "parcel_00404", "state": "Tamil Nadu", "district": "Tirunelveli District", "taluk": "Cheranmahadevi Taluk", "village": "Cheranmahadevi", "predicted_crop": "Paddy", "confidence": 0.8723, "area_sq_km": 0.0549, "area_ha": 5.49, "prob_paddy": 0.8723, "prob_banana": 0.0895, "prob_other": 0.0382}}, {"type": "Feature", "geometry": {"type": "Polygon", "coordinates": [[[77.499053, 8.692602], [77.499789, 8.691617], [77.499566, 8.689521], [77.497706, 8.689604], [77.497536, 8.689722], [77.497205, 8.691529], [77.498743, 8.692665], [77.499053, 8.692602]]]}, "properties": {"parcel_id": "parcel_00405", "state": "Tamil Nadu", "district": "Tirunelveli District", "taluk": "Ambasamudram Taluk", "village": "Veeravanallur", "predicted_crop": "Paddy", "confidence": 0.8701, "area_sq_km": 0.0747, "area_ha": 7.47, "prob_paddy": 0.8701, "prob_banana": 0.1036, "prob_other": 0.0263}}, {"type": "Feature", "geometry": {"type": "Polygon", "coordinates": [[[77.430209, 8.693494], [77.430588, 8.691632], [77.430265, 8.691279], [77.428408, 8.691754], [77.429019, 8.693715], [77.429472, 8.69386], [77.430209, 8.693494]]]}, "properties": {"parcel_id": "parcel_00406", "state": "Tamil Nadu", "district": "Tirunelveli District", "taluk": "Ambasamudram Taluk", "village": "Ambasamudram", "predicted_crop": "Paddy", "confidence": 0.9087, "area_sq_km": 0.0461, "area_ha": 4.61, "prob_paddy": 0.9087, "prob_banana": 0.0725, "prob_other": 0.0188}}, {"type": "Feature", "geometry": {"type": "Polygon", "coordinates": [[[77.543023, 8.687996], [77.544736, 8.688237], [77.545102, 8.687772], [77.545167, 8.686481], [77.544518, 8.685796], [77.543023, 8.687996]]]}, "properties": {"parcel_id": "parcel_00407", "state": "Tamil Nadu", "district": "Tirunelveli District", "taluk": "Cheranmahadevi Taluk", "village": "Cheranmahadevi", "predicted_crop": "Paddy", "confidence": 0.8873, "area_sq_km": 0.0366, "area_ha": 3.66, "prob_paddy": 0.8873, "prob_banana": 0.0803, "prob_other": 0.0324}}, {"type": "Feature", "geometry": {"type": "Polygon", "coordinates": [[[77.535605, 8.691869], [77.53584, 8.692092], [77.536974, 8.692489], [77.537284, 8.692377], [77.537201, 8.690995], [77.535706, 8.691326], [77.535605, 8.691869]]]}, "properties": {"parcel_id": "parcel_00408", "state": "Tamil Nadu", "district": "Tirunelveli District", "taluk": "Cheranmahadevi Taluk", "village": "Veeravanallur", "predicted_crop": "Paddy", "confidence": 0.8892, "area_sq_km": 0.0217, "area_ha": 2.17, "prob_paddy": 0.8892, "prob_banana": 0.0565, "prob_other": 0.0543}}, {"type": "Feature", "geometry": {"type": "Polygon", "coordinates": [[[77.4901, 8.704974], [77.489745, 8.704972], [77.490184, 8.707265], [77.492036, 8.706497], [77.492167, 8.70614], [77.492177, 8.705962], [77.4901, 8.704974]]]}, "properties": {"parcel_id": "parcel_00409", "state": "Tamil Nadu", "district": "Tirunelveli District", "taluk": "Ambasamudram Taluk", "village": "Thiruppudaimaruthur", "predicted_crop": "Paddy", "confidence": 0.8845, "area_sq_km": 0.039, "area_ha": 3.9, "prob_paddy": 0.8845, "prob_banana": 0.0668, "prob_other": 0.0487}}, {"type": "Feature", "geometry": {"type": "Polygon", "coordinates": [[[77.548146, 8.708859], [77.548324, 8.708955], [77.549386, 8.708693], [77.548892, 8.706364], [77.548382, 8.706648], [77.548146, 8.708859]]]}, "properties": {"parcel_id": "parcel_00410", "state": "Tamil Nadu", "district": "Tirunelveli District", "taluk": "Cheranmahadevi Taluk", "village": "Ariyanayakipuram", "predicted_crop": "Paddy", "confidence": 0.9682, "area_sq_km": 0.0255, "area_ha": 2.55, "prob_paddy": 0.9682, "prob_banana": 0.0164, "prob_other": 0.0154}}, {"type": "Feature", "geometry": {"type": "Polygon", "coordinates": [[[77.503484, 8.706143], [77.501873, 8.706257], [77.500951, 8.708045], [77.501589, 8.708745], [77.502005, 8.708815], [77.503484, 8.706143]]]}, "properties": {"parcel_id": "parcel_00411", "state": "Tamil Nadu", "district": "Tirunelveli District", "taluk": "Ambasamudram Taluk", "village": "Thiruppudaimaruthur", "predicted_crop": "Paddy", "confidence": 0.9482, "area_sq_km": 0.0425, "area_ha": 4.25, "prob_paddy": 0.9482, "prob_banana": 0.0259, "prob_other": 0.0259}}, {"type": "Feature", "geometry": {"type": "Polygon", "coordinates": [[[77.492058, 8.677432], [77.492862, 8.677211], [77.493402, 8.676299], [77.49277, 8.674262], [77.49276, 8.67425], [77.491131, 8.674589], [77.490686, 8.67701], [77.492058, 8.677432]]]}, "properties": {"parcel_id": "parcel_00412", "state": "Tamil Nadu", "district": "Tirunelveli District", "taluk": "Ambasamudram Taluk", "village": "Kallidaikurichi", "predicted_crop": "Banana", "confidence": 0.8641, "area_sq_km": 0.0765, "area_ha": 7.65, "prob_paddy": 0.0924, "prob_banana": 0.8641, "prob_other": 0.0435}}, {"type": "Feature", "geometry": {"type": "Polygon", "coordinates": [[[77.547268, 8.716378], [77.547424, 8.717383], [77.551325, 8.719625], [77.548727, 8.714789], [77.548684, 8.714787], [77.547268, 8.716378]]]}, "properties": {"parcel_id": "parcel_00413", "state": "Tamil Nadu", "district": "Tirunelveli District", "taluk": "Cheranmahadevi Taluk", "village": "Ariyanayakipuram", "predicted_crop": "Paddy", "confidence": 0.9442, "area_sq_km": 0.0903, "area_ha": 9.03, "prob_paddy": 0.9442, "prob_banana": 0.041, "prob_other": 0.0148}}, {"type": "Feature", "geometry": {"type": "Polygon", "coordinates": [[[77.497073, 8.71182], [77.497717, 8.712708], [77.499604, 8.71314], [77.499717, 8.711054], [77.498715, 8.710661], [77.497296, 8.711169], [77.497073, 8.71182]]]}, "properties": {"parcel_id": "parcel_00414", "state": "Tamil Nadu", "district": "Tirunelveli District", "taluk": "Ambasamudram Taluk", "village": "Thiruppudaimaruthur", "predicted_crop": "Paddy", "confidence": 0.9389, "area_sq_km": 0.0575, "area_ha": 5.75, "prob_paddy": 0.9389, "prob_banana": 0.0389, "prob_other": 0.0222}}, {"type": "Feature", "geometry": {"type": "Polygon", "coordinates": [[[77.456401, 8.711959], [77.456876, 8.712865], [77.458847, 8.71345], [77.459493, 8.711389], [77.458728, 8.710226], [77.45663, 8.711305], [77.456401, 8.711959]]]}, "properties": {"parcel_id": "parcel_00415", "state": "Tamil Nadu", "district": "Tirunelveli District", "taluk": "Ambasamudram Taluk", "village": "Ambasamudram", "predicted_crop": "Paddy", "confidence": 0.9226, "area_sq_km": 0.0772, "area_ha": 7.72, "prob_paddy": 0.9226, "prob_banana": 0.0546, "prob_other": 0.0227}}, {"type": "Feature", "geometry": {"type": "Polygon", "coordinates": [[[77.526356, 8.692427], [77.526051, 8.6932], [77.526751, 8.6945], [77.52729, 8.694423], [77.527436, 8.694138], [77.527212, 8.692959], [77.526488, 8.692269], [77.526356, 8.692427]]]}, "properties": {"parcel_id": "parcel_00416", "state": "Tamil Nadu", "district": "Tirunelveli District", "taluk": "Cheranmahadevi Taluk", "village": "Veeravanallur", "predicted_crop": "Paddy", "confidence": 0.8855, "area_sq_km": 0.0228, "area_ha": 2.28, "prob_paddy": 0.8855, "prob_banana": 0.0857, "prob_other": 0.0289}}, {"type": "Feature", "geometry": {"type": "Polygon", "coordinates": [[[77.487788, 8.714128], [77.486971, 8.713973], [77.484518, 8.714696], [77.483488, 8.715362], [77.483602, 8.716214], [77.485358, 8.716818], [77.485395, 8.7168], [77.487175, 8.715603], [77.487995, 8.714735], [77.487788, 8.714128]]]}, "properties": {"parcel_id": "parcel_00417", "state": "Tamil Nadu", "district": "Tirunelveli District", "taluk": "Ambasamudram Taluk", "village": "Thiruppudaimaruthur", "predicted_crop": "Paddy", "confidence": 0.8655, "area_sq_km": 0.0925, "area_ha": 9.25, "prob_paddy": 0.8655, "prob_banana": 0.0968, "prob_other": 0.0376}}, {"type": "Feature", "geometry": {"type": "Polygon", "coordinates": [[[77.496859, 8.700662], [77.499847, 8.701339], [77.499972, 8.701238], [77.500178, 8.699857], [77.498493, 8.699022], [77.496804, 8.700462], [77.496859, 8.700662]]]}, "properties": {"parcel_id": "parcel_00418", "state": "Tamil Nadu", "district": "Tirunelveli District", "taluk": "Ambasamudram Taluk", "village": "Veeravanallur", "predicted_crop": "Paddy", "confidence": 0.882, "area_sq_km": 0.0569, "area_ha": 5.69, "prob_paddy": 0.882, "prob_banana": 0.081, "prob_other": 0.037}}, {"type": "Feature", "geometry": {"type": "Polygon", "coordinates": [[[77.533765, 8.67787], [77.535167, 8.678981], [77.536023, 8.678248], [77.534644, 8.677166], [77.533765, 8.67787]]]}, "properties": {"parcel_id": "parcel_00419", "state": "Tamil Nadu", "district": "Tirunelveli District", "taluk": "Cheranmahadevi Taluk", "village": "Veeravanallur", "predicted_crop": "Banana", "confidence": 0.8745, "area_sq_km": 0.0238, "area_ha": 2.38, "prob_paddy": 0.0759, "prob_banana": 0.8745, "prob_other": 0.0496}}, {"type": "Feature", "geometry": {"type": "Polygon", "coordinates": [[[77.522062, 8.692155], [77.523033, 8.693152], [77.52364, 8.693383], [77.523828, 8.692699], [77.523649, 8.690984], [77.523429, 8.690974], [77.522062, 8.692155]]]}, "properties": {"parcel_id": "parcel_00420", "state": "Tamil Nadu", "district": "Tirunelveli District", "taluk": "Cheranmahadevi Taluk", "village": "Veeravanallur", "predicted_crop": "Paddy", "confidence": 0.9048, "area_sq_km": 0.0298, "area_ha": 2.98, "prob_paddy": 0.9048, "prob_banana": 0.0615, "prob_other": 0.0337}}, {"type": "Feature", "geometry": {"type": "Polygon", "coordinates": [[[77.503926, 8.694338], [77.504392, 8.694469], [77.504731, 8.694041], [77.505013, 8.693432], [77.504105, 8.692797], [77.502136, 8.693211], [77.502112, 8.693258], [77.503926, 8.694338]]]}, "properties": {"parcel_id": "parcel_00421", "state": "Tamil Nadu", "district": "Tirunelveli District", "taluk": "Ambasamudram Taluk", "village": "Veeravanallur", "predicted_crop": "Paddy", "confidence": 0.8916, "area_sq_km": 0.0319, "area_ha": 3.19, "prob_paddy": 0.8916, "prob_banana": 0.0822, "prob_other": 0.0262}}, {"type": "Feature", "geometry": {"type": "Polygon", "coordinates": [[[77.474759, 8.682452], [77.473415, 8.685223], [77.473823, 8.685497], [77.474889, 8.684897], [77.475563, 8.684018], [77.474759, 8.682452]]]}, "properties": {"parcel_id": "parcel_00422", "state": "Tamil Nadu", "district": "Tirunelveli District", "taluk": "Ambasamudram Taluk", "village": "Kallidaikurichi", "predicted_crop": "Paddy", "confidence": 0.9175, "area_sq_km": 0.0362, "area_ha": 3.62, "prob_paddy": 0.9175, "prob_banana": 0.0487, "prob_other": 0.0337}}, {"type": "Feature", "geometry": {"type": "Polygon", "coordinates": [[[77.449796, 8.67728], [77.448571, 8.67612], [77.446379, 8.675534], [77.445516, 8.67785], [77.445568, 8.678056], [77.449796, 8.67728]]]}, "properties": {"parcel_id": "parcel_00423", "state": "Tamil Nadu", "district": "Tirunelveli District", "taluk": "Ambasamudram Taluk", "village": "Kallidaikurichi", "predicted_crop": "Paddy", "confidence": 0.9366, "area_sq_km": 0.074, "area_ha": 7.4, "prob_paddy": 0.9366, "prob_banana": 0.0481, "prob_other": 0.0153}}, {"type": "Feature", "geometry": {"type": "Polygon", "coordinates": [[[77.481514, 8.701484], [77.48156, 8.701448], [77.482393, 8.700438], [77.482426, 8.697742], [77.481238, 8.697956], [77.480667, 8.698836], [77.480327, 8.700647], [77.481514, 8.701484]]]}, "properties": {"parcel_id": "parcel_00424", "state": "Tamil Nadu", "district": "Tirunelveli District", "taluk": "Ambasamudram Taluk", "village": "Kallidaikurichi", "predicted_crop": "Paddy", "confidence": 0.9186, "area_sq_km": 0.0688, "area_ha": 6.88, "prob_paddy": 0.9186, "prob_banana": 0.0567, "prob_other": 0.0247}}, {"type": "Feature", "geometry": {"type": "Polygon", "coordinates": [[[77.51152, 8.712124], [77.512824, 8.711467], [77.513417, 8.710452], [77.509267, 8.710368], [77.51152, 8.712124]]]}, "properties": {"parcel_id": "parcel_00425", "state": "Tamil Nadu", "district": "Tirunelveli District", "taluk": "Cheranmahadevi Taluk", "village": "Thiruppudaimaruthur", "predicted_crop": "Paddy", "confidence": 0.9427, "area_sq_km": 0.0489, "area_ha": 4.89, "prob_paddy": 0.9427, "prob_banana": 0.0304, "prob_other": 0.027}}, {"type": "Feature", "geometry": {"type": "Polygon", "coordinates": [[[77.543579, 8.716118], [77.54606, 8.714748], [77.546425, 8.713966], [77.543613, 8.712575], [77.542761, 8.712853], [77.543579, 8.716118]]]}, "properties": {"parcel_id": "parcel_00426", "state": "Tamil Nadu", "district": "Tirunelveli District", "taluk": "Cheranmahadevi Taluk", "village": "Ariyanayakipuram", "predicted_crop": "Paddy", "confidence": 0.8909, "area_sq_km": 0.0881, "area_ha": 8.81, "prob_paddy": 0.8909, "prob_banana": 0.0842, "prob_other": 0.025}}, {"type": "Feature", "geometry": {"type": "Polygon", "coordinates": [[[77.546212, 8.689538], [77.545786, 8.690073], [77.54578, 8.690113], [77.546271, 8.691309], [77.548332, 8.691431], [77.549268, 8.690993], [77.547838, 8.688647], [77.546212, 8.689538]]]}, "properties": {"parcel_id": "parcel_00427", "state": "Tamil Nadu", "district": "Tirunelveli District", "taluk": "Cheranmahadevi Taluk", "village": "Cheranmahadevi", "predicted_crop": "Paddy", "confidence": 0.9364, "area_sq_km": 0.0746, "area_ha": 7.46, "prob_paddy": 0.9364, "prob_banana": 0.04, "prob_other": 0.0236}}, {"type": "Feature", "geometry": {"type": "Polygon", "coordinates": [[[77.495746, 8.67686], [77.495975, 8.676152], [77.495552, 8.674269], [77.492801, 8.674269], [77.493428, 8.67629], [77.495746, 8.67686]]]}, "properties": {"parcel_id": "parcel_00428", "state": "Tamil Nadu", "district": "Tirunelveli District", "taluk": "Ambasamudram Taluk", "village": "Kallidaikurichi", "predicted_crop": "Banana", "confidence": 0.9484, "area_sq_km": 0.0742, "area_ha": 7.42, "prob_paddy": 0.0274, "prob_banana": 0.9484, "prob_other": 0.0242}}, {"type": "Feature", "geometry": {"type": "Polygon", "coordinates": [[[77.433973, 8.716278], [77.431567, 8.715889], [77.431154, 8.716219], [77.431229, 8.717891], [77.43126, 8.718001], [77.434456, 8.717069], [77.433973, 8.716278]]]}, "properties": {"parcel_id": "parcel_00429", "state": "Tamil Nadu", "district": "Tirunelveli District", "taluk": "Ambasamudram Taluk", "village": "Ambasamudram", "predicted_crop": "Paddy", "confidence": 0.9124, "area_sq_km": 0.0548, "area_ha": 5.48, "prob_paddy": 0.9124, "prob_banana": 0.0582, "prob_other": 0.0294}}, {"type": "Feature", "geometry": {"type": "Polygon", "coordinates": [[[77.509889, 8.681872], [77.510113, 8.681619], [77.510215, 8.680122], [77.509914, 8.679815], [77.50791, 8.681338], [77.50897, 8.682125], [77.509889, 8.681872]]]}, "properties": {"parcel_id": "parcel_00430", "state": "Tamil Nadu", "district": "Tirunelveli District", "taluk": "Ambasamudram Taluk", "village": "Veeravanallur", "predicted_crop": "Paddy", "confidence": 0.975, "area_sq_km": 0.0366, "area_ha": 3.66, "prob_paddy": 0.975, "prob_banana": 0.0174, "prob_other": 0.0076}}, {"type": "Feature", "geometry": {"type": "Polygon", "coordinates": [[[77.499988, 8.70126], [77.499863, 8.701361], [77.499298, 8.703807], [77.501065, 8.704162], [77.501596, 8.701678], [77.499988, 8.70126]]]}, "properties": {"parcel_id": "parcel_00431", "state": "Tamil Nadu", "district": "Tirunelveli District", "taluk": "Ambasamudram Taluk", "village": "Thiruppudaimaruthur", "predicted_crop": "Paddy", "confidence": 0.97, "area_sq_km": 0.0561, "area_ha": 5.61, "prob_paddy": 0.97, "prob_banana": 0.0219, "prob_other": 0.0081}}, {"type": "Feature", "geometry": {"type": "Polygon", "coordinates": [[[77.481232, 8.697929], [77.482434, 8.697713], [77.48259, 8.697592], [77.482578, 8.695947], [77.480872, 8.694483], [77.480718, 8.694533], [77.480179, 8.697372], [77.481232, 8.697929]]]}, "properties": {"parcel_id": "parcel_00432", "state": "Tamil Nadu", "district": "Tirunelveli District", "taluk": "Ambasamudram Taluk", "village": "Kallidaikurichi", "predicted_crop": "Banana", "confidence": 0.9109, "area_sq_km": 0.0703, "area_ha": 7.03, "prob_paddy": 0.0561, "prob_banana": 0.9109, "prob_other": 0.0329}}, {"type": "Feature", "geometry": {"type": "Polygon", "coordinates": [[[77.49144, 8.693394], [77.489397, 8.693617], [77.490371, 8.696355], [77.491436, 8.693608], [77.49144, 8.693394]]]}, "properties": {"parcel_id": "parcel_00433", "state": "Tamil Nadu", "district": "Tirunelveli District", "taluk": "Ambasamudram Taluk", "village": "Kallidaikurichi", "predicted_crop": "Paddy", "confidence": 0.9534, "area_sq_km": 0.0367, "area_ha": 3.67, "prob_paddy": 0.9534, "prob_banana": 0.0264, "prob_other": 0.0202}}, {"type": "Feature", "geometry": {"type": "Polygon", "coordinates": [[[77.485558, 8.705384], [77.485561, 8.705398], [77.487085, 8.706128], [77.488327, 8.705784], [77.488473, 8.705361], [77.488066, 8.704894], [77.488006, 8.704853], [77.485558, 8.705384]]]}, "properties": {"parcel_id": "parcel_00434", "state": "Tamil Nadu", "district": "Tirunelveli District", "taluk": "Ambasamudram Taluk", "village": "Thiruppudaimaruthur", "predicted_crop": "Paddy", "confidence": 0.8924, "area_sq_km": 0.0256, "area_ha": 2.56, "prob_paddy": 0.8924, "prob_banana": 0.0619, "prob_other": 0.0457}}, {"type": "Feature", "geometry": {"type": "Polygon", "coordinates": [[[77.509415, 8.720565], [77.512367, 8.721536], [77.512309, 8.719041], [77.509851, 8.717915], [77.509415, 8.720565]]]}, "properties": {"parcel_id": "parcel_00435", "state": "Tamil Nadu", "district": "Tirunelveli District", "taluk": "Cheranmahadevi Taluk", "village": "Thiruppudaimaruthur", "predicted_crop": "Paddy", "confidence": 0.9185, "area_sq_km": 0.0872, "area_ha": 8.72, "prob_paddy": 0.9185, "prob_banana": 0.0605, "prob_other": 0.021}}, {"type": "Feature", "geometry": {"type": "Polygon", "coordinates": [[[77.488014, 8.714754], [77.4872, 8.715616], [77.488208, 8.717808], [77.488308, 8.717903], [77.489477, 8.717839], [77.490517, 8.715957], [77.489955, 8.71559], [77.488014, 8.714754]]]}, "properties": {"parcel_id": "parcel_00436", "state": "Tamil Nadu", "district": "Tirunelveli District", "taluk": "Ambasamudram Taluk", "village": "Thiruppudaimaruthur", "predicted_crop": "Other", "confidence": 0.8322, "area_sq_km": 0.0782, "area_ha": 7.82, "prob_paddy": 0.0729, "prob_banana": 0.095, "prob_other": 0.8322}}, {"type": "Feature", "geometry": {"type": "Polygon", "coordinates": [[[77.437873, 8.702876], [77.435746, 8.701878], [77.435153, 8.702035], [77.435452, 8.704218], [77.436246, 8.704514], [77.43796, 8.704163], [77.438054, 8.703557], [77.437873, 8.702876]]]}, "properties": {"parcel_id": "parcel_00437", "state": "Tamil Nadu", "district": "Tirunelveli District", "taluk": "Ambasamudram Taluk", "village": "Ambasamudram", "predicted_crop": "Paddy", "confidence": 0.9472, "area_sq_km": 0.0658, "area_ha": 6.58, "prob_paddy": 0.9472, "prob_banana": 0.0323, "prob_other": 0.0205}}, {"type": "Feature", "geometry": {"type": "Polygon", "coordinates": [[[77.489121, 8.711035], [77.487891, 8.708705], [77.48787, 8.708707], [77.486495, 8.710055], [77.48774, 8.712216], [77.487977, 8.712412], [77.488593, 8.711956], [77.489121, 8.711035]]]}, "properties": {"parcel_id": "parcel_00438", "state": "Tamil Nadu", "district": "Tirunelveli District", "taluk": "Ambasamudram Taluk", "village": "Thiruppudaimaruthur", "predicted_crop": "Paddy", "confidence": 0.9708, "area_sq_km": 0.0626, "area_ha": 6.26, "prob_paddy": 0.9708, "prob_banana": 0.0212, "prob_other": 0.008}}, {"type": "Feature", "geometry": {"type": "Polygon", "coordinates": [[[77.544529, 8.685768], [77.545187, 8.686463], [77.54647, 8.686608], [77.546736, 8.68545], [77.546082, 8.684713], [77.544519, 8.685718], [77.544529, 8.685768]]]}, "properties": {"parcel_id": "parcel_00439", "state": "Tamil Nadu", "district": "Tirunelveli District", "taluk": "Cheranmahadevi Taluk", "village": "Cheranmahadevi", "predicted_crop": "Banana", "confidence": 0.8865, "area_sq_km": 0.0316, "area_ha": 3.16, "prob_paddy": 0.0486, "prob_banana": 0.8865, "prob_other": 0.0649}}, {"type": "Feature", "geometry": {"type": "Polygon", "coordinates": [[[77.539134, 8.682798], [77.536989, 8.681444], [77.536717, 8.681439], [77.536383, 8.681526], [77.535498, 8.683967], [77.53582, 8.684165], [77.538947, 8.684186], [77.539134, 8.682798]]]}, "properties": {"parcel_id": "parcel_00440", "state": "Tamil Nadu", "district": "Tirunelveli District", "taluk": "Cheranmahadevi Taluk", "village": "Veeravanallur", "predicted_crop": "Banana", "confidence": 0.9051, "area_sq_km": 0.0871, "area_ha": 8.71, "prob_paddy": 0.0402, "prob_banana": 0.9051, "prob_other": 0.0547}}, {"type": "Feature", "geometry": {"type": "Polygon", "coordinates": [[[77.460628, 8.686589], [77.460538, 8.687906], [77.460925, 8.689224], [77.463081, 8.687749], [77.46229, 8.686392], [77.462168, 8.686281], [77.460686, 8.686501], [77.460628, 8.686589]]]}, "properties": {"parcel_id": "parcel_00441", "state": "Tamil Nadu", "district": "Tirunelveli District", "taluk": "Ambasamudram Taluk", "village": "Kallidaikurichi", "predicted_crop": "Paddy", "confidence": 0.9321, "area_sq_km": 0.0578, "area_ha": 5.78, "prob_paddy": 0.9321, "prob_banana": 0.0446, "prob_other": 0.0233}}, {"type": "Feature", "geometry": {"type": "Polygon", "coordinates": [[[77.539129, 8.684917], [77.53897, 8.685119], [77.540057, 8.688687], [77.54137, 8.687795], [77.540347, 8.685763], [77.539184, 8.684937], [77.539129, 8.684917]]]}, "properties": {"parcel_id": "parcel_00442", "state": "Tamil Nadu", "district": "Tirunelveli District", "taluk": "Cheranmahadevi Taluk", "village": "Veeravanallur", "predicted_crop": "Paddy", "confidence": 0.9402, "area_sq_km": 0.05, "area_ha": 5.0, "prob_paddy": 0.9402, "prob_banana": 0.0301, "prob_other": 0.0297}}, {"type": "Feature", "geometry": {"type": "Polygon", "coordinates": [[[77.55397, 8.70454], [77.550925, 8.703129], [77.549583, 8.703891], [77.551684, 8.705666], [77.55397, 8.70454]]]}, "properties": {"parcel_id": "parcel_00443", "state": "Tamil Nadu", "district": "Tirunelveli District", "taluk": "Cheranmahadevi Taluk", "village": "Ariyanayakipuram", "predicted_crop": "Paddy", "confidence": 0.9719, "area_sq_km": 0.0648, "area_ha": 6.48, "prob_paddy": 0.9719, "prob_banana": 0.0155, "prob_other": 0.0126}}, {"type": "Feature", "geometry": {"type": "Polygon", "coordinates": [[[77.517759, 8.711008], [77.517751, 8.710991], [77.51621, 8.71172], [77.517353, 8.712837], [77.517759, 8.711008]]]}, "properties": {"parcel_id": "parcel_00444", "state": "Tamil Nadu", "district": "Tirunelveli District", "taluk": "Cheranmahadevi Taluk", "village": "Veeravanallur", "predicted_crop": "Paddy", "confidence": 0.9244, "area_sq_km": 0.0157, "area_ha": 1.57, "prob_paddy": 0.9244, "prob_banana": 0.0488, "prob_other": 0.0268}}, {"type": "Feature", "geometry": {"type": "Polygon", "coordinates": [[[77.492177, 8.714478], [77.493289, 8.714509], [77.494635, 8.712049], [77.493189, 8.710066], [77.492323, 8.710437], [77.491687, 8.712243], [77.492177, 8.714478]]]}, "properties": {"parcel_id": "parcel_00445", "state": "Tamil Nadu", "district": "Tirunelveli District", "taluk": "Ambasamudram Taluk", "village": "Thiruppudaimaruthur", "predicted_crop": "Paddy", "confidence": 0.9147, "area_sq_km": 0.103, "area_ha": 10.3, "prob_paddy": 0.9147, "prob_banana": 0.0637, "prob_other": 0.0215}}, {"type": "Feature", "geometry": {"type": "Polygon", "coordinates": [[[77.47914, 8.67436], [77.478088, 8.673772], [77.477985, 8.673797], [77.476883, 8.676471], [77.477714, 8.677729], [77.47878, 8.676754], [77.47914, 8.67436]]]}, "properties": {"parcel_id": "parcel_00446", "state": "Tamil Nadu", "district": "Tirunelveli District", "taluk": "Ambasamudram Taluk", "village": "Kallidaikurichi", "predicted_crop": "Paddy", "confidence": 0.9749, "area_sq_km": 0.0645, "area_ha": 6.45, "prob_paddy": 0.9749, "prob_banana": 0.017, "prob_other": 0.0082}}, {"type": "Feature", "geometry": {"type": "Polygon", "coordinates": [[[77.463592, 8.7115], [77.463106, 8.714162], [77.465634, 8.714071], [77.465756, 8.712837], [77.465734, 8.71272], [77.46484, 8.710982], [77.463592, 8.7115]]]}, "properties": {"parcel_id": "parcel_00447", "state": "Tamil Nadu", "district": "Tirunelveli District", "taluk": "Ambasamudram Taluk", "village": "Brahmadesam", "predicted_crop": "Paddy", "confidence": 0.9682, "area_sq_km": 0.0754, "area_ha": 7.54, "prob_paddy": 0.9682, "prob_banana": 0.019, "prob_other": 0.0128}}, {"type": "Feature", "geometry": {"type": "Polygon", "coordinates": [[[77.45903, 8.687247], [77.458802, 8.687443], [77.458779, 8.688017], [77.459213, 8.688111], [77.460512, 8.687895], [77.4606, 8.686606], [77.45903, 8.687247]]]}, "properties": {"parcel_id": "parcel_00448", "state": "Tamil Nadu", "district": "Tirunelveli District", "taluk": "Ambasamudram Taluk", "village": "Kallidaikurichi", "predicted_crop": "Other", "confidence": 0.8822, "area_sq_km": 0.022, "area_ha": 2.2, "prob_paddy": 0.064, "prob_banana": 0.0537, "prob_other": 0.8822}}, {"type": "Feature", "geometry": {"type": "Polygon", "coordinates": [[[77.51897, 8.711746], [77.517782, 8.711028], [77.517375, 8.712864], [77.517488, 8.713508], [77.518505, 8.714071], [77.518973, 8.71382], [77.519062, 8.7137], [77.51897, 8.711746]]]}, "properties": {"parcel_id": "parcel_00449", "state": "Tamil Nadu", "district": "Tirunelveli District", "taluk": "Cheranmahadevi Taluk", "village": "Veeravanallur", "predicted_crop": "Paddy", "confidence": 0.9257, "area_sq_km": 0.0451, "area_ha": 4.51, "prob_paddy": 0.9257, "prob_banana": 0.0381, "prob_other": 0.0361}}, {"type": "Feature", "geometry": {"type": "Polygon", "coordinates": [[[77.476859, 8.676458], [77.477955, 8.673796], [77.475109, 8.67333], [77.474676, 8.673657], [77.474239, 8.676183], [77.476859, 8.676458]]]}, "properties": {"parcel_id": "parcel_00450", "state": "Tamil Nadu", "district": "Tirunelveli District", "taluk": "Ambasamudram Taluk", "village": "Kallidaikurichi", "predicted_crop": "Other", "confidence": 0.8549, "area_sq_km": 0.1021, "area_ha": 10.21, "prob_paddy": 0.0613, "prob_banana": 0.0838, "prob_other": 0.8549}}, {"type": "Feature", "geometry": {"type": "Polygon", "coordinates": [[[77.498013, 8.686066], [77.498207, 8.685613], [77.498118, 8.683886], [77.497713, 8.683253], [77.497238, 8.683039], [77.496393, 8.682948], [77.495478, 8.684663], [77.49641, 8.686406], [77.49785, 8.686171], [77.498013, 8.686066]]]}, "properties": {"parcel_id": "parcel_00451", "state": "Tamil Nadu", "district": "Tirunelveli District", "taluk": "Ambasamudram Taluk", "village": "Veeravanallur", "predicted_crop": "Other", "confidence": 0.8987, "area_sq_km": 0.0849, "area_ha": 8.49, "prob_paddy": 0.0524, "prob_banana": 0.0489, "prob_other": 0.8987}}, {"type": "Feature", "geometry": {"type": "Polygon", "coordinates": [[[77.435136, 8.702011], [77.435734, 8.701853], [77.435768, 8.699373], [77.434142, 8.699772], [77.434021, 8.69993], [77.434344, 8.701506], [77.434733, 8.702], [77.435136, 8.702011]]]}, "properties": {"parcel_id": "parcel_00452", "state": "Tamil Nadu", "district": "Tirunelveli District", "taluk": "Ambasamudram Taluk", "village": "Ambasamudram", "predicted_crop": "Paddy", "confidence": 0.9617, "area_sq_km": 0.044, "area_ha": 4.4, "prob_paddy": 0.9617, "prob_banana": 0.0255, "prob_other": 0.0128}}, {"type": "Feature", "geometry": {"type": "Polygon", "coordinates": [[[77.540064, 8.701691], [77.539634, 8.70191], [77.539343, 8.70262], [77.5401, 8.703816], [77.541071, 8.70467], [77.541123, 8.704641], [77.542691, 8.701718], [77.541729, 8.701213], [77.540064, 8.701691]]]}, "properties": {"parcel_id": "parcel_00453", "state": "Tamil Nadu", "district": "Tirunelveli District", "taluk": "Cheranmahadevi Taluk", "village": "Ariyanayakipuram", "predicted_crop": "Paddy", "confidence": 0.9691, "area_sq_km": 0.0795, "area_ha": 7.95, "prob_paddy": 0.9691, "prob_banana": 0.0203, "prob_other": 0.0106}}, {"type": "Feature", "geometry": {"type": "Polygon", "coordinates": [[[77.459372, 8.698988], [77.460841, 8.697587], [77.45995, 8.697224], [77.45813, 8.697482], [77.458008, 8.697629], [77.459007, 8.699059], [77.459372, 8.698988]]]}, "properties": {"parcel_id": "parcel_00454", "state": "Tamil Nadu", "district": "Tirunelveli District", "taluk": "Ambasamudram Taluk", "village": "Kallidaikurichi", "predicted_crop": "Paddy", "confidence": 0.8619, "area_sq_km": 0.0353, "area_ha": 3.53, "prob_paddy": 0.8619, "prob_banana": 0.0853, "prob_other": 0.0528}}, {"type": "Feature", "geometry": {"type": "Polygon", "coordinates": [[[77.441291, 8.715388], [77.439699, 8.715772], [77.440551, 8.717416], [77.442802, 8.719203], [77.443659, 8.716188], [77.441291, 8.715388]]]}, "properties": {"parcel_id": "parcel_00455", "state": "Tamil Nadu", "district": "Tirunelveli District", "taluk": "Ambasamudram Taluk", "village": "Ambasamudram", "predicted_crop": "Paddy", "confidence": 0.9286, "area_sq_km": 0.1015, "area_ha": 10.15, "prob_paddy": 0.9286, "prob_banana": 0.0457, "prob_other": 0.0257}}, {"type": "Feature", "geometry": {"type": "Polygon", "coordinates": [[[77.436927, 8.68283], [77.437777, 8.682135], [77.437831, 8.681806], [77.437419, 8.681298], [77.435725, 8.679832], [77.433331, 8.680323], [77.433209, 8.680454], [77.433403, 8.680923], [77.435427, 8.682913], [77.436927, 8.68283]]]}, "properties": {"parcel_id": "parcel_00456", "state": "Tamil Nadu", "district": "Tirunelveli District", "taluk": "Ambasamudram Taluk", "village": "Ambasamudram", "predicted_crop": "Paddy", "confidence": 0.8645, "area_sq_km": 0.1061, "area_ha": 10.61, "prob_paddy": 0.8645, "prob_banana": 0.0789, "prob_other": 0.0566}}, {"type": "Feature", "geometry": {"type": "Polygon", "coordinates": [[[77.462187, 8.692717], [77.462523, 8.69604], [77.464218, 8.695704], [77.46511, 8.69433], [77.46231, 8.692537], [77.462187, 8.692717]]]}, "properties": {"parcel_id": "parcel_00457", "state": "Tamil Nadu", "district": "Tirunelveli District", "taluk": "Ambasamudram Taluk", "village": "Kallidaikurichi", "predicted_crop": "Banana", "confidence": 0.8369, "area_sq_km": 0.0726, "area_ha": 7.26, "prob_paddy": 0.0946, "prob_banana": 0.8369, "prob_other": 0.0685}}, {"type": "Feature", "geometry": {"type": "Polygon", "coordinates": [[[77.546179, 8.712677], [77.547178, 8.71107], [77.545457, 8.710397], [77.545063, 8.711262], [77.546179, 8.712677]]]}, "properties": {"parcel_id": "parcel_00458", "state": "Tamil Nadu", "district": "Tirunelveli District", "taluk": "Cheranmahadevi Taluk", "village": "Ariyanayakipuram", "predicted_crop": "Paddy", "confidence": 0.9238, "area_sq_km": 0.0302, "area_ha": 3.02, "prob_paddy": 0.9238, "prob_banana": 0.0421, "prob_other": 0.0342}}, {"type": "Feature", "geometry": {"type": "Polygon", "coordinates": [[[77.433519, 8.676441], [77.431285, 8.674912], [77.430314, 8.676939], [77.433495, 8.67662], [77.433511, 8.676578], [77.433519, 8.676441]]]}, "properties": {"parcel_id": "parcel_00459", "state": "Tamil Nadu", "district": "Tirunelveli District", "taluk": "Ambasamudram Taluk", "village": "Ambasamudram", "predicted_crop": "Banana", "confidence": 0.8251, "area_sq_km": 0.0401, "area_ha": 4.01, "prob_paddy": 0.1096, "prob_banana": 0.8251, "prob_other": 0.0653}}, {"type": "Feature", "geometry": {"type": "Polygon", "coordinates": [[[77.537717, 8.702702], [77.537333, 8.703018], [77.537337, 8.704677], [77.537903, 8.705007], [77.538009, 8.704858], [77.538791, 8.702842], [77.537717, 8.702702]]]}, "properties": {"parcel_id": "parcel_00460", "state": "Tamil Nadu", "district": "Tirunelveli District", "taluk": "Cheranmahadevi Taluk", "village": "Ariyanayakipuram", "predicted_crop": "Banana", "confidence": 0.9247, "area_sq_km": 0.027, "area_ha": 2.7, "prob_paddy": 0.0312, "prob_banana": 0.9247, "prob_other": 0.0441}}, {"type": "Feature", "geometry": {"type": "Polygon", "coordinates": [[[77.477905, 8.695929], [77.477587, 8.694973], [77.475765, 8.694268], [77.475496, 8.69454], [77.475488, 8.694557], [77.476383, 8.697069], [77.477542, 8.696529], [77.477905, 8.695929]]]}, "properties": {"parcel_id": "parcel_00461", "state": "Tamil Nadu", "district": "Tirunelveli District", "taluk": "Ambasamudram Taluk", "village": "Kallidaikurichi", "predicted_crop": "Banana", "confidence": 0.8272, "area_sq_km": 0.0484, "area_ha": 4.84, "prob_paddy": 0.1165, "prob_banana": 0.8272, "prob_other": 0.0563}}, {"type": "Feature", "geometry": {"type": "Polygon", "coordinates": [[[77.47993, 8.700675], [77.479106, 8.701563], [77.479922, 8.702922], [77.481496, 8.701884], [77.4815, 8.701508], [77.480308, 8.700667], [77.47993, 8.700675]]]}, "properties": {"parcel_id": "parcel_00462", "state": "Tamil Nadu", "district": "Tirunelveli District", "taluk": "Ambasamudram Taluk", "village": "Kallidaikurichi", "predicted_crop": "Banana", "confidence": 0.8904, "area_sq_km": 0.0383, "area_ha": 3.83, "prob_paddy": 0.0718, "prob_banana": 0.8904, "prob_other": 0.0378}}, {"type": "Feature", "geometry": {"type": "Polygon", "coordinates": [[[77.508951, 8.682145], [77.507881, 8.68135], [77.507475, 8.681234], [77.506828, 8.682746], [77.50843, 8.683525], [77.508561, 8.683498], [77.508951, 8.682145]]]}, "properties": {"parcel_id": "parcel_00463", "state": "Tamil Nadu", "district": "Tirunelveli District", "taluk": "Ambasamudram Taluk", "village": "Veeravanallur", "predicted_crop": "Banana", "confidence": 0.9149, "area_sq_km": 0.0353, "area_ha": 3.53, "prob_paddy": 0.043, "prob_banana": 0.9149, "prob_other": 0.0421}}, {"type": "Feature", "geometry": {"type": "Polygon", "coordinates": [[[77.456803, 8.689438], [77.458594, 8.688416], [77.458644, 8.688209], [77.456448, 8.687598], [77.456803, 8.689438]]]}, "properties": {"parcel_id": "parcel_00464", "state": "Tamil Nadu", "district": "Tirunelveli District", "taluk": "Ambasamudram Taluk", "village": "Kallidaikurichi", "predicted_crop": "Paddy", "confidence": 0.8965, "area_sq_km": 0.0252, "area_ha": 2.52, "prob_paddy": 0.8965, "prob_banana": 0.0607, "prob_other": 0.0428}}, {"type": "Feature", "geometry": {"type": "Polygon", "coordinates": [[[77.459592, 8.707203], [77.459473, 8.70671], [77.457047, 8.70725], [77.457539, 8.708107], [77.459383, 8.708826], [77.459592, 8.707203]]]}, "properties": {"parcel_id": "parcel_00465", "state": "Tamil Nadu", "district": "Tirunelveli District", "taluk": "Ambasamudram Taluk", "village": "Ambasamudram", "predicted_crop": "Banana", "confidence": 0.8918, "area_sq_km": 0.0402, "area_ha": 4.02, "prob_paddy": 0.0556, "prob_banana": 0.8918, "prob_other": 0.0526}}, {"type": "Feature", "geometry": {"type": "Polygon", "coordinates": [[[77.521699, 8.690384], [77.520725, 8.689522], [77.520749, 8.691444], [77.521819, 8.691859], [77.521699, 8.690384]]]}, "properties": {"parcel_id": "parcel_00466", "state": "Tamil Nadu", "district": "Tirunelveli District", "taluk": "Cheranmahadevi Taluk", "village": "Veeravanallur", "predicted_crop": "Banana", "confidence": 0.877, "area_sq_km": 0.0206, "area_ha": 2.06, "prob_paddy": 0.0699, "prob_banana": 0.877, "prob_other": 0.0531}}, {"type": "Feature", "geometry": {"type": "Polygon", "coordinates": [[[77.465407, 8.691273], [77.467051, 8.690522], [77.467151, 8.690399], [77.466524, 8.687276], [77.465071, 8.687941], [77.465104, 8.691146], [77.465407, 8.691273]]]}, "properties": {"parcel_id": "parcel_00467", "state": "Tamil Nadu", "district": "Tirunelveli District", "taluk": "Ambasamudram Taluk", "village": "Kallidaikurichi", "predicted_crop": "Banana", "confidence": 0.8924, "area_sq_km": 0.074, "area_ha": 7.4, "prob_paddy": 0.0649, "prob_banana": 0.8924, "prob_other": 0.0428}}, {"type": "Feature", "geometry": {"type": "Polygon", "coordinates": [[[77.474343, 8.702539], [77.474942, 8.698847], [77.474879, 8.698825], [77.474063, 8.699139], [77.473121, 8.700371], [77.473619, 8.702392], [77.474343, 8.702539]]]}, "properties": {"parcel_id": "parcel_00468", "state": "Tamil Nadu", "district": "Tirunelveli District", "taluk": "Ambasamudram Taluk", "village": "Kallidaikurichi", "predicted_crop": "Paddy", "confidence": 0.962, "area_sq_km": 0.049, "area_ha": 4.9, "prob_paddy": 0.962, "prob_banana": 0.03, "prob_other": 0.008}}, {"type": "Feature", "geometry": {"type": "Polygon", "coordinates": [[[77.515831, 8.677973], [77.513802, 8.679574], [77.515215, 8.681011], [77.516402, 8.681834], [77.517698, 8.68013], [77.51732, 8.678601], [77.515831, 8.677973]]]}, "properties": {"parcel_id": "parcel_00469", "state": "Tamil Nadu", "district": "Tirunelveli District", "taluk": "Cheranmahadevi Taluk", "village": "Veeravanallur", "predicted_crop": "Paddy", "confidence": 0.9486, "area_sq_km": 0.1054, "area_ha": 10.54, "prob_paddy": 0.9486, "prob_banana": 0.0367, "prob_other": 0.0147}}, {"type": "Feature", "geometry": {"type": "Polygon", "coordinates": [[[77.438692, 8.682859], [77.43779, 8.68216], [77.436947, 8.682848], [77.437558, 8.685283], [77.438022, 8.685353], [77.438793, 8.683287], [77.438692, 8.682859]]]}, "properties": {"parcel_id": "parcel_00470", "state": "Tamil Nadu", "district": "Tirunelveli District", "taluk": "Ambasamudram Taluk", "village": "Ambasamudram", "predicted_crop": "Paddy", "confidence": 0.9529, "area_sq_km": 0.0438, "area_ha": 4.38, "prob_paddy": 0.9529, "prob_banana": 0.0316, "prob_other": 0.0155}}, {"type": "Feature", "geometry": {"type": "Polygon", "coordinates": [[[77.494675, 8.684613], [77.494655, 8.683184], [77.493151, 8.683639], [77.49377, 8.685027], [77.494675, 8.684613]]]}, "properties": {"parcel_id": "parcel_00471", "state": "Tamil Nadu", "district": "Tirunelveli District", "taluk": "Ambasamudram Taluk", "village": "Veeravanallur", "predicted_crop": "Banana", "confidence": 0.9005, "area_sq_km": 0.0224, "area_ha": 2.24, "prob_paddy": 0.0419, "prob_banana": 0.9005, "prob_other": 0.0577}}, {"type": "Feature", "geometry": {"type": "Polygon", "coordinates": [[[77.532306, 8.689476], [77.532378, 8.689209], [77.52971, 8.687728], [77.529497, 8.687866], [77.530357, 8.690498], [77.532306, 8.689476]]]}, "properties": {"parcel_id": "parcel_00472", "state": "Tamil Nadu", "district": "Tirunelveli District", "taluk": "Cheranmahadevi Taluk", "village": "Veeravanallur", "predicted_crop": "Paddy", "confidence": 0.9224, "area_sq_km": 0.046, "area_ha": 4.6, "prob_paddy": 0.9224, "prob_banana": 0.0408, "prob_other": 0.0369}}, {"type": "Feature", "geometry": {"type": "Polygon", "coordinates": [[[77.496045, 8.673813], [77.495815, 8.672537], [77.494078, 8.671892], [77.492959, 8.672504], [77.492779, 8.674231], [77.492789, 8.674242], [77.495558, 8.674242], [77.496045, 8.673813]]]}, "properties": {"parcel_id": "parcel_00473", "state": "Tamil Nadu", "district": "Tirunelveli District", "taluk": "Ambasamudram Taluk", "village": "Kallidaikurichi", "predicted_crop": "Banana", "confidence": 0.8545, "area_sq_km": 0.0744, "area_ha": 7.44, "prob_paddy": 0.0765, "prob_banana": 0.8545, "prob_other": 0.069}}, {"type": "Feature", "geometry": {"type": "Polygon", "coordinates": [[[77.485065, 8.683691], [77.483706, 8.684968], [77.484073, 8.685801], [77.485095, 8.68569], [77.486142, 8.684904], [77.485148, 8.683733], [77.485065, 8.683691]]]}, "properties": {"parcel_id": "parcel_00474", "state": "Tamil Nadu", "district": "Tirunelveli District", "taluk": "Ambasamudram Taluk", "village": "Kallidaikurichi", "predicted_crop": "Banana", "confidence": 0.943, "area_sq_km": 0.0355, "area_ha": 3.55, "prob_paddy": 0.0263, "prob_banana": 0.943, "prob_other": 0.0306}}, {"type": "Feature", "geometry": {"type": "Polygon", "coordinates": [[[77.530376, 8.682011], [77.532091, 8.680619], [77.531654, 8.678542], [77.52854, 8.681064], [77.529414, 8.681894], [77.530376, 8.682011]]]}, "properties": {"parcel_id": "parcel_00475", "state": "Tamil Nadu", "district": "Tirunelveli District", "taluk": "Cheranmahadevi Taluk", "village": "Veeravanallur", "predicted_crop": "Paddy", "confidence": 0.8749, "area_sq_km": 0.0758, "area_ha": 7.58, "prob_paddy": 0.8749, "prob_banana": 0.0832, "prob_other": 0.0419}}, {"type": "Feature", "geometry": {"type": "Polygon", "coordinates": [[[77.492987, 8.695295], [77.491454, 8.693636], [77.490384, 8.696398], [77.490354, 8.696642], [77.490479, 8.696687], [77.492858, 8.69551], [77.492987, 8.695295]]]}, "properties": {"parcel_id": "parcel_00476", "state": "Tamil Nadu", "district": "Tirunelveli District", "taluk": "Ambasamudram Taluk", "village": "Kallidaikurichi", "predicted_crop": "Paddy", "confidence": 0.9663, "area_sq_km": 0.0442, "area_ha": 4.42, "prob_paddy": 0.9663, "prob_banana": 0.0215, "prob_other": 0.0122}}, {"type": "Feature", "geometry": {"type": "Polygon", "coordinates": [[[77.508436, 8.683551], [77.506983, 8.685061], [77.507926, 8.686031], [77.509429, 8.684257], [77.508568, 8.683524], [77.508436, 8.683551]]]}, "properties": {"parcel_id": "parcel_00477", "state": "Tamil Nadu", "district": "Tirunelveli District", "taluk": "Ambasamudram Taluk", "village": "Veeravanallur", "predicted_crop": "Paddy", "confidence": 0.9408, "area_sq_km": 0.0352, "area_ha": 3.52, "prob_paddy": 0.9408, "prob_banana": 0.0403, "prob_other": 0.0188}}, {"type": "Feature", "geometry": {"type": "Polygon", "coordinates": [[[77.516726, 8.691525], [77.517373, 8.693114], [77.518983, 8.692366], [77.519472, 8.689848], [77.518364, 8.689424], [77.517218, 8.689508], [77.516746, 8.690075], [77.516726, 8.691525]]]}, "properties": {"parcel_id": "parcel_00478", "state": "Tamil Nadu", "district": "Tirunelveli District", "taluk": "Cheranmahadevi Taluk", "village": "Veeravanallur", "predicted_crop": "Banana", "confidence": 0.8979, "area_sq_km": 0.092, "area_ha": 9.2, "prob_paddy": 0.0568, "prob_banana": 0.8979, "prob_other": 0.0452}}, {"type": "Feature", "geometry": {"type": "Polygon", "coordinates": [[[77.510815, 8.685728], [77.510417, 8.686909], [77.510428, 8.686928], [77.512728, 8.687367], [77.513727, 8.686798], [77.513685, 8.686666], [77.510815, 8.685728]]]}, "properties": {"parcel_id": "parcel_00479", "state": "Tamil Nadu", "district": "Tirunelveli District", "taluk": "Cheranmahadevi Taluk", "village": "Veeravanallur", "predicted_crop": "Banana", "confidence": 0.9204, "area_sq_km": 0.0366, "area_ha": 3.66, "prob_paddy": 0.032, "prob_banana": 0.9204, "prob_other": 0.0476}}, {"type": "Feature", "geometry": {"type": "Polygon", "coordinates": [[[77.532716, 8.710555], [77.532266, 8.709981], [77.529948, 8.709525], [77.528867, 8.710385], [77.528211, 8.711942], [77.528472, 8.712398], [77.529392, 8.712737], [77.530681, 8.712691], [77.532716, 8.710555]]]}, "properties": {"parcel_id": "parcel_00480", "state": "Tamil Nadu", "district": "Tirunelveli District", "taluk": "Cheranmahadevi Taluk", "village": "Ariyanayakipuram", "predicted_crop": "Banana", "confidence": 0.8922, "area_sq_km": 0.1153, "area_ha": 11.53, "prob_paddy": 0.0721, "prob_banana": 0.8922, "prob_other": 0.0358}}, {"type": "Feature", "geometry": {"type": "Polygon", "coordinates": [[[77.436698, 8.689385], [77.437479, 8.6887], [77.436173, 8.686599], [77.433158, 8.687067], [77.433007, 8.687292], [77.433218, 8.68782], [77.435025, 8.68897], [77.436698, 8.689385]]]}, "properties": {"parcel_id": "parcel_00481", "state": "Tamil Nadu", "district": "Tirunelveli District", "taluk": "Ambasamudram Taluk", "village": "Ambasamudram", "predicted_crop": "Paddy", "confidence": 0.8705, "area_sq_km": 0.0914, "area_ha": 9.14, "prob_paddy": 0.8705, "prob_banana": 0.0785, "prob_other": 0.051}}, {"type": "Feature", "geometry": {"type": "Polygon", "coordinates": [[[77.46486, 8.710963], [77.46575, 8.71269], [77.467446, 8.71054], [77.464911, 8.710709], [77.46486, 8.710963]]]}, "properties": {"parcel_id": "parcel_00482", "state": "Tamil Nadu", "district": "Tirunelveli District", "taluk": "Ambasamudram Taluk", "village": "Brahmadesam", "predicted_crop": "Paddy", "confidence": 0.935, "area_sq_km": 0.0334, "area_ha": 3.34, "prob_paddy": 0.935, "prob_banana": 0.05, "prob_other": 0.015}}, {"type": "Feature", "geometry": {"type": "Polygon", "coordinates": [[[77.487814, 8.70285], [77.486312, 8.70256], [77.485308, 8.702986], [77.485137, 8.703372], [77.485265, 8.703696], [77.48767, 8.704423], [77.487814, 8.70285]]]}, "properties": {"parcel_id": "parcel_00483", "state": "Tamil Nadu", "district": "Tirunelveli District", "taluk": "Ambasamudram Taluk", "village": "Thiruppudaimaruthur", "predicted_crop": "Paddy", "confidence": 0.8786, "area_sq_km": 0.0408, "area_ha": 4.08, "prob_paddy": 0.8786, "prob_banana": 0.0772, "prob_other": 0.0442}}, {"type": "Feature", "geometry": {"type": "Polygon", "coordinates": [[[77.478206, 8.703419], [77.478818, 8.701676], [77.477479, 8.70109], [77.477221, 8.701058], [77.477252, 8.702939], [77.478206, 8.703419]]]}, "properties": {"parcel_id": "parcel_00484", "state": "Tamil Nadu", "district": "Tirunelveli District", "taluk": "Ambasamudram Taluk", "village": "Kallidaikurichi", "predicted_crop": "Banana", "confidence": 0.9473, "area_sq_km": 0.0308, "area_ha": 3.08, "prob_paddy": 0.0361, "prob_banana": 0.9473, "prob_other": 0.0166}}, {"type": "Feature", "geometry": {"type": "Polygon", "coordinates": [[[77.533828, 8.711503], [77.533102, 8.71075], [77.532517, 8.713535], [77.533774, 8.713883], [77.533828, 8.711503]]]}, "properties": {"parcel_id": "parcel_00485", "state": "Tamil Nadu", "district": "Tirunelveli District", "taluk": "Cheranmahadevi Taluk", "village": "Ariyanayakipuram", "predicted_crop": "Paddy", "confidence": 0.9718, "area_sq_km": 0.0334, "area_ha": 3.34, "prob_paddy": 0.9718, "prob_banana": 0.0162, "prob_other": 0.012}}, {"type": "Feature", "geometry": {"type": "Polygon", "coordinates": [[[77.515828, 8.696934], [77.515451, 8.696242], [77.513508, 8.696517], [77.513033, 8.696942], [77.513098, 8.697201], [77.514744, 8.69896], [77.515393, 8.698994], [77.515696, 8.698824], [77.515828, 8.696934]]]}, "properties": {"parcel_id": "parcel_00486", "state": "Tamil Nadu", "district": "Tirunelveli District", "taluk": "Cheranmahadevi Taluk", "village": "Veeravanallur", "predicted_crop": "Paddy", "confidence": 0.9532, "area_sq_km": 0.064, "area_ha": 6.4, "prob_paddy": 0.9532, "prob_banana": 0.0248, "prob_other": 0.0221}}, {"type": "Feature", "geometry": {"type": "Polygon", "coordinates": [[[77.478968, 8.69421], [77.478886, 8.693657], [77.477104, 8.692303], [77.476931, 8.692251], [77.476136, 8.692531], [77.475768, 8.692913], [77.475775, 8.694243], [77.477597, 8.694948], [77.478968, 8.69421]]]}, "properties": {"parcel_id": "parcel_00487", "state": "Tamil Nadu", "district": "Tirunelveli District", "taluk": "Ambasamudram Taluk", "village": "Kallidaikurichi", "predicted_crop": "Banana", "confidence": 0.9071, "area_sq_km": 0.07, "area_ha": 7.0, "prob_paddy": 0.0593, "prob_banana": 0.9071, "prob_other": 0.0336}}, {"type": "Feature", "geometry": {"type": "Polygon", "coordinates": [[[77.474058, 8.696568], [77.475248, 8.694806], [77.472555, 8.695027], [77.471641, 8.696259], [77.474058, 8.696568]]]}, "properties": {"parcel_id": "parcel_00488", "state": "Tamil Nadu", "district": "Tirunelveli District", "taluk": "Ambasamudram Taluk", "village": "Kallidaikurichi", "predicted_crop": "Paddy", "confidence": 0.9245, "area_sq_km": 0.0472, "area_ha": 4.72, "prob_paddy": 0.9245, "prob_banana": 0.053, "prob_other": 0.0224}}, {"type": "Feature", "geometry": {"type": "Polygon", "coordinates": [[[77.460515, 8.687922], [77.459244, 8.688133], [77.460814, 8.689472], [77.460903, 8.689245], [77.460515, 8.687922]]]}, "properties": {"parcel_id": "parcel_00489", "state": "Tamil Nadu", "district": "Tirunelveli District", "taluk": "Ambasamudram Taluk", "village": "Kallidaikurichi", "predicted_crop": "Banana", "confidence": 0.9565, "area_sq_km": 0.0136, "area_ha": 1.36, "prob_paddy": 0.0223, "prob_banana": 0.9565, "prob_other": 0.0212}}, {"type": "Feature", "geometry": {"type": "Polygon", "coordinates": [[[77.438857, 8.69257], [77.441637, 8.693591], [77.441836, 8.692423], [77.440663, 8.690846], [77.438461, 8.691947], [77.438857, 8.69257]]]}, "properties": {"parcel_id": "parcel_00490", "state": "Tamil Nadu", "district": "Tirunelveli District", "taluk": "Ambasamudram Taluk", "village": "Ambasamudram", "predicted_crop": "Paddy", "confidence": 0.8967, "area_sq_km": 0.0617, "area_ha": 6.17, "prob_paddy": 0.8967, "prob_banana": 0.0701, "prob_other": 0.0332}}, {"type": "Feature", "geometry": {"type": "Polygon", "coordinates": [[[77.479161, 8.705813], [77.478781, 8.706386], [77.478786, 8.706598], [77.479482, 8.707968], [77.482031, 8.709107], [77.482911, 8.708706], [77.482488, 8.706884], [77.479161, 8.705813]]]}, "properties": {"parcel_id": "parcel_00491", "state": "Tamil Nadu", "district": "Tirunelveli District", "taluk": "Ambasamudram Taluk", "village": "Thiruppudaimaruthur", "predicted_crop": "Paddy", "confidence": 0.9725, "area_sq_km": 0.097, "area_ha": 9.7, "prob_paddy": 0.9725, "prob_banana": 0.0215, "prob_other": 0.006}}, {"type": "Feature", "geometry": {"type": "Polygon", "coordinates": [[[77.494104, 8.689334], [77.494525, 8.688461], [77.494466, 8.687721], [77.49333, 8.686745], [77.49196, 8.686603], [77.491424, 8.687045], [77.491441, 8.688693], [77.492117, 8.689098], [77.494104, 8.689334]]]}, "properties": {"parcel_id": "parcel_00492", "state": "Tamil Nadu", "district": "Tirunelveli District", "taluk": "Ambasamudram Taluk", "village": "Kallidaikurichi", "predicted_crop": "Banana", "confidence": 0.8657, "area_sq_km": 0.0817, "area_ha": 8.17, "prob_paddy": 0.0935, "prob_banana": 0.8657, "prob_other": 0.0408}}, {"type": "Feature", "geometry": {"type": "Polygon", "coordinates": [[[77.445891, 8.683124], [77.447596, 8.683774], [77.448059, 8.682702], [77.445524, 8.681048], [77.445309, 8.681001], [77.445891, 8.683124]]]}, "properties": {"parcel_id": "parcel_00493", "state": "Tamil Nadu", "district": "Tirunelveli District", "taluk": "Ambasamudram Taluk", "village": "Kallidaikurichi", "predicted_crop": "Paddy", "confidence": 0.9738, "area_sq_km": 0.0439, "area_ha": 4.39, "prob_paddy": 0.9738, "prob_banana": 0.0149, "prob_other": 0.0113}}, {"type": "Feature", "geometry": {"type": "Polygon", "coordinates": [[[77.520368, 8.682741], [77.519628, 8.684345], [77.522033, 8.684768], [77.522476, 8.682887], [77.520368, 8.682741]]]}, "properties": {"parcel_id": "parcel_00494", "state": "Tamil Nadu", "district": "Tirunelveli District", "taluk": "Cheranmahadevi Taluk", "village": "Veeravanallur", "predicted_crop": "Other", "confidence": 0.8688, "area_sq_km": 0.05, "area_ha": 5.0, "prob_paddy": 0.0623, "prob_banana": 0.0689, "prob_other": 0.8688}}, {"type": "Feature", "geometry": {"type": "Polygon", "coordinates": [[[77.437072, 8.708858], [77.437486, 8.709597], [77.438432, 8.709196], [77.439678, 8.707162], [77.439886, 8.706204], [77.439871, 8.706121], [77.438698, 8.705458], [77.436612, 8.707828], [77.437072, 8.708858]]]}, "properties": {"parcel_id": "parcel_00495", "state": "Tamil Nadu", "district": "Tirunelveli District", "taluk": "Ambasamudram Taluk", "village": "Ambasamudram", "predicted_crop": "Paddy", "confidence": 0.9618, "area_sq_km": 0.09, "area_ha": 9.0, "prob_paddy": 0.9618, "prob_banana": 0.0265, "prob_other": 0.0117}}, {"type": "Feature", "geometry": {"type": "Polygon", "coordinates": [[[77.476639, 8.685507], [77.477527, 8.686475], [77.478142, 8.685225], [77.477799, 8.684644], [77.477184, 8.684567], [77.476587, 8.685371], [77.476639, 8.685507]]]}, "properties": {"parcel_id": "parcel_00496", "state": "Tamil Nadu", "district": "Tirunelveli District", "taluk": "Ambasamudram Taluk", "village": "Kallidaikurichi", "predicted_crop": "Paddy", "confidence": 0.9747, "area_sq_km": 0.0208, "area_ha": 2.08, "prob_paddy": 0.9747, "prob_banana": 0.0177, "prob_other": 0.0075}}, {"type": "Feature", "geometry": {"type": "Polygon", "coordinates": [[[77.4749, 8.684922], [77.47384, 8.685519], [77.474275, 8.686602], [77.474643, 8.687069], [77.47654, 8.685376], [77.4749, 8.684922]]]}, "properties": {"parcel_id": "parcel_00497", "state": "Tamil Nadu", "district": "Tirunelveli District", "taluk": "Ambasamudram Taluk", "village": "Kallidaikurichi", "predicted_crop": "Paddy", "confidence": 0.9021, "area_sq_km": 0.0363, "area_ha": 3.63, "prob_paddy": 0.9021, "prob_banana": 0.0626, "prob_other": 0.0353}}, {"type": "Feature", "geometry": {"type": "Polygon", "coordinates": [[[77.454006, 8.686994], [77.451453, 8.686376], [77.45128, 8.686574], [77.451623, 8.689578], [77.4529, 8.69029], [77.453471, 8.690328], [77.453883, 8.689512], [77.454006, 8.686994]]]}, "properties": {"parcel_id": "parcel_00498", "state": "Tamil Nadu", "district": "Tirunelveli District", "taluk": "Ambasamudram Taluk", "village": "Kallidaikurichi", "predicted_crop": "Paddy", "confidence": 0.9051, "area_sq_km": 0.1006, "area_ha": 10.06, "prob_paddy": 0.9051, "prob_banana": 0.0691, "prob_other": 0.0258}}, {"type": "Feature", "geometry": {"type": "Polygon", "coordinates": [[[77.487963, 8.712435], [77.487725, 8.712238], [77.485095, 8.712295], [77.485679, 8.713295], [77.486975, 8.713946], [77.487787, 8.7141], [77.487957, 8.71295], [77.487963, 8.712435]]]}, "properties": {"parcel_id": "parcel_00499", "state": "Tamil Nadu", "district": "Tirunelveli District", "taluk": "Ambasamudram Taluk", "village": "Thiruppudaimaruthur", "predicted_crop": "Other", "confidence": 0.8813, "area_sq_km": 0.0449, "area_ha": 4.49, "prob_paddy": 0.0688, "prob_banana": 0.0499, "prob_other": 0.8813}}, {"type": "Feature", "geometry": {"type": "Polygon", "coordinates": [[[77.473608, 8.666205], [77.473479, 8.666387], [77.473538, 8.666726], [77.47469, 8.666984], [77.47529, 8.666884], [77.477957, 8.664712], [77.477074, 8.664312], [77.475203, 8.664131], [77.473608, 8.666205]]]}, "properties": {"parcel_id": "parcel_00500", "state": "Tamil Nadu", "district": "Tirunelveli District", "taluk": "Ambasamudram Taluk", "village": "Kallidaikurichi", "predicted_crop": "Banana", "confidence": 0.851, "area_sq_km": 0.0849, "area_ha": 8.49, "prob_paddy": 0.0631, "prob_banana": 0.851, "prob_other": 0.0858}}, {"type": "Feature", "geometry": {"type": "Polygon", "coordinates": [[[77.458723, 8.710198], [77.459459, 8.708985], [77.459451, 8.708959], [77.459385, 8.708856], [77.457535, 8.708134], [77.45631, 8.710039], [77.456628, 8.711276], [77.458723, 8.710198]]]}, "properties": {"parcel_id": "parcel_00501", "state": "Tamil Nadu", "district": "Tirunelveli District", "taluk": "Ambasamudram Taluk", "village": "Ambasamudram", "predicted_crop": "Banana", "confidence": 0.9597, "area_sq_km": 0.0662, "area_ha": 6.62, "prob_paddy": 0.0246, "prob_banana": 0.9597, "prob_other": 0.0157}}, {"type": "Feature", "geometry": {"type": "Polygon", "coordinates": [[[77.449714, 8.697786], [77.451583, 8.697202], [77.451098, 8.695456], [77.450952, 8.695453], [77.44899, 8.696854], [77.449714, 8.697786]]]}, "properties": {"parcel_id": "parcel_00502", "state": "Tamil Nadu", "district": "Tirunelveli District", "taluk": "Ambasamudram Taluk", "village": "Ambasamudram", "predicted_crop": "Paddy", "confidence": 0.9681, "area_sq_km": 0.041, "area_ha": 4.1, "prob_paddy": 0.9681, "prob_banana": 0.0255, "prob_other": 0.0064}}, {"type": "Feature", "geometry": {"type": "Polygon", "coordinates": [[[77.536763, 8.714525], [77.53787, 8.714278], [77.537854, 8.714253], [77.535607, 8.711896], [77.534621, 8.714508], [77.536763, 8.714525]]]}, "properties": {"parcel_id": "parcel_00503", "state": "Tamil Nadu", "district": "Tirunelveli District", "taluk": "Cheranmahadevi Taluk", "village": "Ariyanayakipuram", "predicted_crop": "Other", "confidence": 0.9081, "area_sq_km": 0.0538, "area_ha": 5.38, "prob_paddy": 0.0531, "prob_banana": 0.0387, "prob_other": 0.9081}}, {"type": "Feature", "geometry": {"type": "Polygon", "coordinates": [[[77.443693, 8.713104], [77.443738, 8.713061], [77.444366, 8.712103], [77.442877, 8.709147], [77.442363, 8.709267], [77.441298, 8.710526], [77.44113, 8.711813], [77.443461, 8.71305], [77.443693, 8.713104]]]}, "properties": {"parcel_id": "parcel_00504", "state": "Tamil Nadu", "district": "Tirunelveli District", "taluk": "Ambasamudram Taluk", "village": "Ambasamudram", "predicted_crop": "Paddy", "confidence": 0.8647, "area_sq_km": 0.0918, "area_ha": 9.18, "prob_paddy": 0.8647, "prob_banana": 0.0996, "prob_other": 0.0357}}, {"type": "Feature", "geometry": {"type": "Polygon", "coordinates": [[[77.433165, 8.687038], [77.436172, 8.686572], [77.436787, 8.685661], [77.435137, 8.684166], [77.43327, 8.685718], [77.433165, 8.687038]]]}, "properties": {"parcel_id": "parcel_00505", "state": "Tamil Nadu", "district": "Tirunelveli District", "taluk": "Ambasamudram Taluk", "village": "Ambasamudram", "predicted_crop": "Banana", "confidence": 0.8453, "area_sq_km": 0.0758, "area_ha": 7.58, "prob_paddy": 0.0777, "prob_banana": 0.8453, "prob_other": 0.077}}, {"type": "Feature", "geometry": {"type": "Polygon", "coordinates": [[[77.443446, 8.67711], [77.443171, 8.676264], [77.442234, 8.676439], [77.441431, 8.678806], [77.443446, 8.67711]]]}, "properties": {"parcel_id": "parcel_00506", "state": "Tamil Nadu", "district": "Tirunelveli District", "taluk": "Ambasamudram Taluk", "village": "Kallidaikurichi", "predicted_crop": "Banana", "confidence": 0.9486, "area_sq_km": 0.0259, "area_ha": 2.59, "prob_paddy": 0.0282, "prob_banana": 0.9486, "prob_other": 0.0233}}, {"type": "Feature", "geometry": {"type": "Polygon", "coordinates": [[[77.541246, 8.69342], [77.540775, 8.694285], [77.542066, 8.694774], [77.542679, 8.694291], [77.542652, 8.694156], [77.541632, 8.693593], [77.541246, 8.69342]]]}, "properties": {"parcel_id": "parcel_00507", "state": "Tamil Nadu", "district": "Tirunelveli District", "taluk": "Cheranmahadevi Taluk", "village": "Veeravanallur", "predicted_crop": "Paddy", "confidence": 0.9403, "area_sq_km": 0.017, "area_ha": 1.7, "prob_paddy": 0.9403, "prob_banana": 0.0382, "prob_other": 0.0214}}, {"type": "Feature", "geometry": {"type": "Polygon", "coordinates": [[[77.433269, 8.709202], [77.43305, 8.70963], [77.433732, 8.711062], [77.433985, 8.711052], [77.435133, 8.710381], [77.435087, 8.709407], [77.435059, 8.709309], [77.433608, 8.709112], [77.433269, 8.709202]]]}, "properties": {"parcel_id": "parcel_00508", "state": "Tamil Nadu", "district": "Tirunelveli District", "taluk": "Ambasamudram Taluk", "village": "Ambasamudram", "predicted_crop": "Paddy", "confidence": 0.8946, "area_sq_km": 0.0354, "area_ha": 3.54, "prob_paddy": 0.8946, "prob_banana": 0.0613, "prob_other": 0.0442}}, {"type": "Feature", "geometry": {"type": "Polygon", "coordinates": [[[77.534178, 8.690307], [77.533446, 8.691171], [77.533608, 8.691971], [77.53389, 8.692363], [77.534641, 8.692376], [77.535578, 8.691865], [77.53568, 8.691316], [77.535628, 8.691183], [77.534178, 8.690307]]]}, "properties": {"parcel_id": "parcel_00509", "state": "Tamil Nadu", "district": "Tirunelveli District", "taluk": "Cheranmahadevi Taluk", "village": "Veeravanallur", "predicted_crop": "Paddy", "confidence": 0.9085, "area_sq_km": 0.0379, "area_ha": 3.79, "prob_paddy": 0.9085, "prob_banana": 0.0651, "prob_other": 0.0264}}, {"type": "Feature", "geometry": {"type": "Polygon", "coordinates": [[[77.467589, 8.695295], [77.468162, 8.697771], [77.469468, 8.694591], [77.468273, 8.694775], [77.467589, 8.695295]]]}, "properties": {"parcel_id": "parcel_00510", "state": "Tamil Nadu", "district": "Tirunelveli District", "taluk": "Ambasamudram Taluk", "village": "Kallidaikurichi", "predicted_crop": "Banana", "confidence": 0.9418, "area_sq_km": 0.0338, "area_ha": 3.38, "prob_paddy": 0.0234, "prob_banana": 0.9418, "prob_other": 0.0348}}, {"type": "Feature", "geometry": {"type": "Polygon", "coordinates": [[[77.509613, 8.701148], [77.507958, 8.70187], [77.50759, 8.702574], [77.507637, 8.703082], [77.508856, 8.70415], [77.509086, 8.704262], [77.510136, 8.703349], [77.510855, 8.701493], [77.509613, 8.701148]]]}, "properties": {"parcel_id": "parcel_00511", "state": "Tamil Nadu", "district": "Tirunelveli District", "taluk": "Ambasamudram Taluk", "village": "Veeravanallur", "predicted_crop": "Paddy", "confidence": 0.9477, "area_sq_km": 0.0766, "area_ha": 7.66, "prob_paddy": 0.9477, "prob_banana": 0.0416, "prob_other": 0.0107}}, {"type": "Feature", "geometry": {"type": "Polygon", "coordinates": [[[77.51268, 8.692296], [77.512859, 8.693026], [77.512905, 8.693085], [77.514414, 8.692888], [77.514801, 8.691409], [77.513811, 8.690682], [77.51268, 8.692296]]]}, "properties": {"parcel_id": "parcel_00512", "state": "Tamil Nadu", "district": "Tirunelveli District", "taluk": "Cheranmahadevi Taluk", "village": "Veeravanallur", "predicted_crop": "Paddy", "confidence": 0.8677, "area_sq_km": 0.0394, "area_ha": 3.94, "prob_paddy": 0.8677, "prob_banana": 0.0825, "prob_other": 0.0499}}, {"type": "Feature", "geometry": {"type": "Polygon", "coordinates": [[[77.469217, 8.671885], [77.467535, 8.671888], [77.464797, 8.672562], [77.468453, 8.675449], [77.469017, 8.6752], [77.469287, 8.674784], [77.469217, 8.671885]]]}, "properties": {"parcel_id": "parcel_00513", "state": "Tamil Nadu", "district": "Tirunelveli District", "taluk": "Ambasamudram Taluk", "village": "Kallidaikurichi", "predicted_crop": "Paddy", "confidence": 0.9, "area_sq_km": 0.1157, "area_ha": 11.57, "prob_paddy": 0.9, "prob_banana": 0.0513, "prob_other": 0.0487}}, {"type": "Feature", "geometry": {"type": "Polygon", "coordinates": [[[77.48437, 8.680783], [77.483308, 8.681482], [77.482981, 8.683136], [77.484799, 8.683093], [77.485264, 8.68156], [77.48437, 8.680783]]]}, "properties": {"parcel_id": "parcel_00514", "state": "Tamil Nadu", "district": "Tirunelveli District", "taluk": "Ambasamudram Taluk", "village": "Kallidaikurichi", "predicted_crop": "Paddy", "confidence": 0.9228, "area_sq_km": 0.0456, "area_ha": 4.56, "prob_paddy": 0.9228, "prob_banana": 0.0517, "prob_other": 0.0255}}, {"type": "Feature", "geometry": {"type": "Polygon", "coordinates": [[[77.466609, 8.715171], [77.469844, 8.716672], [77.470286, 8.715391], [77.469301, 8.714153], [77.466609, 8.715171]]]}, "properties": {"parcel_id": "parcel_00515", "state": "Tamil Nadu", "district": "Tirunelveli District", "taluk": "Ambasamudram Taluk", "village": "Brahmadesam", "predicted_crop": "Other", "confidence": 0.8322, "area_sq_km": 0.0557, "area_ha": 5.57, "prob_paddy": 0.0712, "prob_banana": 0.0967, "prob_other": 0.8322}}, {"type": "Feature", "geometry": {"type": "Polygon", "coordinates": [[[77.502139, 8.693183], [77.50409, 8.692772], [77.503686, 8.691598], [77.503588, 8.691495], [77.502144, 8.691098], [77.502003, 8.6913], [77.502139, 8.693183]]]}, "properties": {"parcel_id": "parcel_00516", "state": "Tamil Nadu", "district": "Tirunelveli District", "taluk": "Ambasamudram Taluk", "village": "Veeravanallur", "predicted_crop": "Banana", "confidence": 0.8961, "area_sq_km": 0.037, "area_ha": 3.7, "prob_paddy": 0.053, "prob_banana": 0.8961, "prob_other": 0.051}}, {"type": "Feature", "geometry": {"type": "Polygon", "coordinates": [[[77.544657, 8.701842], [77.546013, 8.701541], [77.54638, 8.701217], [77.547558, 8.697783], [77.547543, 8.697768], [77.544389, 8.69907], [77.544381, 8.701642], [77.544657, 8.701842]]]}, "properties": {"parcel_id": "parcel_00517", "state": "Tamil Nadu", "district": "Tirunelveli District", "taluk": "Cheranmahadevi Taluk", "village": "Ariyanayakipuram", "predicted_crop": "Paddy", "confidence": 0.9486, "area_sq_km": 0.0939, "area_ha": 9.39, "prob_paddy": 0.9486, "prob_banana": 0.0409, "prob_other": 0.0105}}, {"type": "Feature", "geometry": {"type": "Polygon", "coordinates": [[[77.487277, 8.691059], [77.486857, 8.69], [77.486738, 8.689958], [77.485021, 8.691104], [77.484858, 8.692596], [77.487046, 8.691646], [77.487277, 8.691059]]]}, "properties": {"parcel_id": "parcel_00518", "state": "Tamil Nadu", "district": "Tirunelveli District", "taluk": "Ambasamudram Taluk", "village": "Kallidaikurichi", "predicted_crop": "Paddy", "confidence": 0.8663, "area_sq_km": 0.0429, "area_ha": 4.29, "prob_paddy": 0.8663, "prob_banana": 0.0673, "prob_other": 0.0664}}, {"type": "Feature", "geometry": {"type": "Polygon", "coordinates": [[[77.538586, 8.70924], [77.539401, 8.708952], [77.539544, 8.707069], [77.537671, 8.707111], [77.537282, 8.707838], [77.538586, 8.70924]]]}, "properties": {"parcel_id": "parcel_00519", "state": "Tamil Nadu", "district": "Tirunelveli District", "taluk": "Cheranmahadevi Taluk", "village": "Ariyanayakipuram", "predicted_crop": "Paddy", "confidence": 0.8612, "area_sq_km": 0.0427, "area_ha": 4.27, "prob_paddy": 0.8612, "prob_banana": 0.0717, "prob_other": 0.0671}}, {"type": "Feature", "geometry": {"type": "Polygon", "coordinates": [[[77.511902, 8.699438], [77.510725, 8.697809], [77.509758, 8.698531], [77.509885, 8.69945], [77.511598, 8.700202], [77.511902, 8.699438]]]}, "properties": {"parcel_id": "parcel_00520", "state": "Tamil Nadu", "district": "Tirunelveli District", "taluk": "Cheranmahadevi Taluk", "village": "Veeravanallur", "predicted_crop": "Paddy", "confidence": 0.8717, "area_sq_km": 0.0354, "area_ha": 3.54, "prob_paddy": 0.8717, "prob_banana": 0.0724, "prob_other": 0.0559}}, {"type": "Feature", "geometry": {"type": "Polygon", "coordinates": [[[77.535615, 8.711865], [77.537831, 8.71419], [77.536798, 8.711209], [77.535959, 8.711397], [77.535612, 8.711832], [77.535615, 8.711865]]]}, "properties": {"parcel_id": "parcel_00521", "state": "Tamil Nadu", "district": "Tirunelveli District", "taluk": "Cheranmahadevi Taluk", "village": "Ariyanayakipuram", "predicted_crop": "Paddy", "confidence": 0.9697, "area_sq_km": 0.0277, "area_ha": 2.77, "prob_paddy": 0.9697, "prob_banana": 0.0204, "prob_other": 0.0099}}, {"type": "Feature", "geometry": {"type": "Polygon", "coordinates": [[[77.546111, 8.705056], [77.544947, 8.70399], [77.543586, 8.705148], [77.543481, 8.706247], [77.546088, 8.705996], [77.546111, 8.705056]]]}, "properties": {"parcel_id": "parcel_00522", "state": "Tamil Nadu", "district": "Tirunelveli District", "taluk": "Cheranmahadevi Taluk", "village": "Ariyanayakipuram", "predicted_crop": "Paddy", "confidence": 0.8623, "area_sq_km": 0.0488, "area_ha": 4.88, "prob_paddy": 0.8623, "prob_banana": 0.0972, "prob_other": 0.0405}}, {"type": "Feature", "geometry": {"type": "Polygon", "coordinates": [[[77.514424, 8.692914], [77.512914, 8.693111], [77.512953, 8.693643], [77.513571, 8.694481], [77.516, 8.694764], [77.517104, 8.693659], [77.514424, 8.692914]]]}, "properties": {"parcel_id": "parcel_00523", "state": "Tamil Nadu", "district": "Tirunelveli District", "taluk": "Cheranmahadevi Taluk", "village": "Veeravanallur", "predicted_crop": "Paddy", "confidence": 0.9705, "area_sq_km": 0.0629, "area_ha": 6.29, "prob_paddy": 0.9705, "prob_banana": 0.0231, "prob_other": 0.0064}}, {"type": "Feature", "geometry": {"type": "Polygon", "coordinates": [[[77.494682, 8.683172], [77.494702, 8.684609], [77.495455, 8.684649], [77.496367, 8.682938], [77.495536, 8.682436], [77.494682, 8.683172]]]}, "properties": {"parcel_id": "parcel_00524", "state": "Tamil Nadu", "district": "Tirunelveli District", "taluk": "Ambasamudram Taluk", "village": "Veeravanallur", "predicted_crop": "Paddy", "confidence": 0.9349, "area_sq_km": 0.0292, "area_ha": 2.92, "prob_paddy": 0.9349, "prob_banana": 0.0492, "prob_other": 0.0158}}, {"type": "Feature", "geometry": {"type": "Polygon", "coordinates": [[[77.506781, 8.682769], [77.504694, 8.682135], [77.505118, 8.68354], [77.50633, 8.684057], [77.506781, 8.682769]]]}, "properties": {"parcel_id": "parcel_00525", "state": "Tamil Nadu", "district": "Tirunelveli District", "taluk": "Ambasamudram Taluk", "village": "Veeravanallur", "predicted_crop": "Paddy", "confidence": 0.9329, "area_sq_km": 0.0272, "area_ha": 2.72, "prob_paddy": 0.9329, "prob_banana": 0.0424, "prob_other": 0.0247}}, {"type": "Feature", "geometry": {"type": "Polygon", "coordinates": [[[77.519613, 8.68437], [77.518949, 8.685013], [77.518878, 8.685696], [77.519231, 8.686119], [77.520217, 8.686805], [77.522988, 8.686175], [77.522995, 8.686039], [77.522036, 8.684796], [77.519613, 8.68437]]]}, "properties": {"parcel_id": "parcel_00526", "state": "Tamil Nadu", "district": "Tirunelveli District", "taluk": "Cheranmahadevi Taluk", "village": "Veeravanallur", "predicted_crop": "Paddy", "confidence": 0.973, "area_sq_km": 0.0815, "area_ha": 8.15, "prob_paddy": 0.973, "prob_banana": 0.0137, "prob_other": 0.0133}}, {"type": "Feature", "geometry": {"type": "Polygon", "coordinates": [[[77.536534, 8.676912], [77.536145, 8.6782], [77.536962, 8.678735], [77.538446, 8.67817], [77.538153, 8.677226], [77.536534, 8.676912]]]}, "properties": {"parcel_id": "parcel_00527", "state": "Tamil Nadu", "district": "Tirunelveli District", "taluk": "Cheranmahadevi Taluk", "village": "Veeravanallur", "predicted_crop": "Paddy", "confidence": 0.9591, "area_sq_km": 0.0344, "area_ha": 3.44, "prob_paddy": 0.9591, "prob_banana": 0.0287, "prob_other": 0.0121}}, {"type": "Feature", "geometry": {"type": "Polygon", "coordinates": [[[77.42929, 8.705825], [77.428372, 8.709624], [77.430131, 8.709157], [77.430896, 8.708385], [77.431932, 8.705159], [77.42929, 8.705825]]]}, "properties": {"parcel_id": "parcel_00528", "state": "Tamil Nadu", "district": "Tirunelveli District", "taluk": "Ambasamudram Taluk", "village": "Ambasamudram", "predicted_crop": "Paddy", "confidence": 0.8738, "area_sq_km": 0.1053, "area_ha": 10.53, "prob_paddy": 0.8738, "prob_banana": 0.0638, "prob_other": 0.0624}}, {"type": "Feature", "geometry": {"type": "Polygon", "coordinates": [[[77.439703, 8.700754], [77.440629, 8.700046], [77.439989, 8.697284], [77.439054, 8.699346], [77.439049, 8.701], [77.439703, 8.700754]]]}, "properties": {"parcel_id": "parcel_00529", "state": "Tamil Nadu", "district": "Tirunelveli District", "taluk": "Ambasamudram Taluk", "village": "Ambasamudram", "predicted_crop": "Paddy", "confidence": 0.9278, "area_sq_km": 0.0411, "area_ha": 4.11, "prob_paddy": 0.9278, "prob_banana": 0.0557, "prob_other": 0.0165}}, {"type": "Feature", "geometry": {"type": "Polygon", "coordinates": [[[77.48242, 8.70043], [77.484656, 8.700508], [77.485619, 8.698472], [77.485584, 8.698448], [77.482607, 8.697614], [77.482453, 8.697733], [77.48242, 8.70043]]]}, "properties": {"parcel_id": "parcel_00530", "state": "Tamil Nadu", "district": "Tirunelveli District", "taluk": "Ambasamudram Taluk", "village": "Kallidaikurichi", "predicted_crop": "Paddy", "confidence": 0.863, "area_sq_km": 0.0836, "area_ha": 8.36, "prob_paddy": 0.863, "prob_banana": 0.0738, "prob_other": 0.0632}}, {"type": "Feature", "geometry": {"type": "Polygon", "coordinates": [[[77.459167, 8.700367], [77.45865, 8.703319], [77.458675, 8.703333], [77.46035, 8.700981], [77.459167, 8.700367]]]}, "properties": {"parcel_id": "parcel_00531", "state": "Tamil Nadu", "district": "Tirunelveli District", "taluk": "Ambasamudram Taluk", "village": "Kallidaikurichi", "predicted_crop": "Paddy", "confidence": 0.8748, "area_sq_km": 0.0237, "area_ha": 2.37, "prob_paddy": 0.8748, "prob_banana": 0.0794, "prob_other": 0.0458}}, {"type": "Feature", "geometry": {"type": "Polygon", "coordinates": [[[77.457448, 8.699796], [77.458454, 8.699869], [77.45873, 8.69972], [77.458985, 8.699075], [77.457984, 8.697641], [77.457643, 8.697638], [77.457567, 8.697669], [77.457472, 8.69773], [77.457337, 8.697895], [77.457123, 8.699376], [77.457448, 8.699796]]]}, "properties": {"parcel_id": "parcel_00532", "state": "Tamil Nadu", "district": "Tirunelveli District", "taluk": "Ambasamudram Taluk", "village": "Kallidaikurichi", "predicted_crop": "Banana", "confidence": 0.838, "area_sq_km": 0.0356, "area_ha": 3.56, "prob_paddy": 0.0934, "prob_banana": 0.838, "prob_other": 0.0686}}, {"type": "Feature", "geometry": {"type": "Polygon", "coordinates": [[[77.532189, 8.695231], [77.53333, 8.694588], [77.533477, 8.694424], [77.533235, 8.693599], [77.53205, 8.693267], [77.530941, 8.69426], [77.532189, 8.695231]]]}, "properties": {"parcel_id": "parcel_00533", "state": "Tamil Nadu", "district": "Tirunelveli District", "taluk": "Cheranmahadevi Taluk", "village": "Veeravanallur", "predicted_crop": "Paddy", "confidence": 0.966, "area_sq_km": 0.0362, "area_ha": 3.62, "prob_paddy": 0.966, "prob_banana": 0.0266, "prob_other": 0.0075}}, {"type": "Feature", "geometry": {"type": "Polygon", "coordinates": [[[77.519225, 8.699042], [77.518298, 8.698248], [77.517525, 8.698712], [77.518402, 8.700393], [77.519225, 8.699042]]]}, "properties": {"parcel_id": "parcel_00534", "state": "Tamil Nadu", "district": "Tirunelveli District", "taluk": "Cheranmahadevi Taluk", "village": "Veeravanallur", "predicted_crop": "Banana", "confidence": 0.9048, "area_sq_km": 0.022, "area_ha": 2.2, "prob_paddy": 0.0506, "prob_banana": 0.9048, "prob_other": 0.0446}}, {"type": "Feature", "geometry": {"type": "Polygon", "coordinates": [[[77.546907, 8.713824], [77.546514, 8.71392], [77.546454, 8.713968], [77.546086, 8.714756], [77.547255, 8.716352], [77.548657, 8.714777], [77.546907, 8.713824]]]}, "properties": {"parcel_id": "parcel_00535", "state": "Tamil Nadu", "district": "Tirunelveli District", "taluk": "Cheranmahadevi Taluk", "village": "Ariyanayakipuram", "predicted_crop": "Paddy", "confidence": 0.9626, "area_sq_km": 0.0415, "area_ha": 4.15, "prob_paddy": 0.9626, "prob_banana": 0.0232, "prob_other": 0.0142}}, {"type": "Feature", "geometry": {"type": "Polygon", "coordinates": [[[77.467577, 8.693553], [77.468274, 8.694748], [77.469486, 8.69456], [77.469521, 8.694545], [77.468234, 8.693068], [77.467577, 8.693553]]]}, "properties": {"parcel_id": "parcel_00536", "state": "Tamil Nadu", "district": "Tirunelveli District", "taluk": "Ambasamudram Taluk", "village": "Kallidaikurichi", "predicted_crop": "Paddy", "confidence": 0.8859, "area_sq_km": 0.0197, "area_ha": 1.97, "prob_paddy": 0.8859, "prob_banana": 0.0861, "prob_other": 0.028}}, {"type": "Feature", "geometry": {"type": "Polygon", "coordinates": [[[77.461227, 8.682085], [77.463155, 8.680634], [77.463417, 8.679968], [77.460195, 8.67911], [77.460077, 8.679225], [77.460165, 8.681697], [77.461227, 8.682085]]]}, "properties": {"parcel_id": "parcel_00537", "state": "Tamil Nadu", "district": "Tirunelveli District", "taluk": "Ambasamudram Taluk", "village": "Kallidaikurichi", "predicted_crop": "Paddy", "confidence": 0.8859, "area_sq_km": 0.0772, "area_ha": 7.72, "prob_paddy": 0.8859, "prob_banana": 0.0791, "prob_other": 0.035}}, {"type": "Feature", "geometry": {"type": "Polygon", "coordinates": [[[77.488405, 8.695215], [77.488565, 8.69717], [77.490326, 8.696641], [77.490357, 8.696396], [77.489368, 8.693616], [77.488665, 8.693274], [77.488513, 8.69339], [77.488405, 8.695215]]]}, "properties": {"parcel_id": "parcel_00538", "state": "Tamil Nadu", "district": "Tirunelveli District", "taluk": "Ambasamudram Taluk", "village": "Kallidaikurichi", "predicted_crop": "Paddy", "confidence": 0.8682, "area_sq_km": 0.061, "area_ha": 6.1, "prob_paddy": 0.8682, "prob_banana": 0.066, "prob_other": 0.0658}}, {"type": "Feature", "geometry": {"type": "Polygon", "coordinates": [[[77.513224, 8.715828], [77.513821, 8.714315], [77.512848, 8.711598], [77.51181, 8.715627], [77.513224, 8.715828]]]}, "properties": {"parcel_id": "parcel_00539", "state": "Tamil Nadu", "district": "Tirunelveli District", "taluk": "Cheranmahadevi Taluk", "village": "Thiruppudaimaruthur", "predicted_crop": "Paddy", "confidence": 0.9097, "area_sq_km": 0.0548, "area_ha": 5.48, "prob_paddy": 0.9097, "prob_banana": 0.0578, "prob_other": 0.0324}}, {"type": "Feature", "geometry": {"type": "Polygon", "coordinates": [[[77.454395, 8.692359], [77.456213, 8.693915], [77.456377, 8.69387], [77.456651, 8.691905], [77.456055, 8.690843], [77.454607, 8.690968], [77.454395, 8.692359]]]}, "properties": {"parcel_id": "parcel_00540", "state": "Tamil Nadu", "district": "Tirunelveli District", "taluk": "Ambasamudram Taluk", "village": "Kallidaikurichi", "predicted_crop": "Banana", "confidence": 0.8542, "area_sq_km": 0.0566, "area_ha": 5.66, "prob_paddy": 0.0956, "prob_banana": 0.8542, "prob_other": 0.0502}}, {"type": "Feature", "geometry": {"type": "Polygon", "coordinates": [[[77.507951, 8.667009], [77.50499, 8.66671], [77.504747, 8.667309], [77.50671, 8.669935], [77.508011, 8.667497], [77.507951, 8.667009]]]}, "properties": {"parcel_id": "parcel_00541", "state": "Tamil Nadu", "district": "Tirunelveli District", "taluk": "Ambasamudram Taluk", "village": "Veeravanallur", "predicted_crop": "Banana", "confidence": 0.8457, "area_sq_km": 0.0708, "area_ha": 7.08, "prob_paddy": 0.0904, "prob_banana": 0.8457, "prob_other": 0.0639}}, {"type": "Feature", "geometry": {"type": "Polygon", "coordinates": [[[77.438916, 8.721683], [77.43696, 8.724612], [77.439688, 8.726188], [77.440907, 8.724808], [77.440932, 8.724738], [77.43948, 8.721821], [77.438916, 8.721683]]]}, "properties": {"parcel_id": "parcel_00542", "state": "Tamil Nadu", "district": "Tirunelveli District", "taluk": "Ambasamudram Taluk", "village": "Mannarkovil", "predicted_crop": "Banana", "confidence": 0.8943, "area_sq_km": 0.1175, "area_ha": 11.75, "prob_paddy": 0.0587, "prob_banana": 0.8943, "prob_other": 0.047}}, {"type": "Feature", "geometry": {"type": "Polygon", "coordinates": [[[77.549314, 8.70364], [77.549476, 8.703888], [77.549555, 8.703876], [77.550913, 8.703104], [77.551371, 8.702159], [77.550927, 8.700826], [77.550229, 8.700684], [77.549069, 8.701263], [77.549314, 8.70364]]]}, "properties": {"parcel_id": "parcel_00543", "state": "Tamil Nadu", "district": "Tirunelveli District", "taluk": "Cheranmahadevi Taluk", "village": "Ariyanayakipuram", "predicted_crop": "Paddy", "confidence": 0.922, "area_sq_km": 0.0627, "area_ha": 6.27, "prob_paddy": 0.922, "prob_banana": 0.0453, "prob_other": 0.0326}}, {"type": "Feature", "geometry": {"type": "Polygon", "coordinates": [[[77.432858, 8.694617], [77.432285, 8.691221], [77.430614, 8.691639], [77.430236, 8.693496], [77.432139, 8.694495], [77.432858, 8.694617]]]}, "properties": {"parcel_id": "parcel_00544", "state": "Tamil Nadu", "district": "Tirunelveli District", "taluk": "Ambasamudram Taluk", "village": "Ambasamudram", "predicted_crop": "Paddy", "confidence": 0.8914, "area_sq_km": 0.0712, "area_ha": 7.12, "prob_paddy": 0.8914, "prob_banana": 0.0624, "prob_other": 0.0462}}, {"type": "Feature", "geometry": {"type": "Polygon", "coordinates": [[[77.433184, 8.680465], [77.432284, 8.68045], [77.429854, 8.682724], [77.430593, 8.68384], [77.432692, 8.684527], [77.433378, 8.680932], [77.433184, 8.680465]]]}, "properties": {"parcel_id": "parcel_00545", "state": "Tamil Nadu", "district": "Tirunelveli District", "taluk": "Ambasamudram Taluk", "village": "Ambasamudram", "predicted_crop": "Banana", "confidence": 0.8201, "area_sq_km": 0.1057, "area_ha": 10.57, "prob_paddy": 0.1097, "prob_banana": 0.8201, "prob_other": 0.0702}}, {"type": "Feature", "geometry": {"type": "Polygon", "coordinates": [[[77.529197, 8.694336], [77.529697, 8.694758], [77.530415, 8.694243], [77.530127, 8.691699], [77.529635, 8.691752], [77.528651, 8.692976], [77.529197, 8.694336]]]}, "properties": {"parcel_id": "parcel_00546", "state": "Tamil Nadu", "district": "Tirunelveli District", "taluk": "Cheranmahadevi Taluk", "village": "Veeravanallur", "predicted_crop": "Paddy", "confidence": 0.8683, "area_sq_km": 0.0423, "area_ha": 4.23, "prob_paddy": 0.8683, "prob_banana": 0.0671, "prob_other": 0.0646}}, {"type": "Feature", "geometry": {"type": "Polygon", "coordinates": [[[77.518973, 8.677459], [77.520662, 8.675974], [77.520731, 8.675298], [77.520382, 8.67449], [77.517672, 8.675226], [77.517876, 8.677943], [77.518973, 8.677459]]]}, "properties": {"parcel_id": "parcel_00547", "state": "Tamil Nadu", "district": "Tirunelveli District", "taluk": "Cheranmahadevi Taluk", "village": "Veeravanallur", "predicted_crop": "Paddy", "confidence": 0.871, "area_sq_km": 0.081, "area_ha": 8.1, "prob_paddy": 0.871, "prob_banana": 0.0651, "prob_other": 0.064}}, {"type": "Feature", "geometry": {"type": "Polygon", "coordinates": [[[77.456797, 8.695838], [77.457476, 8.694578], [77.456387, 8.693896], [77.456215, 8.693942], [77.454726, 8.694861], [77.454664, 8.695409], [77.455727, 8.69614], [77.456797, 8.695838]]]}, "properties": {"parcel_id": "parcel_00548", "state": "Tamil Nadu", "district": "Tirunelveli District", "taluk": "Ambasamudram Taluk", "village": "Kallidaikurichi", "predicted_crop": "Paddy", "confidence": 0.9041, "area_sq_km": 0.0478, "area_ha": 4.78, "prob_paddy": 0.9041, "prob_banana": 0.0574, "prob_other": 0.0385}}, {"type": "Feature", "geometry": {"type": "Polygon", "coordinates": [[[77.523853, 8.692675], [77.525694, 8.691397], [77.524095, 8.690763], [77.523675, 8.690979], [77.523853, 8.692675]]]}, "properties": {"parcel_id": "parcel_00549", "state": "Tamil Nadu", "district": "Tirunelveli District", "taluk": "Cheranmahadevi Taluk", "village": "Veeravanallur", "predicted_crop": "Paddy", "confidence": 0.9543, "area_sq_km": 0.0241, "area_ha": 2.41, "prob_paddy": 0.9543, "prob_banana": 0.0278, "prob_other": 0.0179}}, {"type": "Feature", "geometry": {"type": "Polygon", "coordinates": [[[77.4434, 8.691449], [77.444879, 8.692208], [77.444453, 8.689997], [77.443935, 8.690416], [77.4434, 8.691449]]]}, "properties": {"parcel_id": "parcel_00550", "state": "Tamil Nadu", "district": "Tirunelveli District", "taluk": "Ambasamudram Taluk", "village": "Ambasamudram", "predicted_crop": "Paddy", "confidence": 0.8691, "area_sq_km": 0.0198, "area_ha": 1.98, "prob_paddy": 0.8691, "prob_banana": 0.1032, "prob_other": 0.0276}}, {"type": "Feature", "geometry": {"type": "Polygon", "coordinates": [[[77.454442, 8.69888], [77.45228, 8.700513], [77.452637, 8.701579], [77.453226, 8.70171], [77.455055, 8.700504], [77.454608, 8.69905], [77.454442, 8.69888]]]}, "properties": {"parcel_id": "parcel_00551", "state": "Tamil Nadu", "district": "Tirunelveli District", "taluk": "Ambasamudram Taluk", "village": "Ambasamudram", "predicted_crop": "Paddy", "confidence": 0.9159, "area_sq_km": 0.0523, "area_ha": 5.23, "prob_paddy": 0.9159, "prob_banana": 0.0524, "prob_other": 0.0317}}, {"type": "Feature", "geometry": {"type": "Polygon", "coordinates": [[[77.506811, 8.682768], [77.50681, 8.682769], [77.506352, 8.684076], [77.50661, 8.684939], [77.50696, 8.685046], [77.508406, 8.683543], [77.506811, 8.682768]]]}, "properties": {"parcel_id": "parcel_00552", "state": "Tamil Nadu", "district": "Tirunelveli District", "taluk": "Ambasamudram Taluk", "village": "Veeravanallur", "predicted_crop": "Paddy", "confidence": 0.9394, "area_sq_km": 0.0307, "area_ha": 3.07, "prob_paddy": 0.9394, "prob_banana": 0.0318, "prob_other": 0.0289}}, {"type": "Feature", "geometry": {"type": "Polygon", "coordinates": [[[77.540995, 8.711534], [77.541628, 8.709011], [77.541527, 8.708895], [77.539633, 8.709001], [77.540197, 8.711105], [77.540995, 8.711534]]]}, "properties": {"parcel_id": "parcel_00553", "state": "Tamil Nadu", "district": "Tirunelveli District", "taluk": "Cheranmahadevi Taluk", "village": "Ariyanayakipuram", "predicted_crop": "Paddy", "confidence": 0.9217, "area_sq_km": 0.0409, "area_ha": 4.09, "prob_paddy": 0.9217, "prob_banana": 0.0395, "prob_other": 0.0388}}, {"type": "Feature", "geometry": {"type": "Polygon", "coordinates": [[[77.520076, 8.710936], [77.522094, 8.711296], [77.522296, 8.710799], [77.518775, 8.708541], [77.518236, 8.708841], [77.520076, 8.710936]]]}, "properties": {"parcel_id": "parcel_00554", "state": "Tamil Nadu", "district": "Tirunelveli District", "taluk": "Cheranmahadevi Taluk", "village": "Veeravanallur", "predicted_crop": "Paddy", "confidence": 0.9277, "area_sq_km": 0.0503, "area_ha": 5.03, "prob_paddy": 0.9277, "prob_banana": 0.0406, "prob_other": 0.0317}}, {"type": "Feature", "geometry": {"type": "Polygon", "coordinates": [[[77.547452, 8.708552], [77.54812, 8.708847], [77.548353, 8.70666], [77.546935, 8.707235], [77.547452, 8.708552]]]}, "properties": {"parcel_id": "parcel_00555", "state": "Tamil Nadu", "district": "Tirunelveli District", "taluk": "Cheranmahadevi Taluk", "village": "Ariyanayakipuram", "predicted_crop": "Other", "confidence": 0.7629, "area_sq_km": 0.0225, "area_ha": 2.25, "prob_paddy": 0.1029, "prob_banana": 0.1343, "prob_other": 0.7629}}, {"type": "Feature", "geometry": {"type": "Polygon", "coordinates": [[[77.433629, 8.678355], [77.43334, 8.680293], [77.435722, 8.679804], [77.438273, 8.677253], [77.43853, 8.676954], [77.437224, 8.67705], [77.433629, 8.678355]]]}, "properties": {"parcel_id": "parcel_00556", "state": "Tamil Nadu", "district": "Tirunelveli District", "taluk": "Ambasamudram Taluk", "village": "Kallidaikurichi", "predicted_crop": "Banana", "confidence": 0.8672, "area_sq_km": 0.0973, "area_ha": 9.73, "prob_paddy": 0.0904, "prob_banana": 0.8672, "prob_other": 0.0424}}, {"type": "Feature", "geometry": {"type": "Polygon", "coordinates": [[[77.497522, 8.689699], [77.497688, 8.689584], [77.49784, 8.6862], [77.496408, 8.686434], [77.494493, 8.687721], [77.494552, 8.688454], [77.497522, 8.689699]]]}, "properties": {"parcel_id": "parcel_00557", "state": "Tamil Nadu", "district": "Tirunelveli District", "taluk": "Ambasamudram Taluk", "village": "Veeravanallur", "predicted_crop": "Paddy", "confidence": 0.9208, "area_sq_km": 0.093, "area_ha": 9.3, "prob_paddy": 0.9208, "prob_banana": 0.0613, "prob_other": 0.0179}}, {"type": "Feature", "geometry": {"type": "Polygon", "coordinates": [[[77.520982, 8.69299], [77.52044, 8.693035], [77.520428, 8.694203], [77.520718, 8.694801], [77.521378, 8.693498], [77.520982, 8.69299]]]}, "properties": {"parcel_id": "parcel_00558", "state": "Tamil Nadu", "district": "Tirunelveli District", "taluk": "Cheranmahadevi Taluk", "village": "Veeravanallur", "predicted_crop": "Banana", "confidence": 0.9538, "area_sq_km": 0.0132, "area_ha": 1.32, "prob_paddy": 0.0319, "prob_banana": 0.9538, "prob_other": 0.0144}}, {"type": "Feature", "geometry": {"type": "Polygon", "coordinates": [[[77.498023, 8.686092], [77.497868, 8.686191], [77.497715, 8.689577], [77.499573, 8.689493], [77.50013, 8.689032], [77.500225, 8.687931], [77.498023, 8.686092]]]}, "properties": {"parcel_id": "parcel_00559", "state": "Tamil Nadu", "district": "Tirunelveli District", "taluk": "Ambasamudram Taluk", "village": "Veeravanallur", "predicted_crop": "Paddy", "confidence": 0.8981, "area_sq_km": 0.0741, "area_ha": 7.41, "prob_paddy": 0.8981, "prob_banana": 0.0681, "prob_other": 0.0338}}, {"type": "Feature", "geometry": {"type": "Polygon", "coordinates": [[[77.469167, 8.68843], [77.46656, 8.687243], [77.466549, 8.687259], [77.467177, 8.69039], [77.468155, 8.690462], [77.468975, 8.689163], [77.469207, 8.688625], [77.469167, 8.68843]]]}, "properties": {"parcel_id": "parcel_00560", "state": "Tamil Nadu", "district": "Tirunelveli District", "taluk": "Ambasamudram Taluk", "village": "Kallidaikurichi", "predicted_crop": "Banana", "confidence": 0.9578, "area_sq_km": 0.0609, "area_ha": 6.09, "prob_paddy": 0.0222, "prob_banana": 0.9578, "prob_other": 0.02}}, {"type": "Feature", "geometry": {"type": "Polygon", "coordinates": [[[77.539438, 8.699226], [77.540068, 8.701661], [77.541713, 8.701189], [77.541093, 8.699264], [77.540613, 8.698672], [77.539468, 8.699191], [77.539438, 8.699226]]]}, "properties": {"parcel_id": "parcel_00561", "state": "Tamil Nadu", "district": "Tirunelveli District", "taluk": "Cheranmahadevi Taluk", "village": "Veeravanallur", "predicted_crop": "Paddy", "confidence": 0.9434, "area_sq_km": 0.0515, "area_ha": 5.15, "prob_paddy": 0.9434, "prob_banana": 0.035, "prob_other": 0.0216}}, {"type": "Feature", "geometry": {"type": "Polygon", "coordinates": [[[77.45862, 8.688423], [77.45976, 8.690522], [77.459771, 8.690527], [77.4606, 8.690383], [77.460805, 8.6895], [77.459206, 8.688137], [77.458771, 8.688043], [77.458673, 8.688205], [77.45862, 8.688423]]]}, "properties": {"parcel_id": "parcel_00562", "state": "Tamil Nadu", "district": "Tirunelveli District", "taluk": "Ambasamudram Taluk", "village": "Kallidaikurichi", "predicted_crop": "Other", "confidence": 0.8449, "area_sq_km": 0.0337, "area_ha": 3.37, "prob_paddy": 0.0764, "prob_banana": 0.0787, "prob_other": 0.8449}}, {"type": "Feature", "geometry": {"type": "Polygon", "coordinates": [[[77.532644, 8.708216], [77.534264, 8.707362], [77.53436, 8.707194], [77.5343, 8.706792], [77.532836, 8.705537], [77.532047, 8.705687], [77.531177, 8.707142], [77.532644, 8.708216]]]}, "properties": {"parcel_id": "parcel_00563", "state": "Tamil Nadu", "district": "Tirunelveli District", "taluk": "Cheranmahadevi Taluk", "village": "Ariyanayakipuram", "predicted_crop": "Paddy", "confidence": 0.9665, "area_sq_km": 0.0625, "area_ha": 6.25, "prob_paddy": 0.9665, "prob_banana": 0.0202, "prob_other": 0.0133}}, {"type": "Feature", "geometry": {"type": "Polygon", "coordinates": [[[77.520072, 8.710963], [77.518997, 8.711745], [77.519089, 8.713682], [77.522156, 8.71203], [77.52209, 8.711323], [77.520072, 8.710963]]]}, "properties": {"parcel_id": "parcel_00564", "state": "Tamil Nadu", "district": "Tirunelveli District", "taluk": "Cheranmahadevi Taluk", "village": "Veeravanallur", "predicted_crop": "Banana", "confidence": 0.8938, "area_sq_km": 0.0626, "area_ha": 6.26, "prob_paddy": 0.053, "prob_banana": 0.8938, "prob_other": 0.0533}}, {"type": "Feature", "geometry": {"type": "Polygon", "coordinates": [[[77.543477, 8.706275], [77.543432, 8.706561], [77.544385, 8.708001], [77.546101, 8.706679], [77.546088, 8.706023], [77.543477, 8.706275]]]}, "properties": {"parcel_id": "parcel_00565", "state": "Tamil Nadu", "district": "Tirunelveli District", "taluk": "Cheranmahadevi Taluk", "village": "Ariyanayakipuram", "predicted_crop": "Banana", "confidence": 0.9444, "area_sq_km": 0.0379, "area_ha": 3.79, "prob_paddy": 0.0255, "prob_banana": 0.9444, "prob_other": 0.0301}}, {"type": "Feature", "geometry": {"type": "Polygon", "coordinates": [[[77.436808, 8.685642], [77.437531, 8.685287], [77.436922, 8.682858], [77.435432, 8.68294], [77.435152, 8.684143], [77.436808, 8.685642]]]}, "properties": {"parcel_id": "parcel_00566", "state": "Tamil Nadu", "district": "Tirunelveli District", "taluk": "Ambasamudram Taluk", "village": "Ambasamudram", "predicted_crop": "Other", "confidence": 0.8005, "area_sq_km": 0.0519, "area_ha": 5.19, "prob_paddy": 0.1116, "prob_banana": 0.0879, "prob_other": 0.8005}}, {"type": "Feature", "geometry": {"type": "Polygon", "coordinates": [[[77.487069, 8.706151], [77.485558, 8.705427], [77.485091, 8.707158], [77.486213, 8.707587], [77.486938, 8.707791], [77.487069, 8.706151]]]}, "properties": {"parcel_id": "parcel_00567", "state": "Tamil Nadu", "district": "Tirunelveli District", "taluk": "Ambasamudram Taluk", "village": "Thiruppudaimaruthur", "predicted_crop": "Paddy", "confidence": 0.9388, "area_sq_km": 0.0375, "area_ha": 3.75, "prob_paddy": 0.9388, "prob_banana": 0.0424, "prob_other": 0.0187}}, {"type": "Feature", "geometry": {"type": "Polygon", "coordinates": [[[77.444435, 8.727499], [77.446967, 8.725455], [77.446969, 8.725298], [77.443903, 8.723976], [77.444435, 8.727499]]]}, "properties": {"parcel_id": "parcel_00568", "state": "Tamil Nadu", "district": "Tirunelveli District", "taluk": "Ambasamudram Taluk", "village": "Brahmadesam", "predicted_crop": "Banana", "confidence": 0.8425, "area_sq_km": 0.0639, "area_ha": 6.39, "prob_paddy": 0.0636, "prob_banana": 0.8425, "prob_other": 0.0939}}, {"type": "Feature", "geometry": {"type": "Polygon", "coordinates": [[[77.477801, 8.684617], [77.479136, 8.683004], [77.478426, 8.682498], [77.476656, 8.68351], [77.476582, 8.683815], [77.477185, 8.68454], [77.477801, 8.684617]]]}, "properties": {"parcel_id": "parcel_00569", "state": "Tamil Nadu", "district": "Tirunelveli District", "taluk": "Ambasamudram Taluk", "village": "Kallidaikurichi", "predicted_crop": "Paddy", "confidence": 0.9335, "area_sq_km": 0.0352, "area_ha": 3.52, "prob_paddy": 0.9335, "prob_banana": 0.0337, "prob_other": 0.0327}}, {"type": "Feature", "geometry": {"type": "Polygon", "coordinates": [[[77.438188, 8.701469], [77.437894, 8.700882], [77.435803, 8.699357], [77.435795, 8.699363], [77.435761, 8.701855], [77.437875, 8.702847], [77.438188, 8.701469]]]}, "properties": {"parcel_id": "parcel_00570", "state": "Tamil Nadu", "district": "Tirunelveli District", "taluk": "Ambasamudram Taluk", "village": "Ambasamudram", "predicted_crop": "Other", "confidence": 0.8069, "area_sq_km": 0.0613, "area_ha": 6.13, "prob_paddy": 0.1068, "prob_banana": 0.0864, "prob_other": 0.8069}}, {"type": "Feature", "geometry": {"type": "Polygon", "coordinates": [[[77.510803, 8.693519], [77.510285, 8.694102], [77.510642, 8.695085], [77.511433, 8.695384], [77.512925, 8.693643], [77.512886, 8.693104], [77.512842, 8.693047], [77.510803, 8.693519]]]}, "properties": {"parcel_id": "parcel_00571", "state": "Tamil Nadu", "district": "Tirunelveli District", "taluk": "Cheranmahadevi Taluk", "village": "Veeravanallur", "predicted_crop": "Banana", "confidence": 0.8716, "area_sq_km": 0.0436, "area_ha": 4.36, "prob_paddy": 0.0893, "prob_banana": 0.8716, "prob_other": 0.0391}}, {"type": "Feature", "geometry": {"type": "Polygon", "coordinates": [[[77.497917, 8.695131], [77.497934, 8.696394], [77.499232, 8.696827], [77.499632, 8.696216], [77.499416, 8.69505], [77.498051, 8.694766], [77.497917, 8.695131]]]}, "properties": {"parcel_id": "parcel_00572", "state": "Tamil Nadu", "district": "Tirunelveli District", "taluk": "Ambasamudram Taluk", "village": "Veeravanallur", "predicted_crop": "Paddy", "confidence": 0.8853, "area_sq_km": 0.033, "area_ha": 3.3, "prob_paddy": 0.8853, "prob_banana": 0.0791, "prob_other": 0.0356}}, {"type": "Feature", "geometry": {"type": "Polygon", "coordinates": [[[77.433534, 8.676596], [77.433519, 8.676635], [77.433629, 8.678326], [77.437163, 8.677043], [77.433534, 8.676596]]]}, "properties": {"parcel_id": "parcel_00573", "state": "Tamil Nadu", "district": "Tirunelveli District", "taluk": "Ambasamudram Taluk", "village": "Kallidaikurichi", "predicted_crop": "Other", "confidence": 0.8983, "area_sq_km": 0.0382, "area_ha": 3.82, "prob_paddy": 0.0477, "prob_banana": 0.054, "prob_other": 0.8983}}, {"type": "Feature", "geometry": {"type": "Polygon", "coordinates": [[[77.433251, 8.696133], [77.431197, 8.697135], [77.431793, 8.698619], [77.433152, 8.698124], [77.433189, 8.697992], [77.433296, 8.696871], [77.433251, 8.696133]]]}, "properties": {"parcel_id": "parcel_00574", "state": "Tamil Nadu", "district": "Tirunelveli District", "taluk": "Ambasamudram Taluk", "village": "Ambasamudram", "predicted_crop": "Paddy", "confidence": 0.9526, "area_sq_km": 0.0396, "area_ha": 3.96, "prob_paddy": 0.9526, "prob_banana": 0.0375, "prob_other": 0.0099}}, {"type": "Feature", "geometry": {"type": "Polygon", "coordinates": [[[77.495457, 8.71238], [77.494657, 8.712065], [77.493315, 8.714518], [77.495409, 8.715829], [77.495984, 8.714875], [77.495457, 8.71238]]]}, "properties": {"parcel_id": "parcel_00575", "state": "Tamil Nadu", "district": "Tirunelveli District", "taluk": "Ambasamudram Taluk", "village": "Thiruppudaimaruthur", "predicted_crop": "Paddy", "confidence": 0.9467, "area_sq_km": 0.0707, "area_ha": 7.07, "prob_paddy": 0.9467, "prob_banana": 0.0369, "prob_other": 0.0164}}, {"type": "Feature", "geometry": {"type": "Polygon", "coordinates": [[[77.476386, 8.697097], [77.475748, 8.698942], [77.476436, 8.699318], [77.47769, 8.698827], [77.477539, 8.69656], [77.476386, 8.697097]]]}, "properties": {"parcel_id": "parcel_00576", "state": "Tamil Nadu", "district": "Tirunelveli District", "taluk": "Ambasamudram Taluk", "village": "Kallidaikurichi", "predicted_crop": "Banana", "confidence": 0.8375, "area_sq_km": 0.0427, "area_ha": 4.27, "prob_paddy": 0.1088, "prob_banana": 0.8375, "prob_other": 0.0538}}, {"type": "Feature", "geometry": {"type": "Polygon", "coordinates": [[[77.502049, 8.712947], [77.499855, 8.713493], [77.499611, 8.715099], [77.499942, 8.716271], [77.503964, 8.714663], [77.502049, 8.712947]]]}, "properties": {"parcel_id": "parcel_00577", "state": "Tamil Nadu", "district": "Tirunelveli District", "taluk": "Ambasamudram Taluk", "village": "Thiruppudaimaruthur", "predicted_crop": "Paddy", "confidence": 0.9007, "area_sq_km": 0.1032, "area_ha": 10.32, "prob_paddy": 0.9007, "prob_banana": 0.0536, "prob_other": 0.0456}}, {"type": "Feature", "geometry": {"type": "Polygon", "coordinates": [[[77.44325, 8.675145], [77.438695, 8.675156], [77.438719, 8.675828], [77.442223, 8.676414], [77.443167, 8.676237], [77.44325, 8.675145]]]}, "properties": {"parcel_id": "parcel_00578", "state": "Tamil Nadu", "district": "Tirunelveli District", "taluk": "Ambasamudram Taluk", "village": "Kallidaikurichi", "predicted_crop": "Paddy", "confidence": 0.97, "area_sq_km": 0.0556, "area_ha": 5.56, "prob_paddy": 0.97, "prob_banana": 0.0193, "prob_other": 0.0107}}, {"type": "Feature", "geometry": {"type": "Polygon", "coordinates": [[[77.453693, 8.693335], [77.452368, 8.692196], [77.451424, 8.693232], [77.451696, 8.694103], [77.453693, 8.693335]]]}, "properties": {"parcel_id": "parcel_00579", "state": "Tamil Nadu", "district": "Tirunelveli District", "taluk": "Ambasamudram Taluk", "village": "Kallidaikurichi", "predicted_crop": "Paddy", "confidence": 0.972, "area_sq_km": 0.0268, "area_ha": 2.68, "prob_paddy": 0.972, "prob_banana": 0.022, "prob_other": 0.0061}}, {"type": "Feature", "geometry": {"type": "Polygon", "coordinates": [[[77.538877, 8.714306], [77.541257, 8.712358], [77.540993, 8.711563], [77.54018, 8.711126], [77.538461, 8.71046], [77.537991, 8.710813], [77.538877, 8.714306]]]}, "properties": {"parcel_id": "parcel_00580", "state": "Tamil Nadu", "district": "Tirunelveli District", "taluk": "Cheranmahadevi Taluk", "village": "Ariyanayakipuram", "predicted_crop": "Paddy", "confidence": 0.9292, "area_sq_km": 0.0844, "area_ha": 8.44, "prob_paddy": 0.9292, "prob_banana": 0.0386, "prob_other": 0.0322}}, {"type": "Feature", "geometry": {"type": "Polygon", "coordinates": [[[77.466434, 8.697987], [77.466135, 8.698635], [77.465874, 8.699936], [77.466308, 8.700197], [77.46774, 8.697904], [77.467672, 8.697895], [77.466434, 8.697987]]]}, "properties": {"parcel_id": "parcel_00581", "state": "Tamil Nadu", "district": "Tirunelveli District", "taluk": "Ambasamudram Taluk", "village": "Kallidaikurichi", "predicted_crop": "Paddy", "confidence": 0.8856, "area_sq_km": 0.025, "area_ha": 2.5, "prob_paddy": 0.8856, "prob_banana": 0.0711, "prob_other": 0.0433}}, {"type": "Feature", "geometry": {"type": "Polygon", "coordinates": [[[77.458302, 8.725131], [77.458523, 8.724913], [77.455062, 8.720861], [77.453107, 8.72073], [77.453099, 8.721129], [77.456391, 8.72489], [77.458302, 8.725131]]]}, "properties": {"parcel_id": "parcel_00582", "state": "Tamil Nadu", "district": "Tirunelveli District", "taluk": "Ambasamudram Taluk", "village": "Brahmadesam", "predicted_crop": "Paddy", "confidence": 0.8925, "area_sq_km": 0.1101, "area_ha": 11.01, "prob_paddy": 0.8925, "prob_banana": 0.0571, "prob_other": 0.0504}}, {"type": "Feature", "geometry": {"type": "Polygon", "coordinates": [[[77.441398, 8.703624], [77.441531, 8.702492], [77.441465, 8.702471], [77.440478, 8.702854], [77.441398, 8.703624]]]}, "properties": {"parcel_id": "parcel_00583", "state": "Tamil Nadu", "district": "Tirunelveli District", "taluk": "Ambasamudram Taluk", "village": "Ambasamudram", "predicted_crop": "Paddy", "confidence": 0.9607, "area_sq_km": 0.0072, "area_ha": 0.72, "prob_paddy": 0.9607, "prob_banana": 0.028, "prob_other": 0.0113}}, {"type": "Feature", "geometry": {"type": "Polygon", "coordinates": [[[77.500478, 8.662668], [77.498402, 8.665153], [77.501287, 8.665521], [77.501922, 8.664954], [77.500478, 8.662668]]]}, "properties": {"parcel_id": "parcel_00584", "state": "Tamil Nadu", "district": "Tirunelveli District", "taluk": "Ambasamudram Taluk", "village": "Veeravanallur", "predicted_crop": "Banana", "confidence": 0.8473, "area_sq_km": 0.0621, "area_ha": 6.21, "prob_paddy": 0.1068, "prob_banana": 0.8473, "prob_other": 0.0459}}, {"type": "Feature", "geometry": {"type": "Polygon", "coordinates": [[[77.503822, 8.6723], [77.505815, 8.675139], [77.506433, 8.675088], [77.50666, 8.672927], [77.505256, 8.671035], [77.503641, 8.671657], [77.503822, 8.6723]]]}, "properties": {"parcel_id": "parcel_00585", "state": "Tamil Nadu", "district": "Tirunelveli District", "taluk": "Ambasamudram Taluk", "village": "Veeravanallur", "predicted_crop": "Banana", "confidence": 0.828, "area_sq_km": 0.0839, "area_ha": 8.39, "prob_paddy": 0.1095, "prob_banana": 0.828, "prob_other": 0.0625}}, {"type": "Feature", "geometry": {"type": "Polygon", "coordinates": [[[77.528176, 8.702874], [77.531072, 8.704555], [77.531606, 8.703424], [77.528379, 8.702585], [77.528176, 8.702874]]]}, "properties": {"parcel_id": "parcel_00586", "state": "Tamil Nadu", "district": "Tirunelveli District", "taluk": "Cheranmahadevi Taluk", "village": "Veeravanallur", "predicted_crop": "Paddy", "confidence": 0.8661, "area_sq_km": 0.0321, "area_ha": 3.21, "prob_paddy": 0.8661, "prob_banana": 0.0859, "prob_other": 0.048}}, {"type": "Feature", "geometry": {"type": "Polygon", "coordinates": [[[77.472958, 8.707967], [77.47514, 8.711522], [77.476346, 8.710136], [77.476308, 8.710001], [77.473982, 8.707626], [77.472958, 8.707967]]]}, "properties": {"parcel_id": "parcel_00587", "state": "Tamil Nadu", "district": "Tirunelveli District", "taluk": "Ambasamudram Taluk", "village": "Kallidaikurichi", "predicted_crop": "Paddy", "confidence": 0.8651, "area_sq_km": 0.0665, "area_ha": 6.65, "prob_paddy": 0.8651, "prob_banana": 0.0809, "prob_other": 0.054}}, {"type": "Feature", "geometry": {"type": "Polygon", "coordinates": [[[77.453908, 8.689524], [77.453497, 8.690336], [77.454598, 8.690941], [77.456056, 8.690816], [77.456629, 8.69008], [77.454924, 8.688531], [77.453908, 8.689524]]]}, "properties": {"parcel_id": "parcel_00588", "state": "Tamil Nadu", "district": "Tirunelveli District", "taluk": "Ambasamudram Taluk", "village": "Kallidaikurichi", "predicted_crop": "Paddy", "confidence": 0.9592, "area_sq_km": 0.0541, "area_ha": 5.41, "prob_paddy": 0.9592, "prob_banana": 0.0277, "prob_other": 0.0132}}, {"type": "Feature", "geometry": {"type": "Polygon", "coordinates": [[[77.464176, 8.703603], [77.464581, 8.702606], [77.464028, 8.701225], [77.463833, 8.70094], [77.462154, 8.700582], [77.461936, 8.701547], [77.464176, 8.703603]]]}, "properties": {"parcel_id": "parcel_00589", "state": "Tamil Nadu", "district": "Tirunelveli District", "taluk": "Ambasamudram Taluk", "village": "Kallidaikurichi", "predicted_crop": "Banana", "confidence": 0.9514, "area_sq_km": 0.0517, "area_ha": 5.17, "prob_paddy": 0.0285, "prob_banana": 0.9514, "prob_other": 0.0201}}, {"type": "Feature", "geometry": {"type": "Polygon", "coordinates": [[[77.548283, 8.692575], [77.54832, 8.691457], [77.546269, 8.691336], [77.545356, 8.692655], [77.545489, 8.693983], [77.545957, 8.69428], [77.548283, 8.692575]]]}, "properties": {"parcel_id": "parcel_00590", "state": "Tamil Nadu", "district": "Tirunelveli District", "taluk": "Cheranmahadevi Taluk", "village": "Cheranmahadevi", "predicted_crop": "Paddy", "confidence": 0.9493, "area_sq_km": 0.0699, "area_ha": 6.99, "prob_paddy": 0.9493, "prob_banana": 0.0257, "prob_other": 0.0251}}, {"type": "Feature", "geometry": {"type": "Polygon", "coordinates": [[[77.432693, 8.684556], [77.430595, 8.68387], [77.430333, 8.685475], [77.430398, 8.686739], [77.432035, 8.687323], [77.432984, 8.687278], [77.433137, 8.68705], [77.433243, 8.685714], [77.432693, 8.684556]]]}, "properties": {"parcel_id": "parcel_00591", "state": "Tamil Nadu", "district": "Tirunelveli District", "taluk": "Ambasamudram Taluk", "village": "Ambasamudram", "predicted_crop": "Banana", "confidence": 0.9097, "area_sq_km": 0.0941, "area_ha": 9.41, "prob_paddy": 0.0466, "prob_banana": 0.9097, "prob_other": 0.0438}}, {"type": "Feature", "geometry": {"type": "Polygon", "coordinates": [[[77.486217, 8.707616], [77.485311, 8.710096], [77.486472, 8.710039], [77.487845, 8.708694], [77.486943, 8.707821], [77.486217, 8.707616]]]}, "properties": {"parcel_id": "parcel_00592", "state": "Tamil Nadu", "district": "Tirunelveli District", "taluk": "Ambasamudram Taluk", "village": "Thiruppudaimaruthur", "predicted_crop": "Banana", "confidence": 0.9319, "area_sq_km": 0.0423, "area_ha": 4.23, "prob_paddy": 0.0367, "prob_banana": 0.9319, "prob_other": 0.0314}}, {"type": "Feature", "geometry": {"type": "Polygon", "coordinates": [[[77.50121, 8.691487], [77.499811, 8.691634], [77.49908, 8.692611], [77.500602, 8.693655], [77.50121, 8.691487]]]}, "properties": {"parcel_id": "parcel_00593", "state": "Tamil Nadu", "district": "Tirunelveli District", "taluk": "Ambasamudram Taluk", "village": "Veeravanallur", "predicted_crop": "Paddy", "confidence": 0.89, "area_sq_km": 0.0316, "area_ha": 3.16, "prob_paddy": 0.89, "prob_banana": 0.0639, "prob_other": 0.0462}}, {"type": "Feature", "geometry": {"type": "Polygon", "coordinates": [[[77.458072, 8.715552], [77.455703, 8.716437], [77.457785, 8.716478], [77.45832, 8.716238], [77.458072, 8.715552]]]}, "properties": {"parcel_id": "parcel_00594", "state": "Tamil Nadu", "district": "Tirunelveli District", "taluk": "Ambasamudram Taluk", "village": "Brahmadesam", "predicted_crop": "Paddy", "confidence": 0.9141, "area_sq_km": 0.0144, "area_ha": 1.44, "prob_paddy": 0.9141, "prob_banana": 0.0667, "prob_other": 0.0192}}, {"type": "Feature", "geometry": {"type": "Polygon", "coordinates": [[[77.467159, 8.700698], [77.467833, 8.697904], [77.46777, 8.697907], [77.466329, 8.700215], [77.46681, 8.700817], [77.466866, 8.700831], [77.467159, 8.700698]]]}, "properties": {"parcel_id": "parcel_00595", "state": "Tamil Nadu", "district": "Tirunelveli District", "taluk": "Ambasamudram Taluk", "village": "Kallidaikurichi", "predicted_crop": "Banana", "confidence": 0.8972, "area_sq_km": 0.0187, "area_ha": 1.87, "prob_paddy": 0.0706, "prob_banana": 0.8972, "prob_other": 0.0322}}, {"type": "Feature", "geometry": {"type": "Polygon", "coordinates": [[[77.435099, 8.711991], [77.433984, 8.71108], [77.43373, 8.711089], [77.432844, 8.712273], [77.43327, 8.713947], [77.434728, 8.713776], [77.434829, 8.713512], [77.435099, 8.711991]]]}, "properties": {"parcel_id": "parcel_00596", "state": "Tamil Nadu", "district": "Tirunelveli District", "taluk": "Ambasamudram Taluk", "village": "Ambasamudram", "predicted_crop": "Paddy", "confidence": 0.9368, "area_sq_km": 0.0559, "area_ha": 5.59, "prob_paddy": 0.9368, "prob_banana": 0.0471, "prob_other": 0.0161}}, {"type": "Feature", "geometry": {"type": "Polygon", "coordinates": [[[77.497209, 8.697048], [77.497907, 8.696398], [77.49789, 8.695143], [77.495424, 8.695327], [77.495594, 8.697526], [77.497209, 8.697048]]]}, "properties": {"parcel_id": "parcel_00597", "state": "Tamil Nadu", "district": "Tirunelveli District", "taluk": "Ambasamudram Taluk", "village": "Veeravanallur", "predicted_crop": "Banana", "confidence": 0.9162, "area_sq_km": 0.0554, "area_ha": 5.54, "prob_paddy": 0.0339, "prob_banana": 0.9162, "prob_other": 0.0499}}, {"type": "Feature", "geometry": {"type": "Polygon", "coordinates": [[[77.519499, 8.68985], [77.519012, 8.692364], [77.519424, 8.692429], [77.520722, 8.691447], [77.520698, 8.689495], [77.520668, 8.689447], [77.519499, 8.68985]]]}, "properties": {"parcel_id": "parcel_00598", "state": "Tamil Nadu", "district": "Tirunelveli District", "taluk": "Cheranmahadevi Taluk", "village": "Veeravanallur", "predicted_crop": "Paddy", "confidence": 0.8962, "area_sq_km": 0.0412, "area_ha": 4.12, "prob_paddy": 0.8962, "prob_banana": 0.0634, "prob_other": 0.0404}}, {"type": "Feature", "geometry": {"type": "Polygon", "coordinates": [[[77.526036, 8.69323], [77.525308, 8.694656], [77.525616, 8.694857], [77.526723, 8.694507], [77.526036, 8.69323]]]}, "properties": {"parcel_id": "parcel_00599", "state": "Tamil Nadu", "district": "Tirunelveli District", "taluk": "Cheranmahadevi Taluk", "village": "Veeravanallur", "predicted_crop": "Other", "confidence": 0.8269, "area_sq_km": 0.0137, "area_ha": 1.37, "prob_paddy": 0.0874, "prob_banana": 0.0858, "prob_other": 0.8269}}, {"type": "Feature", "geometry": {"type": "Polygon", "coordinates": [[[77.509205, 8.69619], [77.510834, 8.69744], [77.512047, 8.696633], [77.511427, 8.695411], [77.510634, 8.695111], [77.509205, 8.69619]]]}, "properties": {"parcel_id": "parcel_00600", "state": "Tamil Nadu", "district": "Tirunelveli District", "taluk": "Cheranmahadevi Taluk", "village": "Veeravanallur", "predicted_crop": "Banana", "confidence": 0.9066, "area_sq_km": 0.0445, "area_ha": 4.45, "prob_paddy": 0.0607, "prob_banana": 0.9066, "prob_other": 0.0327}}, {"type": "Feature", "geometry": {"type": "Polygon", "coordinates": [[[77.444227, 8.705553], [77.444222, 8.705378], [77.443394, 8.703396], [77.441653, 8.703936], [77.44034, 8.705923], [77.442825, 8.706037], [77.444158, 8.70584], [77.444227, 8.705553]]]}, "properties": {"parcel_id": "parcel_00601", "state": "Tamil Nadu", "district": "Tirunelveli District", "taluk": "Ambasamudram Taluk", "village": "Ambasamudram", "predicted_crop": "Paddy", "confidence": 0.8838, "area_sq_km": 0.0811, "area_ha": 8.11, "prob_paddy": 0.8838, "prob_banana": 0.0585, "prob_other": 0.0577}}, {"type": "Feature", "geometry": {"type": "Polygon", "coordinates": [[[77.548914, 8.684255], [77.547561, 8.685413], [77.547917, 8.686497], [77.548956, 8.686289], [77.549059, 8.684387], [77.548914, 8.684255]]]}, "properties": {"parcel_id": "parcel_00602", "state": "Tamil Nadu", "district": "Tirunelveli District", "taluk": "Cheranmahadevi Taluk", "village": "Cheranmahadevi", "predicted_crop": "Paddy", "confidence": 0.9024, "area_sq_km": 0.0261, "area_ha": 2.61, "prob_paddy": 0.9024, "prob_banana": 0.0719, "prob_other": 0.0257}}, {"type": "Feature", "geometry": {"type": "Polygon", "coordinates": [[[77.507548, 8.710197], [77.508216, 8.709654], [77.508083, 8.70948], [77.505627, 8.708157], [77.504713, 8.708945], [77.504458, 8.709311], [77.504872, 8.70986], [77.507548, 8.710197]]]}, "properties": {"parcel_id": "parcel_00603", "state": "Tamil Nadu", "district": "Tirunelveli District", "taluk": "Ambasamudram Taluk", "village": "Thiruppudaimaruthur", "predicted_crop": "Paddy", "confidence": 0.9604, "area_sq_km": 0.0531, "area_ha": 5.31, "prob_paddy": 0.9604, "prob_banana": 0.021, "prob_other": 0.0186}}, {"type": "Feature", "geometry": {"type": "Polygon", "coordinates": [[[77.479031, 8.696662], [77.480431, 8.694552], [77.478985, 8.694232], [77.477615, 8.694969], [77.477931, 8.695922], [77.479031, 8.696662]]]}, "properties": {"parcel_id": "parcel_00604", "state": "Tamil Nadu", "district": "Tirunelveli District", "taluk": "Ambasamudram Taluk", "village": "Kallidaikurichi", "predicted_crop": "Paddy", "confidence": 0.9701, "area_sq_km": 0.0468, "area_ha": 4.68, "prob_paddy": 0.9701, "prob_banana": 0.0226, "prob_other": 0.0073}}, {"type": "Feature", "geometry": {"type": "Polygon", "coordinates": [[[77.440318, 8.705949], [77.439898, 8.706121], [77.439913, 8.706198], [77.441932, 8.70847], [77.442806, 8.706063], [77.440318, 8.705949]]]}, "properties": {"parcel_id": "parcel_00605", "state": "Tamil Nadu", "district": "Tirunelveli District", "taluk": "Ambasamudram Taluk", "village": "Ambasamudram", "predicted_crop": "Paddy", "confidence": 0.9233, "area_sq_km": 0.046, "area_ha": 4.6, "prob_paddy": 0.9233, "prob_banana": 0.055, "prob_other": 0.0217}}, {"type": "Feature", "geometry": {"type": "Polygon", "coordinates": [[[77.44109, 8.679154], [77.440287, 8.678889], [77.439269, 8.680628], [77.440374, 8.682548], [77.441807, 8.679855], [77.44109, 8.679154]]]}, "properties": {"parcel_id": "parcel_00606", "state": "Tamil Nadu", "district": "Tirunelveli District", "taluk": "Ambasamudram Taluk", "village": "Kallidaikurichi", "predicted_crop": "Banana", "confidence": 0.8299, "area_sq_km": 0.0593, "area_ha": 5.93, "prob_paddy": 0.0733, "prob_banana": 0.8299, "prob_other": 0.0969}}, {"type": "Feature", "geometry": {"type": "Polygon", "coordinates": [[[77.513822, 8.690656], [77.514821, 8.69139], [77.516699, 8.691513], [77.516719, 8.69008], [77.515198, 8.689647], [77.513836, 8.690203], [77.513822, 8.690656]]]}, "properties": {"parcel_id": "parcel_00607", "state": "Tamil Nadu", "district": "Tirunelveli District", "taluk": "Cheranmahadevi Taluk", "village": "Veeravanallur", "predicted_crop": "Paddy", "confidence": 0.9478, "area_sq_km": 0.0496, "area_ha": 4.96, "prob_paddy": 0.9478, "prob_banana": 0.0385, "prob_other": 0.0137}}, {"type": "Feature", "geometry": {"type": "Polygon", "coordinates": [[[77.513584, 8.685788], [77.513709, 8.686652], [77.513754, 8.686795], [77.514561, 8.687236], [77.514763, 8.687262], [77.516146, 8.686476], [77.515421, 8.684755], [77.513679, 8.685592], [77.513584, 8.685788]]]}, "properties": {"parcel_id": "parcel_00608", "state": "Tamil Nadu", "district": "Tirunelveli District", "taluk": "Cheranmahadevi Taluk", "village": "Veeravanallur", "predicted_crop": "Banana", "confidence": 0.8399, "area_sq_km": 0.0497, "area_ha": 4.97, "prob_paddy": 0.0975, "prob_banana": 0.8399, "prob_other": 0.0626}}, {"type": "Feature", "geometry": {"type": "Polygon", "coordinates": [[[77.456293, 8.710015], [77.457514, 8.708117], [77.457015, 8.707249], [77.456561, 8.706769], [77.456236, 8.70669], [77.454442, 8.707677], [77.454413, 8.707944], [77.4549, 8.708735], [77.456293, 8.710015]]]}, "properties": {"parcel_id": "parcel_00609", "state": "Tamil Nadu", "district": "Tirunelveli District", "taluk": "Ambasamudram Taluk", "village": "Ambasamudram", "predicted_crop": "Banana", "confidence": 0.8766, "area_sq_km": 0.0715, "area_ha": 7.15, "prob_paddy": 0.0607, "prob_banana": 0.8766, "prob_other": 0.0626}}, {"type": "Feature", "geometry": {"type": "Polygon", "coordinates": [[[77.509423, 8.67848], [77.509432, 8.678813], [77.509927, 8.679789], [77.510234, 8.680103], [77.512586, 8.679968], [77.512735, 8.679731], [77.512146, 8.677725], [77.511445, 8.677296], [77.509423, 8.67848]]]}, "properties": {"parcel_id": "parcel_00610", "state": "Tamil Nadu", "district": "Tirunelveli District", "taluk": "Cheranmahadevi Taluk", "village": "Veeravanallur", "predicted_crop": "Paddy", "confidence": 0.868, "area_sq_km": 0.0786, "area_ha": 7.86, "prob_paddy": 0.868, "prob_banana": 0.083, "prob_other": 0.0491}}, {"type": "Feature", "geometry": {"type": "Polygon", "coordinates": [[[77.434854, 8.713523], [77.434755, 8.71378], [77.437655, 8.714771], [77.436595, 8.71228], [77.436088, 8.712246], [77.434854, 8.713523]]]}, "properties": {"parcel_id": "parcel_00611", "state": "Tamil Nadu", "district": "Tirunelveli District", "taluk": "Ambasamudram Taluk", "village": "Ambasamudram", "predicted_crop": "Paddy", "confidence": 0.8834, "area_sq_km": 0.0438, "area_ha": 4.38, "prob_paddy": 0.8834, "prob_banana": 0.0701, "prob_other": 0.0465}}, {"type": "Feature", "geometry": {"type": "Polygon", "coordinates": [[[77.536735, 8.700262], [77.536721, 8.700267], [77.537722, 8.702675], [77.538808, 8.702817], [77.539317, 8.702611], [77.539607, 8.701904], [77.537897, 8.700342], [77.536735, 8.700262]]]}, "properties": {"parcel_id": "parcel_00612", "state": "Tamil Nadu", "district": "Tirunelveli District", "taluk": "Cheranmahadevi Taluk", "village": "Veeravanallur", "predicted_crop": "Paddy", "confidence": 0.9047, "area_sq_km": 0.0514, "area_ha": 5.14, "prob_paddy": 0.9047, "prob_banana": 0.0587, "prob_other": 0.0366}}, {"type": "Feature", "geometry": {"type": "Polygon", "coordinates": [[[77.481197, 8.691365], [77.482776, 8.690552], [77.483171, 8.690167], [77.483188, 8.689259], [77.480982, 8.689033], [77.481197, 8.691365]]]}, "properties": {"parcel_id": "parcel_00613", "state": "Tamil Nadu", "district": "Tirunelveli District", "taluk": "Ambasamudram Taluk", "village": "Kallidaikurichi", "predicted_crop": "Paddy", "confidence": 0.9422, "area_sq_km": 0.0436, "area_ha": 4.36, "prob_paddy": 0.9422, "prob_banana": 0.0371, "prob_other": 0.0207}}, {"type": "Feature", "geometry": {"type": "Polygon", "coordinates": [[[77.517196, 8.689491], [77.517178, 8.68942], [77.514842, 8.687442], [77.515209, 8.689622], [77.516727, 8.690054], [77.517196, 8.689491]]]}, "properties": {"parcel_id": "parcel_00614", "state": "Tamil Nadu", "district": "Tirunelveli District", "taluk": "Cheranmahadevi Taluk", "village": "Veeravanallur", "predicted_crop": "Paddy", "confidence": 0.8734, "area_sq_km": 0.0339, "area_ha": 3.39, "prob_paddy": 0.8734, "prob_banana": 0.09, "prob_other": 0.0366}}, {"type": "Feature", "geometry": {"type": "Polygon", "coordinates": [[[77.463265, 8.707729], [77.463829, 8.709016], [77.464687, 8.709442], [77.465582, 8.708861], [77.466572, 8.707072], [77.466369, 8.706942], [77.464412, 8.706586], [77.463265, 8.707729]]]}, "properties": {"parcel_id": "parcel_00615", "state": "Tamil Nadu", "district": "Tirunelveli District", "taluk": "Ambasamudram Taluk", "village": "Ambasamudram", "predicted_crop": "Paddy", "confidence": 0.9797, "area_sq_km": 0.0713, "area_ha": 7.13, "prob_paddy": 0.9797, "prob_banana": 0.0149, "prob_other": 0.0054}}, {"type": "Feature", "geometry": {"type": "Polygon", "coordinates": [[[77.512389, 8.689307], [77.512715, 8.687392], [77.510434, 8.686957], [77.510517, 8.688436], [77.512323, 8.689322], [77.512389, 8.689307]]]}, "properties": {"parcel_id": "parcel_00616", "state": "Tamil Nadu", "district": "Tirunelveli District", "taluk": "Cheranmahadevi Taluk", "village": "Veeravanallur", "predicted_crop": "Paddy", "confidence": 0.9274, "area_sq_km": 0.0444, "area_ha": 4.44, "prob_paddy": 0.9274, "prob_banana": 0.0533, "prob_other": 0.0193}}, {"type": "Feature", "geometry": {"type": "Polygon", "coordinates": [[[77.468804, 8.700585], [77.46942, 8.701699], [77.469959, 8.702067], [77.471039, 8.701213], [77.471367, 8.700442], [77.471137, 8.699818], [77.469254, 8.698546], [77.468804, 8.700585]]]}, "properties": {"parcel_id": "parcel_00617", "state": "Tamil Nadu", "district": "Tirunelveli District", "taluk": "Ambasamudram Taluk", "village": "Kallidaikurichi", "predicted_crop": "Paddy", "confidence": 0.949, "area_sq_km": 0.0666, "area_ha": 6.66, "prob_paddy": 0.949, "prob_banana": 0.0384, "prob_other": 0.0126}}, {"type": "Feature", "geometry": {"type": "Polygon", "coordinates": [[[77.455591, 8.70366], [77.454692, 8.703131], [77.452313, 8.704598], [77.452914, 8.70514], [77.453412, 8.705443], [77.45554, 8.703867], [77.455591, 8.70366]]]}, "properties": {"parcel_id": "parcel_00618", "state": "Tamil Nadu", "district": "Tirunelveli District", "taluk": "Ambasamudram Taluk", "village": "Ambasamudram", "predicted_crop": "Paddy", "confidence": 0.8985, "area_sq_km": 0.0416, "area_ha": 4.16, "prob_paddy": 0.8985, "prob_banana": 0.0801, "prob_other": 0.0214}}, {"type": "Feature", "geometry": {"type": "Polygon", "coordinates": [[[77.50898, 8.710238], [77.508132, 8.71268], [77.509527, 8.713768], [77.5098, 8.713359], [77.509079, 8.710331], [77.50898, 8.710238]]]}, "properties": {"parcel_id": "parcel_00619", "state": "Tamil Nadu", "district": "Tirunelveli District", "taluk": "Ambasamudram Taluk", "village": "Thiruppudaimaruthur", "predicted_crop": "Paddy", "confidence": 0.9371, "area_sq_km": 0.035, "area_ha": 3.5, "prob_paddy": 0.9371, "prob_banana": 0.0471, "prob_other": 0.0158}}, {"type": "Feature", "geometry": {"type": "Polygon", "coordinates": [[[77.481058, 8.68403], [77.482316, 8.683886], [77.482951, 8.683144], [77.483279, 8.681484], [77.482249, 8.68122], [77.481339, 8.68132], [77.480629, 8.681978], [77.480325, 8.68309], [77.481058, 8.68403]]]}, "properties": {"parcel_id": "parcel_00620", "state": "Tamil Nadu", "district": "Tirunelveli District", "taluk": "Ambasamudram Taluk", "village": "Kallidaikurichi", "predicted_crop": "Banana", "confidence": 0.8873, "area_sq_km": 0.0742, "area_ha": 7.42, "prob_paddy": 0.0651, "prob_banana": 0.8873, "prob_other": 0.0476}}, {"type": "Feature", "geometry": {"type": "Polygon", "coordinates": [[[77.537697, 8.692446], [77.538455, 8.692828], [77.538545, 8.691861], [77.537984, 8.691395], [77.537697, 8.692446]]]}, "properties": {"parcel_id": "parcel_00621", "state": "Tamil Nadu", "district": "Tirunelveli District", "taluk": "Cheranmahadevi Taluk", "village": "Veeravanallur", "predicted_crop": "Paddy", "confidence": 0.9695, "area_sq_km": 0.0091, "area_ha": 0.91, "prob_paddy": 0.9695, "prob_banana": 0.0159, "prob_other": 0.0146}}, {"type": "Feature", "geometry": {"type": "Polygon", "coordinates": [[[77.454156, 8.695922], [77.451501, 8.694931], [77.451299, 8.695177], [77.451123, 8.695445], [77.451612, 8.697204], [77.451994, 8.697553], [77.453588, 8.697362], [77.454156, 8.695922]]]}, "properties": {"parcel_id": "parcel_00622", "state": "Tamil Nadu", "district": "Tirunelveli District", "taluk": "Ambasamudram Taluk", "village": "Ambasamudram", "predicted_crop": "Other", "confidence": 0.9084, "area_sq_km": 0.0635, "area_ha": 6.35, "prob_paddy": 0.0415, "prob_banana": 0.0501, "prob_other": 0.9084}}, {"type": "Feature", "geometry": {"type": "Polygon", "coordinates": [[[77.447785, 8.707787], [77.447949, 8.704841], [77.44756, 8.704657], [77.447067, 8.705105], [77.446674, 8.707336], [77.447785, 8.707787]]]}, "properties": {"parcel_id": "parcel_00623", "state": "Tamil Nadu", "district": "Tirunelveli District", "taluk": "Ambasamudram Taluk", "village": "Ambasamudram", "predicted_crop": "Paddy", "confidence": 0.9466, "area_sq_km": 0.0334, "area_ha": 3.34, "prob_paddy": 0.9466, "prob_banana": 0.0315, "prob_other": 0.0219}}, {"type": "Feature", "geometry": {"type": "Polygon", "coordinates": [[[77.504418, 8.688197], [77.505061, 8.688091], [77.506013, 8.685282], [77.505523, 8.685181], [77.50448, 8.685703], [77.503699, 8.687351], [77.504418, 8.688197]]]}, "properties": {"parcel_id": "parcel_00624", "state": "Tamil Nadu", "district": "Tirunelveli District", "taluk": "Ambasamudram Taluk", "village": "Veeravanallur", "predicted_crop": "Paddy", "confidence": 0.9193, "area_sq_km": 0.047, "area_ha": 4.7, "prob_paddy": 0.9193, "prob_banana": 0.0602, "prob_other": 0.0205}}, {"type": "Feature", "geometry": {"type": "Polygon", "coordinates": [[[77.453804, 8.693329], [77.454367, 8.692359], [77.45458, 8.690963], [77.453475, 8.690355], [77.452906, 8.690318], [77.452383, 8.692173], [77.453724, 8.693326], [77.453804, 8.693329]]]}, "properties": {"parcel_id": "parcel_00625", "state": "Tamil Nadu", "district": "Tirunelveli District", "taluk": "Ambasamudram Taluk", "village": "Kallidaikurichi", "predicted_crop": "Paddy", "confidence": 0.9473, "area_sq_km": 0.0529, "area_ha": 5.29, "prob_paddy": 0.9473, "prob_banana": 0.0303, "prob_other": 0.0224}}, {"type": "Feature", "geometry": {"type": "Polygon", "coordinates": [[[77.468175, 8.69781], [77.46913, 8.698192], [77.471272, 8.696537], [77.471369, 8.696323], [77.470246, 8.694466], [77.469548, 8.694564], [77.4695, 8.694584], [77.468175, 8.69781]]]}, "properties": {"parcel_id": "parcel_00626", "state": "Tamil Nadu", "district": "Tirunelveli District", "taluk": "Ambasamudram Taluk", "village": "Kallidaikurichi", "predicted_crop": "Paddy", "confidence": 0.9039, "area_sq_km": 0.078, "area_ha": 7.8, "prob_paddy": 0.9039, "prob_banana": 0.0665, "prob_other": 0.0296}}, {"type": "Feature", "geometry": {"type": "Polygon", "coordinates": [[[77.431492, 8.702047], [77.432351, 8.701738], [77.432832, 8.700367], [77.432388, 8.700091], [77.431176, 8.700461], [77.431201, 8.701857], [77.431492, 8.702047]]]}, "properties": {"parcel_id": "parcel_00627", "state": "Tamil Nadu", "district": "Tirunelveli District", "taluk": "Ambasamudram Taluk", "village": "Ambasamudram", "predicted_crop": "Paddy", "confidence": 0.949, "area_sq_km": 0.0279, "area_ha": 2.79, "prob_paddy": 0.949, "prob_banana": 0.0393, "prob_other": 0.0116}}, {"type": "Feature", "geometry": {"type": "Polygon", "coordinates": [[[77.545436, 8.710379], [77.545294, 8.70988], [77.544206, 8.708817], [77.543785, 8.708954], [77.54254, 8.712715], [77.542746, 8.712829], [77.543607, 8.712548], [77.545036, 8.711256], [77.545436, 8.710379]]]}, "properties": {"parcel_id": "parcel_00628", "state": "Tamil Nadu", "district": "Tirunelveli District", "taluk": "Cheranmahadevi Taluk", "village": "Ariyanayakipuram", "predicted_crop": "Banana", "confidence": 0.8458, "area_sq_km": 0.0737, "area_ha": 7.37, "prob_paddy": 0.0697, "prob_banana": 0.8458, "prob_other": 0.0846}}, {"type": "Feature", "geometry": {"type": "Polygon", "coordinates": [[[77.462187, 8.686261], [77.462304, 8.686367], [77.464116, 8.685719], [77.463994, 8.683977], [77.462415, 8.684482], [77.462187, 8.686261]]]}, "properties": {"parcel_id": "parcel_00629", "state": "Tamil Nadu", "district": "Tirunelveli District", "taluk": "Ambasamudram Taluk", "village": "Kallidaikurichi", "predicted_crop": "Banana", "confidence": 0.8654, "area_sq_km": 0.0389, "area_ha": 3.89, "prob_paddy": 0.0709, "prob_banana": 0.8654, "prob_other": 0.0637}}, {"type": "Feature", "geometry": {"type": "Polygon", "coordinates": [[[77.507872, 8.687224], [77.509162, 8.689777], [77.509896, 8.6892], [77.51049, 8.688441], [77.510406, 8.686945], [77.510394, 8.686924], [77.508185, 8.68679], [77.507872, 8.687224]]]}, "properties": {"parcel_id": "parcel_00630", "state": "Tamil Nadu", "district": "Tirunelveli District", "taluk": "Ambasamudram Taluk", "village": "Veeravanallur", "predicted_crop": "Paddy", "confidence": 0.8669, "area_sq_km": 0.0621, "area_ha": 6.21, "prob_paddy": 0.8669, "prob_banana": 0.083, "prob_other": 0.0501}}, {"type": "Feature", "geometry": {"type": "Polygon", "coordinates": [[[77.520828, 8.706117], [77.519819, 8.707671], [77.522448, 8.7105], [77.524245, 8.707849], [77.520828, 8.706117]]]}, "properties": {"parcel_id": "parcel_00631", "state": "Tamil Nadu", "district": "Tirunelveli District", "taluk": "Cheranmahadevi Taluk", "village": "Veeravanallur", "predicted_crop": "Banana", "confidence": 0.9328, "area_sq_km": 0.1164, "area_ha": 11.64, "prob_paddy": 0.0433, "prob_banana": 0.9328, "prob_other": 0.0239}}, {"type": "Feature", "geometry": {"type": "Polygon", "coordinates": [[[77.532021, 8.705677], [77.531174, 8.70494], [77.529632, 8.705642], [77.529874, 8.707186], [77.5302, 8.707448], [77.531149, 8.707134], [77.532021, 8.705677]]]}, "properties": {"parcel_id": "parcel_00632", "state": "Tamil Nadu", "district": "Tirunelveli District", "taluk": "Cheranmahadevi Taluk", "village": "Veeravanallur", "predicted_crop": "Paddy", "confidence": 0.9042, "area_sq_km": 0.0461, "area_ha": 4.61, "prob_paddy": 0.9042, "prob_banana": 0.0502, "prob_other": 0.0456}}, {"type": "Feature", "geometry": {"type": "Polygon", "coordinates": [[[77.484932, 8.687399], [77.483985, 8.686009], [77.482721, 8.687236], [77.483424, 8.688703], [77.484997, 8.688442], [77.484932, 8.687399]]]}, "properties": {"parcel_id": "parcel_00633", "state": "Tamil Nadu", "district": "Tirunelveli District", "taluk": "Ambasamudram Taluk", "village": "Kallidaikurichi", "predicted_crop": "Paddy", "confidence": 0.9344, "area_sq_km": 0.0469, "area_ha": 4.69, "prob_paddy": 0.9344, "prob_banana": 0.0383, "prob_other": 0.0273}}, {"type": "Feature", "geometry": {"type": "Polygon", "coordinates": [[[77.507443, 8.707386], [77.507822, 8.707213], [77.509873, 8.705702], [77.509631, 8.705332], [77.506457, 8.706933], [77.507443, 8.707386]]]}, "properties": {"parcel_id": "parcel_00634", "state": "Tamil Nadu", "district": "Tirunelveli District", "taluk": "Ambasamudram Taluk", "village": "Veeravanallur", "predicted_crop": "Paddy", "confidence": 0.9302, "area_sq_km": 0.0277, "area_ha": 2.77, "prob_paddy": 0.9302, "prob_banana": 0.0484, "prob_other": 0.0214}}, {"type": "Feature", "geometry": {"type": "Polygon", "coordinates": [[[77.427726, 8.702204], [77.427943, 8.701669], [77.427925, 8.700295], [77.423762, 8.701302], [77.42772, 8.702204], [77.427726, 8.702204]]]}, "properties": {"parcel_id": "parcel_00635", "state": "Tamil Nadu", "district": "Tirunelveli District", "taluk": "Ambasamudram Taluk", "village": "Ambasamudram", "predicted_crop": "Paddy", "confidence": 0.8735, "area_sq_km": 0.0491, "area_ha": 4.91, "prob_paddy": 0.8735, "prob_banana": 0.0856, "prob_other": 0.0408}}, {"type": "Feature", "geometry": {"type": "Polygon", "coordinates": [[[77.450279, 8.706775], [77.449579, 8.707838], [77.44927, 8.708589], [77.450029, 8.708951], [77.451417, 8.708349], [77.452582, 8.707229], [77.450279, 8.706775]]]}, "properties": {"parcel_id": "parcel_00636", "state": "Tamil Nadu", "district": "Tirunelveli District", "taluk": "Ambasamudram Taluk", "village": "Ambasamudram", "predicted_crop": "Other", "confidence": 0.8273, "area_sq_km": 0.0482, "area_ha": 4.82, "prob_paddy": 0.0984, "prob_banana": 0.0743, "prob_other": 0.8273}}, {"type": "Feature", "geometry": {"type": "Polygon", "coordinates": [[[77.547092, 8.695101], [77.548385, 8.694133], [77.548284, 8.692607], [77.545981, 8.694296], [77.547092, 8.695101]]]}, "properties": {"parcel_id": "parcel_00637", "state": "Tamil Nadu", "district": "Tirunelveli District", "taluk": "Cheranmahadevi Taluk", "village": "Cheranmahadevi", "predicted_crop": "Banana", "confidence": 0.847, "area_sq_km": 0.0354, "area_ha": 3.54, "prob_paddy": 0.0822, "prob_banana": 0.847, "prob_other": 0.0707}}, {"type": "Feature", "geometry": {"type": "Polygon", "coordinates": [[[77.509228, 8.71034], [77.513435, 8.710425], [77.513502, 8.710347], [77.513504, 8.710339], [77.512833, 8.708536], [77.512666, 8.70831], [77.508806, 8.70999], [77.508984, 8.710205], [77.509098, 8.710311], [77.509228, 8.71034]]]}, "properties": {"parcel_id": "parcel_00638", "state": "Tamil Nadu", "district": "Tirunelveli District", "taluk": "Cheranmahadevi Taluk", "village": "Thiruppudaimaruthur", "predicted_crop": "Paddy", "confidence": 0.9768, "area_sq_km": 0.0688, "area_ha": 6.88, "prob_paddy": 0.9768, "prob_banana": 0.0126, "prob_other": 0.0106}}, {"type": "Feature", "geometry": {"type": "Polygon", "coordinates": [[[77.54282, 8.681466], [77.543331, 8.680886], [77.544184, 8.679576], [77.542727, 8.676912], [77.542541, 8.676961], [77.541845, 8.677709], [77.540944, 8.679076], [77.540944, 8.679474], [77.541453, 8.681032], [77.54282, 8.681466]]]}, "properties": {"parcel_id": "parcel_00639", "state": "Tamil Nadu", "district": "Tirunelveli District", "taluk": "Cheranmahadevi Taluk", "village": "Cheranmahadevi", "predicted_crop": "Paddy", "confidence": 0.9239, "area_sq_km": 0.1105, "area_ha": 11.05, "prob_paddy": 0.9239, "prob_banana": 0.0431, "prob_other": 0.033}}, {"type": "Feature", "geometry": {"type": "Polygon", "coordinates": [[[77.489686, 8.675595], [77.488566, 8.675164], [77.487567, 8.676646], [77.488818, 8.677485], [77.489686, 8.675595]]]}, "properties": {"parcel_id": "parcel_00640", "state": "Tamil Nadu", "district": "Tirunelveli District", "taluk": "Ambasamudram Taluk", "village": "Kallidaikurichi", "predicted_crop": "Banana", "confidence": 0.8567, "area_sq_km": 0.0316, "area_ha": 3.16, "prob_paddy": 0.0719, "prob_banana": 0.8567, "prob_other": 0.0714}}, {"type": "Feature", "geometry": {"type": "Polygon", "coordinates": [[[77.454715, 8.694836], [77.456186, 8.693928], [77.454384, 8.692385], [77.453827, 8.693343], [77.454496, 8.694614], [77.454715, 8.694836]]]}, "properties": {"parcel_id": "parcel_00641", "state": "Tamil Nadu", "district": "Tirunelveli District", "taluk": "Ambasamudram Taluk", "village": "Kallidaikurichi", "predicted_crop": "Other", "confidence": 0.8643, "area_sq_km": 0.0348, "area_ha": 3.48, "prob_paddy": 0.0614, "prob_banana": 0.0743, "prob_other": 0.8643}}, {"type": "Feature", "geometry": {"type": "Polygon", "coordinates": [[[77.475748, 8.694246], [77.475741, 8.692915], [77.473021, 8.691174], [77.472915, 8.691154], [77.471644, 8.692131], [77.472946, 8.69391], [77.475481, 8.694517], [77.475748, 8.694246]]]}, "properties": {"parcel_id": "parcel_00642", "state": "Tamil Nadu", "district": "Tirunelveli District", "taluk": "Ambasamudram Taluk", "village": "Kallidaikurichi", "predicted_crop": "Paddy", "confidence": 0.8756, "area_sq_km": 0.0973, "area_ha": 9.73, "prob_paddy": 0.8756, "prob_banana": 0.0644, "prob_other": 0.06}}, {"type": "Feature", "geometry": {"type": "Polygon", "coordinates": [[[77.449892, 8.693757], [77.449677, 8.692203], [77.449444, 8.692364], [77.449015, 8.694514], [77.449386, 8.694635], [77.449892, 8.693757]]]}, "properties": {"parcel_id": "parcel_00643", "state": "Tamil Nadu", "district": "Tirunelveli District", "taluk": "Ambasamudram Taluk", "village": "Ambasamudram", "predicted_crop": "Banana", "confidence": 0.9277, "area_sq_km": 0.0143, "area_ha": 1.43, "prob_paddy": 0.0438, "prob_banana": 0.9277, "prob_other": 0.0286}}, {"type": "Feature", "geometry": {"type": "Polygon", "coordinates": [[[77.449414, 8.692375], [77.449252, 8.692422], [77.447671, 8.693998], [77.447599, 8.694219], [77.447898, 8.694797], [77.448987, 8.694512], [77.449414, 8.692375]]]}, "properties": {"parcel_id": "parcel_00644", "state": "Tamil Nadu", "district": "Tirunelveli District", "taluk": "Ambasamudram Taluk", "village": "Ambasamudram", "predicted_crop": "Paddy", "confidence": 0.9614, "area_sq_km": 0.0259, "area_ha": 2.59, "prob_paddy": 0.9614, "prob_banana": 0.0197, "prob_other": 0.0189}}, {"type": "Feature", "geometry": {"type": "Polygon", "coordinates": [[[77.451992, 8.706346], [77.452784, 8.707135], [77.453799, 8.707103], [77.453401, 8.705468], [77.452909, 8.705169], [77.451992, 8.706346]]]}, "properties": {"parcel_id": "parcel_00645", "state": "Tamil Nadu", "district": "Tirunelveli District", "taluk": "Ambasamudram Taluk", "village": "Ambasamudram", "predicted_crop": "Paddy", "confidence": 0.9677, "area_sq_km": 0.0264, "area_ha": 2.64, "prob_paddy": 0.9677, "prob_banana": 0.0235, "prob_other": 0.0088}}, {"type": "Feature", "geometry": {"type": "Polygon", "coordinates": [[[77.509148, 8.696169], [77.50918, 8.696175], [77.510616, 8.695091], [77.510258, 8.694109], [77.508489, 8.693468], [77.508925, 8.696027], [77.509148, 8.696169]]]}, "properties": {"parcel_id": "parcel_00646", "state": "Tamil Nadu", "district": "Tirunelveli District", "taluk": "Ambasamudram Taluk", "village": "Veeravanallur", "predicted_crop": "Other", "confidence": 0.7694, "area_sq_km": 0.041, "area_ha": 4.1, "prob_paddy": 0.1227, "prob_banana": 0.1079, "prob_other": 0.7694}}, {"type": "Feature", "geometry": {"type": "Polygon", "coordinates": [[[77.488068, 8.704862], [77.488728, 8.702836], [77.488658, 8.702705], [77.487841, 8.702851], [77.487696, 8.704437], [77.488018, 8.704829], [77.488068, 8.704862]]]}, "properties": {"parcel_id": "parcel_00647", "state": "Tamil Nadu", "district": "Tirunelveli District", "taluk": "Ambasamudram Taluk", "village": "Thiruppudaimaruthur", "predicted_crop": "Paddy", "confidence": 0.9313, "area_sq_km": 0.0156, "area_ha": 1.56, "prob_paddy": 0.9313, "prob_banana": 0.0415, "prob_other": 0.0271}}, {"type": "Feature", "geometry": {"type": "Polygon", "coordinates": [[[77.501623, 8.70168], [77.501091, 8.704171], [77.501272, 8.704279], [77.501607, 8.704379], [77.503273, 8.703977], [77.503459, 8.702019], [77.503015, 8.70139], [77.501623, 8.70168]]]}, "properties": {"parcel_id": "parcel_00648", "state": "Tamil Nadu", "district": "Tirunelveli District", "taluk": "Ambasamudram Taluk", "village": "Veeravanallur", "predicted_crop": "Paddy", "confidence": 0.8947, "area_sq_km": 0.0644, "area_ha": 6.44, "prob_paddy": 0.8947, "prob_banana": 0.0687, "prob_other": 0.0366}}, {"type": "Feature", "geometry": {"type": "Polygon", "coordinates": [[[77.457306, 8.697916], [77.456302, 8.698544], [77.456088, 8.699004], [77.456261, 8.699369], [77.457097, 8.699366], [77.457306, 8.697916]]]}, "properties": {"parcel_id": "parcel_00649", "state": "Tamil Nadu", "district": "Tirunelveli District", "taluk": "Ambasamudram Taluk", "village": "Kallidaikurichi", "predicted_crop": "Paddy", "confidence": 0.8977, "area_sq_km": 0.0132, "area_ha": 1.32, "prob_paddy": 0.8977, "prob_banana": 0.0704, "prob_other": 0.0319}}, {"type": "Feature", "geometry": {"type": "Polygon", "coordinates": [[[77.500828, 8.685293], [77.498231, 8.685628], [77.498041, 8.686071], [77.500241, 8.687908], [77.500713, 8.687592], [77.500828, 8.685293]]]}, "properties": {"parcel_id": "parcel_00650", "state": "Tamil Nadu", "district": "Tirunelveli District", "taluk": "Ambasamudram Taluk", "village": "Veeravanallur", "predicted_crop": "Paddy", "confidence": 0.877, "area_sq_km": 0.0546, "area_ha": 5.46, "prob_paddy": 0.877, "prob_banana": 0.0974, "prob_other": 0.0256}}, {"type": "Feature", "geometry": {"type": "Polygon", "coordinates": [[[77.541395, 8.687785], [77.541543, 8.687762], [77.542504, 8.685357], [77.541578, 8.684919], [77.540376, 8.685758], [77.541395, 8.687785]]]}, "properties": {"parcel_id": "parcel_00651", "state": "Tamil Nadu", "district": "Tirunelveli District", "taluk": "Cheranmahadevi Taluk", "village": "Veeravanallur", "predicted_crop": "Paddy", "confidence": 0.9448, "area_sq_km": 0.0387, "area_ha": 3.87, "prob_paddy": 0.9448, "prob_banana": 0.038, "prob_other": 0.0172}}, {"type": "Feature", "geometry": {"type": "Polygon", "coordinates": [[[77.42948, 8.693918], [77.429706, 8.694927], [77.4306, 8.696088], [77.432112, 8.694511], [77.430221, 8.693518], [77.429485, 8.693883], [77.42948, 8.693918]]]}, "properties": {"parcel_id": "parcel_00652", "state": "Tamil Nadu", "district": "Tirunelveli District", "taluk": "Ambasamudram Taluk", "village": "Ambasamudram", "predicted_crop": "Paddy", "confidence": 0.8686, "area_sq_km": 0.0439, "area_ha": 4.39, "prob_paddy": 0.8686, "prob_banana": 0.081, "prob_other": 0.0504}}, {"type": "Feature", "geometry": {"type": "Polygon", "coordinates": [[[77.548944, 8.69838], [77.548944, 8.698376], [77.547581, 8.697797], [77.546413, 8.701205], [77.548437, 8.700673], [77.548944, 8.69838]]]}, "properties": {"parcel_id": "parcel_00653", "state": "Tamil Nadu", "district": "Tirunelveli District", "taluk": "Cheranmahadevi Taluk", "village": "Ariyanayakipuram", "predicted_crop": "Paddy", "confidence": 0.893, "area_sq_km": 0.0591, "area_ha": 5.91, "prob_paddy": 0.893, "prob_banana": 0.0841, "prob_other": 0.0229}}, {"type": "Feature", "geometry": {"type": "Polygon", "coordinates": [[[77.444461, 8.696028], [77.445446, 8.696259], [77.445254, 8.693591], [77.442089, 8.694063], [77.444461, 8.696028]]]}, "properties": {"parcel_id": "parcel_00654", "state": "Tamil Nadu", "district": "Tirunelveli District", "taluk": "Ambasamudram Taluk", "village": "Ambasamudram", "predicted_crop": "Paddy", "confidence": 0.9524, "area_sq_km": 0.0604, "area_ha": 6.04, "prob_paddy": 0.9524, "prob_banana": 0.0355, "prob_other": 0.012}}, {"type": "Feature", "geometry": {"type": "Polygon", "coordinates": [[[77.543176, 8.692083], [77.545337, 8.692636], [77.546247, 8.69132], [77.545757, 8.690128], [77.543286, 8.690072], [77.542835, 8.69094], [77.542939, 8.691814], [77.543176, 8.692083]]]}, "properties": {"parcel_id": "parcel_00655", "state": "Tamil Nadu", "district": "Tirunelveli District", "taluk": "Cheranmahadevi Taluk", "village": "Cheranmahadevi", "predicted_crop": "Paddy", "confidence": 0.9542, "area_sq_km": 0.0813, "area_ha": 8.13, "prob_paddy": 0.9542, "prob_banana": 0.0341, "prob_other": 0.0117}}, {"type": "Feature", "geometry": {"type": "Polygon", "coordinates": [[[77.465782, 8.712846], [77.465661, 8.714079], [77.465689, 8.714107], [77.467401, 8.713533], [77.468027, 8.711905], [77.465782, 8.712846]]]}, "properties": {"parcel_id": "parcel_00656", "state": "Tamil Nadu", "district": "Tirunelveli District", "taluk": "Ambasamudram Taluk", "village": "Brahmadesam", "predicted_crop": "Paddy", "confidence": 0.9766, "area_sq_km": 0.0317, "area_ha": 3.17, "prob_paddy": 0.9766, "prob_banana": 0.0131, "prob_other": 0.0103}}, {"type": "Feature", "geometry": {"type": "Polygon", "coordinates": [[[77.443282, 8.697092], [77.44377, 8.697639], [77.445596, 8.696476], [77.445453, 8.696289], [77.444456, 8.696055], [77.443326, 8.696545], [77.443282, 8.697092]]]}, "properties": {"parcel_id": "parcel_00657", "state": "Tamil Nadu", "district": "Tirunelveli District", "taluk": "Ambasamudram Taluk", "village": "Ambasamudram", "predicted_crop": "Banana", "confidence": 0.8212, "area_sq_km": 0.0243, "area_ha": 2.43, "prob_paddy": 0.0717, "prob_banana": 0.8212, "prob_other": 0.1072}}, {"type": "Feature", "geometry": {"type": "Polygon", "coordinates": [[[77.541154, 8.704642], [77.543569, 8.705127], [77.544932, 8.703966], [77.544641, 8.701864], [77.544363, 8.701663], [77.542718, 8.701726], [77.541154, 8.704642]]]}, "properties": {"parcel_id": "parcel_00658", "state": "Tamil Nadu", "district": "Tirunelveli District", "taluk": "Cheranmahadevi Taluk", "village": "Ariyanayakipuram", "predicted_crop": "Paddy", "confidence": 0.8971, "area_sq_km": 0.1083, "area_ha": 10.83, "prob_paddy": 0.8971, "prob_banana": 0.0703, "prob_other": 0.0326}}, {"type": "Feature", "geometry": {"type": "Polygon", "coordinates": [[[77.434773, 8.690716], [77.435911, 8.692027], [77.436136, 8.692012], [77.436433, 8.691769], [77.436687, 8.68941], [77.435031, 8.688999], [77.434773, 8.690716]]]}, "properties": {"parcel_id": "parcel_00659", "state": "Tamil Nadu", "district": "Tirunelveli District", "taluk": "Ambasamudram Taluk", "village": "Ambasamudram", "predicted_crop": "Paddy", "confidence": 0.9669, "area_sq_km": 0.0497, "area_ha": 4.97, "prob_paddy": 0.9669, "prob_banana": 0.019, "prob_other": 0.014}}, {"type": "Feature", "geometry": {"type": "Polygon", "coordinates": [[[77.437549, 8.685309], [77.436815, 8.685669], [77.436196, 8.686584], [77.437504, 8.688688], [77.438947, 8.688562], [77.43914, 8.68779], [77.43829, 8.685509], [77.438026, 8.685381], [77.437549, 8.685309]]]}, "properties": {"parcel_id": "parcel_00660", "state": "Tamil Nadu", "district": "Tirunelveli District", "taluk": "Ambasamudram Taluk", "village": "Ambasamudram", "predicted_crop": "Paddy", "confidence": 0.8891, "area_sq_km": 0.0798, "area_ha": 7.98, "prob_paddy": 0.8891, "prob_banana": 0.0556, "prob_other": 0.0552}}, {"type": "Feature", "geometry": {"type": "Polygon", "coordinates": [[[77.538948, 8.684213], [77.535845, 8.684192], [77.537038, 8.685647], [77.5374, 8.685945], [77.537816, 8.686096], [77.538945, 8.685107], [77.53911, 8.684898], [77.538948, 8.684213]]]}, "properties": {"parcel_id": "parcel_00661", "state": "Tamil Nadu", "district": "Tirunelveli District", "taluk": "Cheranmahadevi Taluk", "village": "Veeravanallur", "predicted_crop": "Other", "confidence": 0.76, "area_sq_km": 0.0468, "area_ha": 4.68, "prob_paddy": 0.1431, "prob_banana": 0.0969, "prob_other": 0.76}}, {"type": "Feature", "geometry": {"type": "Polygon", "coordinates": [[[77.438571, 8.695598], [77.439477, 8.696683], [77.43986, 8.696779], [77.440379, 8.696056], [77.43862, 8.693226], [77.437892, 8.694293], [77.438571, 8.695598]]]}, "properties": {"parcel_id": "parcel_00662", "state": "Tamil Nadu", "district": "Tirunelveli District", "taluk": "Ambasamudram Taluk", "village": "Ambasamudram", "predicted_crop": "Paddy", "confidence": 0.8823, "area_sq_km": 0.0479, "area_ha": 4.79, "prob_paddy": 0.8823, "prob_banana": 0.0621, "prob_other": 0.0555}}, {"type": "Feature", "geometry": {"type": "Polygon", "coordinates": [[[77.466513, 8.693314], [77.465826, 8.693507], [77.465404, 8.694229], [77.466433, 8.695041], [77.46757, 8.695275], [77.468249, 8.694759], [77.46755, 8.693562], [77.466513, 8.693314]]]}, "properties": {"parcel_id": "parcel_00663", "state": "Tamil Nadu", "district": "Tirunelveli District", "taluk": "Ambasamudram Taluk", "village": "Kallidaikurichi", "predicted_crop": "Paddy", "confidence": 0.8808, "area_sq_km": 0.0438, "area_ha": 4.38, "prob_paddy": 0.8808, "prob_banana": 0.068, "prob_other": 0.0512}}, {"type": "Feature", "geometry": {"type": "Polygon", "coordinates": [[[77.483724, 8.705705], [77.483249, 8.703681], [77.482541, 8.703716], [77.482019, 8.704508], [77.482527, 8.706615], [77.483724, 8.705705]]]}, "properties": {"parcel_id": "parcel_00664", "state": "Tamil Nadu", "district": "Tirunelveli District", "taluk": "Ambasamudram Taluk", "village": "Thiruppudaimaruthur", "predicted_crop": "Banana", "confidence": 0.9109, "area_sq_km": 0.039, "area_ha": 3.9, "prob_paddy": 0.0564, "prob_banana": 0.9109, "prob_other": 0.0327}}, {"type": "Feature", "geometry": {"type": "Polygon", "coordinates": [[[77.465707, 8.696707], [77.464519, 8.696223], [77.46463, 8.697959], [77.466409, 8.697964], [77.465707, 8.696707]]]}, "properties": {"parcel_id": "parcel_00665", "state": "Tamil Nadu", "district": "Tirunelveli District", "taluk": "Ambasamudram Taluk", "village": "Kallidaikurichi", "predicted_crop": "Other", "confidence": 0.8414, "area_sq_km": 0.0258, "area_ha": 2.58, "prob_paddy": 0.0857, "prob_banana": 0.0728, "prob_other": 0.8414}}, {"type": "Feature", "geometry": {"type": "Polygon", "coordinates": [[[77.446288, 8.703592], [77.447029, 8.703395], [77.447236, 8.702804], [77.444965, 8.701093], [77.444047, 8.701567], [77.443793, 8.70212], [77.446288, 8.703592]]]}, "properties": {"parcel_id": "parcel_00666", "state": "Tamil Nadu", "district": "Tirunelveli District", "taluk": "Ambasamudram Taluk", "village": "Ambasamudram", "predicted_crop": "Paddy", "confidence": 0.9002, "area_sq_km": 0.0517, "area_ha": 5.17, "prob_paddy": 0.9002, "prob_banana": 0.0709, "prob_other": 0.0289}}, {"type": "Feature", "geometry": {"type": "Polygon", "coordinates": [[[77.542713, 8.693217], [77.543152, 8.692097], [77.542921, 8.691835], [77.541046, 8.692304], [77.541269, 8.693065], [77.542227, 8.693187], [77.542713, 8.693217]]]}, "properties": {"parcel_id": "parcel_00667", "state": "Tamil Nadu", "district": "Tirunelveli District", "taluk": "Cheranmahadevi Taluk", "village": "Veeravanallur", "predicted_crop": "Banana", "confidence": 0.9084, "area_sq_km": 0.0242, "area_ha": 2.42, "prob_paddy": 0.0464, "prob_banana": 0.9084, "prob_other": 0.0453}}, {"type": "Feature", "geometry": {"type": "Polygon", "coordinates": [[[77.504399, 8.684411], [77.502812, 8.683539], [77.502556, 8.683811], [77.503499, 8.685229], [77.504163, 8.684925], [77.504399, 8.684411]]]}, "properties": {"parcel_id": "parcel_00668", "state": "Tamil Nadu", "district": "Tirunelveli District", "taluk": "Ambasamudram Taluk", "village": "Veeravanallur", "predicted_crop": "Paddy", "confidence": 0.9588, "area_sq_km": 0.0181, "area_ha": 1.81, "prob_paddy": 0.9588, "prob_banana": 0.0287, "prob_other": 0.0125}}, {"type": "Feature", "geometry": {"type": "Polygon", "coordinates": [[[77.519929, 8.704357], [77.520421, 8.704894], [77.52148, 8.704503], [77.524697, 8.702323], [77.524524, 8.702015], [77.520878, 8.701484], [77.51989, 8.702626], [77.519929, 8.704357]]]}, "properties": {"parcel_id": "parcel_00669", "state": "Tamil Nadu", "district": "Tirunelveli District", "taluk": "Cheranmahadevi Taluk", "village": "Veeravanallur", "predicted_crop": "Paddy", "confidence": 0.9028, "area_sq_km": 0.1167, "area_ha": 11.67, "prob_paddy": 0.9028, "prob_banana": 0.0492, "prob_other": 0.0481}}, {"type": "Feature", "geometry": {"type": "Polygon", "coordinates": [[[77.462321, 8.68639], [77.463109, 8.687743], [77.463117, 8.687748], [77.464969, 8.687931], [77.465053, 8.68792], [77.466525, 8.687246], [77.466542, 8.68722], [77.466621, 8.686793], [77.46413, 8.685743], [77.462321, 8.68639]]]}, "properties": {"parcel_id": "parcel_00670", "state": "Tamil Nadu", "district": "Tirunelveli District", "taluk": "Ambasamudram Taluk", "village": "Kallidaikurichi", "predicted_crop": "Paddy", "confidence": 0.8816, "area_sq_km": 0.0739, "area_ha": 7.39, "prob_paddy": 0.8816, "prob_banana": 0.073, "prob_other": 0.0455}}, {"type": "Feature", "geometry": {"type": "Polygon", "coordinates": [[[77.53992, 8.696493], [77.54195, 8.695661], [77.542054, 8.694798], [77.540755, 8.694306], [77.540158, 8.694482], [77.53992, 8.696493]]]}, "properties": {"parcel_id": "parcel_00671", "state": "Tamil Nadu", "district": "Tirunelveli District", "taluk": "Cheranmahadevi Taluk", "village": "Veeravanallur", "predicted_crop": "Paddy", "confidence": 0.9685, "area_sq_km": 0.037, "area_ha": 3.7, "prob_paddy": 0.9685, "prob_banana": 0.0205, "prob_other": 0.011}}, {"type": "Feature", "geometry": {"type": "Polygon", "coordinates": [[[77.515712, 8.698847], [77.51541, 8.699016], [77.515494, 8.701283], [77.517432, 8.70098], [77.516753, 8.699041], [77.515712, 8.698847]]]}, "properties": {"parcel_id": "parcel_00672", "state": "Tamil Nadu", "district": "Tirunelveli District", "taluk": "Cheranmahadevi Taluk", "village": "Veeravanallur", "predicted_crop": "Paddy", "confidence": 0.8993, "area_sq_km": 0.0441, "area_ha": 4.41, "prob_paddy": 0.8993, "prob_banana": 0.0765, "prob_other": 0.0242}}, {"type": "Feature", "geometry": {"type": "Polygon", "coordinates": [[[77.481523, 8.701888], [77.482541, 8.703689], [77.483258, 8.703654], [77.485113, 8.703359], [77.485283, 8.702975], [77.484828, 8.701846], [77.481574, 8.701472], [77.481528, 8.701508], [77.481523, 8.701888]]]}, "properties": {"parcel_id": "parcel_00673", "state": "Tamil Nadu", "district": "Tirunelveli District", "taluk": "Ambasamudram Taluk", "village": "Kallidaikurichi", "predicted_crop": "Paddy", "confidence": 0.8907, "area_sq_km": 0.0724, "area_ha": 7.24, "prob_paddy": 0.8907, "prob_banana": 0.0582, "prob_other": 0.0511}}, {"type": "Feature", "geometry": {"type": "Polygon", "coordinates": [[[77.500206, 8.699856], [77.5, 8.701235], [77.501612, 8.701655], [77.503008, 8.701364], [77.503314, 8.698327], [77.501848, 8.698264], [77.500206, 8.699856]]]}, "properties": {"parcel_id": "parcel_00674", "state": "Tamil Nadu", "district": "Tirunelveli District", "taluk": "Ambasamudram Taluk", "village": "Veeravanallur", "predicted_crop": "Paddy", "confidence": 0.8744, "area_sq_km": 0.1014, "area_ha": 10.14, "prob_paddy": 0.8744, "prob_banana": 0.0829, "prob_other": 0.0426}}, {"type": "Feature", "geometry": {"type": "Polygon", "coordinates": [[[77.429573, 8.686884], [77.429305, 8.686752], [77.42755, 8.68745], [77.425925, 8.689333], [77.427321, 8.689641], [77.428406, 8.689436], [77.429573, 8.686884]]]}, "properties": {"parcel_id": "parcel_00675", "state": "Tamil Nadu", "district": "Tirunelveli District", "taluk": "Ambasamudram Taluk", "village": "Ambasamudram", "predicted_crop": "Paddy", "confidence": 0.9714, "area_sq_km": 0.0632, "area_ha": 6.32, "prob_paddy": 0.9714, "prob_banana": 0.0156, "prob_other": 0.013}}, {"type": "Feature", "geometry": {"type": "Polygon", "coordinates": [[[77.501274, 8.704308], [77.500035, 8.707078], [77.500223, 8.707744], [77.500928, 8.70803], [77.501851, 8.706242], [77.501595, 8.704403], [77.501274, 8.704308]]]}, "properties": {"parcel_id": "parcel_00676", "state": "Tamil Nadu", "district": "Tirunelveli District", "taluk": "Ambasamudram Taluk", "village": "Thiruppudaimaruthur", "predicted_crop": "Paddy", "confidence": 0.9124, "area_sq_km": 0.0454, "area_ha": 4.54, "prob_paddy": 0.9124, "prob_banana": 0.0566, "prob_other": 0.031}}, {"type": "Feature", "geometry": {"type": "Polygon", "coordinates": [[[77.441548, 8.702469], [77.44354, 8.702502], [77.443617, 8.702316], [77.441287, 8.701352], [77.44121, 8.701509], [77.441476, 8.702446], [77.441548, 8.702469]]]}, "properties": {"parcel_id": "parcel_00677", "state": "Tamil Nadu", "district": "Tirunelveli District", "taluk": "Ambasamudram Taluk", "village": "Ambasamudram", "predicted_crop": "Banana", "confidence": 0.9436, "area_sq_km": 0.0177, "area_ha": 1.77, "prob_paddy": 0.0375, "prob_banana": 0.9436, "prob_other": 0.019}}, {"type": "Feature", "geometry": {"type": "Polygon", "coordinates": [[[77.510805, 8.693491], [77.51283, 8.693022], [77.512653, 8.692302], [77.511454, 8.69147], [77.511009, 8.691704], [77.510559, 8.692733], [77.510805, 8.693491]]]}, "properties": {"parcel_id": "parcel_00678", "state": "Tamil Nadu", "district": "Tirunelveli District", "taluk": "Cheranmahadevi Taluk", "village": "Veeravanallur", "predicted_crop": "Banana", "confidence": 0.9153, "area_sq_km": 0.0356, "area_ha": 3.56, "prob_paddy": 0.0451, "prob_banana": 0.9153, "prob_other": 0.0396}}, {"type": "Feature", "geometry": {"type": "Polygon", "coordinates": [[[77.500559, 8.710556], [77.501566, 8.70876], [77.500927, 8.708059], [77.500211, 8.707768], [77.498505, 8.708255], [77.498728, 8.710637], [77.49973, 8.71103], [77.500559, 8.710556]]]}, "properties": {"parcel_id": "parcel_00679", "state": "Tamil Nadu", "district": "Tirunelveli District", "taluk": "Ambasamudram Taluk", "village": "Thiruppudaimaruthur", "predicted_crop": "Other", "confidence": 0.85, "area_sq_km": 0.0844, "area_ha": 8.44, "prob_paddy": 0.069, "prob_banana": 0.081, "prob_other": 0.85}}, {"type": "Feature", "geometry": {"type": "Polygon", "coordinates": [[[77.550236, 8.700658], [77.550931, 8.700799], [77.553114, 8.697045], [77.548971, 8.698376], [77.548971, 8.698377], [77.550236, 8.700658]]]}, "properties": {"parcel_id": "parcel_00680", "state": "Tamil Nadu", "district": "Tirunelveli District", "taluk": "Cheranmahadevi Taluk", "village": "Cheranmahadevi", "predicted_crop": "Paddy", "confidence": 0.9486, "area_sq_km": 0.0856, "area_ha": 8.56, "prob_paddy": 0.9486, "prob_banana": 0.033, "prob_other": 0.0185}}, {"type": "Feature", "geometry": {"type": "Polygon", "coordinates": [[[77.501269, 8.695534], [77.503368, 8.696789], [77.503409, 8.696373], [77.501887, 8.69451], [77.501747, 8.694398], [77.501269, 8.695534]]]}, "properties": {"parcel_id": "parcel_00681", "state": "Tamil Nadu", "district": "Tirunelveli District", "taluk": "Ambasamudram Taluk", "village": "Veeravanallur", "predicted_crop": "Paddy", "confidence": 0.8867, "area_sq_km": 0.0234, "area_ha": 2.34, "prob_paddy": 0.8867, "prob_banana": 0.0867, "prob_other": 0.0266}}, {"type": "Feature", "geometry": {"type": "Polygon", "coordinates": [[[77.533427, 8.691151], [77.534161, 8.690284], [77.534092, 8.688475], [77.532405, 8.689212], [77.532331, 8.689487], [77.532401, 8.690721], [77.533427, 8.691151]]]}, "properties": {"parcel_id": "parcel_00682", "state": "Tamil Nadu", "district": "Tirunelveli District", "taluk": "Cheranmahadevi Taluk", "village": "Veeravanallur", "predicted_crop": "Paddy", "confidence": 0.9589, "area_sq_km": 0.0431, "area_ha": 4.31, "prob_paddy": 0.9589, "prob_banana": 0.0215, "prob_other": 0.0195}}, {"type": "Feature", "geometry": {"type": "Polygon", "coordinates": [[[77.485673, 8.713322], [77.484551, 8.714658], [77.486934, 8.713955], [77.485673, 8.713322]]]}, "properties": {"parcel_id": "parcel_00683", "state": "Tamil Nadu", "district": "Tirunelveli District", "taluk": "Ambasamudram Taluk", "village": "Thiruppudaimaruthur", "predicted_crop": "Banana", "confidence": 0.9528, "area_sq_km": 0.0146, "area_ha": 1.46, "prob_paddy": 0.0199, "prob_banana": 0.9528, "prob_other": 0.0274}}, {"type": "Feature", "geometry": {"type": "Polygon", "coordinates": [[[77.435705, 8.672067], [77.431262, 8.672793], [77.43404, 8.675362], [77.436859, 8.6731], [77.435705, 8.672067]]]}, "properties": {"parcel_id": "parcel_00684", "state": "Tamil Nadu", "district": "Tirunelveli District", "taluk": "Ambasamudram Taluk", "village": "Kallidaikurichi", "predicted_crop": "Paddy", "confidence": 0.8639, "area_sq_km": 0.1155, "area_ha": 11.55, "prob_paddy": 0.8639, "prob_banana": 0.1013, "prob_other": 0.0348}}, {"type": "Feature", "geometry": {"type": "Polygon", "coordinates": [[[77.457569, 8.683029], [77.457599, 8.682598], [77.454478, 8.682259], [77.454276, 8.684017], [77.456321, 8.685021], [77.457569, 8.683029]]]}, "properties": {"parcel_id": "parcel_00685", "state": "Tamil Nadu", "district": "Tirunelveli District", "taluk": "Ambasamudram Taluk", "village": "Kallidaikurichi", "predicted_crop": "Paddy", "confidence": 0.923, "area_sq_km": 0.0748, "area_ha": 7.48, "prob_paddy": 0.923, "prob_banana": 0.0606, "prob_other": 0.0164}}, {"type": "Feature", "geometry": {"type": "Polygon", "coordinates": [[[77.472011, 8.684764], [77.470748, 8.685615], [77.47086, 8.687286], [77.471557, 8.688131], [77.474246, 8.686602], [77.473811, 8.685521], [77.473391, 8.68524], [77.472011, 8.684764]]]}, "properties": {"parcel_id": "parcel_00686", "state": "Tamil Nadu", "district": "Tirunelveli District", "taluk": "Ambasamudram Taluk", "village": "Kallidaikurichi", "predicted_crop": "Paddy", "confidence": 0.9713, "area_sq_km": 0.092, "area_ha": 9.2, "prob_paddy": 0.9713, "prob_banana": 0.0189, "prob_other": 0.0097}}, {"type": "Feature", "geometry": {"type": "Polygon", "coordinates": [[[77.501752, 8.694368], [77.501901, 8.694487], [77.503876, 8.69434], [77.502096, 8.69328], [77.501534, 8.693904], [77.501752, 8.694368]]]}, "properties": {"parcel_id": "parcel_00687", "state": "Tamil Nadu", "district": "Tirunelveli District", "taluk": "Ambasamudram Taluk", "village": "Veeravanallur", "predicted_crop": "Paddy", "confidence": 0.9696, "area_sq_km": 0.018, "area_ha": 1.8, "prob_paddy": 0.9696, "prob_banana": 0.0227, "prob_other": 0.0077}}, {"type": "Feature", "geometry": {"type": "Polygon", "coordinates": [[[77.434709, 8.702014], [77.434326, 8.701527], [77.432682, 8.701925], [77.433753, 8.703303], [77.434709, 8.702014]]]}, "properties": {"parcel_id": "parcel_00688", "state": "Tamil Nadu", "district": "Tirunelveli District", "taluk": "Ambasamudram Taluk", "village": "Ambasamudram", "predicted_crop": "Paddy", "confidence": 0.9754, "area_sq_km": 0.0222, "area_ha": 2.22, "prob_paddy": 0.9754, "prob_banana": 0.0186, "prob_other": 0.0059}}, {"type": "Feature", "geometry": {"type": "Polygon", "coordinates": [[[77.524346, 8.681871], [77.52356, 8.682543], [77.524075, 8.684501], [77.526602, 8.684865], [77.526086, 8.682518], [77.525475, 8.681319], [77.524346, 8.681871]]]}, "properties": {"parcel_id": "parcel_00689", "state": "Tamil Nadu", "district": "Tirunelveli District", "taluk": "Cheranmahadevi Taluk", "village": "Veeravanallur", "predicted_crop": "Paddy", "confidence": 0.9427, "area_sq_km": 0.0857, "area_ha": 8.57, "prob_paddy": 0.9427, "prob_banana": 0.0438, "prob_other": 0.0134}}, {"type": "Feature", "geometry": {"type": "Polygon", "coordinates": [[[77.457092, 8.702662], [77.458436, 8.699895], [77.457446, 8.699823], [77.456235, 8.700937], [77.457092, 8.702662]]]}, "properties": {"parcel_id": "parcel_00690", "state": "Tamil Nadu", "district": "Tirunelveli District", "taluk": "Ambasamudram Taluk", "village": "Ambasamudram", "predicted_crop": "Paddy", "confidence": 0.9198, "area_sq_km": 0.0358, "area_ha": 3.58, "prob_paddy": 0.9198, "prob_banana": 0.0469, "prob_other": 0.0332}}, {"type": "Feature", "geometry": {"type": "Polygon", "coordinates": [[[77.507139, 8.696023], [77.508897, 8.696022], [77.508459, 8.693454], [77.508281, 8.693279], [77.507279, 8.693296], [77.507129, 8.696014], [77.507139, 8.696023]]]}, "properties": {"parcel_id": "parcel_00691", "state": "Tamil Nadu", "district": "Tirunelveli District", "taluk": "Ambasamudram Taluk", "village": "Veeravanallur", "predicted_crop": "Banana", "confidence": 0.8894, "area_sq_km": 0.0485, "area_ha": 4.85, "prob_paddy": 0.0689, "prob_banana": 0.8894, "prob_other": 0.0416}}, {"type": "Feature", "geometry": {"type": "Polygon", "coordinates": [[[77.526108, 8.682501], [77.528608, 8.682865], [77.529389, 8.681908], [77.52851, 8.681073], [77.527655, 8.680351], [77.525962, 8.680356], [77.525496, 8.681301], [77.526108, 8.682501]]]}, "properties": {"parcel_id": "parcel_00692", "state": "Tamil Nadu", "district": "Tirunelveli District", "taluk": "Cheranmahadevi Taluk", "village": "Veeravanallur", "predicted_crop": "Paddy", "confidence": 0.9586, "area_sq_km": 0.0832, "area_ha": 8.32, "prob_paddy": 0.9586, "prob_banana": 0.0277, "prob_other": 0.0136}}, {"type": "Feature", "geometry": {"type": "Polygon", "coordinates": [[[77.499849, 8.713467], [77.502039, 8.712921], [77.502053, 8.712676], [77.501457, 8.711631], [77.500566, 8.710583], [77.499744, 8.711053], [77.499631, 8.713153], [77.499849, 8.713467]]]}, "properties": {"parcel_id": "parcel_00693", "state": "Tamil Nadu", "district": "Tirunelveli District", "taluk": "Ambasamudram Taluk", "village": "Thiruppudaimaruthur", "predicted_crop": "Paddy", "confidence": 0.8844, "area_sq_km": 0.0558, "area_ha": 5.58, "prob_paddy": 0.8844, "prob_banana": 0.0657, "prob_other": 0.0499}}, {"type": "Feature", "geometry": {"type": "Polygon", "coordinates": [[[77.505082, 8.678878], [77.504856, 8.680291], [77.50738, 8.681085], [77.507705, 8.679969], [77.506713, 8.678779], [77.505082, 8.678878]]]}, "properties": {"parcel_id": "parcel_00694", "state": "Tamil Nadu", "district": "Tirunelveli District", "taluk": "Ambasamudram Taluk", "village": "Veeravanallur", "predicted_crop": "Paddy", "confidence": 0.97, "area_sq_km": 0.0552, "area_ha": 5.52, "prob_paddy": 0.97, "prob_banana": 0.0163, "prob_other": 0.0136}}, {"type": "Feature", "geometry": {"type": "Polygon", "coordinates": [[[77.523255, 8.682547], [77.521117, 8.680063], [77.519802, 8.680856], [77.52037, 8.682714], [77.522491, 8.68286], [77.523255, 8.682547]]]}, "properties": {"parcel_id": "parcel_00695", "state": "Tamil Nadu", "district": "Tirunelveli District", "taluk": "Cheranmahadevi Taluk", "village": "Veeravanallur", "predicted_crop": "Paddy", "confidence": 0.9628, "area_sq_km": 0.0682, "area_ha": 6.82, "prob_paddy": 0.9628, "prob_banana": 0.029, "prob_other": 0.0082}}, {"type": "Feature", "geometry": {"type": "Polygon", "coordinates": [[[77.497187, 8.69155], [77.495692, 8.692077], [77.495585, 8.693618], [77.497981, 8.694323], [77.498722, 8.692684], [77.497187, 8.69155]]]}, "properties": {"parcel_id": "parcel_00696", "state": "Tamil Nadu", "district": "Tirunelveli District", "taluk": "Ambasamudram Taluk", "village": "Veeravanallur", "predicted_crop": "Banana", "confidence": 0.8385, "area_sq_km": 0.0712, "area_ha": 7.12, "prob_paddy": 0.0873, "prob_banana": 0.8385, "prob_other": 0.0742}}, {"type": "Feature", "geometry": {"type": "Polygon", "coordinates": [[[77.46216, 8.686255], [77.462388, 8.684476], [77.461326, 8.683382], [77.459765, 8.684539], [77.459738, 8.685293], [77.460684, 8.686474], [77.46216, 8.686255]]]}, "properties": {"parcel_id": "parcel_00697", "state": "Tamil Nadu", "district": "Tirunelveli District", "taluk": "Ambasamudram Taluk", "village": "Kallidaikurichi", "predicted_crop": "Paddy", "confidence": 0.9141, "area_sq_km": 0.0694, "area_ha": 6.94, "prob_paddy": 0.9141, "prob_banana": 0.0439, "prob_other": 0.042}}, {"type": "Feature", "geometry": {"type": "Polygon", "coordinates": [[[77.458475, 8.693055], [77.458707, 8.691644], [77.457198, 8.692024], [77.458475, 8.693055]]]}, "properties": {"parcel_id": "parcel_00698", "state": "Tamil Nadu", "district": "Tirunelveli District", "taluk": "Ambasamudram Taluk", "village": "Kallidaikurichi", "predicted_crop": "Other", "confidence": 0.7551, "area_sq_km": 0.0124, "area_ha": 1.24, "prob_paddy": 0.1272, "prob_banana": 0.1177, "prob_other": 0.7551}}, {"type": "Feature", "geometry": {"type": "Polygon", "coordinates": [[[77.505703, 8.701307], [77.50419, 8.701991], [77.506409, 8.7036], [77.50761, 8.70308], [77.507563, 8.702578], [77.506137, 8.70139], [77.505703, 8.701307]]]}, "properties": {"parcel_id": "parcel_00699", "state": "Tamil Nadu", "district": "Tirunelveli District", "taluk": "Ambasamudram Taluk", "village": "Veeravanallur", "predicted_crop": "Paddy", "confidence": 0.8931, "area_sq_km": 0.0508, "area_ha": 5.08, "prob_paddy": 0.8931, "prob_banana": 0.0599, "prob_other": 0.047}}, {"type": "Feature", "geometry": {"type": "Polygon", "coordinates": [[[77.455984, 8.700752], [77.455074, 8.700524], [77.45325, 8.701727], [77.4547, 8.703104], [77.455606, 8.703637], [77.457091, 8.702767], [77.457079, 8.702697], [77.456208, 8.700943], [77.455984, 8.700752]]]}, "properties": {"parcel_id": "parcel_00700", "state": "Tamil Nadu", "district": "Tirunelveli District", "taluk": "Ambasamudram Taluk", "village": "Ambasamudram", "predicted_crop": "Paddy", "confidence": 0.8641, "area_sq_km": 0.0837, "area_ha": 8.37, "prob_paddy": 0.8641, "prob_banana": 0.0894, "prob_other": 0.0465}}, {"type": "Feature", "geometry": {"type": "Polygon", "coordinates": [[[77.469549, 8.694536], [77.470243, 8.694439], [77.471039, 8.692291], [77.470055, 8.691654], [77.468367, 8.692522], [77.46825, 8.693046], [77.469549, 8.694536]]]}, "properties": {"parcel_id": "parcel_00701", "state": "Tamil Nadu", "district": "Tirunelveli District", "taluk": "Ambasamudram Taluk", "village": "Kallidaikurichi", "predicted_crop": "Paddy", "confidence": 0.9445, "area_sq_km": 0.06, "area_ha": 6.0, "prob_paddy": 0.9445, "prob_banana": 0.0338, "prob_other": 0.0217}}, {"type": "Feature", "geometry": {"type": "Polygon", "coordinates": [[[77.446401, 8.699202], [77.448619, 8.700288], [77.449117, 8.699917], [77.449338, 8.698545], [77.448055, 8.697687], [77.446401, 8.699202]]]}, "properties": {"parcel_id": "parcel_00702", "state": "Tamil Nadu", "district": "Tirunelveli District", "taluk": "Ambasamudram Taluk", "village": "Ambasamudram", "predicted_crop": "Other", "confidence": 0.899, "area_sq_km": 0.0525, "area_ha": 5.25, "prob_paddy": 0.0558, "prob_banana": 0.0452, "prob_other": 0.899}}, {"type": "Feature", "geometry": {"type": "Polygon", "coordinates": [[[77.433218, 8.687852], [77.43294, 8.690199], [77.434747, 8.690703], [77.435005, 8.688989], [77.433218, 8.687852]]]}, "properties": {"parcel_id": "parcel_00703", "state": "Tamil Nadu", "district": "Tirunelveli District", "taluk": "Ambasamudram Taluk", "village": "Ambasamudram", "predicted_crop": "Other", "confidence": 0.8808, "area_sq_km": 0.0471, "area_ha": 4.71, "prob_paddy": 0.0615, "prob_banana": 0.0577, "prob_other": 0.8808}}, {"type": "Feature", "geometry": {"type": "Polygon", "coordinates": [[[77.488492, 8.705341], [77.489509, 8.704879], [77.489434, 8.703676], [77.488748, 8.702862], [77.48809, 8.704881], [77.488492, 8.705341]]]}, "properties": {"parcel_id": "parcel_00704", "state": "Tamil Nadu", "district": "Tirunelveli District", "taluk": "Ambasamudram Taluk", "village": "Thiruppudaimaruthur", "predicted_crop": "Banana", "confidence": 0.8344, "area_sq_km": 0.0261, "area_ha": 2.61, "prob_paddy": 0.0734, "prob_banana": 0.8344, "prob_other": 0.0922}}, {"type": "Feature", "geometry": {"type": "Polygon", "coordinates": [[[77.517724, 8.680123], [77.519785, 8.680835], [77.521111, 8.680035], [77.52136, 8.679731], [77.521526, 8.679253], [77.518979, 8.677486], [77.517872, 8.677974], [77.517346, 8.678595], [77.517724, 8.680123]]]}, "properties": {"parcel_id": "parcel_00705", "state": "Tamil Nadu", "district": "Tirunelveli District", "taluk": "Cheranmahadevi Taluk", "village": "Veeravanallur", "predicted_crop": "Paddy", "confidence": 0.9401, "area_sq_km": 0.1069, "area_ha": 10.69, "prob_paddy": 0.9401, "prob_banana": 0.0407, "prob_other": 0.0192}}, {"type": "Feature", "geometry": {"type": "Polygon", "coordinates": [[[77.433213, 8.698008], [77.433178, 8.698132], [77.434141, 8.699744], [77.435776, 8.699344], [77.435792, 8.699332], [77.435907, 8.699029], [77.435999, 8.698468], [77.435899, 8.698312], [77.435131, 8.698068], [77.433213, 8.698008]]]}, "properties": {"parcel_id": "parcel_00706", "state": "Tamil Nadu", "district": "Tirunelveli District", "taluk": "Ambasamudram Taluk", "village": "Ambasamudram", "predicted_crop": "Paddy", "confidence": 0.871, "area_sq_km": 0.0413, "area_ha": 4.13, "prob_paddy": 0.871, "prob_banana": 0.0839, "prob_other": 0.045}}, {"type": "Feature", "geometry": {"type": "Polygon", "coordinates": [[[77.537988, 8.691363], [77.538557, 8.691836], [77.538916, 8.691357], [77.5378, 8.690808], [77.537988, 8.691363]]]}, "properties": {"parcel_id": "parcel_00707", "state": "Tamil Nadu", "district": "Tirunelveli District", "taluk": "Cheranmahadevi Taluk", "village": "Veeravanallur", "predicted_crop": "Paddy", "confidence": 0.8865, "area_sq_km": 0.0058, "area_ha": 0.58, "prob_paddy": 0.8865, "prob_banana": 0.0648, "prob_other": 0.0487}}, {"type": "Feature", "geometry": {"type": "Polygon", "coordinates": [[[77.533503, 8.694416], [77.535474, 8.694869], [77.534634, 8.692403], [77.533891, 8.69239], [77.533261, 8.69359], [77.533503, 8.694416]]]}, "properties": {"parcel_id": "parcel_00708", "state": "Tamil Nadu", "district": "Tirunelveli District", "taluk": "Cheranmahadevi Taluk", "village": "Veeravanallur", "predicted_crop": "Paddy", "confidence": 0.9344, "area_sq_km": 0.0414, "area_ha": 4.14, "prob_paddy": 0.9344, "prob_banana": 0.0457, "prob_other": 0.0199}}, {"type": "Feature", "geometry": {"type": "Polygon", "coordinates": [[[77.504077, 8.706723], [77.504121, 8.706103], [77.503917, 8.705916], [77.503518, 8.706137], [77.502032, 8.708823], [77.502363, 8.708949], [77.504077, 8.706723]]]}, "properties": {"parcel_id": "parcel_00709", "state": "Tamil Nadu", "district": "Tirunelveli District", "taluk": "Ambasamudram Taluk", "village": "Thiruppudaimaruthur", "predicted_crop": "Paddy", "confidence": 0.9475, "area_sq_km": 0.0232, "area_ha": 2.32, "prob_paddy": 0.9475, "prob_banana": 0.0351, "prob_other": 0.0174}}, {"type": "Feature", "geometry": {"type": "Polygon", "coordinates": [[[77.515483, 8.703459], [77.517227, 8.705007], [77.517333, 8.705048], [77.519902, 8.704352], [77.519863, 8.70263], [77.518281, 8.701739], [77.515483, 8.703459]]]}, "properties": {"parcel_id": "parcel_00710", "state": "Tamil Nadu", "district": "Tirunelveli District", "taluk": "Cheranmahadevi Taluk", "village": "Veeravanallur", "predicted_crop": "Paddy", "confidence": 0.9113, "area_sq_km": 0.1112, "area_ha": 11.12, "prob_paddy": 0.9113, "prob_banana": 0.0632, "prob_other": 0.0254}}, {"type": "Feature", "geometry": {"type": "Polygon", "coordinates": [[[77.509975, 8.672701], [77.511125, 8.673147], [77.513898, 8.67206], [77.513662, 8.670343], [77.511276, 8.669592], [77.509975, 8.672701]]]}, "properties": {"parcel_id": "parcel_00711", "state": "Tamil Nadu", "district": "Tirunelveli District", "taluk": "Cheranmahadevi Taluk", "village": "Veeravanallur", "predicted_crop": "Banana", "confidence": 0.9353, "area_sq_km": 0.1082, "area_ha": 10.82, "prob_paddy": 0.0382, "prob_banana": 0.9353, "prob_other": 0.0264}}, {"type": "Feature", "geometry": {"type": "Polygon", "coordinates": [[[77.432983, 8.687305], [77.43204, 8.68735], [77.430603, 8.689334], [77.432635, 8.690737], [77.432912, 8.690205], [77.433193, 8.68783], [77.432983, 8.687305]]]}, "properties": {"parcel_id": "parcel_00712", "state": "Tamil Nadu", "district": "Tirunelveli District", "taluk": "Ambasamudram Taluk", "village": "Ambasamudram", "predicted_crop": "Banana", "confidence": 0.8548, "area_sq_km": 0.0651, "area_ha": 6.51, "prob_paddy": 0.0981, "prob_banana": 0.8548, "prob_other": 0.0472}}, {"type": "Feature", "geometry": {"type": "Polygon", "coordinates": [[[77.434955, 8.718052], [77.434472, 8.719689], [77.437338, 8.719679], [77.437165, 8.718077], [77.434955, 8.718052]]]}, "properties": {"parcel_id": "parcel_00713", "state": "Tamil Nadu", "district": "Tirunelveli District", "taluk": "Ambasamudram Taluk", "village": "Mannarkovil", "predicted_crop": "Other", "confidence": 0.8927, "area_sq_km": 0.0501, "area_ha": 5.01, "prob_paddy": 0.0638, "prob_banana": 0.0435, "prob_other": 0.8927}}, {"type": "Feature", "geometry": {"type": "Polygon", "coordinates": [[[77.507412, 8.69975], [77.506242, 8.69868], [77.504819, 8.698462], [77.504711, 8.698475], [77.506452, 8.700113], [77.507412, 8.69975]]]}, "properties": {"parcel_id": "parcel_00714", "state": "Tamil Nadu", "district": "Tirunelveli District", "taluk": "Ambasamudram Taluk", "village": "Veeravanallur", "predicted_crop": "Banana", "confidence": 0.8516, "area_sq_km": 0.0222, "area_ha": 2.22, "prob_paddy": 0.078, "prob_banana": 0.8516, "prob_other": 0.0704}}, {"type": "Feature", "geometry": {"type": "Polygon", "coordinates": [[[77.447316, 8.692268], [77.446405, 8.691647], [77.445483, 8.692628], [77.445312, 8.693531], [77.447575, 8.694204], [77.447645, 8.693989], [77.447316, 8.692268]]]}, "properties": {"parcel_id": "parcel_00715", "state": "Tamil Nadu", "district": "Tirunelveli District", "taluk": "Ambasamudram Taluk", "village": "Ambasamudram", "predicted_crop": "Paddy", "confidence": 0.9105, "area_sq_km": 0.0454, "area_ha": 4.54, "prob_paddy": 0.9105, "prob_banana": 0.0634, "prob_other": 0.0261}}, {"type": "Feature", "geometry": {"type": "Polygon", "coordinates": [[[77.500483, 8.683337], [77.498146, 8.683892], [77.498234, 8.6856], [77.500838, 8.685265], [77.50139, 8.684904], [77.501618, 8.684318], [77.500483, 8.683337]]]}, "properties": {"parcel_id": "parcel_00716", "state": "Tamil Nadu", "district": "Tirunelveli District", "taluk": "Ambasamudram Taluk", "village": "Veeravanallur", "predicted_crop": "Paddy", "confidence": 0.8906, "area_sq_km": 0.0686, "area_ha": 6.86, "prob_paddy": 0.8906, "prob_banana": 0.0656, "prob_other": 0.0438}}, {"type": "Feature", "geometry": {"type": "Polygon", "coordinates": [[[77.490096, 8.704946], [77.49125, 8.703432], [77.490104, 8.703459], [77.489461, 8.70368], [77.489536, 8.704878], [77.489731, 8.704944], [77.490096, 8.704946]]]}, "properties": {"parcel_id": "parcel_00717", "state": "Tamil Nadu", "district": "Tirunelveli District", "taluk": "Ambasamudram Taluk", "village": "Thiruppudaimaruthur", "predicted_crop": "Other", "confidence": 0.8339, "area_sq_km": 0.0204, "area_ha": 2.04, "prob_paddy": 0.0809, "prob_banana": 0.0852, "prob_other": 0.8339}}, {"type": "Feature", "geometry": {"type": "Polygon", "coordinates": [[[77.486308, 8.6892], [77.487132, 8.687222], [77.487255, 8.686711], [77.486135, 8.686863], [77.485537, 8.688639], [77.486308, 8.6892]]]}, "properties": {"parcel_id": "parcel_00718", "state": "Tamil Nadu", "district": "Tirunelveli District", "taluk": "Ambasamudram Taluk", "village": "Kallidaikurichi", "predicted_crop": "Paddy", "confidence": 0.8652, "area_sq_km": 0.0276, "area_ha": 2.76, "prob_paddy": 0.8652, "prob_banana": 0.085, "prob_other": 0.0498}}, {"type": "Feature", "geometry": {"type": "Polygon", "coordinates": [[[77.510977, 8.691709], [77.509174, 8.691742], [77.508918, 8.692406], [77.510536, 8.692717], [77.510977, 8.691709]]]}, "properties": {"parcel_id": "parcel_00719", "state": "Tamil Nadu", "district": "Tirunelveli District", "taluk": "Ambasamudram Taluk", "village": "Veeravanallur", "predicted_crop": "Paddy", "confidence": 0.9416, "area_sq_km": 0.018, "area_ha": 1.8, "prob_paddy": 0.9416, "prob_banana": 0.0392, "prob_other": 0.0192}}, {"type": "Feature", "geometry": {"type": "Polygon", "coordinates": [[[77.549424, 8.666676], [77.546649, 8.666077], [77.546569, 8.670171], [77.549424, 8.666676]]]}, "properties": {"parcel_id": "parcel_00720", "state": "Tamil Nadu", "district": "Tirunelveli District", "taluk": "Cheranmahadevi Taluk", "village": "Cheranmahadevi", "predicted_crop": "Banana", "confidence": 0.8938, "area_sq_km": 0.0695, "area_ha": 6.95, "prob_paddy": 0.0732, "prob_banana": 0.8938, "prob_other": 0.033}}, {"type": "Feature", "geometry": {"type": "Polygon", "coordinates": [[[77.430569, 8.683855], [77.429829, 8.682736], [77.428824, 8.68279], [77.427539, 8.68366], [77.430309, 8.685452], [77.430569, 8.683855]]]}, "properties": {"parcel_id": "parcel_00721", "state": "Tamil Nadu", "district": "Tirunelveli District", "taluk": "Ambasamudram Taluk", "village": "Ambasamudram", "predicted_crop": "Paddy", "confidence": 0.9735, "area_sq_km": 0.0545, "area_ha": 5.45, "prob_paddy": 0.9735, "prob_banana": 0.0142, "prob_other": 0.0123}}, {"type": "Feature", "geometry": {"type": "Polygon", "coordinates": [[[77.535592, 8.711813], [77.535936, 8.711382], [77.535247, 8.709773], [77.534652, 8.709614], [77.533082, 8.710678], [77.533104, 8.710714], [77.533849, 8.711485], [77.535592, 8.711813]]]}, "properties": {"parcel_id": "parcel_00722", "state": "Tamil Nadu", "district": "Tirunelveli District", "taluk": "Cheranmahadevi Taluk", "village": "Ariyanayakipuram", "predicted_crop": "Other", "confidence": 0.7417, "area_sq_km": 0.0464, "area_ha": 4.64, "prob_paddy": 0.1526, "prob_banana": 0.1057, "prob_other": 0.7417}}, {"type": "Feature", "geometry": {"type": "Polygon", "coordinates": [[[77.442442, 8.68966], [77.443263, 8.691488], [77.443372, 8.691444], [77.443906, 8.690413], [77.442442, 8.68966]]]}, "properties": {"parcel_id": "parcel_00723", "state": "Tamil Nadu", "district": "Tirunelveli District", "taluk": "Ambasamudram Taluk", "village": "Ambasamudram", "predicted_crop": "Paddy", "confidence": 0.9568, "area_sq_km": 0.0131, "area_ha": 1.31, "prob_paddy": 0.9568, "prob_banana": 0.0236, "prob_other": 0.0197}}, {"type": "Feature", "geometry": {"type": "Polygon", "coordinates": [[[77.524217, 8.689867], [77.524109, 8.690739], [77.525726, 8.691381], [77.526263, 8.691459], [77.526429, 8.689889], [77.526416, 8.689881], [77.524217, 8.689867]]]}, "properties": {"parcel_id": "parcel_00724", "state": "Tamil Nadu", "district": "Tirunelveli District", "taluk": "Cheranmahadevi Taluk", "village": "Veeravanallur", "predicted_crop": "Banana", "confidence": 0.8268, "area_sq_km": 0.0345, "area_ha": 3.45, "prob_paddy": 0.0862, "prob_banana": 0.8268, "prob_other": 0.087}}, {"type": "Feature", "geometry": {"type": "Polygon", "coordinates": [[[77.42838, 8.691755], [77.427988, 8.691587], [77.427598, 8.692132], [77.427775, 8.693647], [77.428989, 8.693712], [77.42838, 8.691755]]]}, "properties": {"parcel_id": "parcel_00725", "state": "Tamil Nadu", "district": "Tirunelveli District", "taluk": "Ambasamudram Taluk", "village": "Ambasamudram", "predicted_crop": "Banana", "confidence": 0.8493, "area_sq_km": 0.0235, "area_ha": 2.35, "prob_paddy": 0.0647, "prob_banana": 0.8493, "prob_other": 0.086}}, {"type": "Feature", "geometry": {"type": "Polygon", "coordinates": [[[77.513088, 8.685543], [77.513564, 8.685768], [77.513655, 8.685579], [77.513565, 8.683025], [77.513466, 8.682991], [77.512466, 8.684424], [77.513088, 8.685543]]]}, "properties": {"parcel_id": "parcel_00726", "state": "Tamil Nadu", "district": "Tirunelveli District", "taluk": "Cheranmahadevi Taluk", "village": "Veeravanallur", "predicted_crop": "Paddy", "confidence": 0.959, "area_sq_km": 0.0234, "area_ha": 2.34, "prob_paddy": 0.959, "prob_banana": 0.0328, "prob_other": 0.0082}}, {"type": "Feature", "geometry": {"type": "Polygon", "coordinates": [[[77.506144, 8.695781], [77.505785, 8.695888], [77.503911, 8.69831], [77.504035, 8.698341], [77.506941, 8.69602], [77.506144, 8.695781]]]}, "properties": {"parcel_id": "parcel_00727", "state": "Tamil Nadu", "district": "Tirunelveli District", "taluk": "Ambasamudram Taluk", "village": "Veeravanallur", "predicted_crop": "Paddy", "confidence": 0.9011, "area_sq_km": 0.0219, "area_ha": 2.19, "prob_paddy": 0.9011, "prob_banana": 0.0641, "prob_other": 0.0348}}, {"type": "Feature", "geometry": {"type": "Polygon", "coordinates": [[[77.526533, 8.696795], [77.529091, 8.697985], [77.52966, 8.696808], [77.529354, 8.696097], [77.52774, 8.69585], [77.526533, 8.696795]]]}, "properties": {"parcel_id": "parcel_00728", "state": "Tamil Nadu", "district": "Tirunelveli District", "taluk": "Cheranmahadevi Taluk", "village": "Veeravanallur", "predicted_crop": "Banana", "confidence": 0.9189, "area_sq_km": 0.0471, "area_ha": 4.71, "prob_paddy": 0.0375, "prob_banana": 0.9189, "prob_other": 0.0435}}, {"type": "Feature", "geometry": {"type": "Polygon", "coordinates": [[[77.48002, 8.716968], [77.478433, 8.718578], [77.47868, 8.718799], [77.482438, 8.719337], [77.482725, 8.719291], [77.482995, 8.716791], [77.48002, 8.716968]]]}, "properties": {"parcel_id": "parcel_00729", "state": "Tamil Nadu", "district": "Tirunelveli District", "taluk": "Ambasamudram Taluk", "village": "Thiruppudaimaruthur", "predicted_crop": "Banana", "confidence": 0.8796, "area_sq_km": 0.1007, "area_ha": 10.07, "prob_paddy": 0.0776, "prob_banana": 0.8796, "prob_other": 0.0428}}, {"type": "Feature", "geometry": {"type": "Polygon", "coordinates": [[[77.496631, 8.710079], [77.493537, 8.709792], [77.49328, 8.709936], [77.49321, 8.710049], [77.494659, 8.712037], [77.49547, 8.712356], [77.497048, 8.711812], [77.49727, 8.71116], [77.496631, 8.710079]]]}, "properties": {"parcel_id": "parcel_00730", "state": "Tamil Nadu", "district": "Tirunelveli District", "taluk": "Ambasamudram Taluk", "village": "Thiruppudaimaruthur", "predicted_crop": "Paddy", "confidence": 0.8607, "area_sq_km": 0.0822, "area_ha": 8.22, "prob_paddy": 0.8607, "prob_banana": 0.0761, "prob_other": 0.0632}}, {"type": "Feature", "geometry": {"type": "Polygon", "coordinates": [[[77.477224, 8.702938], [77.477193, 8.701048], [77.47663, 8.700337], [77.474716, 8.70273], [77.474802, 8.702846], [77.476214, 8.703249], [77.477224, 8.702938]]]}, "properties": {"parcel_id": "parcel_00731", "state": "Tamil Nadu", "district": "Tirunelveli District", "taluk": "Ambasamudram Taluk", "village": "Kallidaikurichi", "predicted_crop": "Banana", "confidence": 0.855, "area_sq_km": 0.0522, "area_ha": 5.22, "prob_paddy": 0.0759, "prob_banana": 0.855, "prob_other": 0.0691}}, {"type": "Feature", "geometry": {"type": "Polygon", "coordinates": [[[77.457985, 8.697614], [77.458111, 8.697463], [77.459044, 8.694999], [77.459115, 8.694606], [77.457502, 8.694587], [77.456821, 8.69585], [77.457649, 8.697611], [77.457985, 8.697614]]]}, "properties": {"parcel_id": "parcel_00732", "state": "Tamil Nadu", "district": "Tirunelveli District", "taluk": "Ambasamudram Taluk", "village": "Kallidaikurichi", "predicted_crop": "Paddy", "confidence": 0.9133, "area_sq_km": 0.052, "area_ha": 5.2, "prob_paddy": 0.9133, "prob_banana": 0.058, "prob_other": 0.0287}}, {"type": "Feature", "geometry": {"type": "Polygon", "coordinates": [[[77.457822, 8.716491], [77.460328, 8.717509], [77.459753, 8.716739], [77.458338, 8.71626], [77.457822, 8.716491]]]}, "properties": {"parcel_id": "parcel_00733", "state": "Tamil Nadu", "district": "Tirunelveli District", "taluk": "Ambasamudram Taluk", "village": "Brahmadesam", "predicted_crop": "Paddy", "confidence": 0.9483, "area_sq_km": 0.0117, "area_ha": 1.17, "prob_paddy": 0.9483, "prob_banana": 0.0287, "prob_other": 0.0231}}, {"type": "Feature", "geometry": {"type": "Polygon", "coordinates": [[[77.508936, 8.699886], [77.507965, 8.701768], [77.507962, 8.701839], [77.509597, 8.701126], [77.509438, 8.699835], [77.508936, 8.699886]]]}, "properties": {"parcel_id": "parcel_00734", "state": "Tamil Nadu", "district": "Tirunelveli District", "taluk": "Ambasamudram Taluk", "village": "Veeravanallur", "predicted_crop": "Paddy", "confidence": 0.8997, "area_sq_km": 0.0196, "area_ha": 1.96, "prob_paddy": 0.8997, "prob_banana": 0.0604, "prob_other": 0.0399}}, {"type": "Feature", "geometry": {"type": "Polygon", "coordinates": [[[77.441763, 8.694025], [77.441113, 8.695228], [77.443314, 8.69652], [77.444429, 8.696037], [77.442051, 8.694067], [77.441763, 8.694025]]]}, "properties": {"parcel_id": "parcel_00735", "state": "Tamil Nadu", "district": "Tirunelveli District", "taluk": "Ambasamudram Taluk", "village": "Ambasamudram", "predicted_crop": "Paddy", "confidence": 0.9488, "area_sq_km": 0.0456, "area_ha": 4.56, "prob_paddy": 0.9488, "prob_banana": 0.0324, "prob_other": 0.0188}}, {"type": "Feature", "geometry": {"type": "Polygon", "coordinates": [[[77.481596, 8.701447], [77.484822, 8.701818], [77.484653, 8.700535], [77.482413, 8.700457], [77.481596, 8.701447]]]}, "properties": {"parcel_id": "parcel_00736", "state": "Tamil Nadu", "district": "Tirunelveli District", "taluk": "Ambasamudram Taluk", "village": "Kallidaikurichi", "predicted_crop": "Paddy", "confidence": 0.8799, "area_sq_km": 0.0387, "area_ha": 3.87, "prob_paddy": 0.8799, "prob_banana": 0.0818, "prob_other": 0.0383}}, {"type": "Feature", "geometry": {"type": "Polygon", "coordinates": [[[77.505756, 8.695881], [77.504235, 8.695119], [77.503437, 8.696373], [77.503393, 8.696813], [77.503396, 8.698267], [77.503881, 8.698304], [77.505756, 8.695881]]]}, "properties": {"parcel_id": "parcel_00737", "state": "Tamil Nadu", "district": "Tirunelveli District", "taluk": "Ambasamudram Taluk", "village": "Veeravanallur", "predicted_crop": "Paddy", "confidence": 0.971, "area_sq_km": 0.0499, "area_ha": 4.99, "prob_paddy": 0.971, "prob_banana": 0.0228, "prob_other": 0.0062}}, {"type": "Feature", "geometry": {"type": "Polygon", "coordinates": [[[77.502962, 8.711385], [77.502903, 8.710426], [77.501486, 8.711626], [77.502068, 8.712648], [77.502962, 8.711385]]]}, "properties": {"parcel_id": "parcel_00738", "state": "Tamil Nadu", "district": "Tirunelveli District", "taluk": "Ambasamudram Taluk", "village": "Thiruppudaimaruthur", "predicted_crop": "Paddy", "confidence": 0.9563, "area_sq_km": 0.0188, "area_ha": 1.88, "prob_paddy": 0.9563, "prob_banana": 0.0339, "prob_other": 0.0098}}, {"type": "Feature", "geometry": {"type": "Polygon", "coordinates": [[[77.528393, 8.702561], [77.531622, 8.7034], [77.531662, 8.703371], [77.531497, 8.702061], [77.528555, 8.702265], [77.528475, 8.702392], [77.528393, 8.702561]]]}, "properties": {"parcel_id": "parcel_00739", "state": "Tamil Nadu", "district": "Tirunelveli District", "taluk": "Cheranmahadevi Taluk", "village": "Veeravanallur", "predicted_crop": "Paddy", "confidence": 0.9029, "area_sq_km": 0.0312, "area_ha": 3.12, "prob_paddy": 0.9029, "prob_banana": 0.063, "prob_other": 0.0341}}, {"type": "Feature", "geometry": {"type": "Polygon", "coordinates": [[[77.515449, 8.696215], [77.515986, 8.69479], [77.513577, 8.694509], [77.513516, 8.696488], [77.515449, 8.696215]]]}, "properties": {"parcel_id": "parcel_00740", "state": "Tamil Nadu", "district": "Tirunelveli District", "taluk": "Cheranmahadevi Taluk", "village": "Veeravanallur", "predicted_crop": "Banana", "confidence": 0.8367, "area_sq_km": 0.045, "area_ha": 4.5, "prob_paddy": 0.0749, "prob_banana": 0.8367, "prob_other": 0.0884}}, {"type": "Feature", "geometry": {"type": "Polygon", "coordinates": [[[77.536417, 8.709139], [77.535274, 8.709768], [77.53596, 8.711369], [77.536802, 8.711181], [77.537313, 8.710841], [77.536417, 8.709139]]]}, "properties": {"parcel_id": "parcel_00741", "state": "Tamil Nadu", "district": "Tirunelveli District", "taluk": "Cheranmahadevi Taluk", "village": "Ariyanayakipuram", "predicted_crop": "Paddy", "confidence": 0.9633, "area_sq_km": 0.0318, "area_ha": 3.18, "prob_paddy": 0.9633, "prob_banana": 0.0234, "prob_other": 0.0133}}, {"type": "Feature", "geometry": {"type": "Polygon", "coordinates": [[[77.433725, 8.704022], [77.432486, 8.705146], [77.432663, 8.705415], [77.435524, 8.705632], [77.436224, 8.704535], [77.435436, 8.704241], [77.433725, 8.704022]]]}, "properties": {"parcel_id": "parcel_00742", "state": "Tamil Nadu", "district": "Tirunelveli District", "taluk": "Ambasamudram Taluk", "village": "Ambasamudram", "predicted_crop": "Paddy", "confidence": 0.9219, "area_sq_km": 0.0498, "area_ha": 4.98, "prob_paddy": 0.9219, "prob_banana": 0.0572, "prob_other": 0.0209}}, {"type": "Feature", "geometry": {"type": "Polygon", "coordinates": [[[77.478835, 8.701653], [77.479081, 8.701549], [77.479903, 8.700664], [77.479374, 8.700323], [77.477518, 8.701077], [77.478835, 8.701653]]]}, "properties": {"parcel_id": "parcel_00743", "state": "Tamil Nadu", "district": "Tirunelveli District", "taluk": "Ambasamudram Taluk", "village": "Kallidaikurichi", "predicted_crop": "Paddy", "confidence": 0.9616, "area_sq_km": 0.0188, "area_ha": 1.88, "prob_paddy": 0.9616, "prob_banana": 0.0273, "prob_other": 0.0111}}, {"type": "Feature", "geometry": {"type": "Polygon", "coordinates": [[[77.547857, 8.688627], [77.549295, 8.690985], [77.549706, 8.690951], [77.549771, 8.690864], [77.550501, 8.68883], [77.550047, 8.687606], [77.550013, 8.687596], [77.547974, 8.68811], [77.547857, 8.688627]]]}, "properties": {"parcel_id": "parcel_00744", "state": "Tamil Nadu", "district": "Tirunelveli District", "taluk": "Cheranmahadevi Taluk", "village": "Cheranmahadevi", "predicted_crop": "Paddy", "confidence": 0.8945, "area_sq_km": 0.0673, "area_ha": 6.73, "prob_paddy": 0.8945, "prob_banana": 0.0633, "prob_other": 0.0422}}, {"type": "Feature", "geometry": {"type": "Polygon", "coordinates": [[[77.513067, 8.682658], [77.513467, 8.682963], [77.51358, 8.683002], [77.5156, 8.682889], [77.516192, 8.682507], [77.516389, 8.681858], [77.515202, 8.681035], [77.512715, 8.681135], [77.512674, 8.681989], [77.513067, 8.682658]]]}, "properties": {"parcel_id": "parcel_00745", "state": "Tamil Nadu", "district": "Tirunelveli District", "taluk": "Cheranmahadevi Taluk", "village": "Veeravanallur", "predicted_crop": "Paddy", "confidence": 0.9158, "area_sq_km": 0.0715, "area_ha": 7.15, "prob_paddy": 0.9158, "prob_banana": 0.0489, "prob_other": 0.0353}}, {"type": "Feature", "geometry": {"type": "Polygon", "coordinates": [[[77.465762, 8.712719], [77.46578, 8.712817], [77.468045, 8.711868], [77.469706, 8.710587], [77.469904, 8.710201], [77.467931, 8.710314], [77.467484, 8.710535], [77.465762, 8.712719]]]}, "properties": {"parcel_id": "parcel_00746", "state": "Tamil Nadu", "district": "Tirunelveli District", "taluk": "Ambasamudram Taluk", "village": "Brahmadesam", "predicted_crop": "Paddy", "confidence": 0.938, "area_sq_km": 0.0484, "area_ha": 4.84, "prob_paddy": 0.938, "prob_banana": 0.0414, "prob_other": 0.0206}}, {"type": "Feature", "geometry": {"type": "Polygon", "coordinates": [[[77.491662, 8.712231], [77.492294, 8.710435], [77.491424, 8.71017], [77.489146, 8.711046], [77.488624, 8.711957], [77.490643, 8.712476], [77.491662, 8.712231]]]}, "properties": {"parcel_id": "parcel_00747", "state": "Tamil Nadu", "district": "Tirunelveli District", "taluk": "Ambasamudram Taluk", "village": "Thiruppudaimaruthur", "predicted_crop": "Paddy", "confidence": 0.9143, "area_sq_km": 0.0644, "area_ha": 6.44, "prob_paddy": 0.9143, "prob_banana": 0.067, "prob_other": 0.0187}}, {"type": "Feature", "geometry": {"type": "Polygon", "coordinates": [[[77.511739, 8.667193], [77.511142, 8.669111], [77.511279, 8.669565], [77.51367, 8.670317], [77.515033, 8.6689], [77.511739, 8.667193]]]}, "properties": {"parcel_id": "parcel_00748", "state": "Tamil Nadu", "district": "Tirunelveli District", "taluk": "Cheranmahadevi Taluk", "village": "Veeravanallur", "predicted_crop": "Paddy", "confidence": 0.8928, "area_sq_km": 0.0825, "area_ha": 8.25, "prob_paddy": 0.8928, "prob_banana": 0.0546, "prob_other": 0.0526}}, {"type": "Feature", "geometry": {"type": "Polygon", "coordinates": [[[77.456027, 8.686645], [77.455444, 8.686893], [77.45494, 8.688508], [77.456642, 8.690055], [77.456779, 8.689459], [77.456417, 8.687583], [77.456027, 8.686645]]]}, "properties": {"parcel_id": "parcel_00749", "state": "Tamil Nadu", "district": "Tirunelveli District", "taluk": "Ambasamudram Taluk", "village": "Kallidaikurichi", "predicted_crop": "Banana", "confidence": 0.8932, "area_sq_km": 0.042, "area_ha": 4.2, "prob_paddy": 0.0663, "prob_banana": 0.8932, "prob_other": 0.0405}}, {"type": "Feature", "geometry": {"type": "Polygon", "coordinates": [[[77.435139, 8.698042], [77.435887, 8.69828], [77.435094, 8.695732], [77.433591, 8.695359], [77.433278, 8.696114], [77.433323, 8.696863], [77.435139, 8.698042]]]}, "properties": {"parcel_id": "parcel_00750", "state": "Tamil Nadu", "district": "Tirunelveli District", "taluk": "Ambasamudram Taluk", "village": "Ambasamudram", "predicted_crop": "Banana", "confidence": 0.9502, "area_sq_km": 0.0517, "area_ha": 5.17, "prob_paddy": 0.0279, "prob_banana": 0.9502, "prob_other": 0.0219}}, {"type": "Feature", "geometry": {"type": "Polygon", "coordinates": [[[77.489976, 8.715571], [77.490539, 8.715939], [77.49061, 8.715932], [77.492151, 8.714486], [77.491662, 8.712259], [77.490651, 8.712502], [77.490144, 8.71317], [77.489976, 8.715571]]]}, "properties": {"parcel_id": "parcel_00751", "state": "Tamil Nadu", "district": "Tirunelveli District", "taluk": "Ambasamudram Taluk", "village": "Thiruppudaimaruthur", "predicted_crop": "Paddy", "confidence": 0.8702, "area_sq_km": 0.0665, "area_ha": 6.65, "prob_paddy": 0.8702, "prob_banana": 0.0889, "prob_other": 0.0409}}, {"type": "Feature", "geometry": {"type": "Polygon", "coordinates": [[[77.459504, 8.694325], [77.459341, 8.694505], [77.461987, 8.696487], [77.462496, 8.696051], [77.462161, 8.692736], [77.459504, 8.694325]]]}, "properties": {"parcel_id": "parcel_00752", "state": "Tamil Nadu", "district": "Tirunelveli District", "taluk": "Ambasamudram Taluk", "village": "Kallidaikurichi", "predicted_crop": "Paddy", "confidence": 0.8906, "area_sq_km": 0.0751, "area_ha": 7.51, "prob_paddy": 0.8906, "prob_banana": 0.0551, "prob_other": 0.0543}}, {"type": "Feature", "geometry": {"type": "Polygon", "coordinates": [[[77.547295, 8.687283], [77.547967, 8.688083], [77.54999, 8.687574], [77.548963, 8.686315], [77.547915, 8.686525], [77.547295, 8.687283]]]}, "properties": {"parcel_id": "parcel_00753", "state": "Tamil Nadu", "district": "Tirunelveli District", "taluk": "Cheranmahadevi Taluk", "village": "Cheranmahadevi", "predicted_crop": "Other", "confidence": 0.8209, "area_sq_km": 0.0348, "area_ha": 3.48, "prob_paddy": 0.0873, "prob_banana": 0.0918, "prob_other": 0.8209}}, {"type": "Feature", "geometry": {"type": "Polygon", "coordinates": [[[77.441649, 8.703909], [77.44339, 8.703369], [77.443533, 8.702529], [77.441558, 8.702497], [77.441423, 8.703646], [77.441649, 8.703909]]]}, "properties": {"parcel_id": "parcel_00754", "state": "Tamil Nadu", "district": "Tirunelveli District", "taluk": "Ambasamudram Taluk", "village": "Ambasamudram", "predicted_crop": "Paddy", "confidence": 0.9245, "area_sq_km": 0.0272, "area_ha": 2.72, "prob_paddy": 0.9245, "prob_banana": 0.0493, "prob_other": 0.0261}}, {"type": "Feature", "geometry": {"type": "Polygon", "coordinates": [[[77.474538, 8.704335], [77.473011, 8.705013], [77.47454, 8.706761], [77.475002, 8.706474], [77.475356, 8.705707], [77.474538, 8.704335]]]}, "properties": {"parcel_id": "parcel_00755", "state": "Tamil Nadu", "district": "Tirunelveli District", "taluk": "Ambasamudram Taluk", "village": "Kallidaikurichi", "predicted_crop": "Banana", "confidence": 0.8843, "area_sq_km": 0.0362, "area_ha": 3.62, "prob_paddy": 0.0765, "prob_banana": 0.8843, "prob_other": 0.0392}}, {"type": "Feature", "geometry": {"type": "Polygon", "coordinates": [[[77.478701, 8.718829], [77.480131, 8.721126], [77.482404, 8.719359], [77.478701, 8.718829]]]}, "properties": {"parcel_id": "parcel_00756", "state": "Tamil Nadu", "district": "Tirunelveli District", "taluk": "Ambasamudram Taluk", "village": "Thiruppudaimaruthur", "predicted_crop": "Paddy", "confidence": 0.886, "area_sq_km": 0.0472, "area_ha": 4.72, "prob_paddy": 0.886, "prob_banana": 0.061, "prob_other": 0.0531}}, {"type": "Feature", "geometry": {"type": "Polygon", "coordinates": [[[77.519872, 8.695871], [77.520292, 8.695909], [77.52078, 8.695049], [77.520705, 8.694837], [77.520406, 8.69422], [77.518012, 8.694295], [77.519872, 8.695871]]]}, "properties": {"parcel_id": "parcel_00757", "state": "Tamil Nadu", "district": "Tirunelveli District", "taluk": "Cheranmahadevi Taluk", "village": "Veeravanallur", "predicted_crop": "Banana", "confidence": 0.9217, "area_sq_km": 0.0327, "area_ha": 3.27, "prob_paddy": 0.0488, "prob_banana": 0.9217, "prob_other": 0.0295}}, {"type": "Feature", "geometry": {"type": "Polygon", "coordinates": [[[77.439056, 8.688697], [77.438952, 8.688589], [77.437503, 8.688716], [77.436715, 8.689406], [77.436461, 8.691763], [77.438375, 8.691892], [77.439056, 8.688697]]]}, "properties": {"parcel_id": "parcel_00758", "state": "Tamil Nadu", "district": "Tirunelveli District", "taluk": "Ambasamudram Taluk", "village": "Ambasamudram", "predicted_crop": "Paddy", "confidence": 0.9195, "area_sq_km": 0.0778, "area_ha": 7.78, "prob_paddy": 0.9195, "prob_banana": 0.0629, "prob_other": 0.0176}}, {"type": "Feature", "geometry": {"type": "Polygon", "coordinates": [[[77.443264, 8.697112], [77.441288, 8.697584], [77.442991, 8.698746], [77.443583, 8.698172], [77.443752, 8.69766], [77.443264, 8.697112]]]}, "properties": {"parcel_id": "parcel_00759", "state": "Tamil Nadu", "district": "Tirunelveli District", "taluk": "Ambasamudram Taluk", "village": "Ambasamudram", "predicted_crop": "Paddy", "confidence": 0.9042, "area_sq_km": 0.0259, "area_ha": 2.59, "prob_paddy": 0.9042, "prob_banana": 0.0516, "prob_other": 0.0442}}, {"type": "Feature", "geometry": {"type": "Polygon", "coordinates": [[[77.441291, 8.701325], [77.44363, 8.702292], [77.443764, 8.702119], [77.44402, 8.701559], [77.442839, 8.700067], [77.441001, 8.700264], [77.441291, 8.701325]]]}, "properties": {"parcel_id": "parcel_00760", "state": "Tamil Nadu", "district": "Tirunelveli District", "taluk": "Ambasamudram Taluk", "village": "Ambasamudram", "predicted_crop": "Banana", "confidence": 0.949, "area_sq_km": 0.0483, "area_ha": 4.83, "prob_paddy": 0.0346, "prob_banana": 0.949, "prob_other": 0.0164}}, {"type": "Feature", "geometry": {"type": "Polygon", "coordinates": [[[77.466805, 8.700843], [77.466418, 8.701114], [77.465543, 8.702539], [77.466782, 8.70304], [77.467229, 8.701997], [77.466856, 8.700857], [77.466805, 8.700843]]]}, "properties": {"parcel_id": "parcel_00761", "state": "Tamil Nadu", "district": "Tirunelveli District", "taluk": "Ambasamudram Taluk", "village": "Kallidaikurichi", "predicted_crop": "Paddy", "confidence": 0.9353, "area_sq_km": 0.0247, "area_ha": 2.47, "prob_paddy": 0.9353, "prob_banana": 0.0495, "prob_other": 0.0152}}, {"type": "Feature", "geometry": {"type": "Polygon", "coordinates": [[[77.4848, 8.68312], [77.48297, 8.683163], [77.482343, 8.683897], [77.483689, 8.684947], [77.485046, 8.683671], [77.4848, 8.68312]]]}, "properties": {"parcel_id": "parcel_00762", "state": "Tamil Nadu", "district": "Tirunelveli District", "taluk": "Ambasamudram Taluk", "village": "Kallidaikurichi", "predicted_crop": "Paddy", "confidence": 0.8631, "area_sq_km": 0.0366, "area_ha": 3.66, "prob_paddy": 0.8631, "prob_banana": 0.1013, "prob_other": 0.0356}}, {"type": "Feature", "geometry": {"type": "Polygon", "coordinates": [[[77.522819, 8.690492], [77.521727, 8.690392], [77.521848, 8.691875], [77.522031, 8.692138], [77.522038, 8.69214], [77.523403, 8.690961], [77.522819, 8.690492]]]}, "properties": {"parcel_id": "parcel_00763", "state": "Tamil Nadu", "district": "Tirunelveli District", "taluk": "Cheranmahadevi Taluk", "village": "Veeravanallur", "predicted_crop": "Banana", "confidence": 0.9034, "area_sq_km": 0.0211, "area_ha": 2.11, "prob_paddy": 0.0551, "prob_banana": 0.9034, "prob_other": 0.0416}}, {"type": "Feature", "geometry": {"type": "Polygon", "coordinates": [[[77.537049, 8.717461], [77.535389, 8.71833], [77.536026, 8.719278], [77.536834, 8.719194], [77.537267, 8.717478], [77.537049, 8.717461]]]}, "properties": {"parcel_id": "parcel_00764", "state": "Tamil Nadu", "district": "Tirunelveli District", "taluk": "Cheranmahadevi Taluk", "village": "Ariyanayakipuram", "predicted_crop": "Paddy", "confidence": 0.9228, "area_sq_km": 0.0237, "area_ha": 2.37, "prob_paddy": 0.9228, "prob_banana": 0.0487, "prob_other": 0.0285}}, {"type": "Feature", "geometry": {"type": "Polygon", "coordinates": [[[77.430286, 8.699108], [77.429259, 8.700385], [77.429395, 8.700693], [77.431069, 8.700358], [77.430695, 8.69918], [77.430286, 8.699108]]]}, "properties": {"parcel_id": "parcel_00765", "state": "Tamil Nadu", "district": "Tirunelveli District", "taluk": "Ambasamudram Taluk", "village": "Ambasamudram", "predicted_crop": "Paddy", "confidence": 0.9321, "area_sq_km": 0.0201, "area_ha": 2.01, "prob_paddy": 0.9321, "prob_banana": 0.0534, "prob_other": 0.0145}}, {"type": "Feature", "geometry": {"type": "Polygon", "coordinates": [[[77.478889, 8.693626], [77.479105, 8.692389], [77.477153, 8.692306], [77.478889, 8.693626]]]}, "properties": {"parcel_id": "parcel_00766", "state": "Tamil Nadu", "district": "Tirunelveli District", "taluk": "Ambasamudram Taluk", "village": "Kallidaikurichi", "predicted_crop": "Paddy", "confidence": 0.94, "area_sq_km": 0.0148, "area_ha": 1.48, "prob_paddy": 0.94, "prob_banana": 0.0397, "prob_other": 0.0203}}, {"type": "Feature", "geometry": {"type": "Polygon", "coordinates": [[[77.43916, 8.687767], [77.442183, 8.685425], [77.439265, 8.685169], [77.438319, 8.685508], [77.43916, 8.687767]]]}, "properties": {"parcel_id": "parcel_00767", "state": "Tamil Nadu", "district": "Tirunelveli District", "taluk": "Ambasamudram Taluk", "village": "Ambasamudram", "predicted_crop": "Paddy", "confidence": 0.9747, "area_sq_km": 0.0611, "area_ha": 6.11, "prob_paddy": 0.9747, "prob_banana": 0.0172, "prob_other": 0.0081}}, {"type": "Feature", "geometry": {"type": "Polygon", "coordinates": [[[77.513654, 8.717397], [77.513654, 8.717456], [77.515432, 8.718362], [77.517133, 8.717219], [77.513654, 8.717397]]]}, "properties": {"parcel_id": "parcel_00768", "state": "Tamil Nadu", "district": "Tirunelveli District", "taluk": "Cheranmahadevi Taluk", "village": "Thiruppudaimaruthur", "predicted_crop": "Banana", "confidence": 0.8619, "area_sq_km": 0.023, "area_ha": 2.3, "prob_paddy": 0.0876, "prob_banana": 0.8619, "prob_other": 0.0504}}, {"type": "Feature", "geometry": {"type": "Polygon", "coordinates": [[[77.504149, 8.698412], [77.504034, 8.698368], [77.503885, 8.698332], [77.503386, 8.698293], [77.503342, 8.698321], [77.503035, 8.701371], [77.50348, 8.702001], [77.50416, 8.701975], [77.505682, 8.701287], [77.504149, 8.698412]]]}, "properties": {"parcel_id": "parcel_00769", "state": "Tamil Nadu", "district": "Tirunelveli District", "taluk": "Ambasamudram Taluk", "village": "Veeravanallur", "predicted_crop": "Banana", "confidence": 0.9007, "area_sq_km": 0.0757, "area_ha": 7.57, "prob_paddy": 0.0591, "prob_banana": 0.9007, "prob_other": 0.0403}}, {"type": "Feature", "geometry": {"type": "Polygon", "coordinates": [[[77.51244, 8.684412], [77.513442, 8.682978], [77.513055, 8.682683], [77.510595, 8.684125], [77.510466, 8.684422], [77.510864, 8.685209], [77.51244, 8.684412]]]}, "properties": {"parcel_id": "parcel_00770", "state": "Tamil Nadu", "district": "Tirunelveli District", "taluk": "Cheranmahadevi Taluk", "village": "Veeravanallur", "predicted_crop": "Paddy", "confidence": 0.8641, "area_sq_km": 0.0387, "area_ha": 3.87, "prob_paddy": 0.8641, "prob_banana": 0.0965, "prob_other": 0.0394}}, {"type": "Feature", "geometry": {"type": "Polygon", "coordinates": [[[77.497443, 8.713411], [77.498586, 8.7148], [77.499586, 8.715083], [77.499828, 8.713486], [77.499609, 8.713169], [77.497718, 8.712736], [77.497443, 8.713411]]]}, "properties": {"parcel_id": "parcel_00771", "state": "Tamil Nadu", "district": "Tirunelveli District", "taluk": "Ambasamudram Taluk", "village": "Thiruppudaimaruthur", "predicted_crop": "Banana", "confidence": 0.8701, "area_sq_km": 0.0428, "area_ha": 4.28, "prob_paddy": 0.0575, "prob_banana": 0.8701, "prob_other": 0.0723}}, {"type": "Feature", "geometry": {"type": "Polygon", "coordinates": [[[77.431227, 8.672797], [77.43099, 8.67277], [77.431292, 8.674884], [77.433528, 8.676414], [77.434022, 8.675383], [77.431227, 8.672797]]]}, "properties": {"parcel_id": "parcel_00772", "state": "Tamil Nadu", "district": "Tirunelveli District", "taluk": "Ambasamudram Taluk", "village": "Kallidaikurichi", "predicted_crop": "Banana", "confidence": 0.8948, "area_sq_km": 0.0562, "area_ha": 5.62, "prob_paddy": 0.0481, "prob_banana": 0.8948, "prob_other": 0.0571}}, {"type": "Feature", "geometry": {"type": "Polygon", "coordinates": [[[77.481045, 8.679382], [77.481309, 8.679952], [77.482355, 8.679799], [77.483922, 8.678483], [77.481169, 8.678762], [77.481045, 8.679382]]]}, "properties": {"parcel_id": "parcel_00773", "state": "Tamil Nadu", "district": "Tirunelveli District", "taluk": "Ambasamudram Taluk", "village": "Kallidaikurichi", "predicted_crop": "Paddy", "confidence": 0.8605, "area_sq_km": 0.0285, "area_ha": 2.85, "prob_paddy": 0.8605, "prob_banana": 0.0774, "prob_other": 0.0621}}, {"type": "Feature", "geometry": {"type": "Polygon", "coordinates": [[[77.439028, 8.699336], [77.439979, 8.697239], [77.439961, 8.697059], [77.439948, 8.697038], [77.438134, 8.699159], [77.438039, 8.700418], [77.439028, 8.699336]]]}, "properties": {"parcel_id": "parcel_00774", "state": "Tamil Nadu", "district": "Tirunelveli District", "taluk": "Ambasamudram Taluk", "village": "Ambasamudram", "predicted_crop": "Paddy", "confidence": 0.9632, "area_sq_km": 0.0221, "area_ha": 2.21, "prob_paddy": 0.9632, "prob_banana": 0.0259, "prob_other": 0.011}}, {"type": "Feature", "geometry": {"type": "Polygon", "coordinates": [[[77.44492, 8.686883], [77.44455, 8.686982], [77.444788, 8.689648], [77.4465, 8.691008], [77.44796, 8.689836], [77.44492, 8.686883]]]}, "properties": {"parcel_id": "parcel_00775", "state": "Tamil Nadu", "district": "Tirunelveli District", "taluk": "Ambasamudram Taluk", "village": "Ambasamudram", "predicted_crop": "Paddy", "confidence": 0.8805, "area_sq_km": 0.084, "area_ha": 8.4, "prob_paddy": 0.8805, "prob_banana": 0.0877, "prob_other": 0.0318}}, {"type": "Feature", "geometry": {"type": "Polygon", "coordinates": [[[77.524726, 8.702319], [77.525594, 8.703143], [77.528041, 8.702959], [77.528146, 8.702869], [77.528362, 8.702563], [77.528447, 8.702388], [77.526523, 8.700256], [77.525346, 8.700572], [77.524568, 8.701762], [77.524547, 8.702], [77.524726, 8.702319]]]}, "properties": {"parcel_id": "parcel_00776", "state": "Tamil Nadu", "district": "Tirunelveli District", "taluk": "Cheranmahadevi Taluk", "village": "Veeravanallur", "predicted_crop": "Paddy", "confidence": 0.8886, "area_sq_km": 0.0895, "area_ha": 8.95, "prob_paddy": 0.8886, "prob_banana": 0.0652, "prob_other": 0.0462}}, {"type": "Feature", "geometry": {"type": "Polygon", "coordinates": [[[77.515971, 8.668576], [77.515063, 8.668908], [77.513688, 8.670337], [77.513925, 8.672061], [77.515826, 8.673249], [77.516497, 8.672638], [77.515971, 8.668576]]]}, "properties": {"parcel_id": "parcel_00777", "state": "Tamil Nadu", "district": "Tirunelveli District", "taluk": "Cheranmahadevi Taluk", "village": "Veeravanallur", "predicted_crop": "Banana", "confidence": 0.9456, "area_sq_km": 0.1054, "area_ha": 10.54, "prob_paddy": 0.0237, "prob_banana": 0.9456, "prob_other": 0.0307}}, {"type": "Feature", "geometry": {"type": "Polygon", "coordinates": [[[77.435572, 8.707592], [77.436592, 8.707811], [77.438678, 8.705439], [77.437965, 8.70419], [77.436253, 8.70454], [77.435544, 8.705652], [77.435205, 8.707248], [77.435572, 8.707592]]]}, "properties": {"parcel_id": "parcel_00778", "state": "Tamil Nadu", "district": "Tirunelveli District", "taluk": "Ambasamudram Taluk", "village": "Ambasamudram", "predicted_crop": "Paddy", "confidence": 0.9209, "area_sq_km": 0.0937, "area_ha": 9.37, "prob_paddy": 0.9209, "prob_banana": 0.0561, "prob_other": 0.023}}, {"type": "Feature", "geometry": {"type": "Polygon", "coordinates": [[[77.44127, 8.710526], [77.440551, 8.709903], [77.438442, 8.709221], [77.437491, 8.709624], [77.43734, 8.710256], [77.440194, 8.712321], [77.441102, 8.711812], [77.44127, 8.710526]]]}, "properties": {"parcel_id": "parcel_00779", "state": "Tamil Nadu", "district": "Tirunelveli District", "taluk": "Ambasamudram Taluk", "village": "Ambasamudram", "predicted_crop": "Paddy", "confidence": 0.9474, "area_sq_km": 0.0862, "area_ha": 8.62, "prob_paddy": 0.9474, "prob_banana": 0.0358, "prob_other": 0.0168}}, {"type": "Feature", "geometry": {"type": "Polygon", "coordinates": [[[77.511439, 8.691447], [77.511387, 8.691176], [77.509085, 8.689957], [77.508908, 8.690132], [77.509176, 8.691715], [77.510994, 8.691681], [77.511439, 8.691447]]]}, "properties": {"parcel_id": "parcel_00780", "state": "Tamil Nadu", "district": "Tirunelveli District", "taluk": "Ambasamudram Taluk", "village": "Veeravanallur", "predicted_crop": "Paddy", "confidence": 0.8649, "area_sq_km": 0.0323, "area_ha": 3.23, "prob_paddy": 0.8649, "prob_banana": 0.0777, "prob_other": 0.0575}}, {"type": "Feature", "geometry": {"type": "Polygon", "coordinates": [[[77.495039, 8.707941], [77.497376, 8.708298], [77.497758, 8.708076], [77.497018, 8.705528], [77.496006, 8.705905], [77.495039, 8.707941]]]}, "properties": {"parcel_id": "parcel_00781", "state": "Tamil Nadu", "district": "Tirunelveli District", "taluk": "Ambasamudram Taluk", "village": "Thiruppudaimaruthur", "predicted_crop": "Paddy", "confidence": 0.9557, "area_sq_km": 0.0559, "area_ha": 5.59, "prob_paddy": 0.9557, "prob_banana": 0.0294, "prob_other": 0.0149}}, {"type": "Feature", "geometry": {"type": "Polygon", "coordinates": [[[77.510131, 8.68164], [77.509912, 8.681887], [77.510522, 8.683402], [77.511705, 8.682023], [77.510131, 8.68164]]]}, "properties": {"parcel_id": "parcel_00782", "state": "Tamil Nadu", "district": "Tirunelveli District", "taluk": "Cheranmahadevi Taluk", "village": "Veeravanallur", "predicted_crop": "Paddy", "confidence": 0.9123, "area_sq_km": 0.0189, "area_ha": 1.89, "prob_paddy": 0.9123, "prob_banana": 0.046, "prob_other": 0.0417}}, {"type": "Feature", "geometry": {"type": "Polygon", "coordinates": [[[77.441283, 8.710501], [77.442339, 8.709253], [77.441925, 8.708504], [77.439908, 8.706234], [77.439705, 8.707167], [77.440569, 8.709883], [77.441283, 8.710501]]]}, "properties": {"parcel_id": "parcel_00783", "state": "Tamil Nadu", "district": "Tirunelveli District", "taluk": "Ambasamudram Taluk", "village": "Ambasamudram", "predicted_crop": "Banana", "confidence": 0.8542, "area_sq_km": 0.063, "area_ha": 6.3, "prob_paddy": 0.0871, "prob_banana": 0.8542, "prob_other": 0.0588}}, {"type": "Feature", "geometry": {"type": "Polygon", "coordinates": [[[77.435515, 8.705659], [77.432677, 8.705443], [77.433346, 8.706931], [77.435179, 8.707237], [77.435515, 8.705659]]]}, "properties": {"parcel_id": "parcel_00784", "state": "Tamil Nadu", "district": "Tirunelveli District", "taluk": "Ambasamudram Taluk", "village": "Ambasamudram", "predicted_crop": "Banana", "confidence": 0.893, "area_sq_km": 0.0431, "area_ha": 4.31, "prob_paddy": 0.0614, "prob_banana": 0.893, "prob_other": 0.0456}}, {"type": "Feature", "geometry": {"type": "Polygon", "coordinates": [[[77.445397, 8.670412], [77.441539, 8.666787], [77.440645, 8.669811], [77.445397, 8.670412]]]}, "properties": {"parcel_id": "parcel_00785", "state": "Tamil Nadu", "district": "Tirunelveli District", "taluk": "Ambasamudram Taluk", "village": "Kallidaikurichi", "predicted_crop": "Paddy", "confidence": 0.8997, "area_sq_km": 0.0908, "area_ha": 9.08, "prob_paddy": 0.8997, "prob_banana": 0.0638, "prob_other": 0.0365}}, {"type": "Feature", "geometry": {"type": "Polygon", "coordinates": [[[77.523106, 8.678239], [77.522311, 8.678224], [77.521554, 8.679254], [77.521389, 8.67973], [77.522688, 8.680276], [77.525099, 8.678964], [77.523106, 8.678239]]]}, "properties": {"parcel_id": "parcel_00786", "state": "Tamil Nadu", "district": "Tirunelveli District", "taluk": "Cheranmahadevi Taluk", "village": "Veeravanallur", "predicted_crop": "Other", "confidence": 0.7929, "area_sq_km": 0.0527, "area_ha": 5.27, "prob_paddy": 0.0917, "prob_banana": 0.1154, "prob_other": 0.7929}}, {"type": "Feature", "geometry": {"type": "Polygon", "coordinates": [[[77.497389, 8.665633], [77.495571, 8.666185], [77.496079, 8.668749], [77.499518, 8.669091], [77.499473, 8.668484], [77.497389, 8.665633]]]}, "properties": {"parcel_id": "parcel_00787", "state": "Tamil Nadu", "district": "Tirunelveli District", "taluk": "Ambasamudram Taluk", "village": "Veeravanallur", "predicted_crop": "Banana", "confidence": 0.9503, "area_sq_km": 0.105, "area_ha": 10.5, "prob_paddy": 0.0204, "prob_banana": 0.9503, "prob_other": 0.0293}}, {"type": "Feature", "geometry": {"type": "Polygon", "coordinates": [[[77.525324, 8.700555], [77.525792, 8.698217], [77.523305, 8.698982], [77.524556, 8.701729], [77.525324, 8.700555]]]}, "properties": {"parcel_id": "parcel_00788", "state": "Tamil Nadu", "district": "Tirunelveli District", "taluk": "Cheranmahadevi Taluk", "village": "Veeravanallur", "predicted_crop": "Paddy", "confidence": 0.8679, "area_sq_km": 0.055, "area_ha": 5.5, "prob_paddy": 0.8679, "prob_banana": 0.0731, "prob_other": 0.059}}, {"type": "Feature", "geometry": {"type": "Polygon", "coordinates": [[[77.496665, 8.701496], [77.498878, 8.704017], [77.49927, 8.703809], [77.499834, 8.701364], [77.496859, 8.700689], [77.496665, 8.701496]]]}, "properties": {"parcel_id": "parcel_00789", "state": "Tamil Nadu", "district": "Tirunelveli District", "taluk": "Ambasamudram Taluk", "village": "Thiruppudaimaruthur", "predicted_crop": "Other", "confidence": 0.8338, "area_sq_km": 0.071, "area_ha": 7.1, "prob_paddy": 0.0909, "prob_banana": 0.0753, "prob_other": 0.8338}}, {"type": "Feature", "geometry": {"type": "Polygon", "coordinates": [[[77.49263, 8.705219], [77.492205, 8.705957], [77.492195, 8.706133], [77.494224, 8.706804], [77.494645, 8.705772], [77.49263, 8.705219]]]}, "properties": {"parcel_id": "parcel_00790", "state": "Tamil Nadu", "district": "Tirunelveli District", "taluk": "Ambasamudram Taluk", "village": "Thiruppudaimaruthur", "predicted_crop": "Paddy", "confidence": 0.9478, "area_sq_km": 0.0276, "area_ha": 2.76, "prob_paddy": 0.9478, "prob_banana": 0.0366, "prob_other": 0.0155}}, {"type": "Feature", "geometry": {"type": "Polygon", "coordinates": [[[77.447618, 8.683793], [77.447857, 8.685245], [77.449564, 8.682962], [77.44956, 8.682895], [77.448084, 8.682712], [77.447618, 8.683793]]]}, "properties": {"parcel_id": "parcel_00791", "state": "Tamil Nadu", "district": "Tirunelveli District", "taluk": "Ambasamudram Taluk", "village": "Kallidaikurichi", "predicted_crop": "Paddy", "confidence": 0.9041, "area_sq_km": 0.0295, "area_ha": 2.95, "prob_paddy": 0.9041, "prob_banana": 0.0728, "prob_other": 0.023}}, {"type": "Feature", "geometry": {"type": "Polygon", "coordinates": [[[77.525286, 8.694674], [77.524369, 8.694707], [77.52506, 8.697026], [77.525784, 8.697429], [77.526193, 8.696907], [77.525765, 8.69517], [77.525604, 8.694881], [77.525286, 8.694674]]]}, "properties": {"parcel_id": "parcel_00792", "state": "Tamil Nadu", "district": "Tirunelveli District", "taluk": "Cheranmahadevi Taluk", "village": "Veeravanallur", "predicted_crop": "Paddy", "confidence": 0.944, "area_sq_km": 0.0366, "area_ha": 3.66, "prob_paddy": 0.944, "prob_banana": 0.0371, "prob_other": 0.0189}}, {"type": "Feature", "geometry": {"type": "Polygon", "coordinates": [[[77.499593, 8.689512], [77.499816, 8.691606], [77.501226, 8.691458], [77.501981, 8.691284], [77.502125, 8.691079], [77.502068, 8.69003], [77.500145, 8.689055], [77.499593, 8.689512]]]}, "properties": {"parcel_id": "parcel_00793", "state": "Tamil Nadu", "district": "Tirunelveli District", "taluk": "Ambasamudram Taluk", "village": "Veeravanallur", "predicted_crop": "Banana", "confidence": 0.8667, "area_sq_km": 0.0577, "area_ha": 5.77, "prob_paddy": 0.0681, "prob_banana": 0.8667, "prob_other": 0.0652}}, {"type": "Feature", "geometry": {"type": "Polygon", "coordinates": [[[77.480245, 8.712393], [77.480475, 8.711847], [77.478696, 8.708949], [77.476966, 8.710191], [77.480245, 8.712393]]]}, "properties": {"parcel_id": "parcel_00794", "state": "Tamil Nadu", "district": "Tirunelveli District", "taluk": "Ambasamudram Taluk", "village": "Thiruppudaimaruthur", "predicted_crop": "Paddy", "confidence": 0.8665, "area_sq_km": 0.058, "area_ha": 5.8, "prob_paddy": 0.8665, "prob_banana": 0.0678, "prob_other": 0.0657}}, {"type": "Feature", "geometry": {"type": "Polygon", "coordinates": [[[77.49261, 8.705198], [77.492717, 8.704611], [77.491414, 8.703369], [77.491287, 8.703429], [77.490124, 8.704955], [77.492186, 8.705936], [77.49261, 8.705198]]]}, "properties": {"parcel_id": "parcel_00795", "state": "Tamil Nadu", "district": "Tirunelveli District", "taluk": "Ambasamudram Taluk", "village": "Thiruppudaimaruthur", "predicted_crop": "Other", "confidence": 0.8188, "area_sq_km": 0.0439, "area_ha": 4.39, "prob_paddy": 0.0953, "prob_banana": 0.0858, "prob_other": 0.8188}}, {"type": "Feature", "geometry": {"type": "Polygon", "coordinates": [[[77.45947, 8.706683], [77.459621, 8.704756], [77.459381, 8.704548], [77.456589, 8.706758], [77.45703, 8.707226], [77.45947, 8.706683]]]}, "properties": {"parcel_id": "parcel_00796", "state": "Tamil Nadu", "district": "Tirunelveli District", "taluk": "Ambasamudram Taluk", "village": "Ambasamudram", "predicted_crop": "Other", "confidence": 0.7699, "area_sq_km": 0.0489, "area_ha": 4.89, "prob_paddy": 0.0993, "prob_banana": 0.1308, "prob_other": 0.7699}}, {"type": "Feature", "geometry": {"type": "Polygon", "coordinates": [[[77.549183, 8.705774], [77.551559, 8.707531], [77.551668, 8.705688], [77.549556, 8.703903], [77.549478, 8.703916], [77.54912, 8.704422], [77.549183, 8.705774]]]}, "properties": {"parcel_id": "parcel_00797", "state": "Tamil Nadu", "district": "Tirunelveli District", "taluk": "Cheranmahadevi Taluk", "village": "Ariyanayakipuram", "predicted_crop": "Paddy", "confidence": 0.9392, "area_sq_km": 0.06, "area_ha": 6.0, "prob_paddy": 0.9392, "prob_banana": 0.0392, "prob_other": 0.0216}}, {"type": "Feature", "geometry": {"type": "Polygon", "coordinates": [[[77.510884, 8.701493], [77.510167, 8.703344], [77.511918, 8.703336], [77.511112, 8.70134], [77.510884, 8.701493]]]}, "properties": {"parcel_id": "parcel_00798", "state": "Tamil Nadu", "district": "Tirunelveli District", "taluk": "Cheranmahadevi Taluk", "village": "Veeravanallur", "predicted_crop": "Paddy", "confidence": 0.9684, "area_sq_km": 0.0232, "area_ha": 2.32, "prob_paddy": 0.9684, "prob_banana": 0.0181, "prob_other": 0.0135}}, {"type": "Feature", "geometry": {"type": "Polygon", "coordinates": [[[77.54696, 8.687233], [77.546383, 8.687783], [77.546219, 8.689503], [77.547831, 8.68862], [77.547948, 8.688102], [77.54727, 8.687295], [77.54696, 8.687233]]]}, "properties": {"parcel_id": "parcel_00799", "state": "Tamil Nadu", "district": "Tirunelveli District", "taluk": "Cheranmahadevi Taluk", "village": "Cheranmahadevi", "predicted_crop": "Banana", "confidence": 0.9421, "area_sq_km": 0.0288, "area_ha": 2.88, "prob_paddy": 0.0391, "prob_banana": 0.9421, "prob_other": 0.0188}}, {"type": "Feature", "geometry": {"type": "Polygon", "coordinates": [[[77.459036, 8.703715], [77.459392, 8.704523], [77.459641, 8.704737], [77.461614, 8.705116], [77.46178, 8.705009], [77.461572, 8.702172], [77.459036, 8.703715]]]}, "properties": {"parcel_id": "parcel_00800", "state": "Tamil Nadu", "district": "Tirunelveli District", "taluk": "Ambasamudram Taluk", "village": "Ambasamudram", "predicted_crop": "Paddy", "confidence": 0.9591, "area_sq_km": 0.0605, "area_ha": 6.05, "prob_paddy": 0.9591, "prob_banana": 0.0238, "prob_other": 0.0171}}, {"type": "Feature", "geometry": {"type": "Polygon", "coordinates": [[[77.507572, 8.70255], [77.507935, 8.701856], [77.507937, 8.701766], [77.507444, 8.699769], [77.507439, 8.699768], [77.506461, 8.700139], [77.506158, 8.701373], [77.507572, 8.70255]]]}, "properties": {"parcel_id": "parcel_00801", "state": "Tamil Nadu", "district": "Tirunelveli District", "taluk": "Ambasamudram Taluk", "village": "Veeravanallur", "predicted_crop": "Paddy", "confidence": 0.8907, "area_sq_km": 0.0367, "area_ha": 3.67, "prob_paddy": 0.8907, "prob_banana": 0.0869, "prob_other": 0.0224}}, {"type": "Feature", "geometry": {"type": "Polygon", "coordinates": [[[77.517221, 8.705034], [77.515446, 8.706189], [77.515506, 8.707089], [77.517161, 8.707749], [77.517318, 8.705072], [77.517221, 8.705034]]]}, "properties": {"parcel_id": "parcel_00802", "state": "Tamil Nadu", "district": "Tirunelveli District", "taluk": "Cheranmahadevi Taluk", "village": "Veeravanallur", "predicted_crop": "Paddy", "confidence": 0.9605, "area_sq_km": 0.0394, "area_ha": 3.94, "prob_paddy": 0.9605, "prob_banana": 0.0237, "prob_other": 0.0158}}, {"type": "Feature", "geometry": {"type": "Polygon", "coordinates": [[[77.551191, 8.695172], [77.550701, 8.694511], [77.548403, 8.694154], [77.547107, 8.695123], [77.547366, 8.696305], [77.551191, 8.695172]]]}, "properties": {"parcel_id": "parcel_00803", "state": "Tamil Nadu", "district": "Tirunelveli District", "taluk": "Cheranmahadevi Taluk", "village": "Cheranmahadevi", "predicted_crop": "Paddy", "confidence": 0.8945, "area_sq_km": 0.062, "area_ha": 6.2, "prob_paddy": 0.8945, "prob_banana": 0.0552, "prob_other": 0.0503}}, {"type": "Feature", "geometry": {"type": "Polygon", "coordinates": [[[77.5237, 8.687195], [77.522995, 8.686202], [77.520231, 8.686829], [77.52086, 8.689036], [77.522892, 8.68851], [77.523691, 8.688], [77.5237, 8.687195]]]}, "properties": {"parcel_id": "parcel_00804", "state": "Tamil Nadu", "district": "Tirunelveli District", "taluk": "Cheranmahadevi Taluk", "village": "Veeravanallur", "predicted_crop": "Paddy", "confidence": 0.8613, "area_sq_km": 0.0822, "area_ha": 8.22, "prob_paddy": 0.8613, "prob_banana": 0.1051, "prob_other": 0.0336}}, {"type": "Feature", "geometry": {"type": "Polygon", "coordinates": [[[77.514296, 8.705646], [77.512443, 8.70779], [77.512683, 8.708286], [77.512849, 8.708511], [77.515479, 8.707091], [77.515419, 8.706191], [77.514296, 8.705646]]]}, "properties": {"parcel_id": "parcel_00805", "state": "Tamil Nadu", "district": "Tirunelveli District", "taluk": "Cheranmahadevi Taluk", "village": "Veeravanallur", "predicted_crop": "Banana", "confidence": 0.9159, "area_sq_km": 0.053, "area_ha": 5.3, "prob_paddy": 0.0516, "prob_banana": 0.9159, "prob_other": 0.0325}}, {"type": "Feature", "geometry": {"type": "Polygon", "coordinates": [[[77.54513, 8.687763], [77.546364, 8.687763], [77.546937, 8.687217], [77.546473, 8.686636], [77.545193, 8.686491], [77.54513, 8.687763]]]}, "properties": {"parcel_id": "parcel_00806", "state": "Tamil Nadu", "district": "Tirunelveli District", "taluk": "Cheranmahadevi Taluk", "village": "Cheranmahadevi", "predicted_crop": "Paddy", "confidence": 0.9755, "area_sq_km": 0.022, "area_ha": 2.2, "prob_paddy": 0.9755, "prob_banana": 0.0194, "prob_other": 0.0051}}, {"type": "Feature", "geometry": {"type": "Polygon", "coordinates": [[[77.430457, 8.696957], [77.430424, 8.696972], [77.430094, 8.697368], [77.429902, 8.69837], [77.429963, 8.698557], [77.430289, 8.699081], [77.430705, 8.699154], [77.431663, 8.698808], [77.43177, 8.698635], [77.431169, 8.697139], [77.430457, 8.696957]]]}, "properties": {"parcel_id": "parcel_00807", "state": "Tamil Nadu", "district": "Tirunelveli District", "taluk": "Ambasamudram Taluk", "village": "Ambasamudram", "predicted_crop": "Paddy", "confidence": 0.8984, "area_sq_km": 0.0348, "area_ha": 3.48, "prob_paddy": 0.8984, "prob_banana": 0.0632, "prob_other": 0.0384}}, {"type": "Feature", "geometry": {"type": "Polygon", "coordinates": [[[77.504503, 8.684375], [77.505092, 8.683547], [77.504662, 8.682122], [77.504315, 8.681756], [77.502937, 8.683172], [77.502826, 8.683516], [77.504419, 8.684391], [77.504503, 8.684375]]]}, "properties": {"parcel_id": "parcel_00808", "state": "Tamil Nadu", "district": "Tirunelveli District", "taluk": "Ambasamudram Taluk", "village": "Veeravanallur", "predicted_crop": "Paddy", "confidence": 0.9078, "area_sq_km": 0.0407, "area_ha": 4.07, "prob_paddy": 0.9078, "prob_banana": 0.0518, "prob_other": 0.0403}}, {"type": "Feature", "geometry": {"type": "Polygon", "coordinates": [[[77.475382, 8.705716], [77.47503, 8.706477], [77.475974, 8.707016], [77.477839, 8.706088], [77.476554, 8.705299], [77.476372, 8.705261], [77.475382, 8.705716]]]}, "properties": {"parcel_id": "parcel_00809", "state": "Tamil Nadu", "district": "Tirunelveli District", "taluk": "Ambasamudram Taluk", "village": "Kallidaikurichi", "predicted_crop": "Banana", "confidence": 0.9069, "area_sq_km": 0.0333, "area_ha": 3.33, "prob_paddy": 0.0423, "prob_banana": 0.9069, "prob_other": 0.0508}}, {"type": "Feature", "geometry": {"type": "Polygon", "coordinates": [[[77.534134, 8.715652], [77.534562, 8.716414], [77.536166, 8.716653], [77.536747, 8.714552], [77.534604, 8.714535], [77.534523, 8.714568], [77.534134, 8.715652]]]}, "properties": {"parcel_id": "parcel_00810", "state": "Tamil Nadu", "district": "Tirunelveli District", "taluk": "Cheranmahadevi Taluk", "village": "Ariyanayakipuram", "predicted_crop": "Paddy", "confidence": 0.8881, "area_sq_km": 0.0515, "area_ha": 5.15, "prob_paddy": 0.8881, "prob_banana": 0.0766, "prob_other": 0.0353}}, {"type": "Feature", "geometry": {"type": "Polygon", "coordinates": [[[77.487869, 8.70868], [77.487894, 8.708677], [77.489108, 8.707981], [77.488329, 8.705812], [77.487096, 8.706153], [77.486964, 8.707803], [77.487869, 8.70868]]]}, "properties": {"parcel_id": "parcel_00811", "state": "Tamil Nadu", "district": "Tirunelveli District", "taluk": "Ambasamudram Taluk", "village": "Thiruppudaimaruthur", "predicted_crop": "Other", "confidence": 0.7465, "area_sq_km": 0.0502, "area_ha": 5.02, "prob_paddy": 0.1439, "prob_banana": 0.1096, "prob_other": 0.7465}}, {"type": "Feature", "geometry": {"type": "Polygon", "coordinates": [[[77.478184, 8.682133], [77.476259, 8.682419], [77.476652, 8.683481], [77.478407, 8.682477], [77.478184, 8.682133]]]}, "properties": {"parcel_id": "parcel_00812", "state": "Tamil Nadu", "district": "Tirunelveli District", "taluk": "Ambasamudram Taluk", "village": "Kallidaikurichi", "predicted_crop": "Paddy", "confidence": 0.9575, "area_sq_km": 0.0182, "area_ha": 1.82, "prob_paddy": 0.9575, "prob_banana": 0.0327, "prob_other": 0.0098}}, {"type": "Feature", "geometry": {"type": "Polygon", "coordinates": [[[77.486168, 8.684893], [77.488033, 8.684895], [77.488713, 8.683756], [77.488138, 8.682723], [77.487603, 8.682507], [77.485179, 8.683727], [77.486168, 8.684893]]]}, "properties": {"parcel_id": "parcel_00813", "state": "Tamil Nadu", "district": "Tirunelveli District", "taluk": "Ambasamudram Taluk", "village": "Kallidaikurichi", "predicted_crop": "Paddy", "confidence": 0.9195, "area_sq_km": 0.0672, "area_ha": 6.72, "prob_paddy": 0.9195, "prob_banana": 0.0476, "prob_other": 0.0329}}, {"type": "Feature", "geometry": {"type": "Polygon", "coordinates": [[[77.500791, 8.69381], [77.501513, 8.693888], [77.502082, 8.693255], [77.502113, 8.693197], [77.501977, 8.691313], [77.501239, 8.691483], [77.500626, 8.693672], [77.500791, 8.69381]]]}, "properties": {"parcel_id": "parcel_00814", "state": "Tamil Nadu", "district": "Tirunelveli District", "taluk": "Ambasamudram Taluk", "village": "Veeravanallur", "predicted_crop": "Paddy", "confidence": 0.9749, "area_sq_km": 0.0318, "area_ha": 3.18, "prob_paddy": 0.9749, "prob_banana": 0.019, "prob_other": 0.0062}}, {"type": "Feature", "geometry": {"type": "Polygon", "coordinates": [[[77.509898, 8.679793], [77.509414, 8.678837], [77.507732, 8.679975], [77.507404, 8.6811], [77.507476, 8.681206], [77.507884, 8.681323], [77.509898, 8.679793]]]}, "properties": {"parcel_id": "parcel_00815", "state": "Tamil Nadu", "district": "Tirunelveli District", "taluk": "Ambasamudram Taluk", "village": "Veeravanallur", "predicted_crop": "Other", "confidence": 0.7833, "area_sq_km": 0.0351, "area_ha": 3.51, "prob_paddy": 0.0955, "prob_banana": 0.1211, "prob_other": 0.7833}}, {"type": "Feature", "geometry": {"type": "Polygon", "coordinates": [[[77.528062, 8.702977], [77.528382, 8.704452], [77.52962, 8.705618], [77.53116, 8.704917], [77.531067, 8.704583], [77.528158, 8.702895], [77.528062, 8.702977]]]}, "properties": {"parcel_id": "parcel_00816", "state": "Tamil Nadu", "district": "Tirunelveli District", "taluk": "Cheranmahadevi Taluk", "village": "Veeravanallur", "predicted_crop": "Paddy", "confidence": 0.9668, "area_sq_km": 0.0479, "area_ha": 4.79, "prob_paddy": 0.9668, "prob_banana": 0.0183, "prob_other": 0.0149}}, {"type": "Feature", "geometry": {"type": "Polygon", "coordinates": [[[77.461839, 8.701859], [77.461598, 8.702153], [77.461806, 8.704997], [77.463377, 8.70439], [77.463393, 8.704366], [77.461839, 8.701859]]]}, "properties": {"parcel_id": "parcel_00817", "state": "Tamil Nadu", "district": "Tirunelveli District", "taluk": "Ambasamudram Taluk", "village": "Kallidaikurichi", "predicted_crop": "Other", "confidence": 0.7693, "area_sq_km": 0.0349, "area_ha": 3.49, "prob_paddy": 0.0994, "prob_banana": 0.1313, "prob_other": 0.7693}}, {"type": "Feature", "geometry": {"type": "Polygon", "coordinates": [[[77.537806, 8.686121], [77.537395, 8.685972], [77.535217, 8.68741], [77.535805, 8.68752], [77.53787, 8.686669], [77.537806, 8.686121]]]}, "properties": {"parcel_id": "parcel_00818", "state": "Tamil Nadu", "district": "Tirunelveli District", "taluk": "Cheranmahadevi Taluk", "village": "Veeravanallur", "predicted_crop": "Paddy", "confidence": 0.9727, "area_sq_km": 0.0192, "area_ha": 1.92, "prob_paddy": 0.9727, "prob_banana": 0.0184, "prob_other": 0.009}}, {"type": "Feature", "geometry": {"type": "Polygon", "coordinates": [[[77.548731, 8.714762], [77.550231, 8.713343], [77.548316, 8.712097], [77.54693, 8.713805], [77.548682, 8.71476], [77.548731, 8.714762]]]}, "properties": {"parcel_id": "parcel_00819", "state": "Tamil Nadu", "district": "Tirunelveli District", "taluk": "Cheranmahadevi Taluk", "village": "Ariyanayakipuram", "predicted_crop": "Paddy", "confidence": 0.9698, "area_sq_km": 0.055, "area_ha": 5.5, "prob_paddy": 0.9698, "prob_banana": 0.0236, "prob_other": 0.0066}}, {"type": "Feature", "geometry": {"type": "Polygon", "coordinates": [[[77.451611, 8.689602], [77.449871, 8.690713], [77.44976, 8.692115], [77.451406, 8.693211], [77.452355, 8.69217], [77.45288, 8.69031], [77.451611, 8.689602]]]}, "properties": {"parcel_id": "parcel_00820", "state": "Tamil Nadu", "district": "Tirunelveli District", "taluk": "Ambasamudram Taluk", "village": "Kallidaikurichi", "predicted_crop": "Paddy", "confidence": 0.9364, "area_sq_km": 0.0878, "area_ha": 8.78, "prob_paddy": 0.9364, "prob_banana": 0.0379, "prob_other": 0.0257}}, {"type": "Feature", "geometry": {"type": "Polygon", "coordinates": [[[77.545889, 8.678521], [77.548572, 8.677565], [77.549686, 8.675121], [77.548957, 8.674777], [77.545147, 8.677647], [77.545889, 8.678521]]]}, "properties": {"parcel_id": "parcel_00821", "state": "Tamil Nadu", "district": "Tirunelveli District", "taluk": "Cheranmahadevi Taluk", "village": "Cheranmahadevi", "predicted_crop": "Other", "confidence": 0.8723, "area_sq_km": 0.0898, "area_ha": 8.98, "prob_paddy": 0.065, "prob_banana": 0.0627, "prob_other": 0.8723}}, {"type": "Feature", "geometry": {"type": "Polygon", "coordinates": [[[77.447345, 8.692275], [77.447667, 8.693963], [77.449214, 8.692421], [77.447345, 8.692275]]]}, "properties": {"parcel_id": "parcel_00822", "state": "Tamil Nadu", "district": "Tirunelveli District", "taluk": "Ambasamudram Taluk", "village": "Ambasamudram", "predicted_crop": "Paddy", "confidence": 0.919, "area_sq_km": 0.0189, "area_ha": 1.89, "prob_paddy": 0.919, "prob_banana": 0.0578, "prob_other": 0.0232}}, {"type": "Feature", "geometry": {"type": "Polygon", "coordinates": [[[77.530442, 8.694236], [77.530914, 8.694247], [77.532031, 8.693248], [77.531734, 8.692243], [77.531093, 8.691605], [77.530393, 8.691505], [77.530153, 8.69169], [77.530442, 8.694236]]]}, "properties": {"parcel_id": "parcel_00823", "state": "Tamil Nadu", "district": "Tirunelveli District", "taluk": "Cheranmahadevi Taluk", "village": "Veeravanallur", "predicted_crop": "Banana", "confidence": 0.8341, "area_sq_km": 0.0429, "area_ha": 4.29, "prob_paddy": 0.1056, "prob_banana": 0.8341, "prob_other": 0.0603}}, {"type": "Feature", "geometry": {"type": "Polygon", "coordinates": [[[77.539363, 8.674863], [77.540088, 8.674763], [77.541259, 8.672162], [77.537434, 8.670887], [77.537436, 8.671128], [77.539363, 8.674863]]]}, "properties": {"parcel_id": "parcel_00824", "state": "Tamil Nadu", "district": "Tirunelveli District", "taluk": "Cheranmahadevi Taluk", "village": "Cheranmahadevi", "predicted_crop": "Banana", "confidence": 0.9525, "area_sq_km": 0.0912, "area_ha": 9.12, "prob_paddy": 0.0197, "prob_banana": 0.9525, "prob_other": 0.0279}}, {"type": "Feature", "geometry": {"type": "Polygon", "coordinates": [[[77.45885, 8.713479], [77.456874, 8.712893], [77.455213, 8.716527], [77.455628, 8.716436], [77.458073, 8.715523], [77.458827, 8.714993], [77.458957, 8.713557], [77.45885, 8.713479]]]}, "properties": {"parcel_id": "parcel_00825", "state": "Tamil Nadu", "district": "Tirunelveli District", "taluk": "Ambasamudram Taluk", "village": "Brahmadesam", "predicted_crop": "Paddy", "confidence": 0.8786, "area_sq_km": 0.0894, "area_ha": 8.94, "prob_paddy": 0.8786, "prob_banana": 0.0897, "prob_other": 0.0317}}, {"type": "Feature", "geometry": {"type": "Polygon", "coordinates": [[[77.509875, 8.699475], [77.509465, 8.699826], [77.509625, 8.701123], [77.51087, 8.701469], [77.51111, 8.701308], [77.511179, 8.701251], [77.511638, 8.700458], [77.511593, 8.70023], [77.509875, 8.699475]]]}, "properties": {"parcel_id": "parcel_00826", "state": "Tamil Nadu", "district": "Tirunelveli District", "taluk": "Cheranmahadevi Taluk", "village": "Veeravanallur", "predicted_crop": "Paddy", "confidence": 0.8739, "area_sq_km": 0.0352, "area_ha": 3.52, "prob_paddy": 0.8739, "prob_banana": 0.0854, "prob_other": 0.0407}}, {"type": "Feature", "geometry": {"type": "Polygon", "coordinates": [[[77.47002, 8.690854], [77.469966, 8.691476], [77.470066, 8.691628], [77.471058, 8.692271], [77.471619, 8.692116], [77.472897, 8.691134], [77.472639, 8.689638], [77.471737, 8.688731], [77.470227, 8.689616], [77.47002, 8.690854]]]}, "properties": {"parcel_id": "parcel_00827", "state": "Tamil Nadu", "district": "Tirunelveli District", "taluk": "Ambasamudram Taluk", "village": "Kallidaikurichi", "predicted_crop": "Paddy", "confidence": 0.8806, "area_sq_km": 0.0873, "area_ha": 8.73, "prob_paddy": 0.8806, "prob_banana": 0.0873, "prob_other": 0.032}}, {"type": "Feature", "geometry": {"type": "Polygon", "coordinates": [[[77.513911, 8.672084], [77.511145, 8.673168], [77.512176, 8.674789], [77.514741, 8.67531], [77.515774, 8.673794], [77.515814, 8.673273], [77.513911, 8.672084]]]}, "properties": {"parcel_id": "parcel_00828", "state": "Tamil Nadu", "district": "Tirunelveli District", "taluk": "Cheranmahadevi Taluk", "village": "Veeravanallur", "predicted_crop": "Banana", "confidence": 0.8284, "area_sq_km": 0.1162, "area_ha": 11.62, "prob_paddy": 0.1121, "prob_banana": 0.8284, "prob_other": 0.0595}}, {"type": "Feature", "geometry": {"type": "Polygon", "coordinates": [[[77.53902, 8.696696], [77.539573, 8.696507], [77.537807, 8.694417], [77.536663, 8.694761], [77.536165, 8.695093], [77.536042, 8.695221], [77.536043, 8.695286], [77.537787, 8.696745], [77.53902, 8.696696]]]}, "properties": {"parcel_id": "parcel_00829", "state": "Tamil Nadu", "district": "Tirunelveli District", "taluk": "Cheranmahadevi Taluk", "village": "Veeravanallur", "predicted_crop": "Paddy", "confidence": 0.8753, "area_sq_km": 0.0542, "area_ha": 5.42, "prob_paddy": 0.8753, "prob_banana": 0.0765, "prob_other": 0.0482}}, {"type": "Feature", "geometry": {"type": "Polygon", "coordinates": [[[77.464911, 8.710682], [77.467472, 8.710511], [77.467899, 8.710299], [77.465592, 8.708887], [77.464703, 8.709465], [77.464911, 8.710682]]]}, "properties": {"parcel_id": "parcel_00830", "state": "Tamil Nadu", "district": "Tirunelveli District", "taluk": "Ambasamudram Taluk", "village": "Ambasamudram", "predicted_crop": "Paddy", "confidence": 0.9423, "area_sq_km": 0.0413, "area_ha": 4.13, "prob_paddy": 0.9423, "prob_banana": 0.0334, "prob_other": 0.0243}}, {"type": "Feature", "geometry": {"type": "Polygon", "coordinates": [[[77.484892, 8.694112], [77.485602, 8.698427], [77.48564, 8.698454], [77.48763, 8.698419], [77.488411, 8.697274], [77.485621, 8.694035], [77.48496, 8.693992], [77.484892, 8.694112]]]}, "properties": {"parcel_id": "parcel_00831", "state": "Tamil Nadu", "district": "Tirunelveli District", "taluk": "Ambasamudram Taluk", "village": "Kallidaikurichi", "predicted_crop": "Paddy", "confidence": 0.9353, "area_sq_km": 0.1095, "area_ha": 10.95, "prob_paddy": 0.9353, "prob_banana": 0.0364, "prob_other": 0.0283}}, {"type": "Feature", "geometry": {"type": "Polygon", "coordinates": [[[77.433652, 8.70909], [77.435058, 8.709281], [77.435163, 8.708309], [77.433652, 8.70909]]]}, "properties": {"parcel_id": "parcel_00832", "state": "Tamil Nadu", "district": "Tirunelveli District", "taluk": "Ambasamudram Taluk", "village": "Ambasamudram", "predicted_crop": "Paddy", "confidence": 0.9793, "area_sq_km": 0.0084, "area_ha": 0.84, "prob_paddy": 0.9793, "prob_banana": 0.0129, "prob_other": 0.0078}}, {"type": "Feature", "geometry": {"type": "Polygon", "coordinates": [[[77.431591, 8.715865], [77.433977, 8.716251], [77.434686, 8.715669], [77.433119, 8.714318], [77.431591, 8.715865]]]}, "properties": {"parcel_id": "parcel_00833", "state": "Tamil Nadu", "district": "Tirunelveli District", "taluk": "Ambasamudram Taluk", "village": "Ambasamudram", "predicted_crop": "Paddy", "confidence": 0.8629, "area_sq_km": 0.0375, "area_ha": 3.75, "prob_paddy": 0.8629, "prob_banana": 0.0722, "prob_other": 0.0649}}, {"type": "Feature", "geometry": {"type": "Polygon", "coordinates": [[[77.485119, 8.685706], [77.485805, 8.686697], [77.486127, 8.686837], [77.487267, 8.686682], [77.488064, 8.685913], [77.488027, 8.684922], [77.486166, 8.68492], [77.485119, 8.685706]]]}, "properties": {"parcel_id": "parcel_00834", "state": "Tamil Nadu", "district": "Tirunelveli District", "taluk": "Ambasamudram Taluk", "village": "Kallidaikurichi", "predicted_crop": "Banana", "confidence": 0.91, "area_sq_km": 0.0516, "area_ha": 5.16, "prob_paddy": 0.0459, "prob_banana": 0.91, "prob_other": 0.0441}}, {"type": "Feature", "geometry": {"type": "Polygon", "coordinates": [[[77.455173, 8.697713], [77.455564, 8.697378], [77.455755, 8.696429], [77.455712, 8.696162], [77.454651, 8.695433], [77.454185, 8.695921], [77.453614, 8.69737], [77.454287, 8.697978], [77.455173, 8.697713]]]}, "properties": {"parcel_id": "parcel_00835", "state": "Tamil Nadu", "district": "Tirunelveli District", "taluk": "Ambasamudram Taluk", "village": "Kallidaikurichi", "predicted_crop": "Banana", "confidence": 0.8584, "area_sq_km": 0.0429, "area_ha": 4.29, "prob_paddy": 0.0664, "prob_banana": 0.8584, "prob_other": 0.0753}}, {"type": "Feature", "geometry": {"type": "Polygon", "coordinates": [[[77.436692, 8.693808], [77.435918, 8.695045], [77.438534, 8.695586], [77.437866, 8.694303], [77.436692, 8.693808]]]}, "properties": {"parcel_id": "parcel_00836", "state": "Tamil Nadu", "district": "Tirunelveli District", "taluk": "Ambasamudram Taluk", "village": "Ambasamudram", "predicted_crop": "Banana", "confidence": 0.9006, "area_sq_km": 0.0294, "area_ha": 2.94, "prob_paddy": 0.0612, "prob_banana": 0.9006, "prob_other": 0.0382}}, {"type": "Feature", "geometry": {"type": "Polygon", "coordinates": [[[77.459518, 8.711399], [77.458872, 8.713461], [77.458976, 8.713538], [77.461323, 8.713606], [77.461443, 8.711236], [77.459518, 8.711399]]]}, "properties": {"parcel_id": "parcel_00837", "state": "Tamil Nadu", "district": "Tirunelveli District", "taluk": "Ambasamudram Taluk", "village": "Ambasamudram", "predicted_crop": "Paddy", "confidence": 0.974, "area_sq_km": 0.0601, "area_ha": 6.01, "prob_paddy": 0.974, "prob_banana": 0.0154, "prob_other": 0.0106}}, {"type": "Feature", "geometry": {"type": "Polygon", "coordinates": [[[77.465138, 8.694338], [77.464242, 8.695717], [77.464513, 8.696192], [77.465713, 8.69668], [77.466341, 8.696073], [77.466413, 8.69506], [77.465384, 8.694247], [77.465138, 8.694338]]]}, "properties": {"parcel_id": "parcel_00838", "state": "Tamil Nadu", "district": "Tirunelveli District", "taluk": "Ambasamudram Taluk", "village": "Kallidaikurichi", "predicted_crop": "Paddy", "confidence": 0.8799, "area_sq_km": 0.0414, "area_ha": 4.14, "prob_paddy": 0.8799, "prob_banana": 0.0789, "prob_other": 0.0412}}, {"type": "Feature", "geometry": {"type": "Polygon", "coordinates": [[[77.491103, 8.674589], [77.490755, 8.674525], [77.489716, 8.675595], [77.48884, 8.677503], [77.488974, 8.677676], [77.490659, 8.677009], [77.491103, 8.674589]]]}, "properties": {"parcel_id": "parcel_00839", "state": "Tamil Nadu", "district": "Tirunelveli District", "taluk": "Ambasamudram Taluk", "village": "Kallidaikurichi", "predicted_crop": "Paddy", "confidence": 0.9316, "area_sq_km": 0.0412, "area_ha": 4.12, "prob_paddy": 0.9316, "prob_banana": 0.0406, "prob_other": 0.0278}}, {"type": "Feature", "geometry": {"type": "Polygon", "coordinates": [[[77.467488, 8.703952], [77.468347, 8.702072], [77.467252, 8.702011], [77.466804, 8.703057], [77.467205, 8.703868], [77.467413, 8.703976], [77.467488, 8.703952]]]}, "properties": {"parcel_id": "parcel_00840", "state": "Tamil Nadu", "district": "Tirunelveli District", "taluk": "Ambasamudram Taluk", "village": "Kallidaikurichi", "predicted_crop": "Paddy", "confidence": 0.927, "area_sq_km": 0.0209, "area_ha": 2.09, "prob_paddy": 0.927, "prob_banana": 0.0496, "prob_other": 0.0234}}, {"type": "Feature", "geometry": {"type": "Polygon", "coordinates": [[[77.472527, 8.668625], [77.47251, 8.668592], [77.470092, 8.669092], [77.469256, 8.671853], [77.472267, 8.672703], [77.472527, 8.668625]]]}, "properties": {"parcel_id": "parcel_00841", "state": "Tamil Nadu", "district": "Tirunelveli District", "taluk": "Ambasamudram Taluk", "village": "Kallidaikurichi", "predicted_crop": "Banana", "confidence": 0.8447, "area_sq_km": 0.1153, "area_ha": 11.53, "prob_paddy": 0.0981, "prob_banana": 0.8447, "prob_other": 0.0572}}, {"type": "Feature", "geometry": {"type": "Polygon", "coordinates": [[[77.471067, 8.701216], [77.473188, 8.702561], [77.473592, 8.702395], [77.473096, 8.700382], [77.471391, 8.700455], [77.471067, 8.701216]]]}, "properties": {"parcel_id": "parcel_00842", "state": "Tamil Nadu", "district": "Tirunelveli District", "taluk": "Ambasamudram Taluk", "village": "Kallidaikurichi", "predicted_crop": "Paddy", "confidence": 0.8948, "area_sq_km": 0.0406, "area_ha": 4.06, "prob_paddy": 0.8948, "prob_banana": 0.0692, "prob_other": 0.036}}, {"type": "Feature", "geometry": {"type": "Polygon", "coordinates": [[[77.541427, 8.68104], [77.540922, 8.679494], [77.53766, 8.6808], [77.537015, 8.681428], [77.53915, 8.682776], [77.5405, 8.682192], [77.541427, 8.68104]]]}, "properties": {"parcel_id": "parcel_00843", "state": "Tamil Nadu", "district": "Tirunelveli District", "taluk": "Cheranmahadevi Taluk", "village": "Veeravanallur", "predicted_crop": "Other", "confidence": 0.7656, "area_sq_km": 0.0976, "area_ha": 9.76, "prob_paddy": 0.1302, "prob_banana": 0.1043, "prob_other": 0.7656}}, {"type": "Feature", "geometry": {"type": "Polygon", "coordinates": [[[77.435124, 8.712002], [77.434864, 8.713474], [77.436056, 8.712239], [77.435124, 8.712002]]]}, "properties": {"parcel_id": "parcel_00844", "state": "Tamil Nadu", "district": "Tirunelveli District", "taluk": "Ambasamudram Taluk", "village": "Ambasamudram", "predicted_crop": "Paddy", "confidence": 0.9564, "area_sq_km": 0.0087, "area_ha": 0.87, "prob_paddy": 0.9564, "prob_banana": 0.0293, "prob_other": 0.0143}}, {"type": "Feature", "geometry": {"type": "Polygon", "coordinates": [[[77.538498, 8.698322], [77.539462, 8.699164], [77.540604, 8.698646], [77.540666, 8.697916], [77.539895, 8.696528], [77.539598, 8.696527], [77.539033, 8.69672], [77.538498, 8.698322]]]}, "properties": {"parcel_id": "parcel_00845", "state": "Tamil Nadu", "district": "Tirunelveli District", "taluk": "Cheranmahadevi Taluk", "village": "Veeravanallur", "predicted_crop": "Other", "confidence": 0.8846, "area_sq_km": 0.0468, "area_ha": 4.68, "prob_paddy": 0.0667, "prob_banana": 0.0487, "prob_other": 0.8846}}, {"type": "Feature", "geometry": {"type": "Polygon", "coordinates": [[[77.529845, 8.70718], [77.529604, 8.70564], [77.528375, 8.704483], [77.52735, 8.707106], [77.529845, 8.70718]]]}, "properties": {"parcel_id": "parcel_00846", "state": "Tamil Nadu", "district": "Tirunelveli District", "taluk": "Cheranmahadevi Taluk", "village": "Veeravanallur", "predicted_crop": "Other", "confidence": 0.8472, "area_sq_km": 0.0502, "area_ha": 5.02, "prob_paddy": 0.0713, "prob_banana": 0.0815, "prob_other": 0.8472}}, {"type": "Feature", "geometry": {"type": "Polygon", "coordinates": [[[77.527458, 8.694155], [77.527313, 8.694437], [77.527536, 8.695444], [77.527745, 8.695824], [77.529353, 8.69607], [77.529681, 8.69478], [77.52918, 8.694357], [77.527458, 8.694155]]]}, "properties": {"parcel_id": "parcel_00847", "state": "Tamil Nadu", "district": "Tirunelveli District", "taluk": "Cheranmahadevi Taluk", "village": "Veeravanallur", "predicted_crop": "Other", "confidence": 0.7504, "area_sq_km": 0.0412, "area_ha": 4.12, "prob_paddy": 0.1285, "prob_banana": 0.1211, "prob_other": 0.7504}}, {"type": "Feature", "geometry": {"type": "Polygon", "coordinates": [[[77.451442, 8.686323], [77.449576, 8.682991], [77.447861, 8.685285], [77.447651, 8.685962], [77.449027, 8.686649], [77.45126, 8.686556], [77.451435, 8.686355], [77.451442, 8.686323]]]}, "properties": {"parcel_id": "parcel_00848", "state": "Tamil Nadu", "district": "Tirunelveli District", "taluk": "Ambasamudram Taluk", "village": "Kallidaikurichi", "predicted_crop": "Paddy", "confidence": 0.9366, "area_sq_km": 0.093, "area_ha": 9.3, "prob_paddy": 0.9366, "prob_banana": 0.032, "prob_other": 0.0314}}, {"type": "Feature", "geometry": {"type": "Polygon", "coordinates": [[[77.475913, 8.687592], [77.477463, 8.688104], [77.477574, 8.688053], [77.477517, 8.686505], [77.476632, 8.68554], [77.475913, 8.687592]]]}, "properties": {"parcel_id": "parcel_00849", "state": "Tamil Nadu", "district": "Tirunelveli District", "taluk": "Ambasamudram Taluk", "village": "Kallidaikurichi", "predicted_crop": "Paddy", "confidence": 0.885, "area_sq_km": 0.0316, "area_ha": 3.16, "prob_paddy": 0.885, "prob_banana": 0.0805, "prob_other": 0.0345}}, {"type": "Feature", "geometry": {"type": "Polygon", "coordinates": [[[77.48451, 8.711961], [77.482787, 8.713841], [77.483479, 8.715336], [77.484503, 8.714673], [77.485653, 8.713304], [77.485061, 8.712292], [77.48451, 8.711961]]]}, "properties": {"parcel_id": "parcel_00850", "state": "Tamil Nadu", "district": "Tirunelveli District", "taluk": "Ambasamudram Taluk", "village": "Thiruppudaimaruthur", "predicted_crop": "Paddy", "confidence": 0.9497, "area_sq_km": 0.0616, "area_ha": 6.16, "prob_paddy": 0.9497, "prob_banana": 0.0349, "prob_other": 0.0154}}, {"type": "Feature", "geometry": {"type": "Polygon", "coordinates": [[[77.507032, 8.689824], [77.5082, 8.690122], [77.508887, 8.690114], [77.509072, 8.689932], [77.509142, 8.689798], [77.507851, 8.687242], [77.506047, 8.688302], [77.507032, 8.689824]]]}, "properties": {"parcel_id": "parcel_00851", "state": "Tamil Nadu", "district": "Tirunelveli District", "taluk": "Ambasamudram Taluk", "village": "Veeravanallur", "predicted_crop": "Other", "confidence": 0.772, "area_sq_km": 0.0616, "area_ha": 6.16, "prob_paddy": 0.0993, "prob_banana": 0.1287, "prob_other": 0.772}}, {"type": "Feature", "geometry": {"type": "Polygon", "coordinates": [[[77.48069, 8.694537], [77.480461, 8.694556], [77.479051, 8.696682], [77.47936, 8.697233], [77.480153, 8.697364], [77.48069, 8.694537]]]}, "properties": {"parcel_id": "parcel_00852", "state": "Tamil Nadu", "district": "Tirunelveli District", "taluk": "Ambasamudram Taluk", "village": "Kallidaikurichi", "predicted_crop": "Paddy", "confidence": 0.9751, "area_sq_km": 0.0264, "area_ha": 2.64, "prob_paddy": 0.9751, "prob_banana": 0.0196, "prob_other": 0.0053}}, {"type": "Feature", "geometry": {"type": "Polygon", "coordinates": [[[77.506042, 8.685281], [77.505089, 8.688093], [77.506025, 8.688283], [77.507847, 8.687212], [77.508163, 8.686774], [77.507915, 8.686058], [77.506957, 8.685073], [77.506601, 8.684964], [77.506042, 8.685281]]]}, "properties": {"parcel_id": "parcel_00853", "state": "Tamil Nadu", "district": "Tirunelveli District", "taluk": "Ambasamudram Taluk", "village": "Veeravanallur", "predicted_crop": "Paddy", "confidence": 0.9094, "area_sq_km": 0.0736, "area_ha": 7.36, "prob_paddy": 0.9094, "prob_banana": 0.057, "prob_other": 0.0336}}, {"type": "Feature", "geometry": {"type": "Polygon", "coordinates": [[[77.470129, 8.703641], [77.469947, 8.702092], [77.469407, 8.701723], [77.468378, 8.702071], [77.46752, 8.703947], [77.470129, 8.703641]]]}, "properties": {"parcel_id": "parcel_00854", "state": "Tamil Nadu", "district": "Tirunelveli District", "taluk": "Ambasamudram Taluk", "village": "Kallidaikurichi", "predicted_crop": "Banana", "confidence": 0.8652, "area_sq_km": 0.0465, "area_ha": 4.65, "prob_paddy": 0.0812, "prob_banana": 0.8652, "prob_other": 0.0536}}, {"type": "Feature", "geometry": {"type": "Polygon", "coordinates": [[[77.508958, 8.710217], [77.508775, 8.709995], [77.508267, 8.70967], [77.508239, 8.70967], [77.507564, 8.710219], [77.506996, 8.712063], [77.508109, 8.712665], [77.508958, 8.710217]]]}, "properties": {"parcel_id": "parcel_00855", "state": "Tamil Nadu", "district": "Tirunelveli District", "taluk": "Ambasamudram Taluk", "village": "Thiruppudaimaruthur", "predicted_crop": "Paddy", "confidence": 0.9265, "area_sq_km": 0.0404, "area_ha": 4.04, "prob_paddy": 0.9265, "prob_banana": 0.054, "prob_other": 0.0195}}, {"type": "Feature", "geometry": {"type": "Polygon", "coordinates": [[[77.465515, 8.702533], [77.466382, 8.701119], [77.464059, 8.701231], [77.464604, 8.702592], [77.465515, 8.702533]]]}, "properties": {"parcel_id": "parcel_00856", "state": "Tamil Nadu", "district": "Tirunelveli District", "taluk": "Ambasamudram Taluk", "village": "Kallidaikurichi", "predicted_crop": "Banana", "confidence": 0.9168, "area_sq_km": 0.0272, "area_ha": 2.72, "prob_paddy": 0.0577, "prob_banana": 0.9168, "prob_other": 0.0255}}, {"type": "Feature", "geometry": {"type": "Polygon", "coordinates": [[[77.466112, 8.69862], [77.466403, 8.697991], [77.464623, 8.697986], [77.464395, 8.698219], [77.464666, 8.6993], [77.466112, 8.69862]]]}, "properties": {"parcel_id": "parcel_00857", "state": "Tamil Nadu", "district": "Tirunelveli District", "taluk": "Ambasamudram Taluk", "village": "Kallidaikurichi", "predicted_crop": "Paddy", "confidence": 0.9133, "area_sq_km": 0.0205, "area_ha": 2.05, "prob_paddy": 0.9133, "prob_banana": 0.0646, "prob_other": 0.0221}}, {"type": "Feature", "geometry": {"type": "Polygon", "coordinates": [[[77.533328, 8.683511], [77.53263, 8.680917], [77.532107, 8.680641], [77.530395, 8.682031], [77.530463, 8.682302], [77.531762, 8.683923], [77.533328, 8.683511]]]}, "properties": {"parcel_id": "parcel_00858", "state": "Tamil Nadu", "district": "Tirunelveli District", "taluk": "Cheranmahadevi Taluk", "village": "Veeravanallur", "predicted_crop": "Banana", "confidence": 0.9512, "area_sq_km": 0.0703, "area_ha": 7.03, "prob_paddy": 0.0234, "prob_banana": 0.9512, "prob_other": 0.0254}}, {"type": "Feature", "geometry": {"type": "Polygon", "coordinates": [[[77.438114, 8.69914], [77.439934, 8.697013], [77.439855, 8.696806], [77.439469, 8.696709], [77.438632, 8.696903], [77.436026, 8.698473], [77.435936, 8.69902], [77.438114, 8.69914]]]}, "properties": {"parcel_id": "parcel_00859", "state": "Tamil Nadu", "district": "Tirunelveli District", "taluk": "Ambasamudram Taluk", "village": "Ambasamudram", "predicted_crop": "Paddy", "confidence": 0.9433, "area_sq_km": 0.0585, "area_ha": 5.85, "prob_paddy": 0.9433, "prob_banana": 0.0445, "prob_other": 0.0122}}, {"type": "Feature", "geometry": {"type": "Polygon", "coordinates": [[[77.53175, 8.692221], [77.533579, 8.691965], [77.533419, 8.691177], [77.53239, 8.690745], [77.53112, 8.691594], [77.53175, 8.692221]]]}, "properties": {"parcel_id": "parcel_00860", "state": "Tamil Nadu", "district": "Tirunelveli District", "taluk": "Cheranmahadevi Taluk", "village": "Veeravanallur", "predicted_crop": "Paddy", "confidence": 0.8869, "area_sq_km": 0.0281, "area_ha": 2.81, "prob_paddy": 0.8869, "prob_banana": 0.0843, "prob_other": 0.0288}}, {"type": "Feature", "geometry": {"type": "Polygon", "coordinates": [[[77.522308, 8.710775], [77.522394, 8.71063], [77.522434, 8.710525], [77.519801, 8.707691], [77.518799, 8.708524], [77.522308, 8.710775]]]}, "properties": {"parcel_id": "parcel_00861", "state": "Tamil Nadu", "district": "Tirunelveli District", "taluk": "Cheranmahadevi Taluk", "village": "Veeravanallur", "predicted_crop": "Other", "confidence": 0.834, "area_sq_km": 0.0378, "area_ha": 3.78, "prob_paddy": 0.0743, "prob_banana": 0.0917, "prob_other": 0.834}}, {"type": "Feature", "geometry": {"type": "Polygon", "coordinates": [[[77.476201, 8.703274], [77.474805, 8.702875], [77.474558, 8.704315], [77.475377, 8.705688], [77.476356, 8.705238], [77.476201, 8.703274]]]}, "properties": {"parcel_id": "parcel_00862", "state": "Tamil Nadu", "district": "Tirunelveli District", "taluk": "Ambasamudram Taluk", "village": "Kallidaikurichi", "predicted_crop": "Paddy", "confidence": 0.9655, "area_sq_km": 0.0439, "area_ha": 4.39, "prob_paddy": 0.9655, "prob_banana": 0.0208, "prob_other": 0.0137}}, {"type": "Feature", "geometry": {"type": "Polygon", "coordinates": [[[77.53417, 8.687007], [77.534371, 8.687466], [77.535177, 8.687404], [77.53737, 8.685956], [77.537026, 8.685672], [77.53417, 8.687007]]]}, "properties": {"parcel_id": "parcel_00863", "state": "Tamil Nadu", "district": "Tirunelveli District", "taluk": "Cheranmahadevi Taluk", "village": "Veeravanallur", "predicted_crop": "Paddy", "confidence": 0.9258, "area_sq_km": 0.0242, "area_ha": 2.42, "prob_paddy": 0.9258, "prob_banana": 0.0457, "prob_other": 0.0285}}, {"type": "Feature", "geometry": {"type": "Polygon", "coordinates": [[[77.536946, 8.678757], [77.536128, 8.678222], [77.536052, 8.678259], [77.535181, 8.679005], [77.535291, 8.680811], [77.536375, 8.6815], [77.536702, 8.681415], [77.536946, 8.678757]]]}, "properties": {"parcel_id": "parcel_00864", "state": "Tamil Nadu", "district": "Tirunelveli District", "taluk": "Cheranmahadevi Taluk", "village": "Veeravanallur", "predicted_crop": "Paddy", "confidence": 0.8756, "area_sq_km": 0.0524, "area_ha": 5.24, "prob_paddy": 0.8756, "prob_banana": 0.0664, "prob_other": 0.058}}, {"type": "Feature", "geometry": {"type": "Polygon", "coordinates": [[[77.481024, 8.691593], [77.481463, 8.692874], [77.483833, 8.693145], [77.482777, 8.690582], [77.481194, 8.691398], [77.481024, 8.691593]]]}, "properties": {"parcel_id": "parcel_00865", "state": "Tamil Nadu", "district": "Tirunelveli District", "taluk": "Ambasamudram Taluk", "village": "Kallidaikurichi", "predicted_crop": "Paddy", "confidence": 0.9424, "area_sq_km": 0.0527, "area_ha": 5.27, "prob_paddy": 0.9424, "prob_banana": 0.0396, "prob_other": 0.018}}, {"type": "Feature", "geometry": {"type": "Polygon", "coordinates": [[[77.507851, 8.707225], [77.509211, 8.708241], [77.510794, 8.706502], [77.50989, 8.705723], [77.507851, 8.707225]]]}, "properties": {"parcel_id": "parcel_00866", "state": "Tamil Nadu", "district": "Tirunelveli District", "taluk": "Ambasamudram Taluk", "village": "Veeravanallur", "predicted_crop": "Other", "confidence": 0.8245, "area_sq_km": 0.0421, "area_ha": 4.21, "prob_paddy": 0.0984, "prob_banana": 0.0771, "prob_other": 0.8245}}, {"type": "Feature", "geometry": {"type": "Polygon", "coordinates": [[[77.492231, 8.691958], [77.492173, 8.692025], [77.492172, 8.692047], [77.494151, 8.694461], [77.494953, 8.694446], [77.495557, 8.693623], [77.495665, 8.692074], [77.493849, 8.690915], [77.492231, 8.691958]]]}, "properties": {"parcel_id": "parcel_00867", "state": "Tamil Nadu", "district": "Tirunelveli District", "taluk": "Ambasamudram Taluk", "village": "Veeravanallur", "predicted_crop": "Paddy", "confidence": 0.868, "area_sq_km": 0.0926, "area_ha": 9.26, "prob_paddy": 0.868, "prob_banana": 0.1048, "prob_other": 0.0272}}, {"type": "Feature", "geometry": {"type": "Polygon", "coordinates": [[[77.469244, 8.671878], [77.469314, 8.674771], [77.471332, 8.674394], [77.472499, 8.673075], [77.472271, 8.672732], [77.469244, 8.671878]]]}, "properties": {"parcel_id": "parcel_00868", "state": "Tamil Nadu", "district": "Tirunelveli District", "taluk": "Ambasamudram Taluk", "village": "Kallidaikurichi", "predicted_crop": "Banana", "confidence": 0.951, "area_sq_km": 0.0755, "area_ha": 7.55, "prob_paddy": 0.0264, "prob_banana": 0.951, "prob_other": 0.0226}}, {"type": "Feature", "geometry": {"type": "Polygon", "coordinates": [[[77.472536, 8.695007], [77.472923, 8.693924], [77.47162, 8.692144], [77.471066, 8.692297], [77.470268, 8.69445], [77.471391, 8.696306], [77.471609, 8.696257], [77.472536, 8.695007]]]}, "properties": {"parcel_id": "parcel_00869", "state": "Tamil Nadu", "district": "Tirunelveli District", "taluk": "Ambasamudram Taluk", "village": "Kallidaikurichi", "predicted_crop": "Paddy", "confidence": 0.9366, "area_sq_km": 0.079, "area_ha": 7.9, "prob_paddy": 0.9366, "prob_banana": 0.0415, "prob_other": 0.022}}, {"type": "Feature", "geometry": {"type": "Polygon", "coordinates": [[[77.540917, 8.679467], [77.540917, 8.679082], [77.538524, 8.678246], [77.537674, 8.680764], [77.540917, 8.679467]]]}, "properties": {"parcel_id": "parcel_00870", "state": "Tamil Nadu", "district": "Tirunelveli District", "taluk": "Cheranmahadevi Taluk", "village": "Veeravanallur", "predicted_crop": "Paddy", "confidence": 0.9473, "area_sq_km": 0.0486, "area_ha": 4.86, "prob_paddy": 0.9473, "prob_banana": 0.034, "prob_other": 0.0187}}, {"type": "Feature", "geometry": {"type": "Polygon", "coordinates": [[[77.542201, 8.695902], [77.542015, 8.697469], [77.543743, 8.697614], [77.544044, 8.69666], [77.543996, 8.69644], [77.542201, 8.695902]]]}, "properties": {"parcel_id": "parcel_00871", "state": "Tamil Nadu", "district": "Tirunelveli District", "taluk": "Cheranmahadevi Taluk", "village": "Veeravanallur", "predicted_crop": "Paddy", "confidence": 0.968, "area_sq_km": 0.031, "area_ha": 3.1, "prob_paddy": 0.968, "prob_banana": 0.0178, "prob_other": 0.0143}}, {"type": "Feature", "geometry": {"type": "Polygon", "coordinates": [[[77.43334, 8.694854], [77.433592, 8.695331], [77.435104, 8.695707], [77.435116, 8.695703], [77.435885, 8.695045], [77.436671, 8.693789], [77.436132, 8.69204], [77.435908, 8.692054], [77.43472, 8.6926], [77.43334, 8.694854]]]}, "properties": {"parcel_id": "parcel_00872", "state": "Tamil Nadu", "district": "Tirunelveli District", "taluk": "Ambasamudram Taluk", "village": "Ambasamudram", "predicted_crop": "Paddy", "confidence": 0.9578, "area_sq_km": 0.0897, "area_ha": 8.97, "prob_paddy": 0.9578, "prob_banana": 0.0325, "prob_other": 0.0097}}, {"type": "Feature", "geometry": {"type": "Polygon", "coordinates": [[[77.480646, 8.698818], [77.481211, 8.697948], [77.48016, 8.697392], [77.479357, 8.69726], [77.478035, 8.698805], [77.478347, 8.69901], [77.480646, 8.698818]]]}, "properties": {"parcel_id": "parcel_00873", "state": "Tamil Nadu", "district": "Tirunelveli District", "taluk": "Ambasamudram Taluk", "village": "Kallidaikurichi", "predicted_crop": "Banana", "confidence": 0.823, "area_sq_km": 0.042, "area_ha": 4.2, "prob_paddy": 0.0738, "prob_banana": 0.823, "prob_other": 0.1032}}, {"type": "Feature", "geometry": {"type": "Polygon", "coordinates": [[[77.449553, 8.707831], [77.448331, 8.704867], [77.447976, 8.704847], [77.447812, 8.7078], [77.448973, 8.708659], [77.449242, 8.708585], [77.449553, 8.707831]]]}, "properties": {"parcel_id": "parcel_00874", "state": "Tamil Nadu", "district": "Tirunelveli District", "taluk": "Ambasamudram Taluk", "village": "Ambasamudram", "predicted_crop": "Paddy", "confidence": 0.8641, "area_sq_km": 0.0476, "area_ha": 4.76, "prob_paddy": 0.8641, "prob_banana": 0.0813, "prob_other": 0.0545}}, {"type": "Feature", "geometry": {"type": "Polygon", "coordinates": [[[77.427491, 8.69802], [77.428162, 8.699274], [77.429934, 8.698555], [77.429878, 8.698383], [77.427491, 8.69802]]]}, "properties": {"parcel_id": "parcel_00875", "state": "Tamil Nadu", "district": "Tirunelveli District", "taluk": "Ambasamudram Taluk", "village": "Ambasamudram", "predicted_crop": "Paddy", "confidence": 0.9718, "area_sq_km": 0.0189, "area_ha": 1.89, "prob_paddy": 0.9718, "prob_banana": 0.0196, "prob_other": 0.0087}}, {"type": "Feature", "geometry": {"type": "Polygon", "coordinates": [[[77.506001, 8.706552], [77.504147, 8.706114], [77.504104, 8.706726], [77.50471, 8.708912], [77.505614, 8.708133], [77.506157, 8.70686], [77.506062, 8.706612], [77.506001, 8.706552]]]}, "properties": {"parcel_id": "parcel_00876", "state": "Tamil Nadu", "district": "Tirunelveli District", "taluk": "Ambasamudram Taluk", "village": "Thiruppudaimaruthur", "predicted_crop": "Other", "confidence": 0.7842, "area_sq_km": 0.0421, "area_ha": 4.21, "prob_paddy": 0.1084, "prob_banana": 0.1074, "prob_other": 0.7842}}, {"type": "Feature", "geometry": {"type": "Polygon", "coordinates": [[[77.510504, 8.683431], [77.509888, 8.681901], [77.508978, 8.682151], [77.508588, 8.683505], [77.509454, 8.684243], [77.510443, 8.684407], [77.51057, 8.684114], [77.510504, 8.683431]]]}, "properties": {"parcel_id": "parcel_00877", "state": "Tamil Nadu", "district": "Tirunelveli District", "taluk": "Ambasamudram Taluk", "village": "Veeravanallur", "predicted_crop": "Other", "confidence": 0.7962, "area_sq_km": 0.0407, "area_ha": 4.07, "prob_paddy": 0.0926, "prob_banana": 0.1112, "prob_other": 0.7962}}, {"type": "Feature", "geometry": {"type": "Polygon", "coordinates": [[[77.537256, 8.70783], [77.537648, 8.707095], [77.537636, 8.707022], [77.53544, 8.705489], [77.534327, 8.706789], [77.534387, 8.707186], [77.537008, 8.707935], [77.537256, 8.70783]]]}, "properties": {"parcel_id": "parcel_00878", "state": "Tamil Nadu", "district": "Tirunelveli District", "taluk": "Cheranmahadevi Taluk", "village": "Ariyanayakipuram", "predicted_crop": "Paddy", "confidence": 0.9145, "area_sq_km": 0.0544, "area_ha": 5.44, "prob_paddy": 0.9145, "prob_banana": 0.0556, "prob_other": 0.0298}}, {"type": "Feature", "geometry": {"type": "Polygon", "coordinates": [[[77.546128, 8.706679], [77.546919, 8.707212], [77.548363, 8.706627], [77.548891, 8.706334], [77.549156, 8.705778], [77.549094, 8.704435], [77.546138, 8.705061], [77.546115, 8.706008], [77.546128, 8.706679]]]}, "properties": {"parcel_id": "parcel_00879", "state": "Tamil Nadu", "district": "Tirunelveli District", "taluk": "Cheranmahadevi Taluk", "village": "Ariyanayakipuram", "predicted_crop": "Paddy", "confidence": 0.9629, "area_sq_km": 0.0745, "area_ha": 7.45, "prob_paddy": 0.9629, "prob_banana": 0.0246, "prob_other": 0.0125}}, {"type": "Feature", "geometry": {"type": "Polygon", "coordinates": [[[77.448603, 8.701692], [77.448076, 8.702217], [77.449204, 8.704571], [77.45068, 8.704444], [77.450818, 8.704272], [77.448603, 8.701692]]]}, "properties": {"parcel_id": "parcel_00880", "state": "Tamil Nadu", "district": "Tirunelveli District", "taluk": "Ambasamudram Taluk", "village": "Ambasamudram", "predicted_crop": "Paddy", "confidence": 0.8701, "area_sq_km": 0.042, "area_ha": 4.2, "prob_paddy": 0.8701, "prob_banana": 0.0709, "prob_other": 0.059}}, {"type": "Feature", "geometry": {"type": "Polygon", "coordinates": [[[77.461647, 8.71077], [77.461629, 8.710491], [77.461106, 8.709868], [77.459479, 8.709004], [77.458748, 8.710208], [77.459515, 8.711372], [77.461448, 8.711208], [77.461647, 8.71077]]]}, "properties": {"parcel_id": "parcel_00881", "state": "Tamil Nadu", "district": "Tirunelveli District", "taluk": "Ambasamudram Taluk", "village": "Ambasamudram", "predicted_crop": "Paddy", "confidence": 0.9151, "area_sq_km": 0.0536, "area_ha": 5.36, "prob_paddy": 0.9151, "prob_banana": 0.0679, "prob_other": 0.017}}, {"type": "Feature", "geometry": {"type": "Polygon", "coordinates": [[[77.530702, 8.676865], [77.530645, 8.676912], [77.527679, 8.680336], [77.528519, 8.681045], [77.531648, 8.678512], [77.531541, 8.677888], [77.530702, 8.676865]]]}, "properties": {"parcel_id": "parcel_00882", "state": "Tamil Nadu", "district": "Tirunelveli District", "taluk": "Cheranmahadevi Taluk", "village": "Veeravanallur", "predicted_crop": "Paddy", "confidence": 0.9555, "area_sq_km": 0.0797, "area_ha": 7.97, "prob_paddy": 0.9555, "prob_banana": 0.0327, "prob_other": 0.0117}}, {"type": "Feature", "geometry": {"type": "Polygon", "coordinates": [[[77.476127, 8.690162], [77.475426, 8.689982], [77.474766, 8.690099], [77.473051, 8.691161], [77.475752, 8.69289], [77.476115, 8.692513], [77.476127, 8.690162]]]}, "properties": {"parcel_id": "parcel_00883", "state": "Tamil Nadu", "district": "Tirunelveli District", "taluk": "Ambasamudram Taluk", "village": "Kallidaikurichi", "predicted_crop": "Paddy", "confidence": 0.91, "area_sq_km": 0.0647, "area_ha": 6.47, "prob_paddy": 0.91, "prob_banana": 0.0704, "prob_other": 0.0196}}, {"type": "Feature", "geometry": {"type": "Polygon", "coordinates": [[[77.472947, 8.693938], [77.472568, 8.694998], [77.475268, 8.694777], [77.475462, 8.694549], [77.475466, 8.694541], [77.472947, 8.693938]]]}, "properties": {"parcel_id": "parcel_00884", "state": "Tamil Nadu", "district": "Tirunelveli District", "taluk": "Ambasamudram Taluk", "village": "Kallidaikurichi", "predicted_crop": "Paddy", "confidence": 0.96, "area_sq_km": 0.0213, "area_ha": 2.13, "prob_paddy": 0.96, "prob_banana": 0.0283, "prob_other": 0.0117}}, {"type": "Feature", "geometry": {"type": "Polygon", "coordinates": [[[77.478251, 8.703459], [77.479084, 8.704008], [77.479901, 8.70294], [77.479084, 8.701578], [77.478846, 8.701678], [77.47823, 8.703435], [77.478251, 8.703459]]]}, "properties": {"parcel_id": "parcel_00885", "state": "Tamil Nadu", "district": "Tirunelveli District", "taluk": "Ambasamudram Taluk", "village": "Kallidaikurichi", "predicted_crop": "Banana", "confidence": 0.9273, "area_sq_km": 0.027, "area_ha": 2.7, "prob_paddy": 0.0508, "prob_banana": 0.9273, "prob_other": 0.0219}}, {"type": "Feature", "geometry": {"type": "Polygon", "coordinates": [[[77.429403, 8.700719], [77.429403, 8.700722], [77.429804, 8.701707], [77.431174, 8.70185], [77.431149, 8.700457], [77.431082, 8.700383], [77.429403, 8.700719]]]}, "properties": {"parcel_id": "parcel_00886", "state": "Tamil Nadu", "district": "Tirunelveli District", "taluk": "Ambasamudram Taluk", "village": "Ambasamudram", "predicted_crop": "Paddy", "confidence": 0.9029, "area_sq_km": 0.0236, "area_ha": 2.36, "prob_paddy": 0.9029, "prob_banana": 0.0568, "prob_other": 0.0403}}, {"type": "Feature", "geometry": {"type": "Polygon", "coordinates": [[[77.549563, 8.681347], [77.551128, 8.68152], [77.553081, 8.681499], [77.551097, 8.679235], [77.549563, 8.681347]]]}, "properties": {"parcel_id": "parcel_00887", "state": "Tamil Nadu", "district": "Tirunelveli District", "taluk": "Cheranmahadevi Taluk", "village": "Cheranmahadevi", "predicted_crop": "Paddy", "confidence": 0.9467, "area_sq_km": 0.0489, "area_ha": 4.89, "prob_paddy": 0.9467, "prob_banana": 0.0297, "prob_other": 0.0236}}, {"type": "Feature", "geometry": {"type": "Polygon", "coordinates": [[[77.524047, 8.688365], [77.524217, 8.68984], [77.526386, 8.689853], [77.525084, 8.688607], [77.524047, 8.688365]]]}, "properties": {"parcel_id": "parcel_00888", "state": "Tamil Nadu", "district": "Tirunelveli District", "taluk": "Cheranmahadevi Taluk", "village": "Veeravanallur", "predicted_crop": "Paddy", "confidence": 0.9141, "area_sq_km": 0.0254, "area_ha": 2.54, "prob_paddy": 0.9141, "prob_banana": 0.0614, "prob_other": 0.0245}}, {"type": "Feature", "geometry": {"type": "Polygon", "coordinates": [[[77.440652, 8.690821], [77.440465, 8.689407], [77.439081, 8.688713], [77.438401, 8.6919], [77.438443, 8.691926], [77.440652, 8.690821]]]}, "properties": {"parcel_id": "parcel_00889", "state": "Tamil Nadu", "district": "Tirunelveli District", "taluk": "Ambasamudram Taluk", "village": "Ambasamudram", "predicted_crop": "Paddy", "confidence": 0.8814, "area_sq_km": 0.051, "area_ha": 5.1, "prob_paddy": 0.8814, "prob_banana": 0.0692, "prob_other": 0.0494}}, {"type": "Feature", "geometry": {"type": "Polygon", "coordinates": [[[77.43925, 8.680649], [77.437858, 8.68181], [77.437804, 8.682137], [77.438708, 8.682837], [77.440362, 8.682649], [77.440361, 8.68258], [77.43925, 8.680649]]]}, "properties": {"parcel_id": "parcel_00890", "state": "Tamil Nadu", "district": "Tirunelveli District", "taluk": "Ambasamudram Taluk", "village": "Kallidaikurichi", "predicted_crop": "Paddy", "confidence": 0.9007, "area_sq_km": 0.0386, "area_ha": 3.86, "prob_paddy": 0.9007, "prob_banana": 0.0627, "prob_other": 0.0366}}, {"type": "Feature", "geometry": {"type": "Polygon", "coordinates": [[[77.430065, 8.697374], [77.426917, 8.697022], [77.426616, 8.697137], [77.427473, 8.69799], [77.429877, 8.698355], [77.430065, 8.697374]]]}, "properties": {"parcel_id": "parcel_00891", "state": "Tamil Nadu", "district": "Tirunelveli District", "taluk": "Ambasamudram Taluk", "village": "Ambasamudram", "predicted_crop": "Paddy", "confidence": 0.9165, "area_sq_km": 0.0343, "area_ha": 3.43, "prob_paddy": 0.9165, "prob_banana": 0.0436, "prob_other": 0.04}}, {"type": "Feature", "geometry": {"type": "Polygon", "coordinates": [[[77.531636, 8.703424], [77.531093, 8.704575], [77.531189, 8.704917], [77.532042, 8.70566], [77.53283, 8.70551], [77.533513, 8.703626], [77.53168, 8.703391], [77.531636, 8.703424]]]}, "properties": {"parcel_id": "parcel_00892", "state": "Tamil Nadu", "district": "Tirunelveli District", "taluk": "Cheranmahadevi Taluk", "village": "Veeravanallur", "predicted_crop": "Other", "confidence": 0.8515, "area_sq_km": 0.0455, "area_ha": 4.55, "prob_paddy": 0.0743, "prob_banana": 0.0742, "prob_other": 0.8515}}, {"type": "Feature", "geometry": {"type": "Polygon", "coordinates": [[[77.517384, 8.717072], [77.515756, 8.715959], [77.513511, 8.716127], [77.513652, 8.71737], [77.517177, 8.71719], [77.517384, 8.717072]]]}, "properties": {"parcel_id": "parcel_00893", "state": "Tamil Nadu", "district": "Tirunelveli District", "taluk": "Cheranmahadevi Taluk", "village": "Thiruppudaimaruthur", "predicted_crop": "Paddy", "confidence": 0.908, "area_sq_km": 0.0477, "area_ha": 4.77, "prob_paddy": 0.908, "prob_banana": 0.0647, "prob_other": 0.0273}}, {"type": "Feature", "geometry": {"type": "Polygon", "coordinates": [[[77.46413, 8.703815], [77.465701, 8.704535], [77.467177, 8.703871], [77.466779, 8.703068], [77.465521, 8.702559], [77.464605, 8.702619], [77.464194, 8.703631], [77.46413, 8.703815]]]}, "properties": {"parcel_id": "parcel_00894", "state": "Tamil Nadu", "district": "Tirunelveli District", "taluk": "Ambasamudram Taluk", "village": "Kallidaikurichi", "predicted_crop": "Paddy", "confidence": 0.8978, "area_sq_km": 0.0481, "area_ha": 4.81, "prob_paddy": 0.8978, "prob_banana": 0.0703, "prob_other": 0.0319}}, {"type": "Feature", "geometry": {"type": "Polygon", "coordinates": [[[77.53021, 8.707473], [77.529959, 8.709499], [77.532263, 8.709953], [77.532628, 8.708237], [77.531156, 8.70716], [77.53021, 8.707473]]]}, "properties": {"parcel_id": "parcel_00895", "state": "Tamil Nadu", "district": "Tirunelveli District", "taluk": "Cheranmahadevi Taluk", "village": "Ariyanayakipuram", "predicted_crop": "Banana", "confidence": 0.9359, "area_sq_km": 0.0651, "area_ha": 6.51, "prob_paddy": 0.0264, "prob_banana": 0.9359, "prob_other": 0.0376}}, {"type": "Feature", "geometry": {"type": "Polygon", "coordinates": [[[77.517163, 8.70778], [77.515494, 8.707113], [77.512862, 8.708535], [77.513526, 8.710321], [77.517583, 8.709009], [77.517674, 8.708905], [77.517163, 8.70778]]]}, "properties": {"parcel_id": "parcel_00896", "state": "Tamil Nadu", "district": "Tirunelveli District", "taluk": "Cheranmahadevi Taluk", "village": "Veeravanallur", "predicted_crop": "Banana", "confidence": 0.8288, "area_sq_km": 0.1097, "area_ha": 10.97, "prob_paddy": 0.0714, "prob_banana": 0.8288, "prob_other": 0.0998}}, {"type": "Feature", "geometry": {"type": "Polygon", "coordinates": [[[77.509823, 8.713339], [77.511496, 8.712139], [77.50922, 8.710366], [77.50911, 8.710342], [77.509823, 8.713339]]]}, "properties": {"parcel_id": "parcel_00897", "state": "Tamil Nadu", "district": "Tirunelveli District", "taluk": "Cheranmahadevi Taluk", "village": "Thiruppudaimaruthur", "predicted_crop": "Banana", "confidence": 0.9334, "area_sq_km": 0.0366, "area_ha": 3.66, "prob_paddy": 0.0269, "prob_banana": 0.9334, "prob_other": 0.0397}}, {"type": "Feature", "geometry": {"type": "Polygon", "coordinates": [[[77.533079, 8.710724], [77.533055, 8.710685], [77.532738, 8.710571], [77.530708, 8.712701], [77.532079, 8.713546], [77.53249, 8.713532], [77.533079, 8.710724]]]}, "properties": {"parcel_id": "parcel_00898", "state": "Tamil Nadu", "district": "Tirunelveli District", "taluk": "Cheranmahadevi Taluk", "village": "Ariyanayakipuram", "predicted_crop": "Paddy", "confidence": 0.8846, "area_sq_km": 0.0421, "area_ha": 4.21, "prob_paddy": 0.8846, "prob_banana": 0.086, "prob_other": 0.0294}}, {"type": "Feature", "geometry": {"type": "Polygon", "coordinates": [[[77.499255, 8.696843], [77.49968, 8.697409], [77.501547, 8.698019], [77.500869, 8.695954], [77.500478, 8.695802], [77.499656, 8.696229], [77.499255, 8.696843]]]}, "properties": {"parcel_id": "parcel_00899", "state": "Tamil Nadu", "district": "Tirunelveli District", "taluk": "Ambasamudram Taluk", "village": "Veeravanallur", "predicted_crop": "Paddy", "confidence": 0.9159, "area_sq_km": 0.0345, "area_ha": 3.45, "prob_paddy": 0.9159, "prob_banana": 0.051, "prob_other": 0.0331}}, {"type": "Feature", "geometry": {"type": "Polygon", "coordinates": [[[77.531676, 8.678515], [77.532118, 8.680615], [77.532645, 8.680894], [77.535263, 8.680805], [77.535154, 8.679006], [77.533739, 8.677884], [77.53157, 8.677896], [77.531676, 8.678515]]]}, "properties": {"parcel_id": "parcel_00900", "state": "Tamil Nadu", "district": "Tirunelveli District", "taluk": "Cheranmahadevi Taluk", "village": "Veeravanallur", "predicted_crop": "Paddy", "confidence": 0.9279, "area_sq_km": 0.11, "area_ha": 11.0, "prob_paddy": 0.9279, "prob_banana": 0.0545, "prob_other": 0.0176}}, {"type": "Feature", "geometry": {"type": "Polygon", "coordinates": [[[77.471236, 8.664795], [77.469047, 8.66458], [77.466053, 8.666689], [77.466977, 8.667299], [77.468579, 8.668114], [77.471236, 8.664795]]]}, "properties": {"parcel_id": "parcel_00901", "state": "Tamil Nadu", "district": "Tirunelveli District", "taluk": "Ambasamudram Taluk", "village": "Kallidaikurichi", "predicted_crop": "Paddy", "confidence": 0.9751, "area_sq_km": 0.1076, "area_ha": 10.76, "prob_paddy": 0.9751, "prob_banana": 0.0184, "prob_other": 0.0065}}, {"type": "Feature", "geometry": {"type": "Polygon", "coordinates": [[[77.465848, 8.699929], [77.466104, 8.698654], [77.464671, 8.699327], [77.464695, 8.699984], [77.465848, 8.699929]]]}, "properties": {"parcel_id": "parcel_00902", "state": "Tamil Nadu", "district": "Tirunelveli District", "taluk": "Ambasamudram Taluk", "village": "Kallidaikurichi", "predicted_crop": "Banana", "confidence": 0.8564, "area_sq_km": 0.0147, "area_ha": 1.47, "prob_paddy": 0.0676, "prob_banana": 0.8564, "prob_other": 0.076}}, {"type": "Feature", "geometry": {"type": "Polygon", "coordinates": [[[77.478967, 8.688069], [77.477591, 8.688075], [77.477475, 8.688128], [77.477116, 8.689335], [77.478036, 8.690914], [77.479054, 8.690935], [77.478967, 8.688069]]]}, "properties": {"parcel_id": "parcel_00903", "state": "Tamil Nadu", "district": "Tirunelveli District", "taluk": "Ambasamudram Taluk", "village": "Kallidaikurichi", "predicted_crop": "Paddy", "confidence": 0.8982, "area_sq_km": 0.0539, "area_ha": 5.39, "prob_paddy": 0.8982, "prob_banana": 0.0521, "prob_other": 0.0497}}, {"type": "Feature", "geometry": {"type": "Polygon", "coordinates": [[[77.447048, 8.705086], [77.447541, 8.704637], [77.447031, 8.703422], [77.446293, 8.703619], [77.44425, 8.705381], [77.444254, 8.705538], [77.447048, 8.705086]]]}, "properties": {"parcel_id": "parcel_00904", "state": "Tamil Nadu", "district": "Tirunelveli District", "taluk": "Ambasamudram Taluk", "village": "Ambasamudram", "predicted_crop": "Paddy", "confidence": 0.8723, "area_sq_km": 0.0416, "area_ha": 4.16, "prob_paddy": 0.8723, "prob_banana": 0.0767, "prob_other": 0.051}}, {"type": "Feature", "geometry": {"type": "Polygon", "coordinates": [[[77.541653, 8.709021], [77.541018, 8.711554], [77.541284, 8.712352], [77.542515, 8.712704], [77.543755, 8.708957], [77.541653, 8.709021]]]}, "properties": {"parcel_id": "parcel_00905", "state": "Tamil Nadu", "district": "Tirunelveli District", "taluk": "Cheranmahadevi Taluk", "village": "Ariyanayakipuram", "predicted_crop": "Banana", "confidence": 0.933, "area_sq_km": 0.0805, "area_ha": 8.05, "prob_paddy": 0.032, "prob_banana": 0.933, "prob_other": 0.035}}, {"type": "Feature", "geometry": {"type": "Polygon", "coordinates": [[[77.539931, 8.689107], [77.540005, 8.688741], [77.538219, 8.687727], [77.537323, 8.688202], [77.536931, 8.689058], [77.538465, 8.689824], [77.539931, 8.689107]]]}, "properties": {"parcel_id": "parcel_00906", "state": "Tamil Nadu", "district": "Tirunelveli District", "taluk": "Cheranmahadevi Taluk", "village": "Veeravanallur", "predicted_crop": "Paddy", "confidence": 0.8894, "area_sq_km": 0.0463, "area_ha": 4.63, "prob_paddy": 0.8894, "prob_banana": 0.0708, "prob_other": 0.0399}}, {"type": "Feature", "geometry": {"type": "Polygon", "coordinates": [[[77.54136, 8.683724], [77.54127, 8.684264], [77.541587, 8.684893], [77.542521, 8.685335], [77.543127, 8.684995], [77.541726, 8.68374], [77.54136, 8.683724]]]}, "properties": {"parcel_id": "parcel_00907", "state": "Tamil Nadu", "district": "Tirunelveli District", "taluk": "Cheranmahadevi Taluk", "village": "Cheranmahadevi", "predicted_crop": "Other", "confidence": 0.7788, "area_sq_km": 0.0184, "area_ha": 1.84, "prob_paddy": 0.13, "prob_banana": 0.0913, "prob_other": 0.7788}}, {"type": "Feature", "geometry": {"type": "Polygon", "coordinates": [[[77.523687, 8.675247], [77.520757, 8.675309], [77.520689, 8.675976], [77.522057, 8.677699], [77.523687, 8.675247]]]}, "properties": {"parcel_id": "parcel_00908", "state": "Tamil Nadu", "district": "Tirunelveli District", "taluk": "Cheranmahadevi Taluk", "village": "Veeravanallur", "predicted_crop": "Other", "confidence": 0.8499, "area_sq_km": 0.0494, "area_ha": 4.94, "prob_paddy": 0.0817, "prob_banana": 0.0684, "prob_other": 0.8499}}, {"type": "Feature", "geometry": {"type": "Polygon", "coordinates": [[[77.508479, 8.693436], [77.510265, 8.694083], [77.51078, 8.693503], [77.510534, 8.692744], [77.508905, 8.692431], [77.508304, 8.693263], [77.508479, 8.693436]]]}, "properties": {"parcel_id": "parcel_00909", "state": "Tamil Nadu", "district": "Tirunelveli District", "taluk": "Ambasamudram Taluk", "village": "Veeravanallur", "predicted_crop": "Banana", "confidence": 0.9597, "area_sq_km": 0.0312, "area_ha": 3.12, "prob_paddy": 0.0208, "prob_banana": 0.9597, "prob_other": 0.0195}}, {"type": "Feature", "geometry": {"type": "Polygon", "coordinates": [[[77.506434, 8.700134], [77.504674, 8.698478], [77.504183, 8.698418], [77.50571, 8.701281], [77.506133, 8.701362], [77.506434, 8.700134]]]}, "properties": {"parcel_id": "parcel_00910", "state": "Tamil Nadu", "district": "Tirunelveli District", "taluk": "Ambasamudram Taluk", "village": "Veeravanallur", "predicted_crop": "Paddy", "confidence": 0.9568, "area_sq_km": 0.0309, "area_ha": 3.09, "prob_paddy": 0.9568, "prob_banana": 0.033, "prob_other": 0.0102}}, {"type": "Feature", "geometry": {"type": "Polygon", "coordinates": [[[77.509543, 8.713792], [77.509411, 8.715844], [77.511782, 8.715626], [77.512832, 8.711551], [77.512824, 8.711498], [77.511525, 8.712151], [77.509825, 8.713371], [77.509543, 8.713792]]]}, "properties": {"parcel_id": "parcel_00911", "state": "Tamil Nadu", "district": "Tirunelveli District", "taluk": "Cheranmahadevi Taluk", "village": "Thiruppudaimaruthur", "predicted_crop": "Banana", "confidence": 0.8284, "area_sq_km": 0.1053, "area_ha": 10.53, "prob_paddy": 0.1064, "prob_banana": 0.8284, "prob_other": 0.0651}}, {"type": "Feature", "geometry": {"type": "Polygon", "coordinates": [[[77.532278, 8.699716], [77.528979, 8.69957], [77.528626, 8.701997], [77.532151, 8.70051], [77.532278, 8.699716]]]}, "properties": {"parcel_id": "parcel_00912", "state": "Tamil Nadu", "district": "Tirunelveli District", "taluk": "Cheranmahadevi Taluk", "village": "Veeravanallur", "predicted_crop": "Paddy", "confidence": 0.8777, "area_sq_km": 0.065, "area_ha": 6.5, "prob_paddy": 0.8777, "prob_banana": 0.0746, "prob_other": 0.0477}}, {"type": "Feature", "geometry": {"type": "Polygon", "coordinates": [[[77.505527, 8.685155], [77.506028, 8.685257], [77.506583, 8.684943], [77.506327, 8.684086], [77.505112, 8.683567], [77.50453, 8.684385], [77.505527, 8.685155]]]}, "properties": {"parcel_id": "parcel_00913", "state": "Tamil Nadu", "district": "Tirunelveli District", "taluk": "Ambasamudram Taluk", "village": "Veeravanallur", "predicted_crop": "Paddy", "confidence": 0.9069, "area_sq_km": 0.0253, "area_ha": 2.53, "prob_paddy": 0.9069, "prob_banana": 0.0492, "prob_other": 0.0439}}, {"type": "Feature", "geometry": {"type": "Polygon", "coordinates": [[[77.549791, 8.690883], [77.549731, 8.690964], [77.55053, 8.692018], [77.552283, 8.692062], [77.552005, 8.690484], [77.549791, 8.690883]]]}, "properties": {"parcel_id": "parcel_00914", "state": "Tamil Nadu", "district": "Tirunelveli District", "taluk": "Cheranmahadevi Taluk", "village": "Cheranmahadevi", "predicted_crop": "Paddy", "confidence": 0.9625, "area_sq_km": 0.0347, "area_ha": 3.47, "prob_paddy": 0.9625, "prob_banana": 0.0198, "prob_other": 0.0177}}, {"type": "Feature", "geometry": {"type": "Polygon", "coordinates": [[[77.487036, 8.69168], [77.484854, 8.692627], [77.484699, 8.693498], [77.484961, 8.693965], [77.485625, 8.694008], [77.486417, 8.693624], [77.486531, 8.693556], [77.487036, 8.69168]]]}, "properties": {"parcel_id": "parcel_00915", "state": "Tamil Nadu", "district": "Tirunelveli District", "taluk": "Ambasamudram Taluk", "village": "Kallidaikurichi", "predicted_crop": "Paddy", "confidence": 0.8695, "area_sq_km": 0.039, "area_ha": 3.9, "prob_paddy": 0.8695, "prob_banana": 0.0915, "prob_other": 0.039}}, {"type": "Feature", "geometry": {"type": "Polygon", "coordinates": [[[77.487674, 8.704453], [77.485271, 8.703726], [77.485464, 8.705171], [77.485549, 8.705358], [77.487984, 8.70483], [77.487674, 8.704453]]]}, "properties": {"parcel_id": "parcel_00916", "state": "Tamil Nadu", "district": "Tirunelveli District", "taluk": "Ambasamudram Taluk", "village": "Thiruppudaimaruthur", "predicted_crop": "Paddy", "confidence": 0.954, "area_sq_km": 0.0298, "area_ha": 2.98, "prob_paddy": 0.954, "prob_banana": 0.0309, "prob_other": 0.0151}}, {"type": "Feature", "geometry": {"type": "Polygon", "coordinates": [[[77.497427, 8.713435], [77.49637, 8.714699], [77.498548, 8.714797], [77.497427, 8.713435]]]}, "properties": {"parcel_id": "parcel_00917", "state": "Tamil Nadu", "district": "Tirunelveli District", "taluk": "Ambasamudram Taluk", "village": "Thiruppudaimaruthur", "predicted_crop": "Paddy", "confidence": 0.8609, "area_sq_km": 0.0174, "area_ha": 1.74, "prob_paddy": 0.8609, "prob_banana": 0.0891, "prob_other": 0.0499}}, {"type": "Feature", "geometry": {"type": "Polygon", "coordinates": [[[77.454271, 8.698], [77.453594, 8.697388], [77.452001, 8.69758], [77.451691, 8.699815], [77.452266, 8.70049], [77.454428, 8.698856], [77.454271, 8.698]]]}, "properties": {"parcel_id": "parcel_00918", "state": "Tamil Nadu", "district": "Tirunelveli District", "taluk": "Ambasamudram Taluk", "village": "Ambasamudram", "predicted_crop": "Paddy", "confidence": 0.9392, "area_sq_km": 0.0682, "area_ha": 6.82, "prob_paddy": 0.9392, "prob_banana": 0.0479, "prob_other": 0.0129}}, {"type": "Feature", "geometry": {"type": "Polygon", "coordinates": [[[77.486941, 8.679555], [77.484881, 8.678375], [77.484296, 8.678495], [77.484385, 8.68076], [77.485285, 8.681543], [77.486321, 8.681651], [77.486941, 8.679555]]]}, "properties": {"parcel_id": "parcel_00919", "state": "Tamil Nadu", "district": "Tirunelveli District", "taluk": "Ambasamudram Taluk", "village": "Kallidaikurichi", "predicted_crop": "Paddy", "confidence": 0.9243, "area_sq_km": 0.0741, "area_ha": 7.41, "prob_paddy": 0.9243, "prob_banana": 0.0526, "prob_other": 0.0231}}, {"type": "Feature", "geometry": {"type": "Polygon", "coordinates": [[[77.527425, 8.687126], [77.526642, 8.686056], [77.523727, 8.6872], [77.523718, 8.688002], [77.524038, 8.688335], [77.525088, 8.688581], [77.527425, 8.687126]]]}, "properties": {"parcel_id": "parcel_00920", "state": "Tamil Nadu", "district": "Tirunelveli District", "taluk": "Cheranmahadevi Taluk", "village": "Veeravanallur", "predicted_crop": "Paddy", "confidence": 0.862, "area_sq_km": 0.0646, "area_ha": 6.46, "prob_paddy": 0.862, "prob_banana": 0.0907, "prob_other": 0.0473}}, {"type": "Feature", "geometry": {"type": "Polygon", "coordinates": [[[77.452755, 8.707144], [77.451967, 8.706359], [77.450569, 8.706034], [77.450291, 8.70675], [77.452609, 8.707207], [77.452755, 8.707144]]]}, "properties": {"parcel_id": "parcel_00921", "state": "Tamil Nadu", "district": "Tirunelveli District", "taluk": "Ambasamudram Taluk", "village": "Ambasamudram", "predicted_crop": "Banana", "confidence": 0.8707, "area_sq_km": 0.0178, "area_ha": 1.78, "prob_paddy": 0.0761, "prob_banana": 0.8707, "prob_other": 0.0532}}, {"type": "Feature", "geometry": {"type": "Polygon", "coordinates": [[[77.488984, 8.677701], [77.489018, 8.678043], [77.490764, 8.679768], [77.490776, 8.679769], [77.492037, 8.677455], [77.490671, 8.677033], [77.488984, 8.677701]]]}, "properties": {"parcel_id": "parcel_00922", "state": "Tamil Nadu", "district": "Tirunelveli District", "taluk": "Ambasamudram Taluk", "village": "Kallidaikurichi", "predicted_crop": "Banana", "confidence": 0.9474, "area_sq_km": 0.0545, "area_ha": 5.45, "prob_paddy": 0.0344, "prob_banana": 0.9474, "prob_other": 0.0182}}, {"type": "Feature", "geometry": {"type": "Polygon", "coordinates": [[[77.470749, 8.705869], [77.472969, 8.704999], [77.472818, 8.702992], [77.470314, 8.703852], [77.470749, 8.705869]]]}, "properties": {"parcel_id": "parcel_00923", "state": "Tamil Nadu", "district": "Tirunelveli District", "taluk": "Ambasamudram Taluk", "village": "Kallidaikurichi", "predicted_crop": "Paddy", "confidence": 0.8668, "area_sq_km": 0.061, "area_ha": 6.1, "prob_paddy": 0.8668, "prob_banana": 0.0739, "prob_other": 0.0593}}, {"type": "Feature", "geometry": {"type": "Polygon", "coordinates": [[[77.498701, 8.710637], [77.498478, 8.708256], [77.497777, 8.708097], [77.497389, 8.708321], [77.496655, 8.710065], [77.497291, 8.711142], [77.498701, 8.710637]]]}, "properties": {"parcel_id": "parcel_00924", "state": "Tamil Nadu", "district": "Tirunelveli District", "taluk": "Ambasamudram Taluk", "village": "Thiruppudaimaruthur", "predicted_crop": "Paddy", "confidence": 0.9736, "area_sq_km": 0.0527, "area_ha": 5.27, "prob_paddy": 0.9736, "prob_banana": 0.0179, "prob_other": 0.0086}}, {"type": "Feature", "geometry": {"type": "Polygon", "coordinates": [[[77.445846, 8.696929], [77.446264, 8.698931], [77.446375, 8.699189], [77.448042, 8.697662], [77.44818, 8.697202], [77.445846, 8.696929]]]}, "properties": {"parcel_id": "parcel_00925", "state": "Tamil Nadu", "district": "Tirunelveli District", "taluk": "Ambasamudram Taluk", "village": "Ambasamudram", "predicted_crop": "Banana", "confidence": 0.9211, "area_sq_km": 0.0353, "area_ha": 3.53, "prob_paddy": 0.0317, "prob_banana": 0.9211, "prob_other": 0.0473}}, {"type": "Feature", "geometry": {"type": "Polygon", "coordinates": [[[77.538475, 8.678171], [77.538523, 8.678217], [77.540925, 8.679056], [77.541813, 8.677707], [77.538592, 8.676468], [77.538178, 8.677216], [77.538475, 8.678171]]]}, "properties": {"parcel_id": "parcel_00926", "state": "Tamil Nadu", "district": "Tirunelveli District", "taluk": "Cheranmahadevi Taluk", "village": "Veeravanallur", "predicted_crop": "Paddy", "confidence": 0.9725, "area_sq_km": 0.0634, "area_ha": 6.34, "prob_paddy": 0.9725, "prob_banana": 0.0147, "prob_other": 0.0128}}, {"type": "Feature", "geometry": {"type": "Polygon", "coordinates": [[[77.494784, 8.698529], [77.496789, 8.700439], [77.498478, 8.698999], [77.498486, 8.698846], [77.497211, 8.697076], [77.495589, 8.697556], [77.494784, 8.698529]]]}, "properties": {"parcel_id": "parcel_00927", "state": "Tamil Nadu", "district": "Tirunelveli District", "taluk": "Ambasamudram Taluk", "village": "Veeravanallur", "predicted_crop": "Paddy", "confidence": 0.9329, "area_sq_km": 0.0854, "area_ha": 8.54, "prob_paddy": 0.9329, "prob_banana": 0.0359, "prob_other": 0.0313}}, {"type": "Feature", "geometry": {"type": "Polygon", "coordinates": [[[77.49062, 8.712498], [77.488606, 8.71198], [77.48799, 8.712436], [77.487984, 8.712939], [77.490125, 8.713151], [77.49062, 8.712498]]]}, "properties": {"parcel_id": "parcel_00928", "state": "Tamil Nadu", "district": "Tirunelveli District", "taluk": "Ambasamudram Taluk", "village": "Thiruppudaimaruthur", "predicted_crop": "Paddy", "confidence": 0.8865, "area_sq_km": 0.0248, "area_ha": 2.48, "prob_paddy": 0.8865, "prob_banana": 0.0753, "prob_other": 0.0383}}, {"type": "Feature", "geometry": {"type": "Polygon", "coordinates": [[[77.457622, 8.697617], [77.456798, 8.695866], [77.45574, 8.696164], [77.455782, 8.696421], [77.457562, 8.697642], [77.457622, 8.697617]]]}, "properties": {"parcel_id": "parcel_00929", "state": "Tamil Nadu", "district": "Tirunelveli District", "taluk": "Ambasamudram Taluk", "village": "Kallidaikurichi", "predicted_crop": "Paddy", "confidence": 0.9525, "area_sq_km": 0.0161, "area_ha": 1.61, "prob_paddy": 0.9525, "prob_banana": 0.0324, "prob_other": 0.0151}}, {"type": "Feature", "geometry": {"type": "Polygon", "coordinates": [[[77.440406, 8.696065], [77.439881, 8.696797], [77.439962, 8.69701], [77.439984, 8.697044], [77.441256, 8.697564], [77.443256, 8.697086], [77.443299, 8.696543], [77.441098, 8.695251], [77.440406, 8.696065]]]}, "properties": {"parcel_id": "parcel_00930", "state": "Tamil Nadu", "district": "Tirunelveli District", "taluk": "Ambasamudram Taluk", "village": "Ambasamudram", "predicted_crop": "Paddy", "confidence": 0.928, "area_sq_km": 0.057, "area_ha": 5.7, "prob_paddy": 0.928, "prob_banana": 0.0555, "prob_other": 0.0166}}, {"type": "Feature", "geometry": {"type": "Polygon", "coordinates": [[[77.52723, 8.692939], [77.528629, 8.69296], [77.529606, 8.691745], [77.528407, 8.691197], [77.526467, 8.691728], [77.5265, 8.692244], [77.52723, 8.692939]]]}, "properties": {"parcel_id": "parcel_00931", "state": "Tamil Nadu", "district": "Tirunelveli District", "taluk": "Cheranmahadevi Taluk", "village": "Veeravanallur", "predicted_crop": "Banana", "confidence": 0.933, "area_sq_km": 0.0461, "area_ha": 4.61, "prob_paddy": 0.0416, "prob_banana": 0.933, "prob_other": 0.0253}}, {"type": "Feature", "geometry": {"type": "Polygon", "coordinates": [[[77.499443, 8.695048], [77.499657, 8.696198], [77.50046, 8.695781], [77.500094, 8.694845], [77.499443, 8.695048]]]}, "properties": {"parcel_id": "parcel_00932", "state": "Tamil Nadu", "district": "Tirunelveli District", "taluk": "Ambasamudram Taluk", "village": "Veeravanallur", "predicted_crop": "Paddy", "confidence": 0.9071, "area_sq_km": 0.0103, "area_ha": 1.03, "prob_paddy": 0.9071, "prob_banana": 0.0567, "prob_other": 0.0362}}, {"type": "Feature", "geometry": {"type": "Polygon", "coordinates": [[[77.454396, 8.707969], [77.453667, 8.708637], [77.452818, 8.710012], [77.453201, 8.710644], [77.453942, 8.711313], [77.454875, 8.708745], [77.454396, 8.707969]]]}, "properties": {"parcel_id": "parcel_00933", "state": "Tamil Nadu", "district": "Tirunelveli District", "taluk": "Ambasamudram Taluk", "village": "Ambasamudram", "predicted_crop": "Paddy", "confidence": 0.9339, "area_sq_km": 0.0423, "area_ha": 4.23, "prob_paddy": 0.9339, "prob_banana": 0.0388, "prob_other": 0.0274}}, {"type": "Feature", "geometry": {"type": "Polygon", "coordinates": [[[77.457106, 8.702695], [77.457118, 8.702764], [77.458624, 8.703308], [77.459143, 8.70035], [77.458737, 8.699747], [77.458467, 8.699893], [77.457106, 8.702695]]]}, "properties": {"parcel_id": "parcel_00934", "state": "Tamil Nadu", "district": "Tirunelveli District", "taluk": "Ambasamudram Taluk", "village": "Ambasamudram", "predicted_crop": "Paddy", "confidence": 0.9355, "area_sq_km": 0.0466, "area_ha": 4.66, "prob_paddy": 0.9355, "prob_banana": 0.0498, "prob_other": 0.0147}}, {"type": "Feature", "geometry": {"type": "Polygon", "coordinates": [[[77.486547, 8.693578], [77.486447, 8.693638], [77.488379, 8.695188], [77.488485, 8.693398], [77.486547, 8.693578]]]}, "properties": {"parcel_id": "parcel_00935", "state": "Tamil Nadu", "district": "Tirunelveli District", "taluk": "Ambasamudram Taluk", "village": "Kallidaikurichi", "predicted_crop": "Paddy", "confidence": 0.9127, "area_sq_km": 0.0227, "area_ha": 2.27, "prob_paddy": 0.9127, "prob_banana": 0.06, "prob_other": 0.0273}}, {"type": "Feature", "geometry": {"type": "Polygon", "coordinates": [[[77.494261, 8.703332], [77.492744, 8.704614], [77.492639, 8.705193], [77.494663, 8.705749], [77.49512, 8.705615], [77.494261, 8.703332]]]}, "properties": {"parcel_id": "parcel_00936", "state": "Tamil Nadu", "district": "Tirunelveli District", "taluk": "Ambasamudram Taluk", "village": "Thiruppudaimaruthur", "predicted_crop": "Paddy", "confidence": 0.9454, "area_sq_km": 0.04, "area_ha": 4.0, "prob_paddy": 0.9454, "prob_banana": 0.0361, "prob_other": 0.0185}}, {"type": "Feature", "geometry": {"type": "Polygon", "coordinates": [[[77.434456, 8.719716], [77.433939, 8.719924], [77.434871, 8.722781], [77.438167, 8.721125], [77.437513, 8.719862], [77.437348, 8.719706], [77.434456, 8.719716]]]}, "properties": {"parcel_id": "parcel_00937", "state": "Tamil Nadu", "district": "Tirunelveli District", "taluk": "Ambasamudram Taluk", "village": "Mannarkovil", "predicted_crop": "Paddy", "confidence": 0.884, "area_sq_km": 0.1016, "area_ha": 10.16, "prob_paddy": 0.884, "prob_banana": 0.0807, "prob_other": 0.0353}}, {"type": "Feature", "geometry": {"type": "Polygon", "coordinates": [[[77.529377, 8.696084], [77.529684, 8.696796], [77.531924, 8.697072], [77.532173, 8.695253], [77.530915, 8.694274], [77.530434, 8.694263], [77.529708, 8.694784], [77.529377, 8.696084]]]}, "properties": {"parcel_id": "parcel_00938", "state": "Tamil Nadu", "district": "Tirunelveli District", "taluk": "Cheranmahadevi Taluk", "village": "Veeravanallur", "predicted_crop": "Paddy", "confidence": 0.9112, "area_sq_km": 0.0721, "area_ha": 7.21, "prob_paddy": 0.9112, "prob_banana": 0.0451, "prob_other": 0.0438}}, {"type": "Feature", "geometry": {"type": "Polygon", "coordinates": [[[77.478717, 8.708931], [77.48049, 8.711819], [77.482012, 8.709128], [77.479476, 8.707995], [77.478717, 8.708931]]]}, "properties": {"parcel_id": "parcel_00939", "state": "Tamil Nadu", "district": "Tirunelveli District", "taluk": "Ambasamudram Taluk", "village": "Thiruppudaimaruthur", "predicted_crop": "Paddy", "confidence": 0.9171, "area_sq_km": 0.0756, "area_ha": 7.56, "prob_paddy": 0.9171, "prob_banana": 0.0607, "prob_other": 0.0222}}, {"type": "Feature", "geometry": {"type": "Polygon", "coordinates": [[[77.497042, 8.705512], [77.497785, 8.708071], [77.49849, 8.708231], [77.500195, 8.707745], [77.500008, 8.707083], [77.498515, 8.704566], [77.497229, 8.705191], [77.497042, 8.705512]]]}, "properties": {"parcel_id": "parcel_00940", "state": "Tamil Nadu", "district": "Tirunelveli District", "taluk": "Ambasamudram Taluk", "village": "Thiruppudaimaruthur", "predicted_crop": "Paddy", "confidence": 0.9624, "area_sq_km": 0.086, "area_ha": 8.6, "prob_paddy": 0.9624, "prob_banana": 0.0286, "prob_other": 0.0091}}, {"type": "Feature", "geometry": {"type": "Polygon", "coordinates": [[[77.493229, 8.680251], [77.49355, 8.681144], [77.495381, 8.682124], [77.4964, 8.679554], [77.495855, 8.679016], [77.493664, 8.679603], [77.493229, 8.680251]]]}, "properties": {"parcel_id": "parcel_00941", "state": "Tamil Nadu", "district": "Tirunelveli District", "taluk": "Ambasamudram Taluk", "village": "Veeravanallur", "predicted_crop": "Paddy", "confidence": 0.8883, "area_sq_km": 0.0732, "area_ha": 7.32, "prob_paddy": 0.8883, "prob_banana": 0.0688, "prob_other": 0.0429}}, {"type": "Feature", "geometry": {"type": "Polygon", "coordinates": [[[77.432011, 8.687344], [77.430383, 8.686763], [77.4296, 8.68689], [77.428434, 8.689442], [77.429758, 8.690093], [77.430574, 8.689328], [77.432011, 8.687344]]]}, "properties": {"parcel_id": "parcel_00942", "state": "Tamil Nadu", "district": "Tirunelveli District", "taluk": "Ambasamudram Taluk", "village": "Ambasamudram", "predicted_crop": "Paddy", "confidence": 0.9119, "area_sq_km": 0.079, "area_ha": 7.9, "prob_paddy": 0.9119, "prob_banana": 0.0496, "prob_other": 0.0386}}, {"type": "Feature", "geometry": {"type": "Polygon", "coordinates": [[[77.494673, 8.705774], [77.494247, 8.706819], [77.495008, 8.707942], [77.495009, 8.707942], [77.495977, 8.705902], [77.495138, 8.705638], [77.494673, 8.705774]]]}, "properties": {"parcel_id": "parcel_00943", "state": "Tamil Nadu", "district": "Tirunelveli District", "taluk": "Ambasamudram Taluk", "village": "Thiruppudaimaruthur", "predicted_crop": "Paddy", "confidence": 0.9128, "area_sq_km": 0.0262, "area_ha": 2.62, "prob_paddy": 0.9128, "prob_banana": 0.0526, "prob_other": 0.0346}}, {"type": "Feature", "geometry": {"type": "Polygon", "coordinates": [[[77.501378, 8.68745], [77.502683, 8.687003], [77.501397, 8.684932], [77.500856, 8.685285], [77.500741, 8.687583], [77.501378, 8.68745]]]}, "properties": {"parcel_id": "parcel_00944", "state": "Tamil Nadu", "district": "Tirunelveli District", "taluk": "Ambasamudram Taluk", "village": "Veeravanallur", "predicted_crop": "Paddy", "confidence": 0.8739, "area_sq_km": 0.0371, "area_ha": 3.71, "prob_paddy": 0.8739, "prob_banana": 0.0683, "prob_other": 0.0578}}, {"type": "Feature", "geometry": {"type": "Polygon", "coordinates": [[[77.449387, 8.694664], [77.448999, 8.694537], [77.447903, 8.694824], [77.447745, 8.695482], [77.44828, 8.696039], [77.450408, 8.695282], [77.449387, 8.694664]]]}, "properties": {"parcel_id": "parcel_00945", "state": "Tamil Nadu", "district": "Tirunelveli District", "taluk": "Ambasamudram Taluk", "village": "Ambasamudram", "predicted_crop": "Other", "confidence": 0.7757, "area_sq_km": 0.0283, "area_ha": 2.83, "prob_paddy": 0.12, "prob_banana": 0.1043, "prob_other": 0.7757}}, {"type": "Feature", "geometry": {"type": "Polygon", "coordinates": [[[77.449366, 8.698542], [77.449145, 8.69991], [77.451665, 8.699807], [77.451975, 8.697573], [77.451596, 8.697226], [77.449718, 8.697813], [77.449366, 8.698542]]]}, "properties": {"parcel_id": "parcel_00946", "state": "Tamil Nadu", "district": "Tirunelveli District", "taluk": "Ambasamudram Taluk", "village": "Ambasamudram", "predicted_crop": "Other", "confidence": 0.7756, "area_sq_km": 0.0693, "area_ha": 6.93, "prob_paddy": 0.0901, "prob_banana": 0.1343, "prob_other": 0.7756}}, {"type": "Feature", "geometry": {"type": "Polygon", "coordinates": [[[77.491275, 8.703405], [77.491403, 8.703344], [77.49139, 8.701883], [77.491119, 8.701848], [77.490184, 8.702201], [77.490116, 8.703431], [77.491275, 8.703405]]]}, "properties": {"parcel_id": "parcel_00947", "state": "Tamil Nadu", "district": "Tirunelveli District", "taluk": "Ambasamudram Taluk", "village": "Thiruppudaimaruthur", "predicted_crop": "Paddy", "confidence": 0.9254, "area_sq_km": 0.0216, "area_ha": 2.16, "prob_paddy": 0.9254, "prob_banana": 0.0428, "prob_other": 0.0317}}, {"type": "Feature", "geometry": {"type": "Polygon", "coordinates": [[[77.450863, 8.709819], [77.450955, 8.71089], [77.452087, 8.711483], [77.453173, 8.71065], [77.452794, 8.710024], [77.450863, 8.709819]]]}, "properties": {"parcel_id": "parcel_00948", "state": "Tamil Nadu", "district": "Tirunelveli District", "taluk": "Ambasamudram Taluk", "village": "Ambasamudram", "predicted_crop": "Banana", "confidence": 0.8883, "area_sq_km": 0.0311, "area_ha": 3.11, "prob_paddy": 0.0567, "prob_banana": 0.8883, "prob_other": 0.055}}, {"type": "Feature", "geometry": {"type": "Polygon", "coordinates": [[[77.525651, 8.678345], [77.530629, 8.67689], [77.53069, 8.67684], [77.530562, 8.675825], [77.525898, 8.67566], [77.525651, 8.678345]]]}, "properties": {"parcel_id": "parcel_00949", "state": "Tamil Nadu", "district": "Tirunelveli District", "taluk": "Cheranmahadevi Taluk", "village": "Veeravanallur", "predicted_crop": "Paddy", "confidence": 0.9222, "area_sq_km": 0.1099, "area_ha": 10.99, "prob_paddy": 0.9222, "prob_banana": 0.0462, "prob_other": 0.0316}}, {"type": "Feature", "geometry": {"type": "Polygon", "coordinates": [[[77.510818, 8.697461], [77.509201, 8.696222], [77.509379, 8.698345], [77.509742, 8.69851], [77.510716, 8.697782], [77.510818, 8.697461]]]}, "properties": {"parcel_id": "parcel_00950", "state": "Tamil Nadu", "district": "Tirunelveli District", "taluk": "Ambasamudram Taluk", "village": "Veeravanallur", "predicted_crop": "Paddy", "confidence": 0.8886, "area_sq_km": 0.0244, "area_ha": 2.44, "prob_paddy": 0.8886, "prob_banana": 0.0866, "prob_other": 0.0248}}, {"type": "Feature", "geometry": {"type": "Polygon", "coordinates": [[[77.54183, 8.677684], [77.542514, 8.676949], [77.540093, 8.674789], [77.53936, 8.674891], [77.538805, 8.67527], [77.538601, 8.676442], [77.54183, 8.677684]]]}, "properties": {"parcel_id": "parcel_00951", "state": "Tamil Nadu", "district": "Tirunelveli District", "taluk": "Cheranmahadevi Taluk", "village": "Cheranmahadevi", "predicted_crop": "Paddy", "confidence": 0.9677, "area_sq_km": 0.0736, "area_ha": 7.36, "prob_paddy": 0.9677, "prob_banana": 0.0233, "prob_other": 0.009}}, {"type": "Feature", "geometry": {"type": "Polygon", "coordinates": [[[77.547195, 8.68082], [77.548418, 8.680638], [77.548567, 8.677595], [77.545897, 8.678547], [77.545711, 8.679767], [77.545919, 8.680098], [77.547195, 8.68082]]]}, "properties": {"parcel_id": "parcel_00952", "state": "Tamil Nadu", "district": "Tirunelveli District", "taluk": "Cheranmahadevi Taluk", "village": "Cheranmahadevi", "predicted_crop": "Paddy", "confidence": 0.8908, "area_sq_km": 0.0809, "area_ha": 8.09, "prob_paddy": 0.8908, "prob_banana": 0.059, "prob_other": 0.0502}}, {"type": "Feature", "geometry": {"type": "Polygon", "coordinates": [[[77.438048, 8.685361], [77.438302, 8.685485], [77.439251, 8.685145], [77.439451, 8.683945], [77.438812, 8.683313], [77.438048, 8.685361]]]}, "properties": {"parcel_id": "parcel_00953", "state": "Tamil Nadu", "district": "Tirunelveli District", "taluk": "Ambasamudram Taluk", "village": "Ambasamudram", "predicted_crop": "Banana", "confidence": 0.9184, "area_sq_km": 0.0207, "area_ha": 2.07, "prob_paddy": 0.0532, "prob_banana": 0.9184, "prob_other": 0.0284}}, {"type": "Feature", "geometry": {"type": "Polygon", "coordinates": [[[77.481319, 8.681302], [77.481253, 8.68017], [77.479672, 8.680314], [77.479626, 8.680467], [77.480619, 8.68195], [77.481319, 8.681302]]]}, "properties": {"parcel_id": "parcel_00954", "state": "Tamil Nadu", "district": "Tirunelveli District", "taluk": "Ambasamudram Taluk", "village": "Kallidaikurichi", "predicted_crop": "Paddy", "confidence": 0.8691, "area_sq_km": 0.023, "area_ha": 2.3, "prob_paddy": 0.8691, "prob_banana": 0.1003, "prob_other": 0.0306}}, {"type": "Feature", "geometry": {"type": "Polygon", "coordinates": [[[77.440253, 8.702804], [77.43808, 8.703566], [77.437986, 8.704172], [77.438705, 8.705431], [77.439884, 8.706097], [77.440307, 8.705924], [77.441628, 8.703926], [77.441399, 8.70366], [77.440445, 8.702862], [77.440253, 8.702804]]]}, "properties": {"parcel_id": "parcel_00955", "state": "Tamil Nadu", "district": "Tirunelveli District", "taluk": "Ambasamudram Taluk", "village": "Ambasamudram", "predicted_crop": "Paddy", "confidence": 0.9481, "area_sq_km": 0.0912, "area_ha": 9.12, "prob_paddy": 0.9481, "prob_banana": 0.0371, "prob_other": 0.0148}}, {"type": "Feature", "geometry": {"type": "Polygon", "coordinates": [[[77.542911, 8.69181], [77.542808, 8.690948], [77.540256, 8.690115], [77.54014, 8.690922], [77.540383, 8.691984], [77.54103, 8.69228], [77.542911, 8.69181]]]}, "properties": {"parcel_id": "parcel_00956", "state": "Tamil Nadu", "district": "Tirunelveli District", "taluk": "Cheranmahadevi Taluk", "village": "Veeravanallur", "predicted_crop": "Banana", "confidence": 0.8717, "area_sq_km": 0.049, "area_ha": 4.9, "prob_paddy": 0.0782, "prob_banana": 0.8717, "prob_other": 0.0501}}, {"type": "Feature", "geometry": {"type": "Polygon", "coordinates": [[[77.441637, 8.69362], [77.438856, 8.692598], [77.438636, 8.6932], [77.440397, 8.696034], [77.441084, 8.695226], [77.441741, 8.694009], [77.441637, 8.69362]]]}, "properties": {"parcel_id": "parcel_00957", "state": "Tamil Nadu", "district": "Tirunelveli District", "taluk": "Ambasamudram Taluk", "village": "Ambasamudram", "predicted_crop": "Other", "confidence": 0.9109, "area_sq_km": 0.0652, "area_ha": 6.52, "prob_paddy": 0.0403, "prob_banana": 0.0488, "prob_other": 0.9109}}, {"type": "Feature", "geometry": {"type": "Polygon", "coordinates": [[[77.536987, 8.681417], [77.53764, 8.680781], [77.5385, 8.678233], [77.53846, 8.678194], [77.536973, 8.678759], [77.53673, 8.681412], [77.536987, 8.681417]]]}, "properties": {"parcel_id": "parcel_00958", "state": "Tamil Nadu", "district": "Tirunelveli District", "taluk": "Cheranmahadevi Taluk", "village": "Veeravanallur", "predicted_crop": "Banana", "confidence": 0.9288, "area_sq_km": 0.0362, "area_ha": 3.62, "prob_paddy": 0.0329, "prob_banana": 0.9288, "prob_other": 0.0384}}, {"type": "Feature", "geometry": {"type": "Polygon", "coordinates": [[[77.479119, 8.678756], [77.477671, 8.678437], [77.47657, 8.679636], [77.477859, 8.680845], [77.479601, 8.680457], [77.479648, 8.680299], [77.479697, 8.679793], [77.479119, 8.678756]]]}, "properties": {"parcel_id": "parcel_00959", "state": "Tamil Nadu", "district": "Tirunelveli District", "taluk": "Ambasamudram Taluk", "village": "Kallidaikurichi", "predicted_crop": "Banana", "confidence": 0.9133, "area_sq_km": 0.0606, "area_ha": 6.06, "prob_paddy": 0.0378, "prob_banana": 0.9133, "prob_other": 0.0489}}, {"type": "Feature", "geometry": {"type": "Polygon", "coordinates": [[[77.469974, 8.70209], [77.470158, 8.703648], [77.470303, 8.703827], [77.472822, 8.702962], [77.473166, 8.702579], [77.471051, 8.701238], [77.469974, 8.70209]]]}, "properties": {"parcel_id": "parcel_00960", "state": "Tamil Nadu", "district": "Tirunelveli District", "taluk": "Ambasamudram Taluk", "village": "Kallidaikurichi", "predicted_crop": "Paddy", "confidence": 0.8691, "area_sq_km": 0.0578, "area_ha": 5.78, "prob_paddy": 0.8691, "prob_banana": 0.0658, "prob_other": 0.0651}}, {"type": "Feature", "geometry": {"type": "Polygon", "coordinates": [[[77.523126, 8.678218], [77.525136, 8.678949], [77.525375, 8.67901], [77.525622, 8.678361], [77.525872, 8.675651], [77.525435, 8.67515], [77.524307, 8.675109], [77.523126, 8.678218]]]}, "properties": {"parcel_id": "parcel_00961", "state": "Tamil Nadu", "district": "Tirunelveli District", "taluk": "Cheranmahadevi Taluk", "village": "Veeravanallur", "predicted_crop": "Other", "confidence": 0.8402, "area_sq_km": 0.0887, "area_ha": 8.87, "prob_paddy": 0.0755, "prob_banana": 0.0843, "prob_other": 0.8402}}, {"type": "Feature", "geometry": {"type": "Polygon", "coordinates": [[[77.442313, 8.689564], [77.441917, 8.688895], [77.440493, 8.689407], [77.44068, 8.690823], [77.441852, 8.692399], [77.442133, 8.69215], [77.442313, 8.689564]]]}, "properties": {"parcel_id": "parcel_00962", "state": "Tamil Nadu", "district": "Tirunelveli District", "taluk": "Ambasamudram Taluk", "village": "Ambasamudram", "predicted_crop": "Paddy", "confidence": 0.9699, "area_sq_km": 0.0514, "area_ha": 5.14, "prob_paddy": 0.9699, "prob_banana": 0.0208, "prob_other": 0.0094}}, {"type": "Feature", "geometry": {"type": "Polygon", "coordinates": [[[77.473734, 8.718369], [77.474826, 8.713952], [77.474193, 8.713399], [77.472427, 8.717355], [77.473734, 8.718369]]]}, "properties": {"parcel_id": "parcel_00963", "state": "Tamil Nadu", "district": "Tirunelveli District", "taluk": "Ambasamudram Taluk", "village": "Thiruppudaimaruthur", "predicted_crop": "Banana", "confidence": 0.9581, "area_sq_km": 0.0631, "area_ha": 6.31, "prob_paddy": 0.0269, "prob_banana": 0.9581, "prob_other": 0.015}}, {"type": "Feature", "geometry": {"type": "Polygon", "coordinates": [[[77.540701, 8.705604], [77.540744, 8.706553], [77.54105, 8.706885], [77.543406, 8.706552], [77.543452, 8.706261], [77.543558, 8.705152], [77.541135, 8.704666], [77.54108, 8.704696], [77.540701, 8.705604]]]}, "properties": {"parcel_id": "parcel_00964", "state": "Tamil Nadu", "district": "Tirunelveli District", "taluk": "Cheranmahadevi Taluk", "village": "Ariyanayakipuram", "predicted_crop": "Other", "confidence": 0.7463, "area_sq_km": 0.0602, "area_ha": 6.02, "prob_paddy": 0.1089, "prob_banana": 0.1448, "prob_other": 0.7463}}, {"type": "Feature", "geometry": {"type": "Polygon", "coordinates": [[[77.443277, 8.675137], [77.443194, 8.676247], [77.443473, 8.677103], [77.445494, 8.677832], [77.446356, 8.675519], [77.445228, 8.672923], [77.443277, 8.675137]]]}, "properties": {"parcel_id": "parcel_00965", "state": "Tamil Nadu", "district": "Tirunelveli District", "taluk": "Ambasamudram Taluk", "village": "Kallidaikurichi", "predicted_crop": "Paddy", "confidence": 0.8673, "area_sq_km": 0.1171, "area_ha": 11.71, "prob_paddy": 0.8673, "prob_banana": 0.0753, "prob_other": 0.0574}}, {"type": "Feature", "geometry": {"type": "Polygon", "coordinates": [[[77.447718, 8.695477], [77.447877, 8.694815], [77.447575, 8.694232], [77.445301, 8.693556], [77.445281, 8.69358], [77.445474, 8.696272], [77.445625, 8.69647], [77.445687, 8.696509], [77.447718, 8.695477]]]}, "properties": {"parcel_id": "parcel_00966", "state": "Tamil Nadu", "district": "Tirunelveli District", "taluk": "Ambasamudram Taluk", "village": "Ambasamudram", "predicted_crop": "Paddy", "confidence": 0.9448, "area_sq_km": 0.0611, "area_ha": 6.11, "prob_paddy": 0.9448, "prob_banana": 0.0426, "prob_other": 0.0126}}, {"type": "Feature", "geometry": {"type": "Polygon", "coordinates": [[[77.537228, 8.690984], [77.537311, 8.692375], [77.537671, 8.692438], [77.537962, 8.691372], [77.537765, 8.690788], [77.537695, 8.690698], [77.537523, 8.690722], [77.537228, 8.690984]]]}, "properties": {"parcel_id": "parcel_00967", "state": "Tamil Nadu", "district": "Tirunelveli District", "taluk": "Cheranmahadevi Taluk", "village": "Veeravanallur", "predicted_crop": "Other", "confidence": 0.7989, "area_sq_km": 0.0112, "area_ha": 1.12, "prob_paddy": 0.1186, "prob_banana": 0.0825, "prob_other": 0.7989}}, {"type": "Feature", "geometry": {"type": "Polygon", "coordinates": [[[77.536959, 8.692512], [77.535849, 8.692124], [77.536167, 8.695059], [77.536645, 8.694741], [77.536959, 8.692512]]]}, "properties": {"parcel_id": "parcel_00968", "state": "Tamil Nadu", "district": "Tirunelveli District", "taluk": "Cheranmahadevi Taluk", "village": "Veeravanallur", "predicted_crop": "Banana", "confidence": 0.8389, "area_sq_km": 0.025, "area_ha": 2.5, "prob_paddy": 0.0976, "prob_banana": 0.8389, "prob_other": 0.0635}}, {"type": "Feature", "geometry": {"type": "Polygon", "coordinates": [[[77.511207, 8.701258], [77.51334, 8.703436], [77.514479, 8.703176], [77.514523, 8.70314], [77.514522, 8.702769], [77.513399, 8.701075], [77.511659, 8.700477], [77.511207, 8.701258]]]}, "properties": {"parcel_id": "parcel_00969", "state": "Tamil Nadu", "district": "Tirunelveli District", "taluk": "Cheranmahadevi Taluk", "village": "Veeravanallur", "predicted_crop": "Paddy", "confidence": 0.9509, "area_sq_km": 0.061, "area_ha": 6.1, "prob_paddy": 0.9509, "prob_banana": 0.0366, "prob_other": 0.0125}}, {"type": "Feature", "geometry": {"type": "Polygon", "coordinates": [[[77.504422, 8.688224], [77.504397, 8.688272], [77.504574, 8.689748], [77.505425, 8.691158], [77.506009, 8.691556], [77.507007, 8.689836], [77.50602, 8.68831], [77.505071, 8.688117], [77.504422, 8.688224]]]}, "properties": {"parcel_id": "parcel_00970", "state": "Tamil Nadu", "district": "Tirunelveli District", "taluk": "Ambasamudram Taluk", "village": "Veeravanallur", "predicted_crop": "Banana", "confidence": 0.8653, "area_sq_km": 0.0675, "area_ha": 6.75, "prob_paddy": 0.0733, "prob_banana": 0.8653, "prob_other": 0.0614}}, {"type": "Feature", "geometry": {"type": "Polygon", "coordinates": [[[77.490869, 8.689373], [77.490113, 8.690685], [77.490312, 8.691422], [77.492155, 8.692004], [77.492207, 8.691945], [77.491509, 8.690077], [77.490869, 8.689373]]]}, "properties": {"parcel_id": "parcel_00971", "state": "Tamil Nadu", "district": "Tirunelveli District", "taluk": "Ambasamudram Taluk", "village": "Kallidaikurichi", "predicted_crop": "Paddy", "confidence": 0.8623, "area_sq_km": 0.0355, "area_ha": 3.55, "prob_paddy": 0.8623, "prob_banana": 0.1019, "prob_other": 0.0358}}, {"type": "Feature", "geometry": {"type": "Polygon", "coordinates": [[[77.517809, 8.696879], [77.51823, 8.697308], [77.519846, 8.695884], [77.517969, 8.694294], [77.517455, 8.69399], [77.517809, 8.696879]]]}, "properties": {"parcel_id": "parcel_00972", "state": "Tamil Nadu", "district": "Tirunelveli District", "taluk": "Cheranmahadevi Taluk", "village": "Veeravanallur", "predicted_crop": "Paddy", "confidence": 0.9131, "area_sq_km": 0.0474, "area_ha": 4.74, "prob_paddy": 0.9131, "prob_banana": 0.0564, "prob_other": 0.0305}}, {"type": "Feature", "geometry": {"type": "Polygon", "coordinates": [[[77.513489, 8.696498], [77.51355, 8.694498], [77.512939, 8.693669], [77.511453, 8.695402], [77.512074, 8.696626], [77.513015, 8.696922], [77.513489, 8.696498]]]}, "properties": {"parcel_id": "parcel_00973", "state": "Tamil Nadu", "district": "Tirunelveli District", "taluk": "Cheranmahadevi Taluk", "village": "Veeravanallur", "predicted_crop": "Banana", "confidence": 0.8592, "area_sq_km": 0.0535, "area_ha": 5.35, "prob_paddy": 0.0938, "prob_banana": 0.8592, "prob_other": 0.047}}, {"type": "Feature", "geometry": {"type": "Polygon", "coordinates": [[[77.523287, 8.698959], [77.525799, 8.698187], [77.525775, 8.697455], [77.525044, 8.697049], [77.522836, 8.696846], [77.52199, 8.697797], [77.522011, 8.698277], [77.523287, 8.698959]]]}, "properties": {"parcel_id": "parcel_00974", "state": "Tamil Nadu", "district": "Tirunelveli District", "taluk": "Cheranmahadevi Taluk", "village": "Veeravanallur", "predicted_crop": "Paddy", "confidence": 0.9099, "area_sq_km": 0.0692, "area_ha": 6.92, "prob_paddy": 0.9099, "prob_banana": 0.0705, "prob_other": 0.0196}}, {"type": "Feature", "geometry": {"type": "Polygon", "coordinates": [[[77.452688, 8.684496], [77.451887, 8.682308], [77.45029, 8.681846], [77.449587, 8.682886], [77.449591, 8.682962], [77.451458, 8.686295], [77.452688, 8.684496]]]}, "properties": {"parcel_id": "parcel_00975", "state": "Tamil Nadu", "district": "Tirunelveli District", "taluk": "Ambasamudram Taluk", "village": "Kallidaikurichi", "predicted_crop": "Banana", "confidence": 0.9402, "area_sq_km": 0.0924, "area_ha": 9.24, "prob_paddy": 0.0262, "prob_banana": 0.9402, "prob_other": 0.0336}}, {"type": "Feature", "geometry": {"type": "Polygon", "coordinates": [[[77.520886, 8.701457], [77.524521, 8.701987], [77.52454, 8.70176], [77.523275, 8.698984], [77.522002, 8.698303], [77.52095, 8.699566], [77.520886, 8.701457]]]}, "properties": {"parcel_id": "parcel_00976", "state": "Tamil Nadu", "district": "Tirunelveli District", "taluk": "Cheranmahadevi Taluk", "village": "Veeravanallur", "predicted_crop": "Paddy", "confidence": 0.9725, "area_sq_km": 0.1053, "area_ha": 10.53, "prob_paddy": 0.9725, "prob_banana": 0.0168, "prob_other": 0.0107}}, {"type": "Feature", "geometry": {"type": "Polygon", "coordinates": [[[77.485777, 8.686705], [77.485093, 8.685718], [77.484073, 8.685829], [77.484003, 8.685987], [77.484949, 8.687375], [77.485777, 8.686705]]]}, "properties": {"parcel_id": "parcel_00977", "state": "Tamil Nadu", "district": "Tirunelveli District", "taluk": "Ambasamudram Taluk", "village": "Kallidaikurichi", "predicted_crop": "Banana", "confidence": 0.8991, "area_sq_km": 0.0195, "area_ha": 1.95, "prob_paddy": 0.0638, "prob_banana": 0.8991, "prob_other": 0.0371}}, {"type": "Feature", "geometry": {"type": "Polygon", "coordinates": [[[77.491123, 8.701821], [77.4914, 8.701857], [77.492732, 8.700785], [77.492903, 8.699663], [77.489647, 8.699865], [77.490271, 8.701106], [77.491123, 8.701821]]]}, "properties": {"parcel_id": "parcel_00978", "state": "Tamil Nadu", "district": "Tirunelveli District", "taluk": "Ambasamudram Taluk", "village": "Thiruppudaimaruthur", "predicted_crop": "Paddy", "confidence": 0.9278, "area_sq_km": 0.0563, "area_ha": 5.63, "prob_paddy": 0.9278, "prob_banana": 0.0499, "prob_other": 0.0223}}, {"type": "Feature", "geometry": {"type": "Polygon", "coordinates": [[[77.47421, 8.67619], [77.474648, 8.67366], [77.47252, 8.673092], [77.471356, 8.674407], [77.473368, 8.677339], [77.47421, 8.67619]]]}, "properties": {"parcel_id": "parcel_00979", "state": "Tamil Nadu", "district": "Tirunelveli District", "taluk": "Ambasamudram Taluk", "village": "Kallidaikurichi", "predicted_crop": "Paddy", "confidence": 0.894, "area_sq_km": 0.099, "area_ha": 9.9, "prob_paddy": 0.894, "prob_banana": 0.0814, "prob_other": 0.0246}}, {"type": "Feature", "geometry": {"type": "Polygon", "coordinates": [[[77.509617, 8.705308], [77.509078, 8.704288], [77.508851, 8.704177], [77.506089, 8.706609], [77.506182, 8.706849], [77.506425, 8.706919], [77.509617, 8.705308]]]}, "properties": {"parcel_id": "parcel_00980", "state": "Tamil Nadu", "district": "Tirunelveli District", "taluk": "Ambasamudram Taluk", "village": "Veeravanallur", "predicted_crop": "Paddy", "confidence": 0.9541, "area_sq_km": 0.0411, "area_ha": 4.11, "prob_paddy": 0.9541, "prob_banana": 0.0305, "prob_other": 0.0154}}, {"type": "Feature", "geometry": {"type": "Polygon", "coordinates": [[[77.514564, 8.687264], [77.513302, 8.689622], [77.513826, 8.690178], [77.515182, 8.689624], [77.514809, 8.687412], [77.514756, 8.687288], [77.514564, 8.687264]]]}, "properties": {"parcel_id": "parcel_00981", "state": "Tamil Nadu", "district": "Tirunelveli District", "taluk": "Cheranmahadevi Taluk", "village": "Veeravanallur", "predicted_crop": "Other", "confidence": 0.8509, "area_sq_km": 0.0365, "area_ha": 3.65, "prob_paddy": 0.0884, "prob_banana": 0.0607, "prob_other": 0.8509}}, {"type": "Feature", "geometry": {"type": "Polygon", "coordinates": [[[77.456264, 8.699396], [77.456006, 8.700735], [77.456218, 8.700916], [77.457423, 8.699808], [77.457102, 8.699393], [77.456264, 8.699396]]]}, "properties": {"parcel_id": "parcel_00982", "state": "Tamil Nadu", "district": "Tirunelveli District", "taluk": "Ambasamudram Taluk", "village": "Ambasamudram", "predicted_crop": "Paddy", "confidence": 0.9056, "area_sq_km": 0.015, "area_ha": 1.5, "prob_paddy": 0.9056, "prob_banana": 0.0633, "prob_other": 0.0311}}, {"type": "Feature", "geometry": {"type": "Polygon", "coordinates": [[[77.536902, 8.689055], [77.537294, 8.688199], [77.535803, 8.687547], [77.535181, 8.687431], [77.534375, 8.687493], [77.534304, 8.688186], [77.536101, 8.68946], [77.536392, 8.689434], [77.536902, 8.689055]]]}, "properties": {"parcel_id": "parcel_00983", "state": "Tamil Nadu", "district": "Tirunelveli District", "taluk": "Cheranmahadevi Taluk", "village": "Veeravanallur", "predicted_crop": "Paddy", "confidence": 0.9297, "area_sq_km": 0.0455, "area_ha": 4.55, "prob_paddy": 0.9297, "prob_banana": 0.0487, "prob_other": 0.0216}}, {"type": "Feature", "geometry": {"type": "Polygon", "coordinates": [[[77.476554, 8.705271], [77.478223, 8.703469], [77.478206, 8.703449], [77.477237, 8.702962], [77.476228, 8.703273], [77.476383, 8.705235], [77.476554, 8.705271]]]}, "properties": {"parcel_id": "parcel_00984", "state": "Tamil Nadu", "district": "Tirunelveli District", "taluk": "Ambasamudram Taluk", "village": "Kallidaikurichi", "predicted_crop": "Paddy", "confidence": 0.887, "area_sq_km": 0.0309, "area_ha": 3.09, "prob_paddy": 0.887, "prob_banana": 0.076, "prob_other": 0.037}}, {"type": "Feature", "geometry": {"type": "Polygon", "coordinates": [[[77.436018, 8.698446], [77.438594, 8.696894], [77.435123, 8.695729], [77.435121, 8.69573], [77.43592, 8.698295], [77.436018, 8.698446]]]}, "properties": {"parcel_id": "parcel_00985", "state": "Tamil Nadu", "district": "Tirunelveli District", "taluk": "Ambasamudram Taluk", "village": "Ambasamudram", "predicted_crop": "Banana", "confidence": 0.8424, "area_sq_km": 0.0519, "area_ha": 5.19, "prob_paddy": 0.1092, "prob_banana": 0.8424, "prob_other": 0.0484}}, {"type": "Feature", "geometry": {"type": "Polygon", "coordinates": [[[77.437191, 8.715943], [77.43594, 8.71624], [77.43497, 8.71708], [77.434959, 8.718025], [77.437164, 8.71805], [77.437191, 8.715943]]]}, "properties": {"parcel_id": "parcel_00986", "state": "Tamil Nadu", "district": "Tirunelveli District", "taluk": "Ambasamudram Taluk", "village": "Ambasamudram", "predicted_crop": "Banana", "confidence": 0.8704, "area_sq_km": 0.0456, "area_ha": 4.56, "prob_paddy": 0.0526, "prob_banana": 0.8704, "prob_other": 0.077}}, {"type": "Feature", "geometry": {"type": "Polygon", "coordinates": [[[77.52434, 8.694705], [77.523957, 8.694595], [77.52317, 8.695314], [77.522847, 8.69682], [77.52503, 8.69702], [77.52434, 8.694705]]]}, "properties": {"parcel_id": "parcel_00987", "state": "Tamil Nadu", "district": "Tirunelveli District", "taluk": "Cheranmahadevi Taluk", "village": "Veeravanallur", "predicted_crop": "Paddy", "confidence": 0.8963, "area_sq_km": 0.0417, "area_ha": 4.17, "prob_paddy": 0.8963, "prob_banana": 0.0794, "prob_other": 0.0243}}, {"type": "Feature", "geometry": {"type": "Polygon", "coordinates": [[[77.443262, 8.691518], [77.442154, 8.692167], [77.441863, 8.692426], [77.441662, 8.693609], [77.441766, 8.693998], [77.442057, 8.69404], [77.445259, 8.693563], [77.445283, 8.693535], [77.445456, 8.692628], [77.444891, 8.692244], [77.443381, 8.69147], [77.443262, 8.691518]]]}, "properties": {"parcel_id": "parcel_00988", "state": "Tamil Nadu", "district": "Tirunelveli District", "taluk": "Ambasamudram Taluk", "village": "Ambasamudram", "predicted_crop": "Paddy", "confidence": 0.869, "area_sq_km": 0.0814, "area_ha": 8.14, "prob_paddy": 0.869, "prob_banana": 0.091, "prob_other": 0.04}}, {"type": "Feature", "geometry": {"type": "Polygon", "coordinates": [[[77.522462, 8.710528], [77.522424, 8.710627], [77.526756, 8.711737], [77.526913, 8.711673], [77.524271, 8.707859], [77.522462, 8.710528]]]}, "properties": {"parcel_id": "parcel_00989", "state": "Tamil Nadu", "district": "Tirunelveli District", "taluk": "Cheranmahadevi Taluk", "village": "Veeravanallur", "predicted_crop": "Paddy", "confidence": 0.9299, "area_sq_km": 0.0907, "area_ha": 9.07, "prob_paddy": 0.9299, "prob_banana": 0.0509, "prob_other": 0.0192}}, {"type": "Feature", "geometry": {"type": "Polygon", "coordinates": [[[77.503377, 8.685848], [77.501673, 8.684312], [77.501645, 8.684325], [77.501416, 8.684911], [77.502713, 8.686999], [77.503437, 8.687181], [77.503377, 8.685848]]]}, "properties": {"parcel_id": "parcel_00990", "state": "Tamil Nadu", "district": "Tirunelveli District", "taluk": "Ambasamudram Taluk", "village": "Veeravanallur", "predicted_crop": "Paddy", "confidence": 0.9498, "area_sq_km": 0.0321, "area_ha": 3.21, "prob_paddy": 0.9498, "prob_banana": 0.0286, "prob_other": 0.0216}}, {"type": "Feature", "geometry": {"type": "Polygon", "coordinates": [[[77.537694, 8.690671], [77.538443, 8.689844], [77.536914, 8.68908], [77.536417, 8.689449], [77.537522, 8.690695], [77.537694, 8.690671]]]}, "properties": {"parcel_id": "parcel_00991", "state": "Tamil Nadu", "district": "Tirunelveli District", "taluk": "Cheranmahadevi Taluk", "village": "Veeravanallur", "predicted_crop": "Paddy", "confidence": 0.9493, "area_sq_km": 0.0192, "area_ha": 1.92, "prob_paddy": 0.9493, "prob_banana": 0.0324, "prob_other": 0.0183}}, {"type": "Feature", "geometry": {"type": "Polygon", "coordinates": [[[77.430371, 8.686737], [77.430306, 8.685482], [77.427514, 8.683677], [77.426637, 8.68416], [77.426701, 8.684235], [77.429314, 8.686726], [77.429593, 8.686863], [77.430371, 8.686737]]]}, "properties": {"parcel_id": "parcel_00992", "state": "Tamil Nadu", "district": "Tirunelveli District", "taluk": "Ambasamudram Taluk", "village": "Ambasamudram", "predicted_crop": "Paddy", "confidence": 0.9242, "area_sq_km": 0.0628, "area_ha": 6.28, "prob_paddy": 0.9242, "prob_banana": 0.0446, "prob_other": 0.0312}}, {"type": "Feature", "geometry": {"type": "Polygon", "coordinates": [[[77.528953, 8.699558], [77.5288, 8.699264], [77.527508, 8.699052], [77.526545, 8.70024], [77.528461, 8.702363], [77.528535, 8.702246], [77.528596, 8.702016], [77.528953, 8.699558]]]}, "properties": {"parcel_id": "parcel_00993", "state": "Tamil Nadu", "district": "Tirunelveli District", "taluk": "Cheranmahadevi Taluk", "village": "Veeravanallur", "predicted_crop": "Paddy", "confidence": 0.9065, "area_sq_km": 0.056, "area_ha": 5.6, "prob_paddy": 0.9065, "prob_banana": 0.0605, "prob_other": 0.033}}, {"type": "Feature", "geometry": {"type": "Polygon", "coordinates": [[[77.521826, 8.691891], [77.520738, 8.691469], [77.519452, 8.692442], [77.52043, 8.693009], [77.520983, 8.692963], [77.522004, 8.692148], [77.521826, 8.691891]]]}, "properties": {"parcel_id": "parcel_00994", "state": "Tamil Nadu", "district": "Tirunelveli District", "taluk": "Cheranmahadevi Taluk", "village": "Veeravanallur", "predicted_crop": "Other", "confidence": 0.799, "area_sq_km": 0.0271, "area_ha": 2.71, "prob_paddy": 0.1034, "prob_banana": 0.0976, "prob_other": 0.799}}, {"type": "Feature", "geometry": {"type": "Polygon", "coordinates": [[[77.48273, 8.719317], [77.482443, 8.719363], [77.480143, 8.721151], [77.480554, 8.722671], [77.483823, 8.721006], [77.48273, 8.719317]]]}, "properties": {"parcel_id": "parcel_00995", "state": "Tamil Nadu", "district": "Tirunelveli District", "taluk": "Ambasamudram Taluk", "village": "Thiruppudaimaruthur", "predicted_crop": "Banana", "confidence": 0.922, "area_sq_km": 0.0758, "area_ha": 7.58, "prob_paddy": 0.0449, "prob_banana": 0.922, "prob_other": 0.0331}}, {"type": "Feature", "geometry": {"type": "Polygon", "coordinates": [[[77.507452, 8.681219], [77.50738, 8.681114], [77.504845, 8.680316], [77.504345, 8.680897], [77.504329, 8.681731], [77.504681, 8.682103], [77.506797, 8.682745], [77.5068, 8.682743], [77.507452, 8.681219]]]}, "properties": {"parcel_id": "parcel_00996", "state": "Tamil Nadu", "district": "Tirunelveli District", "taluk": "Ambasamudram Taluk", "village": "Veeravanallur", "predicted_crop": "Paddy", "confidence": 0.8841, "area_sq_km": 0.0595, "area_ha": 5.95, "prob_paddy": 0.8841, "prob_banana": 0.0893, "prob_other": 0.0267}}, {"type": "Feature", "geometry": {"type": "Polygon", "coordinates": [[[77.482605, 8.695948], [77.482618, 8.697588], [77.485573, 8.698416], [77.484868, 8.694134], [77.482605, 8.695948]]]}, "properties": {"parcel_id": "parcel_00997", "state": "Tamil Nadu", "district": "Tirunelveli District", "taluk": "Ambasamudram Taluk", "village": "Kallidaikurichi", "predicted_crop": "Paddy", "confidence": 0.9573, "area_sq_km": 0.0963, "area_ha": 9.63, "prob_paddy": 0.9573, "prob_banana": 0.0323, "prob_other": 0.0104}}, {"type": "Feature", "geometry": {"type": "Polygon", "coordinates": [[[77.529797, 8.685013], [77.529792, 8.6848], [77.528517, 8.68321], [77.527474, 8.684555], [77.529797, 8.685013]]]}, "properties": {"parcel_id": "parcel_00998", "state": "Tamil Nadu", "district": "Tirunelveli District", "taluk": "Cheranmahadevi Taluk", "village": "Veeravanallur", "predicted_crop": "Paddy", "confidence": 0.915, "area_sq_km": 0.0236, "area_ha": 2.36, "prob_paddy": 0.915, "prob_banana": 0.0522, "prob_other": 0.0328}}, {"type": "Feature", "geometry": {"type": "Polygon", "coordinates": [[[77.44808, 8.682684], [77.449566, 8.682868], [77.450269, 8.681827], [77.449925, 8.680469], [77.445567, 8.681044], [77.44808, 8.682684]]]}, "properties": {"parcel_id": "parcel_00999", "state": "Tamil Nadu", "district": "Tirunelveli District", "taluk": "Ambasamudram Taluk", "village": "Kallidaikurichi", "predicted_crop": "Other", "confidence": 0.8139, "area_sq_km": 0.0825, "area_ha": 8.25, "prob_paddy": 0.0996, "prob_banana": 0.0865, "prob_other": 0.8139}}, {"type": "Feature", "geometry": {"type": "Polygon", "coordinates": [[[77.536694, 8.700273], [77.53567, 8.700315], [77.535455, 8.700992], [77.536826, 8.70297], [77.537315, 8.702998], [77.537696, 8.702683], [77.536694, 8.700273]]]}, "properties": {"parcel_id": "parcel_01000", "state": "Tamil Nadu", "district": "Tirunelveli District", "taluk": "Cheranmahadevi Taluk", "village": "Veeravanallur", "predicted_crop": "Paddy", "confidence": 0.9643, "area_sq_km": 0.0406, "area_ha": 4.06, "prob_paddy": 0.9643, "prob_banana": 0.0189, "prob_other": 0.0168}}, {"type": "Feature", "geometry": {"type": "Polygon", "coordinates": [[[77.461131, 8.709856], [77.461645, 8.710468], [77.463802, 8.709021], [77.463238, 8.707736], [77.462337, 8.707405], [77.461131, 8.709856]]]}, "properties": {"parcel_id": "parcel_01001", "state": "Tamil Nadu", "district": "Tirunelveli District", "taluk": "Ambasamudram Taluk", "village": "Ambasamudram", "predicted_crop": "Paddy", "confidence": 0.934, "area_sq_km": 0.0522, "area_ha": 5.22, "prob_paddy": 0.934, "prob_banana": 0.0417, "prob_other": 0.0242}}, {"type": "Feature", "geometry": {"type": "Polygon", "coordinates": [[[77.535274, 8.680832], [77.532659, 8.680921], [77.533357, 8.683513], [77.534573, 8.684446], [77.53547, 8.683963], [77.536356, 8.68152], [77.535274, 8.680832]]]}, "properties": {"parcel_id": "parcel_01002", "state": "Tamil Nadu", "district": "Tirunelveli District", "taluk": "Cheranmahadevi Taluk", "village": "Veeravanallur", "predicted_crop": "Paddy", "confidence": 0.9434, "area_sq_km": 0.1099, "area_ha": 10.99, "prob_paddy": 0.9434, "prob_banana": 0.0385, "prob_other": 0.018}}, {"type": "Feature", "geometry": {"type": "Polygon", "coordinates": [[[77.544356, 8.694883], [77.542696, 8.694311], [77.542081, 8.694796], [77.541977, 8.695666], [77.542197, 8.695873], [77.543997, 8.696412], [77.544356, 8.694883]]]}, "properties": {"parcel_id": "parcel_01003", "state": "Tamil Nadu", "district": "Tirunelveli District", "taluk": "Cheranmahadevi Taluk", "village": "Veeravanallur", "predicted_crop": "Paddy", "confidence": 0.8707, "area_sq_km": 0.0411, "area_ha": 4.11, "prob_paddy": 0.8707, "prob_banana": 0.0921, "prob_other": 0.0372}}, {"type": "Feature", "geometry": {"type": "Polygon", "coordinates": [[[77.513844, 8.714299], [77.515806, 8.71379], [77.515834, 8.713752], [77.514644, 8.711405], [77.513516, 8.710372], [77.513452, 8.710447], [77.512848, 8.71148], [77.51286, 8.711548], [77.513844, 8.714299]]]}, "properties": {"parcel_id": "parcel_01004", "state": "Tamil Nadu", "district": "Tirunelveli District", "taluk": "Cheranmahadevi Taluk", "village": "Thiruppudaimaruthur", "predicted_crop": "Paddy", "confidence": 0.8818, "area_sq_km": 0.0762, "area_ha": 7.62, "prob_paddy": 0.8818, "prob_banana": 0.0761, "prob_other": 0.0421}}, {"type": "Feature", "geometry": {"type": "Polygon", "coordinates": [[[77.517351, 8.693132], [77.516703, 8.691541], [77.514827, 8.691418], [77.514441, 8.69289], [77.517129, 8.693638], [77.517161, 8.693624], [77.517351, 8.693132]]]}, "properties": {"parcel_id": "parcel_01005", "state": "Tamil Nadu", "district": "Tirunelveli District", "taluk": "Cheranmahadevi Taluk", "village": "Veeravanallur", "predicted_crop": "Banana", "confidence": 0.8716, "area_sq_km": 0.0538, "area_ha": 5.38, "prob_paddy": 0.06, "prob_banana": 0.8716, "prob_other": 0.0684}}, {"type": "Feature", "geometry": {"type": "Polygon", "coordinates": [[[77.49639, 8.68292], [77.497228, 8.683011], [77.49723, 8.679782], [77.496424, 8.679567], [77.495403, 8.682143], [77.495545, 8.68241], [77.49639, 8.68292]]]}, "properties": {"parcel_id": "parcel_01006", "state": "Tamil Nadu", "district": "Tirunelveli District", "taluk": "Ambasamudram Taluk", "village": "Veeravanallur", "predicted_crop": "Banana", "confidence": 0.9578, "area_sq_km": 0.0542, "area_ha": 5.42, "prob_paddy": 0.0289, "prob_banana": 0.9578, "prob_other": 0.0132}}, {"type": "Feature", "geometry": {"type": "Polygon", "coordinates": [[[77.47663, 8.683502], [77.476229, 8.682416], [77.474711, 8.681026], [77.474773, 8.682418], [77.475586, 8.684004], [77.476556, 8.683807], [77.47663, 8.683502]]]}, "properties": {"parcel_id": "parcel_01007", "state": "Tamil Nadu", "district": "Tirunelveli District", "taluk": "Ambasamudram Taluk", "village": "Kallidaikurichi", "predicted_crop": "Paddy", "confidence": 0.8852, "area_sq_km": 0.0363, "area_ha": 3.63, "prob_paddy": 0.8852, "prob_banana": 0.08, "prob_other": 0.0348}}, {"type": "Feature", "geometry": {"type": "Polygon", "coordinates": [[[77.435909, 8.716232], [77.434709, 8.715685], [77.433999, 8.716268], [77.434485, 8.717064], [77.434952, 8.717061], [77.435909, 8.716232]]]}, "properties": {"parcel_id": "parcel_01008", "state": "Tamil Nadu", "district": "Tirunelveli District", "taluk": "Ambasamudram Taluk", "village": "Ambasamudram", "predicted_crop": "Paddy", "confidence": 0.9304, "area_sq_km": 0.0183, "area_ha": 1.83, "prob_paddy": 0.9304, "prob_banana": 0.0507, "prob_other": 0.0189}}, {"type": "Feature", "geometry": {"type": "Polygon", "coordinates": [[[77.445583, 8.710857], [77.445863, 8.71063], [77.445762, 8.708762], [77.444859, 8.709891], [77.445532, 8.710861], [77.445583, 8.710857]]]}, "properties": {"parcel_id": "parcel_01009", "state": "Tamil Nadu", "district": "Tirunelveli District", "taluk": "Ambasamudram Taluk", "village": "Ambasamudram", "predicted_crop": "Paddy", "confidence": 0.9005, "area_sq_km": 0.0139, "area_ha": 1.39, "prob_paddy": 0.9005, "prob_banana": 0.0694, "prob_other": 0.0301}}, {"type": "Feature", "geometry": {"type": "Polygon", "coordinates": [[[77.46647, 8.682454], [77.468286, 8.681356], [77.46793, 8.680555], [77.465944, 8.679733], [77.46647, 8.682454]]]}, "properties": {"parcel_id": "parcel_01010", "state": "Tamil Nadu", "district": "Tirunelveli District", "taluk": "Ambasamudram Taluk", "village": "Kallidaikurichi", "predicted_crop": "Banana", "confidence": 0.8738, "area_sq_km": 0.0415, "area_ha": 4.15, "prob_paddy": 0.0713, "prob_banana": 0.8738, "prob_other": 0.0549}}, {"type": "Feature", "geometry": {"type": "Polygon", "coordinates": [[[77.543156, 8.68501], [77.542533, 8.685359], [77.541571, 8.687766], [77.542644, 8.68812], [77.542991, 8.687995], [77.544502, 8.685772], [77.544491, 8.685718], [77.543547, 8.68487], [77.543156, 8.68501]]]}, "properties": {"parcel_id": "parcel_01011", "state": "Tamil Nadu", "district": "Tirunelveli District", "taluk": "Cheranmahadevi Taluk", "village": "Cheranmahadevi", "predicted_crop": "Banana", "confidence": 0.8985, "area_sq_km": 0.0632, "area_ha": 6.32, "prob_paddy": 0.0459, "prob_banana": 0.8985, "prob_other": 0.0556}}, {"type": "Feature", "geometry": {"type": "Polygon", "coordinates": [[[77.494417, 8.70305], [77.492742, 8.700812], [77.491418, 8.701877], [77.49143, 8.703347], [77.492732, 8.704588], [77.494257, 8.7033], [77.494417, 8.70305]]]}, "properties": {"parcel_id": "parcel_01012", "state": "Tamil Nadu", "district": "Tirunelveli District", "taluk": "Ambasamudram Taluk", "village": "Thiruppudaimaruthur", "predicted_crop": "Banana", "confidence": 0.8685, "area_sq_km": 0.0817, "area_ha": 8.17, "prob_paddy": 0.0856, "prob_banana": 0.8685, "prob_other": 0.0459}}, {"type": "Feature", "geometry": {"type": "Polygon", "coordinates": [[[77.527461, 8.694128], [77.529165, 8.694328], [77.528626, 8.692987], [77.527241, 8.692967], [77.527461, 8.694128]]]}, "properties": {"parcel_id": "parcel_01013", "state": "Tamil Nadu", "district": "Tirunelveli District", "taluk": "Cheranmahadevi Taluk", "village": "Veeravanallur", "predicted_crop": "Banana", "confidence": 0.83, "area_sq_km": 0.023, "area_ha": 2.3, "prob_paddy": 0.1029, "prob_banana": 0.83, "prob_other": 0.0671}}, {"type": "Feature", "geometry": {"type": "Polygon", "coordinates": [[[77.510884, 8.685316], [77.513053, 8.685537], [77.512444, 8.684441], [77.510873, 8.685235], [77.510884, 8.685316]]]}, "properties": {"parcel_id": "parcel_01014", "state": "Tamil Nadu", "district": "Tirunelveli District", "taluk": "Cheranmahadevi Taluk", "village": "Veeravanallur", "predicted_crop": "Paddy", "confidence": 0.8633, "area_sq_km": 0.0145, "area_ha": 1.45, "prob_paddy": 0.8633, "prob_banana": 0.0872, "prob_other": 0.0495}}, {"type": "Feature", "geometry": {"type": "Polygon", "coordinates": [[[77.446648, 8.70733], [77.447038, 8.705115], [77.444252, 8.705566], [77.444183, 8.70585], [77.444633, 8.706865], [77.445789, 8.707283], [77.446648, 8.70733]]]}, "properties": {"parcel_id": "parcel_01015", "state": "Tamil Nadu", "district": "Tirunelveli District", "taluk": "Ambasamudram Taluk", "village": "Ambasamudram", "predicted_crop": "Paddy", "confidence": 0.887, "area_sq_km": 0.0544, "area_ha": 5.44, "prob_paddy": 0.887, "prob_banana": 0.0861, "prob_other": 0.0269}}, {"type": "Feature", "geometry": {"type": "Polygon", "coordinates": [[[77.498505, 8.698997], [77.50019, 8.699833], [77.501822, 8.698251], [77.501562, 8.698052], [77.499676, 8.697436], [77.498513, 8.698847], [77.498505, 8.698997]]]}, "properties": {"parcel_id": "parcel_01016", "state": "Tamil Nadu", "district": "Tirunelveli District", "taluk": "Ambasamudram Taluk", "village": "Veeravanallur", "predicted_crop": "Paddy", "confidence": 0.9354, "area_sq_km": 0.0531, "area_ha": 5.31, "prob_paddy": 0.9354, "prob_banana": 0.0353, "prob_other": 0.0293}}, {"type": "Feature", "geometry": {"type": "Polygon", "coordinates": [[[77.546291, 8.683571], [77.54871, 8.683766], [77.549309, 8.681377], [77.548427, 8.680664], [77.547201, 8.680846], [77.545869, 8.682993], [77.546291, 8.683571]]]}, "properties": {"parcel_id": "parcel_01017", "state": "Tamil Nadu", "district": "Tirunelveli District", "taluk": "Cheranmahadevi Taluk", "village": "Cheranmahadevi", "predicted_crop": "Other", "confidence": 0.9154, "area_sq_km": 0.0904, "area_ha": 9.04, "prob_paddy": 0.0348, "prob_banana": 0.0498, "prob_other": 0.9154}}, {"type": "Feature", "geometry": {"type": "Polygon", "coordinates": [[[77.452252, 8.700515], [77.45167, 8.699833], [77.449134, 8.699938], [77.448635, 8.70031], [77.448681, 8.701422], [77.452214, 8.702021], [77.452611, 8.701587], [77.452252, 8.700515]]]}, "properties": {"parcel_id": "parcel_01018", "state": "Tamil Nadu", "district": "Tirunelveli District", "taluk": "Ambasamudram Taluk", "village": "Ambasamudram", "predicted_crop": "Paddy", "confidence": 0.9635, "area_sq_km": 0.0803, "area_ha": 8.03, "prob_paddy": 0.9635, "prob_banana": 0.022, "prob_other": 0.0145}}, {"type": "Feature", "geometry": {"type": "Polygon", "coordinates": [[[77.4986, 8.674315], [77.498199, 8.676711], [77.501267, 8.677596], [77.501777, 8.676932], [77.501297, 8.675793], [77.499758, 8.67429], [77.4986, 8.674315]]]}, "properties": {"parcel_id": "parcel_01019", "state": "Tamil Nadu", "district": "Tirunelveli District", "taluk": "Ambasamudram Taluk", "village": "Veeravanallur", "predicted_crop": "Paddy", "confidence": 0.9024, "area_sq_km": 0.0932, "area_ha": 9.32, "prob_paddy": 0.9024, "prob_banana": 0.0711, "prob_other": 0.0266}}, {"type": "Feature", "geometry": {"type": "Polygon", "coordinates": [[[77.469122, 8.698218], [77.468157, 8.697832], [77.467862, 8.697901], [77.467188, 8.700693], [77.468779, 8.700574], [77.469231, 8.698524], [77.469122, 8.698218]]]}, "properties": {"parcel_id": "parcel_01020", "state": "Tamil Nadu", "district": "Tirunelveli District", "taluk": "Ambasamudram Taluk", "village": "Kallidaikurichi", "predicted_crop": "Paddy", "confidence": 0.9048, "area_sq_km": 0.0486, "area_ha": 4.86, "prob_paddy": 0.9048, "prob_banana": 0.0591, "prob_other": 0.036}}, {"type": "Feature", "geometry": {"type": "Polygon", "coordinates": [[[77.491414, 8.688696], [77.491397, 8.687056], [77.489401, 8.687521], [77.48915, 8.688607], [77.490854, 8.689292], [77.491414, 8.688696]]]}, "properties": {"parcel_id": "parcel_01021", "state": "Tamil Nadu", "district": "Tirunelveli District", "taluk": "Ambasamudram Taluk", "village": "Kallidaikurichi", "predicted_crop": "Paddy", "confidence": 0.9609, "area_sq_km": 0.0436, "area_ha": 4.36, "prob_paddy": 0.9609, "prob_banana": 0.0223, "prob_other": 0.0167}}, {"type": "Feature", "geometry": {"type": "Polygon", "coordinates": [[[77.529082, 8.69801], [77.526506, 8.696813], [77.526216, 8.696922], [77.525802, 8.697451], [77.525827, 8.698185], [77.527507, 8.699025], [77.528799, 8.699236], [77.529082, 8.69801]]]}, "properties": {"parcel_id": "parcel_01022", "state": "Tamil Nadu", "district": "Tirunelveli District", "taluk": "Cheranmahadevi Taluk", "village": "Veeravanallur", "predicted_crop": "Paddy", "confidence": 0.9737, "area_sq_km": 0.0589, "area_ha": 5.89, "prob_paddy": 0.9737, "prob_banana": 0.0164, "prob_other": 0.0099}}, {"type": "Feature", "geometry": {"type": "Polygon", "coordinates": [[[77.540374, 8.69201], [77.539084, 8.693405], [77.540149, 8.694457], [77.540746, 8.694281], [77.541227, 8.693399], [77.541245, 8.693079], [77.541017, 8.692304], [77.540374, 8.69201]]]}, "properties": {"parcel_id": "parcel_01023", "state": "Tamil Nadu", "district": "Tirunelveli District", "taluk": "Cheranmahadevi Taluk", "village": "Veeravanallur", "predicted_crop": "Banana", "confidence": 0.8957, "area_sq_km": 0.0391, "area_ha": 3.91, "prob_paddy": 0.0667, "prob_banana": 0.8957, "prob_other": 0.0376}}, {"type": "Feature", "geometry": {"type": "Polygon", "coordinates": [[[77.513168, 8.703556], [77.511059, 8.706569], [77.512425, 8.707768], [77.51428, 8.705623], [77.51447, 8.703206], [77.51334, 8.703464], [77.513168, 8.703556]]]}, "properties": {"parcel_id": "parcel_01024", "state": "Tamil Nadu", "district": "Tirunelveli District", "taluk": "Cheranmahadevi Taluk", "village": "Veeravanallur", "predicted_crop": "Paddy", "confidence": 0.9, "area_sq_km": 0.0975, "area_ha": 9.75, "prob_paddy": 0.9, "prob_banana": 0.062, "prob_other": 0.038}}, {"type": "Feature", "geometry": {"type": "Polygon", "coordinates": [[[77.543153, 8.684982], [77.543538, 8.684845], [77.543809, 8.683017], [77.541758, 8.683732], [77.543153, 8.684982]]]}, "properties": {"parcel_id": "parcel_01025", "state": "Tamil Nadu", "district": "Tirunelveli District", "taluk": "Cheranmahadevi Taluk", "village": "Cheranmahadevi", "predicted_crop": "Paddy", "confidence": 0.8907, "area_sq_km": 0.0258, "area_ha": 2.58, "prob_paddy": 0.8907, "prob_banana": 0.0712, "prob_other": 0.0381}}, {"type": "Feature", "geometry": {"type": "Polygon", "coordinates": [[[77.475468, 8.694583], [77.475286, 8.694799], [77.47408, 8.696584], [77.47489, 8.6988], [77.47496, 8.698825], [77.475722, 8.698934], [77.476361, 8.697088], [77.475468, 8.694583]]]}, "properties": {"parcel_id": "parcel_01026", "state": "Tamil Nadu", "district": "Tirunelveli District", "taluk": "Ambasamudram Taluk", "village": "Kallidaikurichi", "predicted_crop": "Paddy", "confidence": 0.964, "area_sq_km": 0.0707, "area_ha": 7.07, "prob_paddy": 0.964, "prob_banana": 0.0231, "prob_other": 0.0128}}, {"type": "Feature", "geometry": {"type": "Polygon", "coordinates": [[[77.456065, 8.699017], [77.454638, 8.699056], [77.455082, 8.700498], [77.45598, 8.700723], [77.456238, 8.699384], [77.456065, 8.699017]]]}, "properties": {"parcel_id": "parcel_01027", "state": "Tamil Nadu", "district": "Tirunelveli District", "taluk": "Ambasamudram Taluk", "village": "Ambasamudram", "predicted_crop": "Paddy", "confidence": 0.8755, "area_sq_km": 0.0241, "area_ha": 2.41, "prob_paddy": 0.8755, "prob_banana": 0.077, "prob_other": 0.0475}}, {"type": "Feature", "geometry": {"type": "Polygon", "coordinates": [[[77.461818, 8.697324], [77.461973, 8.69651], [77.459318, 8.694521], [77.459224, 8.694545], [77.459143, 8.6946], [77.459071, 8.695001], [77.459962, 8.6972], [77.460866, 8.697568], [77.461818, 8.697324]]]}, "properties": {"parcel_id": "parcel_01028", "state": "Tamil Nadu", "district": "Tirunelveli District", "taluk": "Ambasamudram Taluk", "village": "Kallidaikurichi", "predicted_crop": "Paddy", "confidence": 0.9069, "area_sq_km": 0.0546, "area_ha": 5.46, "prob_paddy": 0.9069, "prob_banana": 0.0692, "prob_other": 0.0239}}, {"type": "Feature", "geometry": {"type": "Polygon", "coordinates": [[[77.50147, 8.711604], [77.502901, 8.710391], [77.502968, 8.709298], [77.502362, 8.708978], [77.502009, 8.708843], [77.501589, 8.708773], [77.500586, 8.710564], [77.50147, 8.711604]]]}, "properties": {"parcel_id": "parcel_01029", "state": "Tamil Nadu", "district": "Tirunelveli District", "taluk": "Ambasamudram Taluk", "village": "Thiruppudaimaruthur", "predicted_crop": "Banana", "confidence": 0.86, "area_sq_km": 0.0501, "area_ha": 5.01, "prob_paddy": 0.0672, "prob_banana": 0.86, "prob_other": 0.0727}}, {"type": "Feature", "geometry": {"type": "Polygon", "coordinates": [[[77.457771, 8.682217], [77.457627, 8.682589], [77.457597, 8.683027], [77.459751, 8.684516], [77.461313, 8.683357], [77.461216, 8.68211], [77.46015, 8.68172], [77.459728, 8.681757], [77.457771, 8.682217]]]}, "properties": {"parcel_id": "parcel_01030", "state": "Tamil Nadu", "district": "Tirunelveli District", "taluk": "Ambasamudram Taluk", "village": "Kallidaikurichi", "predicted_crop": "Paddy", "confidence": 0.9717, "area_sq_km": 0.0842, "area_ha": 8.42, "prob_paddy": 0.9717, "prob_banana": 0.016, "prob_other": 0.0123}}, {"type": "Feature", "geometry": {"type": "Polygon", "coordinates": [[[77.478995, 8.694206], [77.480454, 8.69453], [77.480704, 8.694509], [77.480865, 8.694457], [77.481439, 8.692886], [77.480999, 8.691602], [77.480451, 8.691499], [77.479881, 8.691509], [77.479134, 8.692382], [77.478912, 8.69365], [77.478995, 8.694206]]]}, "properties": {"parcel_id": "parcel_01031", "state": "Tamil Nadu", "district": "Tirunelveli District", "taluk": "Ambasamudram Taluk", "village": "Kallidaikurichi", "predicted_crop": "Paddy", "confidence": 0.9352, "area_sq_km": 0.0712, "area_ha": 7.12, "prob_paddy": 0.9352, "prob_banana": 0.0469, "prob_other": 0.0179}}, {"type": "Feature", "geometry": {"type": "Polygon", "coordinates": [[[77.507956, 8.701726], [77.50891, 8.699879], [77.507965, 8.699328], [77.50747, 8.699761], [77.507956, 8.701726]]]}, "properties": {"parcel_id": "parcel_01032", "state": "Tamil Nadu", "district": "Tirunelveli District", "taluk": "Ambasamudram Taluk", "village": "Veeravanallur", "predicted_crop": "Banana", "confidence": 0.9351, "area_sq_km": 0.021, "area_ha": 2.1, "prob_paddy": 0.0387, "prob_banana": 0.9351, "prob_other": 0.0262}}, {"type": "Feature", "geometry": {"type": "Polygon", "coordinates": [[[77.543945, 8.682685], [77.544054, 8.682673], [77.54544, 8.680567], [77.543349, 8.680907], [77.542843, 8.681482], [77.543945, 8.682685]]]}, "properties": {"parcel_id": "parcel_01033", "state": "Tamil Nadu", "district": "Tirunelveli District", "taluk": "Cheranmahadevi Taluk", "village": "Cheranmahadevi", "predicted_crop": "Banana", "confidence": 0.8302, "area_sq_km": 0.0328, "area_ha": 3.28, "prob_paddy": 0.0813, "prob_banana": 0.8302, "prob_other": 0.0886}}, {"type": "Feature", "geometry": {"type": "Polygon", "coordinates": [[[77.490729, 8.674513], [77.489002, 8.673364], [77.488577, 8.675139], [77.489701, 8.675571], [77.490729, 8.674513]]]}, "properties": {"parcel_id": "parcel_01034", "state": "Tamil Nadu", "district": "Tirunelveli District", "taluk": "Ambasamudram Taluk", "village": "Kallidaikurichi", "predicted_crop": "Paddy", "confidence": 0.9478, "area_sq_km": 0.0316, "area_ha": 3.16, "prob_paddy": 0.9478, "prob_banana": 0.0353, "prob_other": 0.017}}, {"type": "Feature", "geometry": {"type": "Polygon", "coordinates": [[[77.530588, 8.675814], [77.530717, 8.67684], [77.53156, 8.677869], [77.533739, 8.677857], [77.534634, 8.67714], [77.535669, 8.675749], [77.535666, 8.67573], [77.530795, 8.675242], [77.530588, 8.675814]]]}, "properties": {"parcel_id": "parcel_01035", "state": "Tamil Nadu", "district": "Tirunelveli District", "taluk": "Cheranmahadevi Taluk", "village": "Veeravanallur", "predicted_crop": "Paddy", "confidence": 0.8821, "area_sq_km": 0.1175, "area_ha": 11.75, "prob_paddy": 0.8821, "prob_banana": 0.0872, "prob_other": 0.0308}}, {"type": "Feature", "geometry": {"type": "Polygon", "coordinates": [[[77.506876, 8.693114], [77.506829, 8.693086], [77.506309, 8.692896], [77.50504, 8.693438], [77.504759, 8.694045], [77.505962, 8.695302], [77.506876, 8.693114]]]}, "properties": {"parcel_id": "parcel_01036", "state": "Tamil Nadu", "district": "Tirunelveli District", "taluk": "Ambasamudram Taluk", "village": "Veeravanallur", "predicted_crop": "Paddy", "confidence": 0.9079, "area_sq_km": 0.0329, "area_ha": 3.29, "prob_paddy": 0.9079, "prob_banana": 0.0701, "prob_other": 0.022}}, {"type": "Feature", "geometry": {"type": "Polygon", "coordinates": [[[77.441448, 8.702449], [77.441188, 8.701532], [77.4405, 8.702131], [77.440271, 8.70278], [77.440452, 8.702835], [77.441448, 8.702449]]]}, "properties": {"parcel_id": "parcel_01037", "state": "Tamil Nadu", "district": "Tirunelveli District", "taluk": "Ambasamudram Taluk", "village": "Ambasamudram", "predicted_crop": "Paddy", "confidence": 0.8704, "area_sq_km": 0.0097, "area_ha": 0.97, "prob_paddy": 0.8704, "prob_banana": 0.0876, "prob_other": 0.042}}, {"type": "Feature", "geometry": {"type": "Polygon", "coordinates": [[[77.49453, 8.698341], [77.493793, 8.694818], [77.493014, 8.695303], [77.492884, 8.695521], [77.49453, 8.698341]]]}, "properties": {"parcel_id": "parcel_01038", "state": "Tamil Nadu", "district": "Tirunelveli District", "taluk": "Ambasamudram Taluk", "village": "Veeravanallur", "predicted_crop": "Paddy", "confidence": 0.8847, "area_sq_km": 0.0233, "area_ha": 2.33, "prob_paddy": 0.8847, "prob_banana": 0.0749, "prob_other": 0.0404}}, {"type": "Feature", "geometry": {"type": "Polygon", "coordinates": [[[77.476616, 8.700312], [77.476423, 8.699341], [77.475727, 8.698962], [77.474968, 8.698853], [77.47437, 8.702548], [77.474695, 8.702712], [77.476616, 8.700312]]]}, "properties": {"parcel_id": "parcel_01039", "state": "Tamil Nadu", "district": "Tirunelveli District", "taluk": "Ambasamudram Taluk", "village": "Kallidaikurichi", "predicted_crop": "Banana", "confidence": 0.9054, "area_sq_km": 0.0584, "area_ha": 5.84, "prob_paddy": 0.0428, "prob_banana": 0.9054, "prob_other": 0.0517}}, {"type": "Feature", "geometry": {"type": "Polygon", "coordinates": [[[77.54587, 8.678541], [77.545119, 8.677656], [77.542841, 8.676841], [77.542752, 8.676901], [77.544208, 8.679564], [77.545686, 8.679755], [77.54587, 8.678541]]]}, "properties": {"parcel_id": "parcel_01040", "state": "Tamil Nadu", "district": "Tirunelveli District", "taluk": "Cheranmahadevi Taluk", "village": "Cheranmahadevi", "predicted_crop": "Paddy", "confidence": 0.934, "area_sq_km": 0.0578, "area_ha": 5.78, "prob_paddy": 0.934, "prob_banana": 0.0496, "prob_other": 0.0164}}, {"type": "Feature", "geometry": {"type": "Polygon", "coordinates": [[[77.438608, 8.693195], [77.438832, 8.692582], [77.438432, 8.691952], [77.438382, 8.69192], [77.436451, 8.69179], [77.436157, 8.69203], [77.436697, 8.693781], [77.437871, 8.694275], [77.438608, 8.693195]]]}, "properties": {"parcel_id": "parcel_01041", "state": "Tamil Nadu", "district": "Tirunelveli District", "taluk": "Ambasamudram Taluk", "village": "Ambasamudram", "predicted_crop": "Banana", "confidence": 0.8882, "area_sq_km": 0.0554, "area_ha": 5.54, "prob_paddy": 0.0695, "prob_banana": 0.8882, "prob_other": 0.0423}}, {"type": "Feature", "geometry": {"type": "Polygon", "coordinates": [[[77.456669, 8.690063], [77.459725, 8.690514], [77.4586, 8.688444], [77.456805, 8.689468], [77.456669, 8.690063]]]}, "properties": {"parcel_id": "parcel_01042", "state": "Tamil Nadu", "district": "Tirunelveli District", "taluk": "Ambasamudram Taluk", "village": "Kallidaikurichi", "predicted_crop": "Banana", "confidence": 0.8939, "area_sq_km": 0.0411, "area_ha": 4.11, "prob_paddy": 0.0654, "prob_banana": 0.8939, "prob_other": 0.0407}}, {"type": "Feature", "geometry": {"type": "Polygon", "coordinates": [[[77.470209, 8.707881], [77.470404, 8.708298], [77.472934, 8.707946], [77.473977, 8.707599], [77.474521, 8.70678], [77.472982, 8.705022], [77.470751, 8.705898], [77.470209, 8.707881]]]}, "properties": {"parcel_id": "parcel_01043", "state": "Tamil Nadu", "district": "Tirunelveli District", "taluk": "Ambasamudram Taluk", "village": "Kallidaikurichi", "predicted_crop": "Paddy", "confidence": 0.904, "area_sq_km": 0.1114, "area_ha": 11.14, "prob_paddy": 0.904, "prob_banana": 0.0744, "prob_other": 0.0216}}, {"type": "Feature", "geometry": {"type": "Polygon", "coordinates": [[[77.448265, 8.696063], [77.447727, 8.695503], [77.445703, 8.696531], [77.445838, 8.696901], [77.448192, 8.697177], [77.448572, 8.696696], [77.448265, 8.696063]]]}, "properties": {"parcel_id": "parcel_01044", "state": "Tamil Nadu", "district": "Tirunelveli District", "taluk": "Ambasamudram Taluk", "village": "Ambasamudram", "predicted_crop": "Paddy", "confidence": 0.9781, "area_sq_km": 0.0349, "area_ha": 3.49, "prob_paddy": 0.9781, "prob_banana": 0.0136, "prob_other": 0.0082}}, {"type": "Feature", "geometry": {"type": "Polygon", "coordinates": [[[77.462283, 8.698233], [77.461823, 8.69735], [77.460872, 8.697594], [77.459402, 8.698997], [77.462073, 8.700352], [77.462283, 8.698233]]]}, "properties": {"parcel_id": "parcel_01045", "state": "Tamil Nadu", "district": "Tirunelveli District", "taluk": "Ambasamudram Taluk", "village": "Kallidaikurichi", "predicted_crop": "Paddy", "confidence": 0.9505, "area_sq_km": 0.0598, "area_ha": 5.98, "prob_paddy": 0.9505, "prob_banana": 0.0395, "prob_other": 0.01}}, {"type": "Feature", "geometry": {"type": "Polygon", "coordinates": [[[77.501365, 8.666714], [77.501279, 8.665547], [77.498376, 8.665177], [77.497778, 8.66527], [77.497413, 8.665619], [77.499488, 8.668459], [77.501365, 8.666714]]]}, "properties": {"parcel_id": "parcel_01046", "state": "Tamil Nadu", "district": "Tirunelveli District", "taluk": "Ambasamudram Taluk", "village": "Veeravanallur", "predicted_crop": "Paddy", "confidence": 0.9654, "area_sq_km": 0.0931, "area_ha": 9.31, "prob_paddy": 0.9654, "prob_banana": 0.0231, "prob_other": 0.0115}}, {"type": "Feature", "geometry": {"type": "Polygon", "coordinates": [[[77.533527, 8.7036], [77.534069, 8.703133], [77.532179, 8.70136], [77.531524, 8.702051], [77.531688, 8.703365], [77.533527, 8.7036]]]}, "properties": {"parcel_id": "parcel_01047", "state": "Tamil Nadu", "district": "Tirunelveli District", "taluk": "Cheranmahadevi Taluk", "village": "Veeravanallur", "predicted_crop": "Paddy", "confidence": 0.9347, "area_sq_km": 0.0403, "area_ha": 4.03, "prob_paddy": 0.9347, "prob_banana": 0.041, "prob_other": 0.0243}}, {"type": "Feature", "geometry": {"type": "Polygon", "coordinates": [[[77.430916, 8.708403], [77.430167, 8.70916], [77.433027, 8.709615], [77.433246, 8.709187], [77.433283, 8.707055], [77.430916, 8.708403]]]}, "properties": {"parcel_id": "parcel_01048", "state": "Tamil Nadu", "district": "Tirunelveli District", "taluk": "Ambasamudram Taluk", "village": "Ambasamudram", "predicted_crop": "Paddy", "confidence": 0.9352, "area_sq_km": 0.0528, "area_ha": 5.28, "prob_paddy": 0.9352, "prob_banana": 0.0403, "prob_other": 0.0245}}, {"type": "Feature", "geometry": {"type": "Polygon", "coordinates": [[[77.464143, 8.685719], [77.466629, 8.686767], [77.467392, 8.684975], [77.466354, 8.683916], [77.464622, 8.683556], [77.464021, 8.683966], [77.464143, 8.685719]]]}, "properties": {"parcel_id": "parcel_01049", "state": "Tamil Nadu", "district": "Tirunelveli District", "taluk": "Ambasamudram Taluk", "village": "Kallidaikurichi", "predicted_crop": "Banana", "confidence": 0.9147, "area_sq_km": 0.0883, "area_ha": 8.83, "prob_paddy": 0.0573, "prob_banana": 0.9147, "prob_other": 0.0279}}, {"type": "Feature", "geometry": {"type": "Polygon", "coordinates": [[[77.520932, 8.699546], [77.521984, 8.698281], [77.521963, 8.697799], [77.521142, 8.697113], [77.518341, 8.698017], [77.518314, 8.698226], [77.51925, 8.699027], [77.520932, 8.699546]]]}, "properties": {"parcel_id": "parcel_01050", "state": "Tamil Nadu", "district": "Tirunelveli District", "taluk": "Cheranmahadevi Taluk", "village": "Veeravanallur", "predicted_crop": "Paddy", "confidence": 0.9269, "area_sq_km": 0.0655, "area_ha": 6.55, "prob_paddy": 0.9269, "prob_banana": 0.046, "prob_other": 0.027}}]}