{
"type": "FeatureCollection",
"name": "crop_damage_assessment",
"crs": { "type": "name", "properties": { "name": "urn:ogc:def:crs:OGC:1.3:CRS84" } },
"features": [
{ "type": "Feature", "properties": { "parcel_id": "PARCEL_0001", "taluk": "Ambasamudram", "area_m2": 8069.53, "area_ha": 0.80695290591528246, "area_sq_m": 8069.5290591528246, "area_sq_km": 0.0080695290591528239, "predicted_crop": "Paddy", "confidence": 0.5916, "prob_banana": 0.0446, "prob_other": 0.3638, "prob_paddy": 0.5916, "validated_crop": "Paddy", "land_cover_type": "Agricultural Land", "confidence_tier": "Low Confidence / Review", "pct_water": 0.0, "pct_non_crop": 35.8, "pct_vegetation": 29.63, "crop": "Paddy", "parcel_area_ha": 0.807, "parcel_area_acres": 1.994, "affected_area_ha": 0.0, "affected_area_acres": 0.0, "damage_percentage": 0.0, "severity": "No Damage / Unaffected", "severity_score": 0.0, "ndvi_before": 0.2018, "ndvi_after": 0.2073, "delta_ndvi": 0.0055, "hazard_type": "Flood / Inundation", "observation_before": "2026-04-22T00:00:00", "observation_after": "2026-09-09T00:00:00", "priority_score": 0.0, "norm_affected_area": 0.0, "norm_damage_pct": 0.0, "recommended_relief_inr": 0.0 }, "geometry": { "type": "Polygon", "coordinates": [ [ [ 77.447964550453705, 8.707498097876739 ], [ 77.448798339029423, 8.707318790001811 ], [ 77.448633477501488, 8.706559850709329 ], [ 77.447799690328793, 8.706739157785986 ], [ 77.447964550453705, 8.707498097876739 ] ] ] } },
{ "type": "Feature", "properties": { "parcel_id": "PARCEL_0002", "taluk": "Ambasamudram", "area_m2": 4738.44, "area_ha": 0.47384423536541082, "area_sq_m": 4738.442353654108, "area_sq_km": 0.0047384423536541084, "predicted_crop": "Paddy", "confidence": 0.8366, "prob_banana": 0.0337, "prob_other": 0.1297, "prob_paddy": 0.8366, "validated_crop": "Paddy", "land_cover_type": "Agricultural Paddy", "confidence_tier": "High Confidence", "pct_water": 0.0, "pct_non_crop": 38.3, "pct_vegetation": 48.94, "crop": "Paddy", "parcel_area_ha": 0.4738, "parcel_area_acres": 1.1709, "affected_area_ha": 0.0, "affected_area_acres": 0.0, "damage_percentage": 0.0, "severity": "No Damage / Unaffected", "severity_score": 0.0, "ndvi_before": 0.2233, "ndvi_after": 0.227, "delta_ndvi": 0.0037, "hazard_type": "Flood / Inundation", "observation_before": "2026-04-22T00:00:00", "observation_after": "2026-09-09T00:00:00", "priority_score": 0.0, "norm_affected_area": 0.0, "norm_damage_pct": 0.0, "recommended_relief_inr": 0.0 }, "geometry": { "type": "Polygon", "coordinates": [ [ [ 77.444353906704436, 8.719618733797379 ], [ 77.445162269546884, 8.71984607154574 ], [ 77.445288850162044, 8.719400510970583 ], [ 77.444480488352468, 8.719173173244391 ], [ 77.444353906704436, 8.719618733797379 ] ] ] } },
{ "type": "Feature", "properties": { "parcel_id": "PARCEL_0003", "taluk": "Ambasamudram", "area_m2": 3715.74, "area_ha": 0.37157394995410603, "area_sq_m": 3715.7394995410605, "area_sq_km": 0.0037157394995410604, "predicted_crop": "Non-Crop", "confidence": 0.7485, "prob_banana": 0.04, "prob_other": 0.2114, "prob_paddy": 0.7485, "validated_crop": "Non-Crop", "land_cover_type": "Bare Soil / Settlement / Non-Crop", "confidence_tier": "Medium Confidence", "pct_water": 0.0, "pct_non_crop": 51.35, "pct_vegetation": 29.73, "crop": "Non-Crop", "parcel_area_ha": 0.3716, "parcel_area_acres": 0.9182, "affected_area_ha": 0.0, "affected_area_acres": 0.0, "damage_percentage": 0.0, "severity": "No Damage / Unaffected", "severity_score": 0.0, "ndvi_before": 0.2028, "ndvi_after": 0.1885, "delta_ndvi": -0.0144, "hazard_type": "Flood / Inundation", "observation_before": "2026-04-22T00:00:00", "observation_after": "2026-09-09T00:00:00", "priority_score": 0.0, "norm_affected_area": 0.0, "norm_damage_pct": 0.0, "recommended_relief_inr": 0.0 }, "geometry": { "type": "Polygon", "coordinates": [ [ [ 77.432310706840809, 8.714821080822876 ], [ 77.432859704802382, 8.714753058894445 ], [ 77.432791232019284, 8.714205976122855 ], [ 77.432242234790181, 8.714273997738381 ], [ 77.432310706840809, 8.714821080822876 ] ] ] } },
{ "type": "Feature", "properties": { "parcel_id": "PARCEL_0004", "taluk": "Ambasamudram", "area_m2": 5850.73, "area_ha": 0.58507279176067661, "area_sq_m": 5850.7279176067659, "area_sq_km": 0.0058507279176067658, "predicted_crop": "Non-Crop", "confidence": 0.7107, "prob_banana": 0.032, "prob_other": 0.2573, "prob_paddy": 0.7107, "validated_crop": "Non-Crop", "land_cover_type": "Bare Soil / Settlement / Non-Crop", "confidence_tier": "Medium Confidence", "pct_water": 0.0, "pct_non_crop": 55.0, "pct_vegetation": 10.0, "crop": "Non-Crop", "parcel_area_ha": 0.5851, "parcel_area_acres": 1.4457, "affected_area_ha": 0.0, "affected_area_acres": 0.0, "damage_percentage": 0.0, "severity": "No Damage / Unaffected", "severity_score": 0.0, "ndvi_before": 0.2026, "ndvi_after": 0.1793, "delta_ndvi": -0.0233, "hazard_type": "Flood / Inundation", "observation_before": "2026-04-22T00:00:00", "observation_after": "2026-09-09T00:00:00", "priority_score": 0.0, "norm_affected_area": 0.0, "norm_damage_pct": 0.0, "recommended_relief_inr": 0.0 }, "geometry": { "type": "Polygon", "coordinates": [ [ [ 77.397329721081718, 8.71960835138256 ], [ 77.397927476758653, 8.719473699921828 ], [ 77.397753556736504, 8.718709397141907 ], [ 77.397155802064773, 8.718844048021923 ], [ 77.397329721081718, 8.71960835138256 ] ] ] } },
{ "type": "Feature", "properties": { "parcel_id": "PARCEL_0005", "taluk": "Ambasamudram", "area_m2": 7512.88, "area_ha": 0.75128805147676725, "area_sq_m": 7512.8805147676721, "area_sq_km": 0.0075128805147676725, "predicted_crop": "Paddy", "confidence": 0.932, "prob_banana": 0.0277, "prob_other": 0.0403, "prob_paddy": 0.932, "validated_crop": "Paddy", "land_cover_type": "Agricultural Land", "confidence_tier": "High Confidence", "pct_water": 0.0, "pct_non_crop": 21.05, "pct_vegetation": 22.37, "crop": "Paddy", "parcel_area_ha": 0.7513, "parcel_area_acres": 1.8565, "affected_area_ha": 0.0, "affected_area_acres": 0.0, "damage_percentage": 0.0, "severity": "No Damage / Unaffected", "severity_score": 0.0, "ndvi_before": 0.1948, "ndvi_after": 0.0, "delta_ndvi": -0.1948, "hazard_type": "Flood / Inundation", "observation_before": "2026-04-22T00:00:00", "observation_after": "2026-09-09T00:00:00", "priority_score": 0.0, "norm_affected_area": 0.0, "norm_damage_pct": 0.0, "recommended_relief_inr": 0.0 }, "geometry": { "type": "Polygon", "coordinates": [ [ [ 77.424981130156695, 8.693855911163586 ], [ 77.425671592939906, 8.693726204973371 ], [ 77.425507965789961, 8.692863825416511 ], [ 77.424817504367553, 8.692993530897482 ], [ 77.424981130156695, 8.693855911163586 ] ] ] } },
{ "type": "Feature", "properties": { "parcel_id": "PARCEL_0006", "taluk": "Ambasamudram", "area_m2": 4563.58, "area_ha": 0.45635803466776431, "area_sq_m": 4563.5803466776433, "area_sq_km": 0.0045635803466776434, "predicted_crop": "Paddy", "confidence": 0.6173, "prob_banana": 0.3576, "prob_other": 0.0251, "prob_paddy": 0.6173, "validated_crop": "Paddy", "land_cover_type": "Agricultural Paddy", "confidence_tier": "Medium Confidence", "pct_water": 0.0, "pct_non_crop": 0.0, "pct_vegetation": 100.0, "crop": "Paddy", "parcel_area_ha": 0.4564, "parcel_area_acres": 1.1277, "affected_area_ha": 0.0, "affected_area_acres": 0.0, "damage_percentage": 0.0, "severity": "No Damage / Unaffected", "severity_score": 0.0, "ndvi_before": 0.1397, "ndvi_after": 0.5168, "delta_ndvi": 0.3772, "hazard_type": "Flood / Inundation", "observation_before": "2026-04-22T00:00:00", "observation_after": "2026-09-09T00:00:00", "priority_score": 0.0, "norm_affected_area": 0.0, "norm_damage_pct": 0.0, "recommended_relief_inr": 0.0 }, "geometry": { "type": "Polygon", "coordinates": [ [ [ 77.48190473325829, 8.713015603290888 ], [ 77.482374209539159, 8.712918844918239 ], [ 77.482214940924322, 8.712153822326567 ], [ 77.48174546544729, 8.712250580249913 ], [ 77.48190473325829, 8.713015603290888 ] ] ] } },
{ "type": "Feature", "properties": { "parcel_id": "PARCEL_0007", "taluk": "Ambasamudram", "area_m2": 6957.36, "area_ha": 0.69573573032562841, "area_sq_m": 6957.3573032562845, "area_sq_km": 0.0069573573032562846, "predicted_crop": "Paddy", "confidence": 0.6733, "prob_banana": 0.2272, "prob_other": 0.0995, "prob_paddy": 0.6733, "validated_crop": "Paddy", "land_cover_type": "Agricultural Paddy", "confidence_tier": "Medium Confidence", "pct_water": 0.0, "pct_non_crop": 8.57, "pct_vegetation": 85.71, "crop": "Paddy", "parcel_area_ha": 0.6957, "parcel_area_acres": 1.7192, "affected_area_ha": 0.01, "affected_area_acres": 0.0247, "damage_percentage": 1.44, "severity": "Low Damage", "severity_score": 0.25, "ndvi_before": 0.2326, "ndvi_after": 0.4373, "delta_ndvi": 0.2047, "hazard_type": "Flood / Inundation", "observation_before": "2026-04-22T00:00:00", "observation_after": "2026-09-09T00:00:00", "priority_score": 0.07658, "norm_affected_area": 0.0226, "norm_damage_pct": 0.0144, "recommended_relief_inr": 393517.09 }, "geometry": { "type": "Polygon", "coordinates": [ [ [ 77.430025995735178, 8.705911230026606 ], [ 77.430830630549423, 8.705721068763204 ], [ 77.430670250210511, 8.705049233446111 ], [ 77.429865616564911, 8.70523939400419 ], [ 77.430025995735178, 8.705911230026606 ] ] ] } },
{ "type": "Feature", "properties": { "parcel_id": "PARCEL_0008", "taluk": "Ambasamudram", "area_m2": 6851.43, "area_ha": 0.6851431251937885, "area_sq_m": 6851.4312519378855, "area_sq_km": 0.0068514312519378853, "predicted_crop": "Paddy", "confidence": 0.6686, "prob_banana": 0.015, "prob_other": 0.3165, "prob_paddy": 0.6686, "validated_crop": "Paddy", "land_cover_type": "Agricultural Land", "confidence_tier": "Medium Confidence", "pct_water": 0.0, "pct_non_crop": 7.46, "pct_vegetation": 28.36, "crop": "Paddy", "parcel_area_ha": 0.6851, "parcel_area_acres": 1.693, "affected_area_ha": 0.0, "affected_area_acres": 0.0, "damage_percentage": 0.0, "severity": "No Damage / Unaffected", "severity_score": 0.0, "ndvi_before": 0.2165, "ndvi_after": 0.2181, "delta_ndvi": 0.0016, "hazard_type": "Flood / Inundation", "observation_before": "2026-04-22T00:00:00", "observation_after": "2026-09-09T00:00:00", "priority_score": 0.0, "norm_affected_area": 0.0, "norm_damage_pct": 0.0, "recommended_relief_inr": 0.0 }, "geometry": { "type": "Polygon", "coordinates": [ [ [ 77.430963417432551, 8.708828427683176 ], [ 77.431909173514654, 8.708914376303236 ], [ 77.431963308185772, 8.708324650980854 ], [ 77.431017553649866, 8.708238702090112 ], [ 77.430963417432551, 8.708828427683176 ] ] ] } },
{ "type": "Feature", "properties": { "parcel_id": "PARCEL_0009", "taluk": "Ambasamudram", "area_m2": 5058.52, "area_ha": 0.50585167962721223, "area_sq_m": 5058.5167962721225, "area_sq_km": 0.0050585167962721228, "predicted_crop": "Paddy", "confidence": 0.7721, "prob_banana": 0.0874, "prob_other": 0.1405, "prob_paddy": 0.7721, "validated_crop": "Paddy", "land_cover_type": "Agricultural Land", "confidence_tier": "Medium Confidence", "pct_water": 0.0, "pct_non_crop": 36.0, "pct_vegetation": 30.0, "crop": "Paddy", "parcel_area_ha": 0.5059, "parcel_area_acres": 1.25, "affected_area_ha": 0.0, "affected_area_acres": 0.0, "damage_percentage": 0.0, "severity": "No Damage / Unaffected", "severity_score": 0.0, "ndvi_before": 0.2206, "ndvi_after": 0.0, "delta_ndvi": -0.2206, "hazard_type": "Flood / Inundation", "observation_before": "2026-04-22T00:00:00", "observation_after": "2026-09-09T00:00:00", "priority_score": 0.0, "norm_affected_area": 0.0, "norm_damage_pct": 0.0, "recommended_relief_inr": 0.0 }, "geometry": { "type": "Polygon", "coordinates": [ [ [ 77.443027727768182, 8.687471229674534 ], [ 77.443751440186574, 8.687674648196944 ], [ 77.443902269060089, 8.687143347663927 ], [ 77.443178557740737, 8.686939929164035 ], [ 77.443027727768182, 8.687471229674534 ] ] ] } },
{ "type": "Feature", "properties": { "parcel_id": "PARCEL_0010", "taluk": "Ambasamudram", "area_m2": 5824.78, "area_ha": 0.58247844586966158, "area_sq_m": 5824.7844586966157, "area_sq_km": 0.0058247844586966158, "predicted_crop": "Paddy", "confidence": 0.8839, "prob_banana": 0.0686, "prob_other": 0.0475, "prob_paddy": 0.8839, "validated_crop": "Paddy", "land_cover_type": "Agricultural Paddy", "confidence_tier": "High Confidence", "pct_water": 0.0, "pct_non_crop": 0.0, "pct_vegetation": 100.0, "crop": "Paddy", "parcel_area_ha": 0.5825, "parcel_area_acres": 1.4393, "affected_area_ha": 0.0, "affected_area_acres": 0.0, "damage_percentage": 0.0, "severity": "No Damage / Unaffected", "severity_score": 0.0, "ndvi_before": 0.1826, "ndvi_after": 0.6028, "delta_ndvi": 0.4203, "hazard_type": "Flood / Inundation", "observation_before": "2026-04-22T00:00:00", "observation_after": "2026-09-09T00:00:00", "priority_score": 0.0, "norm_affected_area": 0.0, "norm_damage_pct": 0.0, "recommended_relief_inr": 0.0 }, "geometry": { "type": "Polygon", "coordinates": [ [ [ 77.443402162063137, 8.718454548715833 ], [ 77.444341699812824, 8.718275854675349 ], [ 77.444247374347398, 8.71778490452826 ], [ 77.443307837651645, 8.717963598013696 ], [ 77.443402162063137, 8.718454548715833 ] ] ] } },
{ "type": "Feature", "properties": { "parcel_id": "PARCEL_0011", "taluk": "Ambasamudram", "area_m2": 4859.76, "area_ha": 0.48597609068115699, "area_sq_m": 4859.7609068115698, "area_sq_km": 0.0048597609068115697, "predicted_crop": "Paddy", "confidence": 0.7903, "prob_banana": 0.0495, "prob_other": 0.1602, "prob_paddy": 0.7903, "validated_crop": "Paddy", "land_cover_type": "Agricultural Land", "confidence_tier": "Medium Confidence", "pct_water": 0.0, "pct_non_crop": 42.86, "pct_vegetation": 36.73, "crop": "Paddy", "parcel_area_ha": 0.486, "parcel_area_acres": 1.2009, "affected_area_ha": 0.0, "affected_area_acres": 0.0, "damage_percentage": 0.0, "severity": "No Damage / Unaffected", "severity_score": 0.0, "ndvi_before": 0.1956, "ndvi_after": 0.1951, "delta_ndvi": -0.0004, "hazard_type": "Flood / Inundation", "observation_before": "2026-04-22T00:00:00", "observation_after": "2026-09-09T00:00:00", "priority_score": 0.0, "norm_affected_area": 0.0, "norm_damage_pct": 0.0, "recommended_relief_inr": 0.0 }, "geometry": { "type": "Polygon", "coordinates": [ [ [ 77.43789234092074, 8.705558655421285 ], [ 77.438546205380504, 8.705684314484705 ], [ 77.438660371174947, 8.705096191586081 ], [ 77.43800650780895, 8.704970532445103 ], [ 77.43789234092074, 8.705558655421285 ] ] ] } },
{ "type": "Feature", "properties": { "parcel_id": "PARCEL_0012", "taluk": "Ambasamudram", "area_m2": 4826.19, "area_ha": 0.48261854140919158, "area_sq_m": 4826.1854140919158, "area_sq_km": 0.0048261854140919155, "predicted_crop": "Paddy", "confidence": 0.6438, "prob_banana": 0.066, "prob_other": 0.2902, "prob_paddy": 0.6438, "validated_crop": "Paddy", "land_cover_type": "Agricultural Paddy", "confidence_tier": "Medium Confidence", "pct_water": 0.0, "pct_non_crop": 0.0, "pct_vegetation": 64.58, "crop": "Paddy", "parcel_area_ha": 0.4826, "parcel_area_acres": 1.1926, "affected_area_ha": 0.0, "affected_area_acres": 0.0, "damage_percentage": 0.0, "severity": "No Damage / Unaffected", "severity_score": 0.0, "ndvi_before": 0.2896, "ndvi_after": 0.2537, "delta_ndvi": -0.0359, "hazard_type": "Flood / Inundation", "observation_before": "2026-04-22T00:00:00", "observation_after": "2026-09-09T00:00:00", "priority_score": 0.0, "norm_affected_area": 0.0, "norm_damage_pct": 0.0, "recommended_relief_inr": 0.0 }, "geometry": { "type": "Polygon", "coordinates": [ [ [ 77.417694929851606, 8.69936684568081 ], [ 77.41843336782884, 8.699496703533335 ], [ 77.418525770885438, 8.698976485653716 ], [ 77.417787333996202, 8.698846627707745 ], [ 77.417694929851606, 8.69936684568081 ] ] ] } },
{ "type": "Feature", "properties": { "parcel_id": "PARCEL_0013", "taluk": "Ambasamudram", "area_m2": 4979.16, "area_ha": 0.49791617013966433, "area_sq_m": 4979.1617013966434, "area_sq_km": 0.0049791617013966432, "predicted_crop": "Paddy", "confidence": 0.8145, "prob_banana": 0.0321, "prob_other": 0.1534, "prob_paddy": 0.8145, "validated_crop": "Paddy", "land_cover_type": "Agricultural Paddy", "confidence_tier": "High Confidence", "pct_water": 0.0, "pct_non_crop": 22.0, "pct_vegetation": 44.0, "crop": "Paddy", "parcel_area_ha": 0.4979, "parcel_area_acres": 1.2304, "affected_area_ha": 0.0, "affected_area_acres": 0.0, "damage_percentage": 0.0, "severity": "No Damage / Unaffected", "severity_score": 0.0, "ndvi_before": 0.2338, "ndvi_after": 0.1625, "delta_ndvi": -0.0713, "hazard_type": "Flood / Inundation", "observation_before": "2026-04-22T00:00:00", "observation_after": "2026-09-09T00:00:00", "priority_score": 0.0, "norm_affected_area": 0.0, "norm_damage_pct": 0.0, "recommended_relief_inr": 0.0 }, "geometry": { "type": "Polygon", "coordinates": [ [ [ 77.428884501090536, 8.715701982220448 ], [ 77.42933849850904, 8.71575538901844 ], [ 77.429444002227243, 8.714867540517044 ], [ 77.428990005936768, 8.71481413355365 ], [ 77.428884501090536, 8.715701982220448 ] ] ] } },
{ "type": "Feature", "properties": { "parcel_id": "PARCEL_0014", "taluk": "Ambasamudram", "area_m2": 3893.08, "area_ha": 0.38930840329385735, "area_sq_m": 3893.0840329385737, "area_sq_km": 0.0038930840329385735, "predicted_crop": "Paddy", "confidence": 0.6695, "prob_banana": 0.0954, "prob_other": 0.2351, "prob_paddy": 0.6695, "validated_crop": "Paddy", "land_cover_type": "Agricultural Paddy", "confidence_tier": "Medium Confidence", "pct_water": 0.0, "pct_non_crop": 15.79, "pct_vegetation": 47.37, "crop": "Paddy", "parcel_area_ha": 0.3893, "parcel_area_acres": 0.962, "affected_area_ha": 0.0, "affected_area_acres": 0.0, "damage_percentage": 0.0, "severity": "No Damage / Unaffected", "severity_score": 0.0, "ndvi_before": 0.2457, "ndvi_after": 0.201, "delta_ndvi": -0.0447, "hazard_type": "Flood / Inundation", "observation_before": "2026-04-22T00:00:00", "observation_after": "2026-09-09T00:00:00", "priority_score": 0.0, "norm_affected_area": 0.0, "norm_damage_pct": 0.0, "recommended_relief_inr": 0.0 }, "geometry": { "type": "Polygon", "coordinates": [ [ [ 77.45469856201791, 8.717045645192377 ], [ 77.455179237359104, 8.71693014068971 ], [ 77.455026758746669, 8.71630197939645 ], [ 77.454546084054854, 8.716417483500113 ], [ 77.45469856201791, 8.717045645192377 ] ] ] } },
{ "type": "Feature", "properties": { "parcel_id": "PARCEL_0015", "taluk": "Ambasamudram", "area_m2": 3759.08, "area_ha": 0.37590819226718608, "area_sq_m": 3759.0819226718609, "area_sq_km": 0.0037590819226718608, "predicted_crop": "Non-Crop", "confidence": 0.7982, "prob_banana": 0.0367, "prob_other": 0.1651, "prob_paddy": 0.7982, "validated_crop": "Non-Crop", "land_cover_type": "Bare Soil / Settlement / Non-Crop", "confidence_tier": "Medium Confidence", "pct_water": 0.0, "pct_non_crop": 58.97, "pct_vegetation": 7.69, "crop": "Non-Crop", "parcel_area_ha": 0.3759, "parcel_area_acres": 0.9289, "affected_area_ha": 0.0029, "affected_area_acres": 0.0071, "damage_percentage": 0.76, "severity": "Low Damage", "severity_score": 0.25, "ndvi_before": 0.1388, "ndvi_after": 0.0814, "delta_ndvi": -0.0574, "hazard_type": "Flood / Inundation", "observation_before": "2026-04-22T00:00:00", "observation_after": "2026-09-09T00:00:00", "priority_score": 0.0, "norm_affected_area": 0.0066, "norm_damage_pct": 0.0076, "recommended_relief_inr": 0.0 }, "geometry": { "type": "Polygon", "coordinates": [ [ [ 77.445386957624578, 8.719404059842322 ], [ 77.446016885023397, 8.719328559944229 ], [ 77.4459584266326, 8.718845731466498 ], [ 77.445328499978274, 8.718921231049485 ], [ 77.445386957624578, 8.719404059842322 ] ] ] } },
{ "type": "Feature", "properties": { "parcel_id": "PARCEL_0016", "taluk": "Ambasamudram", "area_m2": 9110.65, "area_ha": 0.91106474475584542, "area_sq_m": 9110.6474475584546, "area_sq_km": 0.0091106474475584551, "predicted_crop": "Paddy", "confidence": 0.8683, "prob_banana": 0.1011, "prob_other": 0.0306, "prob_paddy": 0.8683, "validated_crop": "Paddy", "land_cover_type": "Agricultural Paddy", "confidence_tier": "High Confidence", "pct_water": 0.0, "pct_non_crop": 0.0, "pct_vegetation": 100.0, "crop": "Paddy", "parcel_area_ha": 0.9111, "parcel_area_acres": 2.2513, "affected_area_ha": 0.0, "affected_area_acres": 0.0, "damage_percentage": 0.0, "severity": "No Damage / Unaffected", "severity_score": 0.0, "ndvi_before": 0.1564, "ndvi_after": 0.5495, "delta_ndvi": 0.3931, "hazard_type": "Flood / Inundation", "observation_before": "2026-04-22T00:00:00", "observation_after": "2026-09-09T00:00:00", "priority_score": 0.0, "norm_affected_area": 0.0, "norm_damage_pct": 0.0, "recommended_relief_inr": 0.0 }, "geometry": { "type": "Polygon", "coordinates": [ [ [ 77.459021359652951, 8.699191476144776 ], [ 77.459822697825729, 8.699173000726699 ], [ 77.459800977483724, 8.698240332642085 ], [ 77.458999641270566, 8.698258807464438 ], [ 77.459021359652951, 8.699191476144776 ] ] ] } },
{ "type": "Feature", "properties": { "parcel_id": "PARCEL_0017", "taluk": "Ambasamudram", "area_m2": 8003.43, "area_ha": 0.80034274187212029, "area_sq_m": 8003.4274187212031, "area_sq_km": 0.008003427418721204, "predicted_crop": "Paddy", "confidence": 0.8831, "prob_banana": 0.0753, "prob_other": 0.0416, "prob_paddy": 0.8831, "validated_crop": "Paddy", "land_cover_type": "Agricultural Paddy", "confidence_tier": "High Confidence", "pct_water": 0.0, "pct_non_crop": 14.1, "pct_vegetation": 48.72, "crop": "Paddy", "parcel_area_ha": 0.8003, "parcel_area_acres": 1.9777, "affected_area_ha": 0.0, "affected_area_acres": 0.0, "damage_percentage": 0.0, "severity": "No Damage / Unaffected", "severity_score": 0.0, "ndvi_before": 0.2785, "ndvi_after": 0.2885, "delta_ndvi": 0.0101, "hazard_type": "Flood / Inundation", "observation_before": "2026-04-22T00:00:00", "observation_after": "2026-09-09T00:00:00", "priority_score": 0.0, "norm_affected_area": 0.0, "norm_damage_pct": 0.0, "recommended_relief_inr": 0.0 }, "geometry": { "type": "Polygon", "coordinates": [ [ [ 77.445566819637989, 8.701852985616693 ], [ 77.44642497490608, 8.70198738226428 ], [ 77.446543141588521, 8.701240382471395 ], [ 77.445684988131177, 8.701105985627525 ], [ 77.445566819637989, 8.701852985616693 ] ] ] } },
{ "type": "Feature", "properties": { "parcel_id": "PARCEL_0018", "taluk": "Ambasamudram", "area_m2": 3898.0, "area_ha": 0.3898004224903755, "area_sq_m": 3898.0042249037551, "area_sq_km": 0.003898004224903755, "predicted_crop": "Paddy", "confidence": 0.8042, "prob_banana": 0.1694, "prob_other": 0.0263, "prob_paddy": 0.8042, "validated_crop": "Paddy", "land_cover_type": "Agricultural Paddy", "confidence_tier": "High Confidence", "pct_water": 0.0, "pct_non_crop": 0.0, "pct_vegetation": 100.0, "crop": "Paddy", "parcel_area_ha": 0.3898, "parcel_area_acres": 0.9632, "affected_area_ha": 0.0, "affected_area_acres": 0.0, "damage_percentage": 0.0, "severity": "No Damage / Unaffected", "severity_score": 0.0, "ndvi_before": 0.1136, "ndvi_after": 0.5023, "delta_ndvi": 0.3887, "hazard_type": "Flood / Inundation", "observation_before": "2026-04-22T00:00:00", "observation_after": "2026-09-09T00:00:00", "priority_score": 0.0, "norm_affected_area": 0.0, "norm_damage_pct": 0.0, "recommended_relief_inr": 0.0 }, "geometry": { "type": "Polygon", "coordinates": [ [ [ 77.494975776525578, 8.698549895724039 ], [ 77.495642865425651, 8.698386156798476 ], [ 77.495530786957119, 8.697934086336785 ], [ 77.494863698697912, 8.698097824857262 ], [ 77.494975776525578, 8.698549895724039 ] ] ] } },
{ "type": "Feature", "properties": { "parcel_id": "PARCEL_0019", "taluk": "Ambasamudram", "area_m2": 5544.32, "area_ha": 0.55443200755641397, "area_sq_m": 5544.3200755641401, "area_sq_km": 0.0055443200755641402, "predicted_crop": "Paddy", "confidence": 0.821, "prob_banana": 0.0836, "prob_other": 0.0954, "prob_paddy": 0.821, "validated_crop": "Paddy", "land_cover_type": "Agricultural Land", "confidence_tier": "High Confidence", "pct_water": 0.0, "pct_non_crop": 42.59, "pct_vegetation": 29.63, "crop": "Paddy", "parcel_area_ha": 0.5544, "parcel_area_acres": 1.37, "affected_area_ha": 0.02, "affected_area_acres": 0.0494, "damage_percentage": 3.61, "severity": "Low Damage", "severity_score": 0.25, "ndvi_before": 0.1981, "ndvi_after": 0.204, "delta_ndvi": 0.0059, "hazard_type": "Flood / Inundation", "observation_before": "2026-04-22T00:00:00", "observation_after": "2026-09-09T00:00:00", "priority_score": 0.09322, "norm_affected_area": 0.0452, "norm_damage_pct": 0.0361, "recommended_relief_inr": 479024.07 }, "geometry": { "type": "Polygon", "coordinates": [ [ [ 77.44120012993406, 8.705609055961558 ], [ 77.441807932367951, 8.705755823811444 ], [ 77.441980400250486, 8.705048729387739 ], [ 77.441372599045806, 8.704901961512897 ], [ 77.44120012993406, 8.705609055961558 ] ] ] } },
{ "type": "Feature", "properties": { "parcel_id": "PARCEL_0020", "taluk": "Ambasamudram", "area_m2": 6075.38, "area_ha": 0.60753752840714037, "area_sq_m": 6075.3752840714042, "area_sq_km": 0.0060753752840714045, "predicted_crop": "Paddy", "confidence": 0.6751, "prob_banana": 0.2741, "prob_other": 0.0508, "prob_paddy": 0.6751, "validated_crop": "Paddy", "land_cover_type": "Agricultural Paddy", "confidence_tier": "Medium Confidence", "pct_water": 0.0, "pct_non_crop": 0.0, "pct_vegetation": 100.0, "crop": "Paddy", "parcel_area_ha": 0.6075, "parcel_area_acres": 1.5013, "affected_area_ha": 0.0, "affected_area_acres": 0.0, "damage_percentage": 0.0, "severity": "No Damage / Unaffected", "severity_score": 0.0, "ndvi_before": 0.152, "ndvi_after": 0.4769, "delta_ndvi": 0.3249, "hazard_type": "Flood / Inundation", "observation_before": "2026-04-22T00:00:00", "observation_after": "2026-09-09T00:00:00", "priority_score": 0.0, "norm_affected_area": 0.0, "norm_damage_pct": 0.0, "recommended_relief_inr": 0.0 }, "geometry": { "type": "Polygon", "coordinates": [ [ [ 77.431002649445617, 8.692812638837138 ], [ 77.431839352984639, 8.692590960844562 ], [ 77.431690425153619, 8.692034428328201 ], [ 77.430853722581887, 8.692256105683674 ], [ 77.431002649445617, 8.692812638837138 ] ] ] } },
{ "type": "Feature", "properties": { "parcel_id": "PARCEL_0021", "taluk": "Ambasamudram", "area_m2": 10418.16, "area_ha": 1.0418161526608223, "area_sq_m": 10418.161526608223, "area_sq_km": 0.010418161526608223, "predicted_crop": "Paddy", "confidence": 0.7469, "prob_banana": 0.1972, "prob_other": 0.0559, "prob_paddy": 0.7469, "validated_crop": "Paddy", "land_cover_type": "Agricultural Paddy", "confidence_tier": "Medium Confidence", "pct_water": 0.0, "pct_non_crop": 1.92, "pct_vegetation": 82.69, "crop": "Paddy", "parcel_area_ha": 1.0418, "parcel_area_acres": 2.5744, "affected_area_ha": 0.0, "affected_area_acres": 0.0, "damage_percentage": 0.0, "severity": "No Damage / Unaffected", "severity_score": 0.0, "ndvi_before": 0.2304, "ndvi_after": 0.3747, "delta_ndvi": 0.1444, "hazard_type": "Flood / Inundation", "observation_before": "2026-04-22T00:00:00", "observation_after": "2026-09-09T00:00:00", "priority_score": 0.0, "norm_affected_area": 0.0, "norm_damage_pct": 0.0, "recommended_relief_inr": 0.0 }, "geometry": { "type": "Polygon", "coordinates": [ [ [ 77.426423300869047, 8.703632568698545 ], [ 77.427381485417285, 8.703702892530345 ], [ 77.427447288177618, 8.702815250211836 ], [ 77.426489105970361, 8.702744925927636 ], [ 77.426423300869047, 8.703632568698545 ] ] ] } },
{ "type": "Feature", "properties": { "parcel_id": "PARCEL_0022", "taluk": "Ambasamudram", "area_m2": 6336.88, "area_ha": 0.63368763977983822, "area_sq_m": 6336.8763977983826, "area_sq_km": 0.0063368763977983827, "predicted_crop": "Paddy", "confidence": 0.9295, "prob_banana": 0.0478, "prob_other": 0.0227, "prob_paddy": 0.9295, "validated_crop": "Paddy", "land_cover_type": "Agricultural Paddy", "confidence_tier": "High Confidence", "pct_water": 0.0, "pct_non_crop": 0.0, "pct_vegetation": 100.0, "crop": "Paddy", "parcel_area_ha": 0.6337, "parcel_area_acres": 1.5659, "affected_area_ha": 0.0, "affected_area_acres": 0.0, "damage_percentage": 0.0, "severity": "No Damage / Unaffected", "severity_score": 0.0, "ndvi_before": 0.1254, "ndvi_after": 0.5095, "delta_ndvi": 0.3841, "hazard_type": "Flood / Inundation", "observation_before": "2026-04-22T00:00:00", "observation_after": "2026-09-09T00:00:00", "priority_score": 0.0, "norm_affected_area": 0.0, "norm_damage_pct": 0.0, "recommended_relief_inr": 0.0 }, "geometry": { "type": "Polygon", "coordinates": [ [ [ 77.444127935795009, 8.712427355226083 ], [ 77.444683670223782, 8.712436833006974 ], [ 77.444699789302064, 8.711501143327483 ], [ 77.444144056270105, 8.711491665188863 ], [ 77.444127935795009, 8.712427355226083 ] ] ] } },
{ "type": "Feature", "properties": { "parcel_id": "PARCEL_0023", "taluk": "Ambasamudram", "area_m2": 4815.6, "area_ha": 0.48155992331052283, "area_sq_m": 4815.5992331052284, "area_sq_km": 0.0048155992331052281, "predicted_crop": "Paddy", "confidence": 0.7651, "prob_banana": 0.1895, "prob_other": 0.0455, "prob_paddy": 0.7651, "validated_crop": "Paddy", "land_cover_type": "Agricultural Paddy", "confidence_tier": "Medium Confidence", "pct_water": 0.0, "pct_non_crop": 0.0, "pct_vegetation": 100.0, "crop": "Paddy", "parcel_area_ha": 0.4816, "parcel_area_acres": 1.19, "affected_area_ha": 0.0, "affected_area_acres": 0.0, "damage_percentage": 0.0, "severity": "No Damage / Unaffected", "severity_score": 0.0, "ndvi_before": 0.1575, "ndvi_after": 0.5104, "delta_ndvi": 0.3529, "hazard_type": "Flood / Inundation", "observation_before": "2026-04-22T00:00:00", "observation_after": "2026-09-09T00:00:00", "priority_score": 0.0, "norm_affected_area": 0.0, "norm_damage_pct": 0.0, "recommended_relief_inr": 0.0 }, "geometry": { "type": "Polygon", "coordinates": [ [ [ 77.428340376023996, 8.705383948155832 ], [ 77.428908926644411, 8.705489456017702 ], [ 77.429034866107941, 8.704817587079654 ], [ 77.428466316572397, 8.704712079134506 ], [ 77.428340376023996, 8.705383948155832 ] ] ] } },
{ "type": "Feature", "properties": { "parcel_id": "PARCEL_0024", "taluk": "Ambasamudram", "area_m2": 3621.76, "area_ha": 0.36217624568496715, "area_sq_m": 3621.7624568496713, "area_sq_km": 0.0036217624568496711, "predicted_crop": "Paddy", "confidence": 0.7293, "prob_banana": 0.1085, "prob_other": 0.1622, "prob_paddy": 0.7293, "validated_crop": "Paddy", "land_cover_type": "Agricultural Paddy", "confidence_tier": "Medium Confidence", "pct_water": 0.0, "pct_non_crop": 6.06, "pct_vegetation": 84.85, "crop": "Paddy", "parcel_area_ha": 0.3622, "parcel_area_acres": 0.895, "affected_area_ha": 0.0, "affected_area_acres": 0.0, "damage_percentage": 0.0, "severity": "No Damage / Unaffected", "severity_score": 0.0, "ndvi_before": 0.3593, "ndvi_after": 0.35, "delta_ndvi": -0.0092, "hazard_type": "Flood / Inundation", "observation_before": "2026-04-22T00:00:00", "observation_after": "2026-09-09T00:00:00", "priority_score": 0.0, "norm_affected_area": 0.0, "norm_damage_pct": 0.0, "recommended_relief_inr": 0.0 }, "geometry": { "type": "Polygon", "coordinates": [ [ [ 77.396543738341251, 8.712890514975076 ], [ 77.397115847631795, 8.71283123208763 ], [ 77.397062036650809, 8.71231714372543 ], [ 77.396489928090432, 8.7123764263242 ], [ 77.396543738341251, 8.712890514975076 ] ] ] } },
{ "type": "Feature", "properties": { "parcel_id": "PARCEL_0025", "taluk": "Ambasamudram", "area_m2": 7478.42, "area_ha": 0.74784194559428308, "area_sq_m": 7478.4194559428306, "area_sq_km": 0.0074784194559428304, "predicted_crop": "Paddy", "confidence": 0.8457, "prob_banana": 0.1097, "prob_other": 0.0446, "prob_paddy": 0.8457, "validated_crop": "Paddy", "land_cover_type": "Agricultural Paddy", "confidence_tier": "High Confidence", "pct_water": 0.0, "pct_non_crop": 6.94, "pct_vegetation": 68.06, "crop": "Paddy", "parcel_area_ha": 0.7478, "parcel_area_acres": 1.848, "affected_area_ha": 0.01, "affected_area_acres": 0.0247, "damage_percentage": 1.34, "severity": "Low Damage", "severity_score": 0.25, "ndvi_before": 0.3139, "ndvi_after": 0.339, "delta_ndvi": 0.0251, "hazard_type": "Flood / Inundation", "observation_before": "2026-04-22T00:00:00", "observation_after": "2026-09-09T00:00:00", "priority_score": 0.07623, "norm_affected_area": 0.0226, "norm_damage_pct": 0.0134, "recommended_relief_inr": 391718.57 }, "geometry": { "type": "Polygon", "coordinates": [ [ [ 77.437249696196957, 8.713426403591129 ], [ 77.437983698901519, 8.713361770368527 ], [ 77.437909887516724, 8.712531956538013 ], [ 77.437175886341748, 8.71259658917884 ], [ 77.437249696196957, 8.713426403591129 ] ] ] } },
{ "type": "Feature", "properties": { "parcel_id": "PARCEL_0026", "taluk": "Ambasamudram", "area_m2": 4565.68, "area_ha": 0.45656847880423601, "area_sq_m": 4565.6847880423602, "area_sq_km": 0.0045656847880423601, "predicted_crop": "Paddy", "confidence": 0.8565, "prob_banana": 0.045, "prob_other": 0.0985, "prob_paddy": 0.8565, "validated_crop": "Paddy", "land_cover_type": "Agricultural Paddy", "confidence_tier": "High Confidence", "pct_water": 0.0, "pct_non_crop": 0.0, "pct_vegetation": 82.61, "crop": "Paddy", "parcel_area_ha": 0.4566, "parcel_area_acres": 1.1282, "affected_area_ha": 0.0, "affected_area_acres": 0.0, "damage_percentage": 0.0, "severity": "No Damage / Unaffected", "severity_score": 0.0, "ndvi_before": 0.3026, "ndvi_after": 0.0, "delta_ndvi": -0.3026, "hazard_type": "Flood / Inundation", "observation_before": "2026-04-22T00:00:00", "observation_after": "2026-09-09T00:00:00", "priority_score": 0.0, "norm_affected_area": 0.0, "norm_damage_pct": 0.0, "recommended_relief_inr": 0.0 }, "geometry": { "type": "Polygon", "coordinates": [ [ [ 77.439556199178128, 8.690811638972558 ], [ 77.440149464358285, 8.690639135564217 ], [ 77.439978550470244, 8.690057167103104 ], [ 77.439385285980194, 8.690229670018699 ], [ 77.439556199178128, 8.690811638972558 ] ] ] } },
{ "type": "Feature", "properties": { "parcel_id": "PARCEL_0027", "taluk": "Ambasamudram", "area_m2": 3542.02, "area_ha": 0.35420153857251352, "area_sq_m": 3542.0153857251353, "area_sq_km": 0.0035420153857251353, "predicted_crop": "Paddy", "confidence": 0.5252, "prob_banana": 0.0566, "prob_other": 0.4182, "prob_paddy": 0.5252, "validated_crop": "Paddy", "land_cover_type": "Uncertain / Mixed (Paddy)", "confidence_tier": "Low Confidence / Review", "pct_water": 0.0, "pct_non_crop": 23.53, "pct_vegetation": 0.0, "crop": "Paddy", "parcel_area_ha": 0.3542, "parcel_area_acres": 0.8753, "affected_area_ha": 0.0, "affected_area_acres": 0.0, "damage_percentage": 0.0, "severity": "No Damage / Unaffected", "severity_score": 0.0, "ndvi_before": 0.2153, "ndvi_after": 0.0948, "delta_ndvi": -0.1205, "hazard_type": "Flood / Inundation", "observation_before": "2026-04-22T00:00:00", "observation_after": "2026-09-09T00:00:00", "priority_score": 0.0, "norm_affected_area": 0.0, "norm_damage_pct": 0.0, "recommended_relief_inr": 0.0 }, "geometry": { "type": "Polygon", "coordinates": [ [ [ 77.44104058557717, 8.735522797542599 ], [ 77.441509163472873, 8.735636133879664 ], [ 77.441652326488025, 8.7350502516841 ], [ 77.441183749379917, 8.734936915332069 ], [ 77.44104058557717, 8.735522797542599 ] ] ] } },
{ "type": "Feature", "properties": { "parcel_id": "PARCEL_0028", "taluk": "Ambasamudram", "area_m2": 8662.06, "area_ha": 0.8662055250719719, "area_sq_m": 8662.055250719719, "area_sq_km": 0.0086620552507197194, "predicted_crop": "Paddy", "confidence": 0.4978, "prob_banana": 0.4293, "prob_other": 0.0729, "prob_paddy": 0.4978, "validated_crop": "Paddy", "land_cover_type": "Agricultural Paddy", "confidence_tier": "Low Confidence / Review", "pct_water": 0.0, "pct_non_crop": 0.0, "pct_vegetation": 100.0, "crop": "Paddy", "parcel_area_ha": 0.8662, "parcel_area_acres": 2.1404, "affected_area_ha": 0.0, "affected_area_acres": 0.0, "damage_percentage": 0.0, "severity": "No Damage / Unaffected", "severity_score": 0.0, "ndvi_before": 0.1789, "ndvi_after": 0.5321, "delta_ndvi": 0.3532, "hazard_type": "Flood / Inundation", "observation_before": "2026-04-22T00:00:00", "observation_after": "2026-09-09T00:00:00", "priority_score": 0.0, "norm_affected_area": 0.0, "norm_damage_pct": 0.0, "recommended_relief_inr": 0.0 }, "geometry": { "type": "Polygon", "coordinates": [ [ [ 77.430486729469948, 8.704614185985914 ], [ 77.431198254545976, 8.704499069972535 ], [ 77.431039159775338, 8.703525541778532 ], [ 77.430327636327718, 8.703640657007822 ], [ 77.430486729469948, 8.704614185985914 ] ] ] } },
{ "type": "Feature", "properties": { "parcel_id": "PARCEL_0029", "taluk": "Ambasamudram", "area_m2": 6020.55, "area_ha": 0.60205472382975245, "area_sq_m": 6020.547238297524, "area_sq_km": 0.0060205472382975243, "predicted_crop": "Paddy", "confidence": 0.9027, "prob_banana": 0.0729, "prob_other": 0.0244, "prob_paddy": 0.9027, "validated_crop": "Paddy", "land_cover_type": "Agricultural Paddy", "confidence_tier": "High Confidence", "pct_water": 0.0, "pct_non_crop": 9.84, "pct_vegetation": 75.41, "crop": "Paddy", "parcel_area_ha": 0.6021, "parcel_area_acres": 1.4877, "affected_area_ha": 0.0, "affected_area_acres": 0.0, "damage_percentage": 0.0, "severity": "No Damage / Unaffected", "severity_score": 0.0, "ndvi_before": 0.3349, "ndvi_after": 0.3429, "delta_ndvi": 0.0079, "hazard_type": "Flood / Inundation", "observation_before": "2026-04-22T00:00:00", "observation_after": "2026-09-09T00:00:00", "priority_score": 0.0, "norm_affected_area": 0.0, "norm_damage_pct": 0.0, "recommended_relief_inr": 0.0 }, "geometry": { "type": "Polygon", "coordinates": [ [ [ 77.458670686439348, 8.717060981024371 ], [ 77.459252184722914, 8.717011195516454 ], [ 77.459179225922128, 8.716167606280596 ], [ 77.458597728872803, 8.716217391319761 ], [ 77.458670686439348, 8.717060981024371 ] ] ] } },
{ "type": "Feature", "properties": { "parcel_id": "PARCEL_0030", "taluk": "Ambasamudram", "area_m2": 4552.34, "area_ha": 0.45523432652888179, "area_sq_m": 4552.3432652888177, "area_sq_km": 0.0045523432652888173, "predicted_crop": "Paddy", "confidence": 0.6311, "prob_banana": 0.2643, "prob_other": 0.1045, "prob_paddy": 0.6311, "validated_crop": "Paddy", "land_cover_type": "Agricultural Paddy", "confidence_tier": "Medium Confidence", "pct_water": 0.0, "pct_non_crop": 6.82, "pct_vegetation": 81.82, "crop": "Paddy", "parcel_area_ha": 0.4552, "parcel_area_acres": 1.1249, "affected_area_ha": 0.0, "affected_area_acres": 0.0, "damage_percentage": 0.0, "severity": "No Damage / Unaffected", "severity_score": 0.0, "ndvi_before": 0.2345, "ndvi_after": 0.3991, "delta_ndvi": 0.1646, "hazard_type": "Flood / Inundation", "observation_before": "2026-04-22T00:00:00", "observation_after": "2026-09-09T00:00:00", "priority_score": 0.0, "norm_affected_area": 0.0, "norm_damage_pct": 0.0, "recommended_relief_inr": 0.0 }, "geometry": { "type": "Polygon", "coordinates": [ [ [ 77.46284539110593, 8.723704902713447 ], [ 77.463577433771633, 8.723848497053833 ], [ 77.463674797081964, 8.723357148123821 ], [ 77.462942755443009, 8.723213553712888 ], [ 77.46284539110593, 8.723704902713447 ] ] ] } },
{ "type": "Feature", "properties": { "parcel_id": "PARCEL_0031", "taluk": "Ambasamudram", "area_m2": 4481.74, "area_ha": 0.44817417304746104, "area_sq_m": 4481.7417304746104, "area_sq_km": 0.0044817417304746105, "predicted_crop": "Paddy", "confidence": 0.5803, "prob_banana": 0.3362, "prob_other": 0.0834, "prob_paddy": 0.5803, "validated_crop": "Paddy", "land_cover_type": "Agricultural Paddy", "confidence_tier": "Low Confidence / Review", "pct_water": 0.0, "pct_non_crop": 0.0, "pct_vegetation": 95.45, "crop": "Paddy", "parcel_area_ha": 0.4482, "parcel_area_acres": 1.1075, "affected_area_ha": 0.0, "affected_area_acres": 0.0, "damage_percentage": 0.0, "severity": "No Damage / Unaffected", "severity_score": 0.0, "ndvi_before": 0.1495, "ndvi_after": 0.4617, "delta_ndvi": 0.3122, "hazard_type": "Flood / Inundation", "observation_before": "2026-04-22T00:00:00", "observation_after": "2026-09-09T00:00:00", "priority_score": 0.0, "norm_affected_area": 0.0, "norm_damage_pct": 0.0, "recommended_relief_inr": 0.0 }, "geometry": { "type": "Polygon", "coordinates": [ [ [ 77.423678871134655, 8.70290348642234 ], [ 77.424152842357614, 8.702950867788767 ], [ 77.424230430900295, 8.702182468933977 ], [ 77.423756460689319, 8.70213508740065 ], [ 77.423678871134655, 8.70290348642234 ] ] ] } },
{ "type": "Feature", "properties": { "parcel_id": "PARCEL_0032", "taluk": "Ambasamudram", "area_m2": 5641.07, "area_ha": 0.56410697774926122, "area_sq_m": 5641.069777492612, "area_sq_km": 0.0056410697774926122, "predicted_crop": "Non-Crop", "confidence": 0.8419, "prob_banana": 0.0265, "prob_other": 0.1317, "prob_paddy": 0.8419, "validated_crop": "Non-Crop", "land_cover_type": "Bare Soil / Settlement / Non-Crop", "confidence_tier": "High Confidence", "pct_water": 0.0, "pct_non_crop": 50.88, "pct_vegetation": 22.81, "crop": "Non-Crop", "parcel_area_ha": 0.5641, "parcel_area_acres": 1.3939, "affected_area_ha": 0.0, "affected_area_acres": 0.0, "damage_percentage": 0.0, "severity": "No Damage / Unaffected", "severity_score": 0.0, "ndvi_before": 0.1926, "ndvi_after": 0.1962, "delta_ndvi": 0.0037, "hazard_type": "Flood / Inundation", "observation_before": "2026-04-22T00:00:00", "observation_after": "2026-09-09T00:00:00", "priority_score": 0.0, "norm_affected_area": 0.0, "norm_damage_pct": 0.0, "recommended_relief_inr": 0.0 }, "geometry": { "type": "Polygon", "coordinates": [ [ [ 77.440109836340426, 8.705065880134653 ], [ 77.440675677171015, 8.704950679944119 ], [ 77.440514158904108, 8.704165263159886 ], [ 77.439948319072258, 8.704280462802595 ], [ 77.440109836340426, 8.705065880134653 ] ] ] } },
{ "type": "Feature", "properties": { "parcel_id": "PARCEL_0033", "taluk": "Ambasamudram", "area_m2": 6186.5, "area_ha": 0.61865047715250054, "area_sq_m": 6186.5047715250057, "area_sq_km": 0.006186504771525006, "predicted_crop": "Paddy", "confidence": 0.8097, "prob_banana": 0.0462, "prob_other": 0.1441, "prob_paddy": 0.8097, "validated_crop": "Paddy", "land_cover_type": "Agricultural Land", "confidence_tier": "High Confidence", "pct_water": 0.0, "pct_non_crop": 40.62, "pct_vegetation": 28.12, "crop": "Paddy", "parcel_area_ha": 0.6187, "parcel_area_acres": 1.5287, "affected_area_ha": 0.0, "affected_area_acres": 0.0, "damage_percentage": 0.0, "severity": "No Damage / Unaffected", "severity_score": 0.0, "ndvi_before": 0.1883, "ndvi_after": 0.1896, "delta_ndvi": 0.0013, "hazard_type": "Flood / Inundation", "observation_before": "2026-04-22T00:00:00", "observation_after": "2026-09-09T00:00:00", "priority_score": 0.0, "norm_affected_area": 0.0, "norm_damage_pct": 0.0, "recommended_relief_inr": 0.0 }, "geometry": { "type": "Polygon", "coordinates": [ [ [ 77.424812273251504, 8.725795639745252 ], [ 77.425771958269735, 8.725698115475421 ], [ 77.425718194795849, 8.725174408869741 ], [ 77.424758511028514, 8.725271932644315 ], [ 77.424812273251504, 8.725795639745252 ] ] ] } },
{ "type": "Feature", "properties": { "parcel_id": "PARCEL_0034", "taluk": "Ambasamudram", "area_m2": 8873.29, "area_ha": 0.88732917498233532, "area_sq_m": 8873.2917498233528, "area_sq_km": 0.0088732917498233529, "predicted_crop": "Non-Crop", "confidence": 0.8154, "prob_banana": 0.0424, "prob_other": 0.1422, "prob_paddy": 0.8154, "validated_crop": "Non-Crop", "land_cover_type": "Bare Soil / Settlement / Non-Crop", "confidence_tier": "High Confidence", "pct_water": 0.0, "pct_non_crop": 78.89, "pct_vegetation": 3.33, "crop": "Non-Crop", "parcel_area_ha": 0.8873, "parcel_area_acres": 2.1926, "affected_area_ha": 0.0, "affected_area_acres": 0.0, "damage_percentage": 0.0, "severity": "No Damage / Unaffected", "severity_score": 0.0, "ndvi_before": 0.1503, "ndvi_after": 0.1524, "delta_ndvi": 0.0021, "hazard_type": "Flood / Inundation", "observation_before": "2026-04-22T00:00:00", "observation_after": "2026-09-09T00:00:00", "priority_score": 0.0, "norm_affected_area": 0.0, "norm_damage_pct": 0.0, "recommended_relief_inr": 0.0 }, "geometry": { "type": "Polygon", "coordinates": [ [ [ 77.433976164931437, 8.715085323119599 ], [ 77.434789699224055, 8.71510692302507 ], [ 77.43481369360633, 8.714212257737081 ], [ 77.43400016127876, 8.714190657351407 ], [ 77.433976164931437, 8.715085323119599 ] ] ] } },
{ "type": "Feature", "properties": { "parcel_id": "PARCEL_0035", "taluk": "Ambasamudram", "area_m2": 5771.68, "area_ha": 0.57716753506606888, "area_sq_m": 5771.6753506606883, "area_sq_km": 0.0057716753506606884, "predicted_crop": "Paddy", "confidence": 0.897, "prob_banana": 0.0435, "prob_other": 0.0595, "prob_paddy": 0.897, "validated_crop": "Paddy", "land_cover_type": "Agricultural Paddy", "confidence_tier": "High Confidence", "pct_water": 0.0, "pct_non_crop": 23.21, "pct_vegetation": 42.86, "crop": "Paddy", "parcel_area_ha": 0.5772, "parcel_area_acres": 1.4262, "affected_area_ha": 0.0, "affected_area_acres": 0.0, "damage_percentage": 0.0, "severity": "No Damage / Unaffected", "severity_score": 0.0, "ndvi_before": 0.2366, "ndvi_after": 0.2618, "delta_ndvi": 0.0252, "hazard_type": "Flood / Inundation", "observation_before": "2026-04-22T00:00:00", "observation_after": "2026-09-09T00:00:00", "priority_score": 0.0, "norm_affected_area": 0.0, "norm_damage_pct": 0.0, "recommended_relief_inr": 0.0 }, "geometry": { "type": "Polygon", "coordinates": [ [ [ 77.413565798068689, 8.711148870971391 ], [ 77.414056942665042, 8.711265285996552 ], [ 77.414275499473334, 8.710352457517871 ], [ 77.413784356157777, 8.710236042464444 ], [ 77.413565798068689, 8.711148870971391 ] ] ] } },
{ "type": "Feature", "properties": { "parcel_id": "PARCEL_0036", "taluk": "Ambasamudram", "area_m2": 6638.13, "area_ha": 0.66381341861403764, "area_sq_m": 6638.1341861403762, "area_sq_km": 0.0066381341861403761, "predicted_crop": "Non-Crop", "confidence": 0.7547, "prob_banana": 0.0719, "prob_other": 0.1734, "prob_paddy": 0.7547, "validated_crop": "Non-Crop", "land_cover_type": "Bare Soil / Settlement / Non-Crop", "confidence_tier": "Medium Confidence", "pct_water": 0.0, "pct_non_crop": 82.09, "pct_vegetation": 1.49, "crop": "Non-Crop", "parcel_area_ha": 0.6638, "parcel_area_acres": 1.6403, "affected_area_ha": 0.0, "affected_area_acres": 0.0, "damage_percentage": 0.0, "severity": "No Damage / Unaffected", "severity_score": 0.0, "ndvi_before": 0.1259, "ndvi_after": 0.0999, "delta_ndvi": -0.026, "hazard_type": "Flood / Inundation", "observation_before": "2026-04-22T00:00:00", "observation_after": "2026-09-09T00:00:00", "priority_score": 0.0, "norm_affected_area": 0.0, "norm_damage_pct": 0.0, "recommended_relief_inr": 0.0 }, "geometry": { "type": "Polygon", "coordinates": [ [ [ 77.416317036789366, 8.721981667672063 ], [ 77.416944269176582, 8.722129016586775 ], [ 77.417139548363252, 8.721306136086215 ], [ 77.41651231745216, 8.721158787135751 ], [ 77.416317036789366, 8.721981667672063 ] ] ] } },
{ "type": "Feature", "properties": { "parcel_id": "PARCEL_0037", "taluk": "Ambasamudram", "area_m2": 4872.99, "area_ha": 0.48729887062840699, "area_sq_m": 4872.9887062840698, "area_sq_km": 0.0048729887062840703, "predicted_crop": "Paddy", "confidence": 0.907, "prob_banana": 0.0498, "prob_other": 0.0432, "prob_paddy": 0.907, "validated_crop": "Paddy", "land_cover_type": "Agricultural Paddy", "confidence_tier": "High Confidence", "pct_water": 0.0, "pct_non_crop": 0.0, "pct_vegetation": 100.0, "crop": "Paddy", "parcel_area_ha": 0.4873, "parcel_area_acres": 1.2041, "affected_area_ha": 0.0, "affected_area_acres": 0.0, "damage_percentage": 0.0, "severity": "No Damage / Unaffected", "severity_score": 0.0, "ndvi_before": 0.135, "ndvi_after": 0.5238, "delta_ndvi": 0.3888, "hazard_type": "Flood / Inundation", "observation_before": "2026-04-22T00:00:00", "observation_after": "2026-09-09T00:00:00", "priority_score": 0.0, "norm_affected_area": 0.0, "norm_damage_pct": 0.0, "recommended_relief_inr": 0.0 }, "geometry": { "type": "Polygon", "coordinates": [ [ [ 77.443966583155046, 8.712637747296615 ], [ 77.444753033858291, 8.712471382449085 ], [ 77.444649054629764, 8.711984779078561 ], [ 77.443862604779341, 8.712151143446736 ], [ 77.443966583155046, 8.712637747296615 ] ] ] } },
{ "type": "Feature", "properties": { "parcel_id": "PARCEL_0038", "taluk": "Ambasamudram", "area_m2": 2835.37, "area_ha": 0.2835365443904001, "area_sq_m": 2835.365443904001, "area_sq_km": 0.0028353654439040011, "predicted_crop": "Paddy", "confidence": 0.9037, "prob_banana": 0.0435, "prob_other": 0.0528, "prob_paddy": 0.9037, "validated_crop": "Paddy", "land_cover_type": "Agricultural Paddy", "confidence_tier": "High Confidence", "pct_water": 0.0, "pct_non_crop": 0.0, "pct_vegetation": 100.0, "crop": "Paddy", "parcel_area_ha": 0.2835, "parcel_area_acres": 0.7006, "affected_area_ha": 0.0, "affected_area_acres": 0.0, "damage_percentage": 0.0, "severity": "No Damage / Unaffected", "severity_score": 0.0, "ndvi_before": 0.1628, "ndvi_after": 0.6206, "delta_ndvi": 0.4578, "hazard_type": "Flood / Inundation", "observation_before": "2026-04-22T00:00:00", "observation_after": "2026-09-09T00:00:00", "priority_score": 0.0, "norm_affected_area": 0.0, "norm_damage_pct": 0.0, "recommended_relief_inr": 0.0 }, "geometry": { "type": "Polygon", "coordinates": [ [ [ 77.443695489781774, 8.717977788614126 ], [ 77.444152723662413, 8.7180195915341 ], [ 77.444199339760488, 8.717514840585011 ], [ 77.443742106520617, 8.717473037552589 ], [ 77.443695489781774, 8.717977788614126 ] ] ] } },
{ "type": "Feature", "properties": { "parcel_id": "PARCEL_0039", "taluk": "Ambasamudram", "area_m2": 5655.07, "area_ha": 0.56550653521567362, "area_sq_m": 5655.0653521567365, "area_sq_km": 0.0056550653521567368, "predicted_crop": "Paddy", "confidence": 0.8811, "prob_banana": 0.0922, "prob_other": 0.0267, "prob_paddy": 0.8811, "validated_crop": "Paddy", "land_cover_type": "Agricultural Paddy", "confidence_tier": "High Confidence", "pct_water": 0.0, "pct_non_crop": 0.0, "pct_vegetation": 100.0, "crop": "Paddy", "parcel_area_ha": 0.5655, "parcel_area_acres": 1.3974, "affected_area_ha": 0.0, "affected_area_acres": 0.0, "damage_percentage": 0.0, "severity": "No Damage / Unaffected", "severity_score": 0.0, "ndvi_before": 0.17, "ndvi_after": 0.5682, "delta_ndvi": 0.3982, "hazard_type": "Flood / Inundation", "observation_before": "2026-04-22T00:00:00", "observation_after": "2026-09-09T00:00:00", "priority_score": 0.0, "norm_affected_area": 0.0, "norm_damage_pct": 0.0, "recommended_relief_inr": 0.0 }, "geometry": { "type": "Polygon", "coordinates": [ [ [ 77.470287951228059, 8.713757951200201 ], [ 77.471091482710733, 8.71385497787781 ], [ 77.471160919372181, 8.713285704236974 ], [ 77.470357389172051, 8.71318867736999 ], [ 77.470287951228059, 8.713757951200201 ] ] ] } },
{ "type": "Feature", "properties": { "parcel_id": "PARCEL_0040", "taluk": "Ambasamudram", "area_m2": 8434.18, "area_ha": 0.84341762647524243, "area_sq_m": 8434.1762647524247, "area_sq_km": 0.0084341762647524247, "predicted_crop": "Non-Crop", "confidence": 0.6742, "prob_banana": 0.0814, "prob_other": 0.2444, "prob_paddy": 0.6742, "validated_crop": "Non-Crop", "land_cover_type": "Bare Soil / Settlement / Non-Crop", "confidence_tier": "Medium Confidence", "pct_water": 0.0, "pct_non_crop": 90.48, "pct_vegetation": 0.0, "crop": "Non-Crop", "parcel_area_ha": 0.8434, "parcel_area_acres": 2.0841, "affected_area_ha": 0.0, "affected_area_acres": 0.0, "damage_percentage": 0.0, "severity": "No Damage / Unaffected", "severity_score": 0.0, "ndvi_before": 0.1344, "ndvi_after": 0.1366, "delta_ndvi": 0.0022, "hazard_type": "Flood / Inundation", "observation_before": "2026-04-22T00:00:00", "observation_after": "2026-09-09T00:00:00", "priority_score": 0.0, "norm_affected_area": 0.0, "norm_damage_pct": 0.0, "recommended_relief_inr": 0.0 }, "geometry": { "type": "Polygon", "coordinates": [ [ [ 77.427325226677752, 8.696707709065356 ], [ 77.428168457741492, 8.696880517825088 ], [ 77.428331483760587, 8.696092933194537 ], [ 77.427488254586578, 8.695920124327072 ], [ 77.427325226677752, 8.696707709065356 ] ] ] } },
{ "type": "Feature", "properties": { "parcel_id": "PARCEL_0041", "taluk": "Ambasamudram", "area_m2": 4008.18, "area_ha": 0.40081762055819486, "area_sq_m": 4008.1762055819486, "area_sq_km": 0.0040081762055819486, "predicted_crop": "Paddy", "confidence": 0.6514, "prob_banana": 0.1799, "prob_other": 0.1687, "prob_paddy": 0.6514, "validated_crop": "Paddy", "land_cover_type": "Agricultural Paddy", "confidence_tier": "Medium Confidence", "pct_water": 0.0, "pct_non_crop": 0.0, "pct_vegetation": 100.0, "crop": "Paddy", "parcel_area_ha": 0.4008, "parcel_area_acres": 0.9904, "affected_area_ha": 0.0, "affected_area_acres": 0.0, "damage_percentage": 0.0, "severity": "No Damage / Unaffected", "severity_score": 0.0, "ndvi_before": 0.1369, "ndvi_after": 0.6074, "delta_ndvi": 0.4705, "hazard_type": "Flood / Inundation", "observation_before": "2026-04-22T00:00:00", "observation_after": "2026-09-09T00:00:00", "priority_score": 0.0, "norm_affected_area": 0.0, "norm_damage_pct": 0.0, "recommended_relief_inr": 0.0 }, "geometry": { "type": "Polygon", "coordinates": [ [ [ 77.453560167599605, 8.729422359885882 ], [ 77.454059900861751, 8.72934854666631 ], [ 77.453963779099922, 8.728704369375921 ], [ 77.453464046606783, 8.728778182239395 ], [ 77.453560167599605, 8.729422359885882 ] ] ] } },
{ "type": "Feature", "properties": { "parcel_id": "PARCEL_0042", "taluk": "Ambasamudram", "area_m2": 8583.74, "area_ha": 0.85837397991810882, "area_sq_m": 8583.7397991810885, "area_sq_km": 0.0085837397991810893, "predicted_crop": "Paddy", "confidence": 0.8545, "prob_banana": 0.0592, "prob_other": 0.0863, "prob_paddy": 0.8545, "validated_crop": "Paddy", "land_cover_type": "Agricultural Land", "confidence_tier": "High Confidence", "pct_water": 0.0, "pct_non_crop": 47.78, "pct_vegetation": 34.44, "crop": "Paddy", "parcel_area_ha": 0.8584, "parcel_area_acres": 2.1211, "affected_area_ha": 0.0, "affected_area_acres": 0.0, "damage_percentage": 0.0, "severity": "No Damage / Unaffected", "severity_score": 0.0, "ndvi_before": 0.2309, "ndvi_after": 0.2265, "delta_ndvi": -0.0044, "hazard_type": "Flood / Inundation", "observation_before": "2026-04-22T00:00:00", "observation_after": "2026-09-09T00:00:00", "priority_score": 0.0, "norm_affected_area": 0.0, "norm_damage_pct": 0.0, "recommended_relief_inr": 0.0 }, "geometry": { "type": "Polygon", "coordinates": [ [ [ 77.45413942398153, 8.706333208933101 ], [ 77.454937487774288, 8.706329312945485 ], [ 77.454933133902188, 8.705446504377514 ], [ 77.4541350719783, 8.705450399837758 ], [ 77.45413942398153, 8.706333208933101 ] ] ] } },
{ "type": "Feature", "properties": { "parcel_id": "PARCEL_0043", "taluk": "Ambasamudram", "area_m2": 5760.88, "area_ha": 0.57608786634658449, "area_sq_m": 5760.8786634658454, "area_sq_km": 0.0057608786634658453, "predicted_crop": "Paddy", "confidence": 0.6836, "prob_banana": 0.262, "prob_other": 0.0544, "prob_paddy": 0.6836, "validated_crop": "Paddy", "land_cover_type": "Agricultural Paddy", "confidence_tier": "Medium Confidence", "pct_water": 0.0, "pct_non_crop": 0.0, "pct_vegetation": 100.0, "crop": "Paddy", "parcel_area_ha": 0.5761, "parcel_area_acres": 1.4235, "affected_area_ha": 0.0, "affected_area_acres": 0.0, "damage_percentage": 0.0, "severity": "No Damage / Unaffected", "severity_score": 0.0, "ndvi_before": 0.2652, "ndvi_after": 0.4803, "delta_ndvi": 0.215, "hazard_type": "Flood / Inundation", "observation_before": "2026-04-22T00:00:00", "observation_after": "2026-09-09T00:00:00", "priority_score": 0.0, "norm_affected_area": 0.0, "norm_damage_pct": 0.0, "recommended_relief_inr": 0.0 }, "geometry": { "type": "Polygon", "coordinates": [ [ [ 77.435833407048378, 8.738563072209853 ], [ 77.436388662557007, 8.738486350097853 ], [ 77.436272020623903, 8.73765077558576 ], [ 77.435716766235487, 8.73772749719746 ], [ 77.435833407048378, 8.738563072209853 ] ] ] } },
{ "type": "Feature", "properties": { "parcel_id": "PARCEL_0044", "taluk": "Ambasamudram", "area_m2": 6452.34, "area_ha": 0.64523427230680719, "area_sq_m": 6452.3427230680718, "area_sq_km": 0.0064523427230680714, "predicted_crop": "Paddy", "confidence": 0.7422, "prob_banana": 0.1753, "prob_other": 0.0825, "prob_paddy": 0.7422, "validated_crop": "Paddy", "land_cover_type": "Agricultural Paddy", "confidence_tier": "Medium Confidence", "pct_water": 0.0, "pct_non_crop": 9.52, "pct_vegetation": 82.54, "crop": "Paddy", "parcel_area_ha": 0.6452, "parcel_area_acres": 1.5944, "affected_area_ha": 0.0, "affected_area_acres": 0.0, "damage_percentage": 0.0, "severity": "No Damage / Unaffected", "severity_score": 0.0, "ndvi_before": 0.3626, "ndvi_after": 0.3098, "delta_ndvi": -0.0528, "hazard_type": "Flood / Inundation", "observation_before": "2026-04-22T00:00:00", "observation_after": "2026-09-09T00:00:00", "priority_score": 0.0, "norm_affected_area": 0.0, "norm_damage_pct": 0.0, "recommended_relief_inr": 0.0 }, "geometry": { "type": "Polygon", "coordinates": [ [ [ 77.440472202420452, 8.707479554660059 ], [ 77.441003505120548, 8.707623530872885 ], [ 77.441257522653459, 8.706695530596953 ], [ 77.440726221365239, 8.706551554399192 ], [ 77.440472202420452, 8.707479554660059 ] ] ] } },
{ "type": "Feature", "properties": { "parcel_id": "PARCEL_0045", "taluk": "Ambasamudram", "area_m2": 5382.98, "area_ha": 0.53829807278938346, "area_sq_m": 5382.9807278938342, "area_sq_km": 0.0053829807278938345, "predicted_crop": "Paddy", "confidence": 0.8312, "prob_banana": 0.1259, "prob_other": 0.0429, "prob_paddy": 0.8312, "validated_crop": "Paddy", "land_cover_type": "Agricultural Paddy", "confidence_tier": "High Confidence", "pct_water": 0.0, "pct_non_crop": 0.0, "pct_vegetation": 100.0, "crop": "Paddy", "parcel_area_ha": 0.5383, "parcel_area_acres": 1.3302, "affected_area_ha": 0.0, "affected_area_acres": 0.0, "damage_percentage": 0.0, "severity": "No Damage / Unaffected", "severity_score": 0.0, "ndvi_before": 0.1362, "ndvi_after": 0.5184, "delta_ndvi": 0.3822, "hazard_type": "Flood / Inundation", "observation_before": "2026-04-22T00:00:00", "observation_after": "2026-09-09T00:00:00", "priority_score": 0.0, "norm_affected_area": 0.0, "norm_damage_pct": 0.0, "recommended_relief_inr": 0.0 }, "geometry": { "type": "Polygon", "coordinates": [ [ [ 77.436377816434586, 8.716835338356812 ], [ 77.436839821494686, 8.716812548125791 ], [ 77.436792280873618, 8.715858497717724 ], [ 77.43633027695239, 8.715881287570745 ], [ 77.436377816434586, 8.716835338356812 ] ] ] } },
{ "type": "Feature", "properties": { "parcel_id": "PARCEL_0046", "taluk": "Ambasamudram", "area_m2": 7388.68, "area_ha": 0.73886780765195104, "area_sq_m": 7388.6780765195108, "area_sq_km": 0.0073886780765195104, "predicted_crop": "Paddy", "confidence": 0.7598, "prob_banana": 0.1384, "prob_other": 0.1017, "prob_paddy": 0.7598, "validated_crop": "Paddy", "land_cover_type": "Agricultural Paddy", "confidence_tier": "Medium Confidence", "pct_water": 0.0, "pct_non_crop": 0.0, "pct_vegetation": 100.0, "crop": "Paddy", "parcel_area_ha": 0.7389, "parcel_area_acres": 1.8258, "affected_area_ha": 0.0, "affected_area_acres": 0.0, "damage_percentage": 0.0, "severity": "No Damage / Unaffected", "severity_score": 0.0, "ndvi_before": 0.1679, "ndvi_after": 0.5388, "delta_ndvi": 0.3709, "hazard_type": "Flood / Inundation", "observation_before": "2026-04-22T00:00:00", "observation_after": "2026-09-09T00:00:00", "priority_score": 0.0, "norm_affected_area": 0.0, "norm_damage_pct": 0.0, "recommended_relief_inr": 0.0 }, "geometry": { "type": "Polygon", "coordinates": [ [ [ 77.432569041972513, 8.717546584081227 ], [ 77.433228579518172, 8.717469929881872 ], [ 77.433122068380811, 8.716562724278687 ], [ 77.432462532304527, 8.71663937786577 ], [ 77.432569041972513, 8.717546584081227 ] ] ] } },
{ "type": "Feature", "properties": { "parcel_id": "PARCEL_0047", "taluk": "Ambasamudram", "area_m2": 9742.28, "area_ha": 0.97422835341185732, "area_sq_m": 9742.2835341185728, "area_sq_km": 0.0097422835341185732, "predicted_crop": "Paddy", "confidence": 0.7149, "prob_banana": 0.2641, "prob_other": 0.021, "prob_paddy": 0.7149, "validated_crop": "Paddy", "land_cover_type": "Agricultural Paddy", "confidence_tier": "Medium Confidence", "pct_water": 0.0, "pct_non_crop": 0.0, "pct_vegetation": 100.0, "crop": "Paddy", "parcel_area_ha": 0.9742, "parcel_area_acres": 2.4074, "affected_area_ha": 0.0, "affected_area_acres": 0.0, "damage_percentage": 0.0, "severity": "No Damage / Unaffected", "severity_score": 0.0, "ndvi_before": 0.2108, "ndvi_after": 0.5365, "delta_ndvi": 0.3257, "hazard_type": "Flood / Inundation", "observation_before": "2026-04-22T00:00:00", "observation_after": "2026-09-09T00:00:00", "priority_score": 0.0, "norm_affected_area": 0.0, "norm_damage_pct": 0.0, "recommended_relief_inr": 0.0 }, "geometry": { "type": "Polygon", "coordinates": [ [ [ 77.443104016924153, 8.695446166433772 ], [ 77.444067680261469, 8.695480301952889 ], [ 77.444097330385588, 8.694651562392501 ], [ 77.443133669209018, 8.694617426362889 ], [ 77.443104016924153, 8.695446166433772 ] ] ] } },
{ "type": "Feature", "properties": { "parcel_id": "PARCEL_0048", "taluk": "Ambasamudram", "area_m2": 6389.7, "area_ha": 0.63897001830635158, "area_sq_m": 6389.7001830635163, "area_sq_km": 0.0063897001830635165, "predicted_crop": "Paddy", "confidence": 0.9135, "prob_banana": 0.0337, "prob_other": 0.0528, "prob_paddy": 0.9135, "validated_crop": "Paddy", "land_cover_type": "Agricultural Paddy", "confidence_tier": "High Confidence", "pct_water": 0.0, "pct_non_crop": 13.64, "pct_vegetation": 59.09, "crop": "Paddy", "parcel_area_ha": 0.639, "parcel_area_acres": 1.5789, "affected_area_ha": 0.0, "affected_area_acres": 0.0, "damage_percentage": 0.0, "severity": "No Damage / Unaffected", "severity_score": 0.0, "ndvi_before": 0.2801, "ndvi_after": 0.286, "delta_ndvi": 0.0059, "hazard_type": "Flood / Inundation", "observation_before": "2026-04-22T00:00:00", "observation_after": "2026-09-09T00:00:00", "priority_score": 0.0, "norm_affected_area": 0.0, "norm_damage_pct": 0.0, "recommended_relief_inr": 0.0 }, "geometry": { "type": "Polygon", "coordinates": [ [ [ 77.443408997123981, 8.700045585732052 ], [ 77.444402644584372, 8.700050076303866 ], [ 77.44440505332102, 8.699522267202337 ], [ 77.443411407258111, 8.699517776252478 ], [ 77.443408997123981, 8.700045585732052 ] ] ] } },
{ "type": "Feature", "properties": { "parcel_id": "PARCEL_0049", "taluk": "Ambasamudram", "area_m2": 8461.21, "area_ha": 0.84612123465628686, "area_sq_m": 8461.2123465628683, "area_sq_km": 0.0084612123465628679, "predicted_crop": "Paddy", "confidence": 0.6221, "prob_banana": 0.3237, "prob_other": 0.0541, "prob_paddy": 0.6221, "validated_crop": "Paddy", "land_cover_type": "Agricultural Paddy", "confidence_tier": "Medium Confidence", "pct_water": 0.0, "pct_non_crop": 0.0, "pct_vegetation": 100.0, "crop": "Paddy", "parcel_area_ha": 0.8461, "parcel_area_acres": 2.0908, "affected_area_ha": 0.0, "affected_area_acres": 0.0, "damage_percentage": 0.0, "severity": "No Damage / Unaffected", "severity_score": 0.0, "ndvi_before": 0.2099, "ndvi_after": 0.5261, "delta_ndvi": 0.3163, "hazard_type": "Flood / Inundation", "observation_before": "2026-04-22T00:00:00", "observation_after": "2026-09-09T00:00:00", "priority_score": 0.0, "norm_affected_area": 0.0, "norm_damage_pct": 0.0, "recommended_relief_inr": 0.0 }, "geometry": { "type": "Polygon", "coordinates": [ [ [ 77.445699720733387, 8.715076584226262 ], [ 77.446530284790825, 8.715001360280821 ], [ 77.446454409416987, 8.714172027249933 ], [ 77.445623847085997, 8.714247250531372 ], [ 77.445699720733387, 8.715076584226262 ] ] ] } },
{ "type": "Feature", "properties": { "parcel_id": "PARCEL_0050", "taluk": "Ambasamudram", "area_m2": 10060.29, "area_ha": 1.0060293977742201, "area_sq_m": 10060.2939777422, "area_sq_km": 0.010060293977742199, "predicted_crop": "Paddy", "confidence": 0.7615, "prob_banana": 0.1657, "prob_other": 0.0728, "prob_paddy": 0.7615, "validated_crop": "Paddy", "land_cover_type": "Agricultural Paddy", "confidence_tier": "Medium Confidence", "pct_water": 0.0, "pct_non_crop": 4.95, "pct_vegetation": 88.12, "crop": "Paddy", "parcel_area_ha": 1.006, "parcel_area_acres": 2.486, "affected_area_ha": 0.0, "affected_area_acres": 0.0, "damage_percentage": 0.0, "severity": "No Damage / Unaffected", "severity_score": 0.0, "ndvi_before": 0.3939, "ndvi_after": 0.4215, "delta_ndvi": 0.0277, "hazard_type": "Flood / Inundation", "observation_before": "2026-04-22T00:00:00", "observation_after": "2026-09-09T00:00:00", "priority_score": 0.0, "norm_affected_area": 0.0, "norm_damage_pct": 0.0, "recommended_relief_inr": 0.0 }, "geometry": { "type": "Polygon", "coordinates": [ [ [ 77.454397309602541, 8.702277482018438 ], [ 77.455266925942652, 8.702490564429676 ], [ 77.455488500593461, 8.701595310307534 ], [ 77.454618886481327, 8.701382227856209 ], [ 77.454397309602541, 8.702277482018438 ] ] ] } },
{ "type": "Feature", "properties": { "parcel_id": "PARCEL_0052", "taluk": "Ambasamudram", "area_m2": 5097.74, "area_ha": 0.5097737116826393, "area_sq_m": 5097.7371168263926, "area_sq_km": 0.0050977371168263929, "predicted_crop": "Paddy", "confidence": 0.7984, "prob_banana": 0.1128, "prob_other": 0.0888, "prob_paddy": 0.7984, "validated_crop": "Paddy", "land_cover_type": "Agricultural Paddy", "confidence_tier": "Medium Confidence", "pct_water": 0.0, "pct_non_crop": 0.0, "pct_vegetation": 96.08, "crop": "Paddy", "parcel_area_ha": 0.5098, "parcel_area_acres": 1.2597, "affected_area_ha": 0.0, "affected_area_acres": 0.0, "damage_percentage": 0.0, "severity": "No Damage / Unaffected", "severity_score": 0.0, "ndvi_before": 0.2306, "ndvi_after": 0.3805, "delta_ndvi": 0.1499, "hazard_type": "Flood / Inundation", "observation_before": "2026-04-22T00:00:00", "observation_after": "2026-09-09T00:00:00", "priority_score": 0.0, "norm_affected_area": 0.0, "norm_damage_pct": 0.0, "recommended_relief_inr": 0.0 }, "geometry": { "type": "Polygon", "coordinates": [ [ [ 77.443770610983577, 8.710862889555111 ], [ 77.444389090273773, 8.710705710336907 ], [ 77.444226047800726, 8.710070592258166 ], [ 77.44360756933996, 8.710227770946457 ], [ 77.443770610983577, 8.710862889555111 ] ] ] } },
{ "type": "Feature", "properties": { "parcel_id": "PARCEL_0053", "taluk": "Ambasamudram", "area_m2": 6434.28, "area_ha": 0.6434283317807783, "area_sq_m": 6434.2833178077826, "area_sq_km": 0.0064342833178077825, "predicted_crop": "Paddy", "confidence": 0.5655, "prob_banana": 0.0465, "prob_other": 0.388, "prob_paddy": 0.5655, "validated_crop": "Paddy", "land_cover_type": "Agricultural Paddy", "confidence_tier": "Low Confidence / Review", "pct_water": 0.0, "pct_non_crop": 6.25, "pct_vegetation": 71.88, "crop": "Paddy", "parcel_area_ha": 0.6434, "parcel_area_acres": 1.5899, "affected_area_ha": 0.0, "affected_area_acres": 0.0, "damage_percentage": 0.0, "severity": "No Damage / Unaffected", "severity_score": 0.0, "ndvi_before": 0.2667, "ndvi_after": 0.2142, "delta_ndvi": -0.0525, "hazard_type": "Flood / Inundation", "observation_before": "2026-04-22T00:00:00", "observation_after": "2026-09-09T00:00:00", "priority_score": 0.0, "norm_affected_area": 0.0, "norm_damage_pct": 0.0, "recommended_relief_inr": 0.0 }, "geometry": { "type": "Polygon", "coordinates": [ [ [ 77.431958429117785, 8.709936220617724 ], [ 77.432659914390783, 8.709841769155275 ], [ 77.432559355142232, 8.709102407935987 ], [ 77.43185787112121, 8.709196858844718 ], [ 77.431958429117785, 8.709936220617724 ] ] ] } },
{ "type": "Feature", "properties": { "parcel_id": "PARCEL_0054", "taluk": "Ambasamudram", "area_m2": 5190.45, "area_ha": 0.51904477558435469, "area_sq_m": 5190.4477558435465, "area_sq_km": 0.0051904477558435465, "predicted_crop": "Non-Crop", "confidence": 0.6291, "prob_banana": 0.0636, "prob_other": 0.3074, "prob_paddy": 0.6291, "validated_crop": "Non-Crop", "land_cover_type": "Bare Soil / Settlement / Non-Crop", "confidence_tier": "Medium Confidence", "pct_water": 0.0, "pct_non_crop": 62.75, "pct_vegetation": 0.0, "crop": "Non-Crop", "parcel_area_ha": 0.519, "parcel_area_acres": 1.2826, "affected_area_ha": 0.0, "affected_area_acres": 0.0, "damage_percentage": 0.0, "severity": "No Damage / Unaffected", "severity_score": 0.0, "ndvi_before": 0.1743, "ndvi_after": 0.1465, "delta_ndvi": -0.0278, "hazard_type": "Flood / Inundation", "observation_before": "2026-04-22T00:00:00", "observation_after": "2026-09-09T00:00:00", "priority_score": 0.0, "norm_affected_area": 0.0, "norm_damage_pct": 0.0, "recommended_relief_inr": 0.0 }, "geometry": { "type": "Polygon", "coordinates": [ [ [ 77.433221203822171, 8.709962144876762 ], [ 77.433693765066977, 8.7099195611816 ], [ 77.433612366949276, 8.709025320149957 ], [ 77.43313980676362, 8.709067903439884 ], [ 77.433221203822171, 8.709962144876762 ] ] ] } },
{ "type": "Feature", "properties": { "parcel_id": "PARCEL_0055", "taluk": "Ambasamudram", "area_m2": 6055.69, "area_ha": 0.60556946210542062, "area_sq_m": 6055.6946210542064, "area_sq_km": 0.0060556946210542067, "predicted_crop": "Paddy", "confidence": 0.5553, "prob_banana": 0.3158, "prob_other": 0.1289, "prob_paddy": 0.5553, "validated_crop": "Paddy", "land_cover_type": "Agricultural Paddy", "confidence_tier": "Low Confidence / Review", "pct_water": 0.0, "pct_non_crop": 0.0, "pct_vegetation": 100.0, "crop": "Paddy", "parcel_area_ha": 0.6056, "parcel_area_acres": 1.4964, "affected_area_ha": 0.0, "affected_area_acres": 0.0, "damage_percentage": 0.0, "severity": "No Damage / Unaffected", "severity_score": 0.0, "ndvi_before": 0.4038, "ndvi_after": 0.5038, "delta_ndvi": 0.1, "hazard_type": "Flood / Inundation", "observation_before": "2026-04-22T00:00:00", "observation_after": "2026-09-09T00:00:00", "priority_score": 0.0, "norm_affected_area": 0.0, "norm_damage_pct": 0.0, "recommended_relief_inr": 0.0 }, "geometry": { "type": "Polygon", "coordinates": [ [ [ 77.440708221985815, 8.697140938223706 ], [ 77.441579975346059, 8.697199392242577 ], [ 77.441618416534766, 8.696631797020967 ], [ 77.440746664532341, 8.696573342728206 ], [ 77.440708221985815, 8.697140938223706 ] ] ] } },
{ "type": "Feature", "properties": { "parcel_id": "PARCEL_0056", "taluk": "Ambasamudram", "area_m2": 8256.76, "area_ha": 0.82567600840625566, "area_sq_m": 8256.7600840625564, "area_sq_km": 0.0082567600840625557, "predicted_crop": "Paddy", "confidence": 0.7957, "prob_banana": 0.1071, "prob_other": 0.0972, "prob_paddy": 0.7957, "validated_crop": "Paddy", "land_cover_type": "Agricultural Paddy", "confidence_tier": "Medium Confidence", "pct_water": 0.0, "pct_non_crop": 3.66, "pct_vegetation": 81.71, "crop": "Paddy", "parcel_area_ha": 0.8257, "parcel_area_acres": 2.0403, "affected_area_ha": 0.0, "affected_area_acres": 0.0, "damage_percentage": 0.0, "severity": "No Damage / Unaffected", "severity_score": 0.0, "ndvi_before": 0.2991, "ndvi_after": 0.2452, "delta_ndvi": -0.0539, "hazard_type": "Flood / Inundation", "observation_before": "2026-04-22T00:00:00", "observation_after": "2026-09-09T00:00:00", "priority_score": 0.0, "norm_affected_area": 0.0, "norm_damage_pct": 0.0, "recommended_relief_inr": 0.0 }, "geometry": { "type": "Polygon", "coordinates": [ [ [ 77.478874651695818, 8.728614531386231 ], [ 77.479645205552245, 8.728834104016787 ], [ 77.479879200719139, 8.72802124472126 ], [ 77.479108648664152, 8.727801672130919 ], [ 77.478874651695818, 8.728614531386231 ] ] ] } },
{ "type": "Feature", "properties": { "parcel_id": "PARCEL_0057", "taluk": "Ambasamudram", "area_m2": 6473.36, "area_ha": 0.64733587803650838, "area_sq_m": 6473.3587803650835, "area_sq_km": 0.0064733587803650836, "predicted_crop": "Paddy", "confidence": 0.9218, "prob_banana": 0.0449, "prob_other": 0.0334, "prob_paddy": 0.9218, "validated_crop": "Paddy", "land_cover_type": "Agricultural Paddy", "confidence_tier": "High Confidence", "pct_water": 0.0, "pct_non_crop": 3.12, "pct_vegetation": 78.12, "crop": "Paddy", "parcel_area_ha": 0.6473, "parcel_area_acres": 1.5996, "affected_area_ha": 0.0, "affected_area_acres": 0.0, "damage_percentage": 0.0, "severity": "No Damage / Unaffected", "severity_score": 0.0, "ndvi_before": 0.3342, "ndvi_after": 0.3331, "delta_ndvi": -0.0012, "hazard_type": "Flood / Inundation", "observation_before": "2026-04-22T00:00:00", "observation_after": "2026-09-09T00:00:00", "priority_score": 0.0, "norm_affected_area": 0.0, "norm_damage_pct": 0.0, "recommended_relief_inr": 0.0 }, "geometry": { "type": "Polygon", "coordinates": [ [ [ 77.406662011345887, 8.711131779850852 ], [ 77.40754870572782, 8.711093834658941 ], [ 77.407522847714063, 8.710495662009652 ], [ 77.406636154707982, 8.710533606760256 ], [ 77.406662011345887, 8.711131779850852 ] ] ] } },
{ "type": "Feature", "properties": { "parcel_id": "PARCEL_0058", "taluk": "Ambasamudram", "area_m2": 3586.79, "area_ha": 0.35867888316260066, "area_sq_m": 3586.7888316260064, "area_sq_km": 0.0035867888316260064, "predicted_crop": "Paddy", "confidence": 0.7425, "prob_banana": 0.0537, "prob_other": 0.2038, "prob_paddy": 0.7425, "validated_crop": "Paddy", "land_cover_type": "Agricultural Paddy", "confidence_tier": "Medium Confidence", "pct_water": 0.0, "pct_non_crop": 0.0, "pct_vegetation": 94.44, "crop": "Paddy", "parcel_area_ha": 0.3587, "parcel_area_acres": 0.8863, "affected_area_ha": 0.0, "affected_area_acres": 0.0, "damage_percentage": 0.0, "severity": "No Damage / Unaffected", "severity_score": 0.0, "ndvi_before": 0.3716, "ndvi_after": 0.2077, "delta_ndvi": -0.1639, "hazard_type": "Flood / Inundation", "observation_before": "2026-04-22T00:00:00", "observation_after": "2026-09-09T00:00:00", "priority_score": 0.0, "norm_affected_area": 0.0, "norm_damage_pct": 0.0, "recommended_relief_inr": 0.0 }, "geometry": { "type": "Polygon", "coordinates": [ [ [ 77.427457335675271, 8.726984860914071 ], [ 77.427999258321591, 8.726899901939689 ], [ 77.427915296351784, 8.726369755725635 ], [ 77.427373374386264, 8.726454714378216 ], [ 77.427457335675271, 8.726984860914071 ] ] ] } },
{ "type": "Feature", "properties": { "parcel_id": "PARCEL_0059", "taluk": "Ambasamudram", "area_m2": 5985.72, "area_ha": 0.59857156688910673, "area_sq_m": 5985.7156688910673, "area_sq_km": 0.0059857156688910675, "predicted_crop": "Paddy", "confidence": 0.852, "prob_banana": 0.1297, "prob_other": 0.0183, "prob_paddy": 0.852, "validated_crop": "Paddy", "land_cover_type": "Agricultural Paddy", "confidence_tier": "High Confidence", "pct_water": 0.0, "pct_non_crop": 0.0, "pct_vegetation": 100.0, "crop": "Paddy", "parcel_area_ha": 0.5986, "parcel_area_acres": 1.4791, "affected_area_ha": 0.0, "affected_area_acres": 0.0, "damage_percentage": 0.0, "severity": "No Damage / Unaffected", "severity_score": 0.0, "ndvi_before": 0.1474, "ndvi_after": 0.5502, "delta_ndvi": 0.4028, "hazard_type": "Flood / Inundation", "observation_before": "2026-04-22T00:00:00", "observation_after": "2026-09-09T00:00:00", "priority_score": 0.0, "norm_affected_area": 0.0, "norm_damage_pct": 0.0, "recommended_relief_inr": 0.0 }, "geometry": { "type": "Polygon", "coordinates": [ [ [ 77.46860699288581, 8.712970439200909 ], [ 77.469392199741833, 8.713183622470483 ], [ 77.469551907883357, 8.712601279914594 ], [ 77.468766702339593, 8.712388096656369 ], [ 77.46860699288581, 8.712970439200909 ] ] ] } },
{ "type": "Feature", "properties": { "parcel_id": "PARCEL_0060", "taluk": "Ambasamudram", "area_m2": 6518.0, "area_ha": 0.6518003453899498, "area_sq_m": 6518.0034538994978, "area_sq_km": 0.0065180034538994975, "predicted_crop": "Paddy", "confidence": 0.6804, "prob_banana": 0.0835, "prob_other": 0.2361, "prob_paddy": 0.6804, "validated_crop": "Paddy", "land_cover_type": "Agricultural Land", "confidence_tier": "Medium Confidence", "pct_water": 0.0, "pct_non_crop": 26.15, "pct_vegetation": 24.62, "crop": "Paddy", "parcel_area_ha": 0.6518, "parcel_area_acres": 1.6106, "affected_area_ha": 0.0, "affected_area_acres": 0.0, "damage_percentage": 0.0, "severity": "No Damage / Unaffected", "severity_score": 0.0, "ndvi_before": 0.2226, "ndvi_after": 0.2147, "delta_ndvi": -0.008, "hazard_type": "Flood / Inundation", "observation_before": "2026-04-22T00:00:00", "observation_after": "2026-09-09T00:00:00", "priority_score": 0.0, "norm_affected_area": 0.0, "norm_damage_pct": 0.0, "recommended_relief_inr": 0.0 }, "geometry": { "type": "Polygon", "coordinates": [ [ [ 77.446137802975514, 8.726845743375822 ], [ 77.446915551712209, 8.726722578171916 ], [ 77.446808217066391, 8.72605164987662 ], [ 77.44603046956334, 8.726174814491182 ], [ 77.446137802975514, 8.726845743375822 ] ] ] } },
{ "type": "Feature", "properties": { "parcel_id": "PARCEL_0061", "taluk": "Cheranmahadevi", "area_m2": 2897.41, "area_ha": 0.28974128722486292, "area_sq_m": 2897.4128722486294, "area_sq_km": 0.0028974128722486295, "predicted_crop": "Non-Crop", "confidence": 0.9898, "prob_banana": 0.0102, "prob_other": 0.0, "prob_paddy": 0.9898, "validated_crop": "Non-Crop", "land_cover_type": "Bare Soil / Settlement / Non-Crop", "confidence_tier": "High Confidence", "pct_water": 0.0, "pct_non_crop": 53.57, "pct_vegetation": 0.0, "crop": "Non-Crop", "parcel_area_ha": 0.2897, "parcel_area_acres": 0.716, "affected_area_ha": 0.0, "affected_area_acres": 0.0, "damage_percentage": 0.0, "severity": "No Damage / Unaffected", "severity_score": 0.0, "ndvi_before": 0.1834, "ndvi_after": 0.0, "delta_ndvi": -0.1834, "hazard_type": "Flood / Inundation", "observation_before": "2026-04-22T00:00:00", "observation_after": "2026-09-09T00:00:00", "priority_score": 0.0, "norm_affected_area": 0.0, "norm_damage_pct": 0.0, "recommended_relief_inr": 0.0 }, "geometry": { "type": "Polygon", "coordinates": [ [ [ 77.569558423027601, 8.682290907664456 ], [ 77.570002444224272, 8.682164254622837 ], [ 77.569859894606637, 8.681669437057932 ], [ 77.569415873847419, 8.681796089780864 ], [ 77.569558423027601, 8.682290907664456 ] ] ] } },
{ "type": "Feature", "properties": { "parcel_id": "PARCEL_0062", "taluk": "Cheranmahadevi", "area_m2": 4441.5, "area_ha": 0.444149868272395, "area_sq_m": 4441.49868272395, "area_sq_km": 0.0044414986827239497, "predicted_crop": "Paddy", "confidence": 0.9412, "prob_banana": 0.0372, "prob_other": 0.0215, "prob_paddy": 0.9412, "validated_crop": "Paddy", "land_cover_type": "Agricultural Land", "confidence_tier": "High Confidence", "pct_water": 0.0, "pct_non_crop": 40.0, "pct_vegetation": 24.44, "crop": "Paddy", "parcel_area_ha": 0.4441, "parcel_area_acres": 1.0975, "affected_area_ha": 0.0, "affected_area_acres": 0.0, "damage_percentage": 0.0, "severity": "No Damage / Unaffected", "severity_score": 0.0, "ndvi_before": 0.1611, "ndvi_after": 0.0, "delta_ndvi": -0.1611, "hazard_type": "Flood / Inundation", "observation_before": "2026-04-22T00:00:00", "observation_after": "2026-09-09T00:00:00", "priority_score": 0.0, "norm_affected_area": 0.0, "norm_damage_pct": 0.0, "recommended_relief_inr": 0.0 }, "geometry": { "type": "Polygon", "coordinates": [ [ [ 77.545063291259524, 8.710482678257282 ], [ 77.545570577900378, 8.710471244491778 ], [ 77.545554226496407, 8.709753058345376 ], [ 77.545046940812071, 8.709764491811576 ], [ 77.545063291259524, 8.710482678257282 ] ] ] } },
{ "type": "Feature", "properties": { "parcel_id": "PARCEL_0063", "taluk": "Cheranmahadevi", "area_m2": 6426.57, "area_ha": 0.64265735444638805, "area_sq_m": 6426.5735444638804, "area_sq_km": 0.0064265735444638808, "predicted_crop": "Paddy", "confidence": 0.9008, "prob_banana": 0.0286, "prob_other": 0.0706, "prob_paddy": 0.9008, "validated_crop": "Paddy", "land_cover_type": "Agricultural Paddy", "confidence_tier": "High Confidence", "pct_water": 0.0, "pct_non_crop": 0.0, "pct_vegetation": 62.9, "crop": "Paddy", "parcel_area_ha": 0.6427, "parcel_area_acres": 1.588, "affected_area_ha": 0.0, "affected_area_acres": 0.0, "damage_percentage": 0.0, "severity": "No Damage / Unaffected", "severity_score": 0.0, "ndvi_before": 0.3081, "ndvi_after": 0.0, "delta_ndvi": -0.3081, "hazard_type": "Flood / Inundation", "observation_before": "2026-04-22T00:00:00", "observation_after": "2026-09-09T00:00:00", "priority_score": 0.0, "norm_affected_area": 0.0, "norm_damage_pct": 0.0, "recommended_relief_inr": 0.0 }, "geometry": { "type": "Polygon", "coordinates": [ [ [ 77.544468265711643, 8.676657036772962 ], [ 77.545137611132233, 8.67670664944454 ], [ 77.54519626625094, 8.675923090129256 ], [ 77.544526922272979, 8.675873477160938 ], [ 77.544468265711643, 8.676657036772962 ] ] ] } },
{ "type": "Feature", "properties": { "parcel_id": "PARCEL_0064", "taluk": "Cheranmahadevi", "area_m2": 7020.6, "area_ha": 0.70206026618687856, "area_sq_m": 7020.6026618687856, "area_sq_km": 0.0070206026618687854, "predicted_crop": "Non-Crop", "confidence": 1.0, "prob_banana": 0.0, "prob_other": 0.0, "prob_paddy": 1.0, "validated_crop": "Non-Crop", "land_cover_type": "Bare Soil / Settlement / Non-Crop", "confidence_tier": "High Confidence", "pct_water": 0.0, "pct_non_crop": 100.0, "pct_vegetation": 0.0, "crop": "Non-Crop", "parcel_area_ha": 0.7021, "parcel_area_acres": 1.7348, "affected_area_ha": 0.0, "affected_area_acres": 0.0, "damage_percentage": 0.0, "severity": "No Damage / Unaffected", "severity_score": 0.0, "ndvi_before": 0.1321, "ndvi_after": 0.0, "delta_ndvi": -0.1321, "hazard_type": "Flood / Inundation", "observation_before": "2026-04-22T00:00:00", "observation_after": "2026-09-09T00:00:00", "priority_score": 0.0, "norm_affected_area": 0.0, "norm_damage_pct": 0.0, "recommended_relief_inr": 0.0 }, "geometry": { "type": "Polygon", "coordinates": [ [ [ 77.546454981937245, 8.685030611836979 ], [ 77.547233076023801, 8.685193351296485 ], [ 77.547382870059906, 8.684484230243585 ], [ 77.546604777550911, 8.684321490682178 ], [ 77.546454981937245, 8.685030611836979 ] ] ] } },
{ "type": "Feature", "properties": { "parcel_id": "PARCEL_0065", "taluk": "Cheranmahadevi", "area_m2": 4802.17, "area_ha": 0.48021690823895685, "area_sq_m": 4802.1690823895688, "area_sq_km": 0.0048021690823895685, "predicted_crop": "Non-Crop", "confidence": 0.9906, "prob_banana": 0.0094, "prob_other": 0.0, "prob_paddy": 0.9906, "validated_crop": "Non-Crop", "land_cover_type": "Bare Soil / Settlement / Non-Crop", "confidence_tier": "High Confidence", "pct_water": 0.0, "pct_non_crop": 100.0, "pct_vegetation": 0.0, "crop": "Non-Crop", "parcel_area_ha": 0.4802, "parcel_area_acres": 1.1866, "affected_area_ha": 0.0, "affected_area_acres": 0.0, "damage_percentage": 0.0, "severity": "No Damage / Unaffected", "severity_score": 0.0, "ndvi_before": 0.1163, "ndvi_after": 0.0, "delta_ndvi": -0.1163, "hazard_type": "Flood / Inundation", "observation_before": "2026-04-22T00:00:00", "observation_after": "2026-09-09T00:00:00", "priority_score": 0.0, "norm_affected_area": 0.0, "norm_damage_pct": 0.0, "recommended_relief_inr": 0.0 }, "geometry": { "type": "Polygon", "coordinates": [ [ [ 77.532920835598048, 8.695364257906137 ], [ 77.53339270250126, 8.695223748886026 ], [ 77.533162152208646, 8.694457196634794 ], [ 77.532690286015139, 8.694597705123742 ], [ 77.532920835598048, 8.695364257906137 ] ] ] } },
{ "type": "Feature", "properties": { "parcel_id": "PARCEL_0066", "taluk": "Cheranmahadevi", "area_m2": 6195.11, "area_ha": 0.61951066812253175, "area_sq_m": 6195.1066812253175, "area_sq_km": 0.0061951066812253172, "predicted_crop": "Non-Crop", "confidence": 0.9974, "prob_banana": 0.0026, "prob_other": 0.0, "prob_paddy": 0.9974, "validated_crop": "Non-Crop", "land_cover_type": "Bare Soil / Settlement / Non-Crop", "confidence_tier": "High Confidence", "pct_water": 0.0, "pct_non_crop": 100.0, "pct_vegetation": 0.0, "crop": "Non-Crop", "parcel_area_ha": 0.6195, "parcel_area_acres": 1.5308, "affected_area_ha": 0.0, "affected_area_acres": 0.0, "damage_percentage": 0.0, "severity": "No Damage / Unaffected", "severity_score": 0.0, "ndvi_before": 0.1309, "ndvi_after": 0.0, "delta_ndvi": -0.1309, "hazard_type": "Flood / Inundation", "observation_before": "2026-04-22T00:00:00", "observation_after": "2026-09-09T00:00:00", "priority_score": 0.0, "norm_affected_area": 0.0, "norm_damage_pct": 0.0, "recommended_relief_inr": 0.0 }, "geometry": { "type": "Polygon", "coordinates": [ [ [ 77.559231195866559, 8.691389037501335 ], [ 77.55999643610545, 8.691449483060527 ], [ 77.560049106623936, 8.690789283367439 ], [ 77.559283867780167, 8.690728837527091 ], [ 77.559231195866559, 8.691389037501335 ] ] ] } },
{ "type": "Feature", "properties": { "parcel_id": "PARCEL_0067", "taluk": "Cheranmahadevi", "area_m2": 7791.31, "area_ha": 0.77913097055549352, "area_sq_m": 7791.3097055549351, "area_sq_km": 0.0077913097055549354, "predicted_crop": "Paddy", "confidence": 1.0, "prob_banana": 0.0, "prob_other": 0.0, "prob_paddy": 1.0, "validated_crop": "Paddy", "land_cover_type": "Agricultural Land", "confidence_tier": "High Confidence", "pct_water": 0.0, "pct_non_crop": 7.69, "pct_vegetation": 1.28, "crop": "Paddy", "parcel_area_ha": 0.7791, "parcel_area_acres": 1.9253, "affected_area_ha": 0.0, "affected_area_acres": 0.0, "damage_percentage": 0.0, "severity": "No Damage / Unaffected", "severity_score": 0.0, "ndvi_before": 0.1775, "ndvi_after": 0.0, "delta_ndvi": -0.1775, "hazard_type": "Flood / Inundation", "observation_before": "2026-04-22T00:00:00", "observation_after": "2026-09-09T00:00:00", "priority_score": 0.0, "norm_affected_area": 0.0, "norm_damage_pct": 0.0, "recommended_relief_inr": 0.0 }, "geometry": { "type": "Polygon", "coordinates": [ [ [ 77.583219700627666, 8.668581319860529 ], [ 77.584151686332433, 8.668837900679735 ], [ 77.584328848295726, 8.668200693685428 ], [ 77.583396864299459, 8.667944112866753 ], [ 77.583219700627666, 8.668581319860529 ] ] ] } },
{ "type": "Feature", "properties": { "parcel_id": "PARCEL_0068", "taluk": "Cheranmahadevi", "area_m2": 6961.73, "area_ha": 0.69617335091844279, "area_sq_m": 6961.7335091844279, "area_sq_km": 0.0069617335091844276, "predicted_crop": "Paddy", "confidence": 0.9968, "prob_banana": 0.0, "prob_other": 0.0032, "prob_paddy": 0.9968, "validated_crop": "Paddy", "land_cover_type": "Agricultural Land", "confidence_tier": "High Confidence", "pct_water": 0.0, "pct_non_crop": 31.43, "pct_vegetation": 24.29, "crop": "Paddy", "parcel_area_ha": 0.6962, "parcel_area_acres": 1.7203, "affected_area_ha": 0.0, "affected_area_acres": 0.0, "damage_percentage": 0.0, "severity": "No Damage / Unaffected", "severity_score": 0.0, "ndvi_before": 0.2331, "ndvi_after": 0.0, "delta_ndvi": -0.2331, "hazard_type": "Flood / Inundation", "observation_before": "2026-04-22T00:00:00", "observation_after": "2026-09-09T00:00:00", "priority_score": 0.0, "norm_affected_area": 0.0, "norm_damage_pct": 0.0, "recommended_relief_inr": 0.0 }, "geometry": { "type": "Polygon", "coordinates": [ [ [ 77.540947161312573, 8.692622794809242 ], [ 77.541548342226918, 8.69244249818866 ], [ 77.541284447532746, 8.691571302958327 ], [ 77.54068326764137, 8.691751598806372 ], [ 77.540947161312573, 8.692622794809242 ] ] ] } },
{ "type": "Feature", "properties": { "parcel_id": "PARCEL_0069", "taluk": "Cheranmahadevi", "area_m2": 5241.09, "area_ha": 0.52410933563158024, "area_sq_m": 5241.0933563158023, "area_sq_km": 0.005241093356315802, "predicted_crop": "Non-Crop", "confidence": 0.9974, "prob_banana": 0.0026, "prob_other": 0.0, "prob_paddy": 0.9974, "validated_crop": "Non-Crop", "land_cover_type": "Bare Soil / Settlement / Non-Crop", "confidence_tier": "High Confidence", "pct_water": 0.0, "pct_non_crop": 98.21, "pct_vegetation": 0.0, "crop": "Non-Crop", "parcel_area_ha": 0.5241, "parcel_area_acres": 1.2951, "affected_area_ha": 0.0, "affected_area_acres": 0.0, "damage_percentage": 0.0, "severity": "No Damage / Unaffected", "severity_score": 0.0, "ndvi_before": 0.1627, "ndvi_after": 0.0, "delta_ndvi": -0.1627, "hazard_type": "Flood / Inundation", "observation_before": "2026-04-22T00:00:00", "observation_after": "2026-09-09T00:00:00", "priority_score": 0.0, "norm_affected_area": 0.0, "norm_damage_pct": 0.0, "recommended_relief_inr": 0.0 }, "geometry": { "type": "Polygon", "coordinates": [ [ [ 77.539192098324165, 8.699465427647509 ], [ 77.539709287236491, 8.699501849053252 ], [ 77.539768148779928, 8.698674330387473 ], [ 77.539250961045894, 8.698637908736217 ], [ 77.539192098324165, 8.699465427647509 ] ] ] } },
{ "type": "Feature", "properties": { "parcel_id": "PARCEL_0070", "taluk": "Cheranmahadevi", "area_m2": 6572.34, "area_ha": 0.65723403516367296, "area_sq_m": 6572.3403516367298, "area_sq_km": 0.0065723403516367296, "predicted_crop": "Non-Crop", "confidence": 0.9909, "prob_banana": 0.0052, "prob_other": 0.0039, "prob_paddy": 0.9909, "validated_crop": "Non-Crop", "land_cover_type": "Bare Soil / Settlement / Non-Crop", "confidence_tier": "High Confidence", "pct_water": 0.0, "pct_non_crop": 95.45, "pct_vegetation": 0.0, "crop": "Non-Crop", "parcel_area_ha": 0.6572, "parcel_area_acres": 1.6241, "affected_area_ha": 0.0, "affected_area_acres": 0.0, "damage_percentage": 0.0, "severity": "No Damage / Unaffected", "severity_score": 0.0, "ndvi_before": 0.1125, "ndvi_after": 0.0, "delta_ndvi": -0.1125, "hazard_type": "Flood / Inundation", "observation_before": "2026-04-22T00:00:00", "observation_after": "2026-09-09T00:00:00", "priority_score": 0.0, "norm_affected_area": 0.0, "norm_damage_pct": 0.0, "recommended_relief_inr": 0.0 }, "geometry": { "type": "Polygon", "coordinates": [ [ [ 77.554635876365438, 8.696441199959489 ], [ 77.555509948926371, 8.696264643708052 ], [ 77.555389035670856, 8.695671998324086 ], [ 77.55451496426781, 8.695848553921964 ], [ 77.554635876365438, 8.696441199959489 ] ] ] } },
{ "type": "Feature", "properties": { "parcel_id": "PARCEL_0071", "taluk": "Cheranmahadevi", "area_m2": 8180.69, "area_ha": 0.81806882071039988, "area_sq_m": 8180.688207103999, "area_sq_km": 0.0081806882071039991, "predicted_crop": "Paddy", "confidence": 0.9918, "prob_banana": 0.0082, "prob_other": 0.0, "prob_paddy": 0.9918, "validated_crop": "Paddy", "land_cover_type": "Agricultural Land", "confidence_tier": "High Confidence", "pct_water": 0.0, "pct_non_crop": 10.84, "pct_vegetation": 0.0, "crop": "Paddy", "parcel_area_ha": 0.8181, "parcel_area_acres": 2.0215, "affected_area_ha": 0.0, "affected_area_acres": 0.0, "damage_percentage": 0.0, "severity": "No Damage / Unaffected", "severity_score": 0.0, "ndvi_before": 0.0211, "ndvi_after": 0.0, "delta_ndvi": -0.0211, "hazard_type": "Flood / Inundation", "observation_before": "2026-04-22T00:00:00", "observation_after": "2026-09-09T00:00:00", "priority_score": 0.0, "norm_affected_area": 0.0, "norm_damage_pct": 0.0, "recommended_relief_inr": 0.0 }, "geometry": { "type": "Polygon", "coordinates": [ [ [ 77.560845770278462, 8.696707183744737 ], [ 77.561836110502625, 8.696624658417612 ], [ 77.561779450360788, 8.695951484442611 ], [ 77.56078911180964, 8.696034009116385 ], [ 77.560845770278462, 8.696707183744737 ] ] ] } },
{ "type": "Feature", "properties": { "parcel_id": "PARCEL_0072", "taluk": "Cheranmahadevi", "area_m2": 10743.82, "area_ha": 1.0743816478150916, "area_sq_m": 10743.816478150915, "area_sq_km": 0.010743816478150914, "predicted_crop": "Non-Crop", "confidence": 1.0, "prob_banana": 0.0, "prob_other": 0.0, "prob_paddy": 1.0, "validated_crop": "Non-Crop", "land_cover_type": "Bare Soil / Settlement / Non-Crop", "confidence_tier": "High Confidence", "pct_water": 0.0, "pct_non_crop": 70.18, "pct_vegetation": 9.65, "crop": "Non-Crop", "parcel_area_ha": 1.0744, "parcel_area_acres": 2.6549, "affected_area_ha": 0.0, "affected_area_acres": 0.0, "damage_percentage": 0.0, "severity": "No Damage / Unaffected", "severity_score": 0.0, "ndvi_before": 0.1849, "ndvi_after": 0.0, "delta_ndvi": -0.1849, "hazard_type": "Flood / Inundation", "observation_before": "2026-04-22T00:00:00", "observation_after": "2026-09-09T00:00:00", "priority_score": 0.0, "norm_affected_area": 0.0, "norm_damage_pct": 0.0, "recommended_relief_inr": 0.0 }, "geometry": { "type": "Polygon", "coordinates": [ [ [ 77.537740501982086, 8.702947054060903 ], [ 77.538700617115396, 8.70289990844927 ], [ 77.538655176822814, 8.701983775357673 ], [ 77.53769506395642, 8.702030920188816 ], [ 77.537740501982086, 8.702947054060903 ] ] ] } },
{ "type": "Feature", "properties": { "parcel_id": "PARCEL_0073", "taluk": "Cheranmahadevi", "area_m2": 5852.1, "area_ha": 0.58520994177733476, "area_sq_m": 5852.0994177733473, "area_sq_km": 0.0058520994177733475, "predicted_crop": "Paddy", "confidence": 1.0, "prob_banana": 0.0, "prob_other": 0.0, "prob_paddy": 1.0, "validated_crop": "Paddy", "land_cover_type": "Agricultural Land", "confidence_tier": "High Confidence", "pct_water": 0.0, "pct_non_crop": 0.0, "pct_vegetation": 0.0, "crop": "Paddy", "parcel_area_ha": 0.5852, "parcel_area_acres": 1.4461, "affected_area_ha": 0.0, "affected_area_acres": 0.0, "damage_percentage": 0.0, "severity": "No Damage / Unaffected", "severity_score": 0.0, "ndvi_before": 0.0, "ndvi_after": 0.0, "delta_ndvi": 0.0, "hazard_type": "Flood / Inundation", "observation_before": "2026-04-22T00:00:00", "observation_after": "2026-09-09T00:00:00", "priority_score": 0.0, "norm_affected_area": 0.0, "norm_damage_pct": 0.0, "recommended_relief_inr": 0.0 }, "geometry": { "type": "Polygon", "coordinates": [ [ [ 77.562351205611265, 8.698994947827092 ], [ 77.562861479209104, 8.698993111083114 ], [ 77.562858057111981, 8.698051954028557 ], [ 77.562347784788003, 8.698053790399065 ], [ 77.562351205611265, 8.698994947827092 ] ] ] } },
{ "type": "Feature", "properties": { "parcel_id": "PARCEL_0074", "taluk": "Cheranmahadevi", "area_m2": 7608.92, "area_ha": 0.76089156396385038, "area_sq_m": 7608.9156396385042, "area_sq_km": 0.0076089156396385044, "predicted_crop": "Non-Crop", "confidence": 0.9974, "prob_banana": 0.0026, "prob_other": 0.0, "prob_paddy": 0.9974, "validated_crop": "Non-Crop", "land_cover_type": "Bare Soil / Settlement / Non-Crop", "confidence_tier": "High Confidence", "pct_water": 0.0, "pct_non_crop": 96.1, "pct_vegetation": 0.0, "crop": "Non-Crop", "parcel_area_ha": 0.7609, "parcel_area_acres": 1.8802, "affected_area_ha": 0.0, "affected_area_acres": 0.0, "damage_percentage": 0.0, "severity": "No Damage / Unaffected", "severity_score": 0.0, "ndvi_before": 0.1475, "ndvi_after": 0.0, "delta_ndvi": -0.1475, "hazard_type": "Flood / Inundation", "observation_before": "2026-04-22T00:00:00", "observation_after": "2026-09-09T00:00:00", "priority_score": 0.0, "norm_affected_area": 0.0, "norm_damage_pct": 0.0, "recommended_relief_inr": 0.0 }, "geometry": { "type": "Polygon", "coordinates": [ [ [ 77.54021772139356, 8.700597232143361 ], [ 77.541117662641355, 8.700320033443568 ], [ 77.540920661077493, 8.699686834258136 ], [ 77.540020720929391, 8.699964032107166 ], [ 77.54021772139356, 8.700597232143361 ] ] ] } },
{ "type": "Feature", "properties": { "parcel_id": "PARCEL_0075", "taluk": "Cheranmahadevi", "area_m2": 9034.55, "area_ha": 0.90345460623689411, "area_sq_m": 9034.5460623689414, "area_sq_km": 0.0090345460623689408, "predicted_crop": "Non-Crop", "confidence": 0.9857, "prob_banana": 0.011, "prob_other": 0.0032, "prob_paddy": 0.9857, "validated_crop": "Non-Crop", "land_cover_type": "Bare Soil / Settlement / Non-Crop", "confidence_tier": "High Confidence", "pct_water": 0.0, "pct_non_crop": 67.39, "pct_vegetation": 10.87, "crop": "Non-Crop", "parcel_area_ha": 0.9035, "parcel_area_acres": 2.2325, "affected_area_ha": 0.0, "affected_area_acres": 0.0, "damage_percentage": 0.0, "severity": "No Damage / Unaffected", "severity_score": 0.0, "ndvi_before": 0.1254, "ndvi_after": 0.0, "delta_ndvi": -0.1254, "hazard_type": "Flood / Inundation", "observation_before": "2026-04-22T00:00:00", "observation_after": "2026-09-09T00:00:00", "priority_score": 0.0, "norm_affected_area": 0.0, "norm_damage_pct": 0.0, "recommended_relief_inr": 0.0 }, "geometry": { "type": "Polygon", "coordinates": [ [ [ 77.553829038809212, 8.688691515136865 ], [ 77.554798546397762, 8.688761445459743 ], [ 77.554853966044419, 8.688000712894809 ], [ 77.553884460485946, 8.687930782148802 ], [ 77.553829038809212, 8.688691515136865 ] ] ] } },
{ "type": "Feature", "properties": { "parcel_id": "PARCEL_0076", "taluk": "Cheranmahadevi", "area_m2": 6299.27, "area_ha": 0.62992677057782254, "area_sq_m": 6299.2677057782257, "area_sq_km": 0.0062992677057782257, "predicted_crop": "Paddy", "confidence": 0.6146, "prob_banana": 0.2412, "prob_other": 0.1441, "prob_paddy": 0.6146, "validated_crop": "Paddy", "land_cover_type": "Agricultural Paddy", "confidence_tier": "Medium Confidence", "pct_water": 0.0, "pct_non_crop": 3.17, "pct_vegetation": 80.95, "crop": "Paddy", "parcel_area_ha": 0.6299, "parcel_area_acres": 1.5566, "affected_area_ha": 0.0681, "affected_area_acres": 0.1682, "damage_percentage": 10.81, "severity": "Low Damage", "severity_score": 0.25, "ndvi_before": 0.3194, "ndvi_after": 0.1585, "delta_ndvi": -0.1609, "hazard_type": "Flood / Inundation", "observation_before": "2026-04-22T00:00:00", "observation_after": "2026-09-09T00:00:00", "priority_score": 0.16192, "norm_affected_area": 0.154, "norm_damage_pct": 0.1081, "recommended_relief_inr": 832048.67 }, "geometry": { "type": "Polygon", "coordinates": [ [ [ 77.519353366763582, 8.685501569816958 ], [ 77.519979914839567, 8.685592467404801 ], [ 77.520098296672145, 8.684784539209376 ], [ 77.519471750023015, 8.684693641438672 ], [ 77.519353366763582, 8.685501569816958 ] ] ] } },
{ "type": "Feature", "properties": { "parcel_id": "PARCEL_0077", "taluk": "Cheranmahadevi", "area_m2": 4419.22, "area_ha": 0.44192181605885172, "area_sq_m": 4419.2181605885171, "area_sq_km": 0.0044192181605885172, "predicted_crop": "Paddy", "confidence": 0.9792, "prob_banana": 0.0076, "prob_other": 0.0132, "prob_paddy": 0.9792, "validated_crop": "Paddy", "land_cover_type": "Agricultural Land", "confidence_tier": "High Confidence", "pct_water": 0.0, "pct_non_crop": 43.18, "pct_vegetation": 15.91, "crop": "Paddy", "parcel_area_ha": 0.4419, "parcel_area_acres": 1.092, "affected_area_ha": 0.0, "affected_area_acres": 0.0, "damage_percentage": 0.0, "severity": "No Damage / Unaffected", "severity_score": 0.0, "ndvi_before": 0.0, "ndvi_after": 0.0, "delta_ndvi": 0.0, "hazard_type": "Flood / Inundation", "observation_before": "2026-04-22T00:00:00", "observation_after": "2026-09-09T00:00:00", "priority_score": 0.0, "norm_affected_area": 0.0, "norm_damage_pct": 0.0, "recommended_relief_inr": 0.0 }, "geometry": { "type": "Polygon", "coordinates": [ [ [ 77.559155112965726, 8.69695186803431 ], [ 77.559640342764737, 8.696817090075882 ], [ 77.559445814695366, 8.696123715830185 ], [ 77.558960585575917, 8.696258493306635 ], [ 77.559155112965726, 8.69695186803431 ] ] ] } },
{ "type": "Feature", "properties": { "parcel_id": "PARCEL_0078", "taluk": "Cheranmahadevi", "area_m2": 7337.29, "area_ha": 0.73372889938889685, "area_sq_m": 7337.2889938889684, "area_sq_km": 0.0073372889938889685, "predicted_crop": "Banana", "confidence": 0.4865, "prob_banana": 0.4865, "prob_other": 0.0689, "prob_paddy": 0.4447, "validated_crop": "Banana", "land_cover_type": "Agricultural Banana", "confidence_tier": "Low Confidence / Review", "pct_water": 0.0, "pct_non_crop": 1.37, "pct_vegetation": 95.89, "crop": "Banana", "parcel_area_ha": 0.7337, "parcel_area_acres": 1.8131, "affected_area_ha": 0.0, "affected_area_acres": 0.0, "damage_percentage": 0.0, "severity": "No Damage / Unaffected", "severity_score": 0.0, "ndvi_before": 0.1795, "ndvi_after": 0.4985, "delta_ndvi": 0.3189, "hazard_type": "Flood / Inundation", "observation_before": "2026-04-22T00:00:00", "observation_after": "2026-09-09T00:00:00", "priority_score": 0.0, "norm_affected_area": 0.0, "norm_damage_pct": 0.0, "recommended_relief_inr": 0.0 }, "geometry": { "type": "Polygon", "coordinates": [ [ [ 77.514635152035225, 8.709639471639628 ], [ 77.515546921513121, 8.709420914788701 ], [ 77.515395772910665, 8.708796676106083 ], [ 77.51448400465172, 8.70901523219619 ], [ 77.514635152035225, 8.709639471639628 ] ] ] } },
{ "type": "Feature", "properties": { "parcel_id": "PARCEL_0079", "taluk": "Cheranmahadevi", "area_m2": 4883.08, "area_ha": 0.48830793322784932, "area_sq_m": 4883.079332278493, "area_sq_km": 0.0048830793322784932, "predicted_crop": "Non-Crop", "confidence": 0.9679, "prob_banana": 0.0216, "prob_other": 0.0105, "prob_paddy": 0.9679, "validated_crop": "Non-Crop", "land_cover_type": "Bare Soil / Settlement / Non-Crop", "confidence_tier": "High Confidence", "pct_water": 0.0, "pct_non_crop": 52.08, "pct_vegetation": 2.08, "crop": "Non-Crop", "parcel_area_ha": 0.4883, "parcel_area_acres": 1.2066, "affected_area_ha": 0.0, "affected_area_acres": 0.0, "damage_percentage": 0.0, "severity": "No Damage / Unaffected", "severity_score": 0.0, "ndvi_before": 0.202, "ndvi_after": 0.0, "delta_ndvi": -0.202, "hazard_type": "Flood / Inundation", "observation_before": "2026-04-22T00:00:00", "observation_after": "2026-09-09T00:00:00", "priority_score": 0.0, "norm_affected_area": 0.0, "norm_damage_pct": 0.0, "recommended_relief_inr": 0.0 }, "geometry": { "type": "Polygon", "coordinates": [ [ [ 77.555442618201582, 8.683979668759644 ], [ 77.556207712138018, 8.683780178703175 ], [ 77.556078648277932, 8.683290078893013 ], [ 77.555313555116825, 8.683489568427049 ], [ 77.555442618201582, 8.683979668759644 ] ] ] } },
{ "type": "Feature", "properties": { "parcel_id": "PARCEL_0080", "taluk": "Cheranmahadevi", "area_m2": 9173.86, "area_ha": 0.91738630626119744, "area_sq_m": 9173.8630626119739, "area_sq_km": 0.0091738630626119737, "predicted_crop": "Non-Crop", "confidence": 1.0, "prob_banana": 0.0, "prob_other": 0.0, "prob_paddy": 1.0, "validated_crop": "Non-Crop", "land_cover_type": "Bare Soil / Settlement / Non-Crop", "confidence_tier": "High Confidence", "pct_water": 0.0, "pct_non_crop": 72.83, "pct_vegetation": 0.0, "crop": "Non-Crop", "parcel_area_ha": 0.9174, "parcel_area_acres": 2.2669, "affected_area_ha": 0.0, "affected_area_acres": 0.0, "damage_percentage": 0.0, "severity": "No Damage / Unaffected", "severity_score": 0.0, "ndvi_before": 0.1803, "ndvi_after": 0.0, "delta_ndvi": -0.1803, "hazard_type": "Flood / Inundation", "observation_before": "2026-04-22T00:00:00", "observation_after": "2026-09-09T00:00:00", "priority_score": 0.0, "norm_affected_area": 0.0, "norm_damage_pct": 0.0, "recommended_relief_inr": 0.0 }, "geometry": { "type": "Polygon", "coordinates": [ [ [ 77.541654954173154, 8.692568323575957 ], [ 77.542527041501558, 8.692339433739404 ], [ 77.54231307518441, 8.691532299962372 ], [ 77.54144098931107, 8.691761188817837 ], [ 77.541654954173154, 8.692568323575957 ] ] ] } },
{ "type": "Feature", "properties": { "parcel_id": "PARCEL_0081", "taluk": "Cheranmahadevi", "area_m2": 10551.87, "area_ha": 1.055186807553443, "area_sq_m": 10551.86807553443, "area_sq_km": 0.01055186807553443, "predicted_crop": "Paddy", "confidence": 0.9768, "prob_banana": 0.0176, "prob_other": 0.0056, "prob_paddy": 0.9768, "validated_crop": "Paddy", "land_cover_type": "Agricultural Land", "confidence_tier": "High Confidence", "pct_water": 0.0, "pct_non_crop": 36.79, "pct_vegetation": 33.96, "crop": "Paddy", "parcel_area_ha": 1.0552, "parcel_area_acres": 2.6074, "affected_area_ha": 0.0, "affected_area_acres": 0.0, "damage_percentage": 0.0, "severity": "No Damage / Unaffected", "severity_score": 0.0, "ndvi_before": 0.2495, "ndvi_after": 0.0, "delta_ndvi": -0.2495, "hazard_type": "Flood / Inundation", "observation_before": "2026-04-22T00:00:00", "observation_after": "2026-09-09T00:00:00", "priority_score": 0.0, "norm_affected_area": 0.0, "norm_damage_pct": 0.0, "recommended_relief_inr": 0.0 }, "geometry": { "type": "Polygon", "coordinates": [ [ [ 77.524711975281662, 8.675026212015785 ], [ 77.525572755882436, 8.675277108942606 ], [ 77.525845487988718, 8.674350613606439 ], [ 77.524984709675905, 8.674099716732769 ], [ 77.524711975281662, 8.675026212015785 ] ] ] } },
{ "type": "Feature", "properties": { "parcel_id": "PARCEL_0082", "taluk": "Cheranmahadevi", "area_m2": 5315.56, "area_ha": 0.53155552659298, "area_sq_m": 5315.5552659298, "area_sq_km": 0.0053155552659298003, "predicted_crop": "Non-Crop", "confidence": 1.0, "prob_banana": 0.0, "prob_other": 0.0, "prob_paddy": 1.0, "validated_crop": "Non-Crop", "land_cover_type": "Bare Soil / Settlement / Non-Crop", "confidence_tier": "High Confidence", "pct_water": 0.0, "pct_non_crop": 88.0, "pct_vegetation": 0.0, "crop": "Non-Crop", "parcel_area_ha": 0.5316, "parcel_area_acres": 1.3135, "affected_area_ha": 0.0, "affected_area_acres": 0.0, "damage_percentage": 0.0, "severity": "No Damage / Unaffected", "severity_score": 0.0, "ndvi_before": 0.1672, "ndvi_after": 0.0, "delta_ndvi": -0.1672, "hazard_type": "Flood / Inundation", "observation_before": "2026-04-22T00:00:00", "observation_after": "2026-09-09T00:00:00", "priority_score": 0.0, "norm_affected_area": 0.0, "norm_damage_pct": 0.0, "recommended_relief_inr": 0.0 }, "geometry": { "type": "Polygon", "coordinates": [ [ [ 77.538031528252631, 8.705043161380775 ], [ 77.538530929321809, 8.705057243914663 ], [ 77.538555790439972, 8.704184407818477 ], [ 77.538056390548192, 8.704170324985272 ], [ 77.538031528252631, 8.705043161380775 ] ] ] } },
{ "type": "Feature", "properties": { "parcel_id": "PARCEL_0083", "taluk": "Cheranmahadevi", "area_m2": 4508.67, "area_ha": 0.45086709765460781, "area_sq_m": 4508.6709765460782, "area_sq_km": 0.0045086709765460786, "predicted_crop": "Non-Crop", "confidence": 1.0, "prob_banana": 0.0, "prob_other": 0.0, "prob_paddy": 1.0, "validated_crop": "Non-Crop", "land_cover_type": "Bare Soil / Settlement / Non-Crop", "confidence_tier": "High Confidence", "pct_water": 0.0, "pct_non_crop": 97.73, "pct_vegetation": 0.0, "crop": "Non-Crop", "parcel_area_ha": 0.4509, "parcel_area_acres": 1.1141, "affected_area_ha": 0.0, "affected_area_acres": 0.0, "damage_percentage": 0.0, "severity": "No Damage / Unaffected", "severity_score": 0.0, "ndvi_before": 0.157, "ndvi_after": 0.0, "delta_ndvi": -0.157, "hazard_type": "Flood / Inundation", "observation_before": "2026-04-22T00:00:00", "observation_after": "2026-09-09T00:00:00", "priority_score": 0.0, "norm_affected_area": 0.0, "norm_damage_pct": 0.0, "recommended_relief_inr": 0.0 }, "geometry": { "type": "Polygon", "coordinates": [ [ [ 77.562920823411488, 8.688383516250454 ], [ 77.563412505851133, 8.688232203000142 ], [ 77.563199028418268, 8.687545392803568 ], [ 77.562707346628059, 8.6876967055482 ], [ 77.562920823411488, 8.688383516250454 ] ] ] } },
{ "type": "Feature", "properties": { "parcel_id": "PARCEL_0084", "taluk": "Cheranmahadevi", "area_m2": 3259.3, "area_ha": 0.32593036946234649, "area_sq_m": 3259.3036946234647, "area_sq_km": 0.0032593036946234645, "predicted_crop": "Paddy", "confidence": 0.977, "prob_banana": 0.0128, "prob_other": 0.0101, "prob_paddy": 0.977, "validated_crop": "Paddy", "land_cover_type": "Agricultural Land", "confidence_tier": "High Confidence", "pct_water": 0.0, "pct_non_crop": 11.76, "pct_vegetation": 26.47, "crop": "Paddy", "parcel_area_ha": 0.3259, "parcel_area_acres": 0.8054, "affected_area_ha": 0.0, "affected_area_acres": 0.0, "damage_percentage": 0.0, "severity": "No Damage / Unaffected", "severity_score": 0.0, "ndvi_before": 0.1966, "ndvi_after": 0.0, "delta_ndvi": -0.1966, "hazard_type": "Flood / Inundation", "observation_before": "2026-04-22T00:00:00", "observation_after": "2026-09-09T00:00:00", "priority_score": 0.0, "norm_affected_area": 0.0, "norm_damage_pct": 0.0, "recommended_relief_inr": 0.0 }, "geometry": { "type": "Polygon", "coordinates": [ [ [ 77.537614705159712, 8.689580223348839 ], [ 77.538131751916765, 8.689622935150929 ], [ 77.538174618440621, 8.689109155407042 ], [ 77.537657572417771, 8.689066443461451 ], [ 77.537614705159712, 8.689580223348839 ] ] ] } },
{ "type": "Feature", "properties": { "parcel_id": "PARCEL_0085", "taluk": "Cheranmahadevi", "area_m2": 7809.61, "area_ha": 0.78096140350458121, "area_sq_m": 7809.6140350458118, "area_sq_km": 0.0078096140350458121, "predicted_crop": "Paddy", "confidence": 0.8717, "prob_banana": 0.0466, "prob_other": 0.0816, "prob_paddy": 0.8717, "validated_crop": "Paddy", "land_cover_type": "Agricultural Paddy", "confidence_tier": "High Confidence", "pct_water": 0.0, "pct_non_crop": 0.0, "pct_vegetation": 100.0, "crop": "Paddy", "parcel_area_ha": 0.781, "parcel_area_acres": 1.9298, "affected_area_ha": 0.0, "affected_area_acres": 0.0, "damage_percentage": 0.0, "severity": "No Damage / Unaffected", "severity_score": 0.0, "ndvi_before": 0.4112, "ndvi_after": 0.0, "delta_ndvi": -0.4112, "hazard_type": "Flood / Inundation", "observation_before": "2026-04-22T00:00:00", "observation_after": "2026-09-09T00:00:00", "priority_score": 0.0, "norm_affected_area": 0.0, "norm_damage_pct": 0.0, "recommended_relief_inr": 0.0 }, "geometry": { "type": "Polygon", "coordinates": [ [ [ 77.557214067945381, 8.70674621508185 ], [ 77.558183519240984, 8.706614869738118 ], [ 77.558094690495139, 8.70596579317329 ], [ 77.557125240710548, 8.706097137820693 ], [ 77.557214067945381, 8.70674621508185 ] ] ] } },
{ "type": "Feature", "properties": { "parcel_id": "PARCEL_0086", "taluk": "Cheranmahadevi", "area_m2": 5468.28, "area_ha": 0.54682779127221004, "area_sq_m": 5468.2779127221002, "area_sq_km": 0.0054682779127220998, "predicted_crop": "Non-Crop", "confidence": 1.0, "prob_banana": 0.0, "prob_other": 0.0, "prob_paddy": 1.0, "validated_crop": "Non-Crop", "land_cover_type": "Bare Soil / Settlement / Non-Crop", "confidence_tier": "High Confidence", "pct_water": 0.0, "pct_non_crop": 100.0, "pct_vegetation": 0.0, "crop": "Non-Crop", "parcel_area_ha": 0.5468, "parcel_area_acres": 1.3512, "affected_area_ha": 0.0, "affected_area_acres": 0.0, "damage_percentage": 0.0, "severity": "No Damage / Unaffected", "severity_score": 0.0, "ndvi_before": 0.1031, "ndvi_after": 0.0, "delta_ndvi": -0.1031, "hazard_type": "Flood / Inundation", "observation_before": "2026-04-22T00:00:00", "observation_after": "2026-09-09T00:00:00", "priority_score": 0.0, "norm_affected_area": 0.0, "norm_damage_pct": 0.0, "recommended_relief_inr": 0.0 }, "geometry": { "type": "Polygon", "coordinates": [ [ [ 77.542941801901847, 8.694881373619163 ], [ 77.54388391166259, 8.695146078660743 ], [ 77.544009109279258, 8.694704916208103 ], [ 77.543067000714615, 8.694440211179622 ], [ 77.542941801901847, 8.694881373619163 ] ] ] } },
{ "type": "Feature", "properties": { "parcel_id": "PARCEL_0087", "taluk": "Cheranmahadevi", "area_m2": 4530.09, "area_ha": 0.4530093704197693, "area_sq_m": 4530.0937041976931, "area_sq_km": 0.004530093704197693, "predicted_crop": "Non-Crop", "confidence": 0.9847, "prob_banana": 0.0102, "prob_other": 0.0051, "prob_paddy": 0.9847, "validated_crop": "Non-Crop", "land_cover_type": "Bare Soil / Settlement / Non-Crop", "confidence_tier": "High Confidence", "pct_water": 0.0, "pct_non_crop": 54.55, "pct_vegetation": 0.0, "crop": "Non-Crop", "parcel_area_ha": 0.453, "parcel_area_acres": 1.1194, "affected_area_ha": 0.0, "affected_area_acres": 0.0, "damage_percentage": 0.0, "severity": "No Damage / Unaffected", "severity_score": 0.0, "ndvi_before": 0.0, "ndvi_after": 0.0, "delta_ndvi": 0.0, "hazard_type": "Flood / Inundation", "observation_before": "2026-04-22T00:00:00", "observation_after": "2026-09-09T00:00:00", "priority_score": 0.0, "norm_affected_area": 0.0, "norm_damage_pct": 0.0, "recommended_relief_inr": 0.0 }, "geometry": { "type": "Polygon", "coordinates": [ [ [ 77.552375700419049, 8.690200024654505 ], [ 77.552851437096933, 8.690333507059181 ], [ 77.553056577995562, 8.689609624130711 ], [ 77.552580842308814, 8.689476141735449 ], [ 77.552375700419049, 8.690200024654505 ] ] ] } },
{ "type": "Feature", "properties": { "parcel_id": "PARCEL_0088", "taluk": "Cheranmahadevi", "area_m2": 7089.36, "area_ha": 0.70893561209012634, "area_sq_m": 7089.3561209012632, "area_sq_km": 0.0070893561209012636, "predicted_crop": "Non-Crop", "confidence": 0.9982, "prob_banana": 0.0018, "prob_other": 0.0, "prob_paddy": 0.9982, "validated_crop": "Non-Crop", "land_cover_type": "Bare Soil / Settlement / Non-Crop", "confidence_tier": "High Confidence", "pct_water": 0.0, "pct_non_crop": 100.0, "pct_vegetation": 0.0, "crop": "Non-Crop", "parcel_area_ha": 0.7089, "parcel_area_acres": 1.7518, "affected_area_ha": 0.0, "affected_area_acres": 0.0, "damage_percentage": 0.0, "severity": "No Damage / Unaffected", "severity_score": 0.0, "ndvi_before": 0.1059, "ndvi_after": 0.0, "delta_ndvi": -0.1059, "hazard_type": "Flood / Inundation", "observation_before": "2026-04-22T00:00:00", "observation_after": "2026-09-09T00:00:00", "priority_score": 0.0, "norm_affected_area": 0.0, "norm_damage_pct": 0.0, "recommended_relief_inr": 0.0 }, "geometry": { "type": "Polygon", "coordinates": [ [ [ 77.58584236094444, 8.694266212127649 ], [ 77.586673511021999, 8.694323954020998 ], [ 77.586722387091285, 8.693627402354577 ], [ 77.585891238607346, 8.693569660119481 ], [ 77.58584236094444, 8.694266212127649 ] ] ] } },
{ "type": "Feature", "properties": { "parcel_id": "PARCEL_0089", "taluk": "Cheranmahadevi", "area_m2": 3525.2, "area_ha": 0.35251962457135372, "area_sq_m": 3525.1962457135373, "area_sq_km": 0.0035251962457135372, "predicted_crop": "Paddy", "confidence": 1.0, "prob_banana": 0.0, "prob_other": 0.0, "prob_paddy": 1.0, "validated_crop": "Paddy", "land_cover_type": "Agricultural Land", "confidence_tier": "High Confidence", "pct_water": 0.0, "pct_non_crop": 0.0, "pct_vegetation": 0.0, "crop": "Paddy", "parcel_area_ha": 0.3525, "parcel_area_acres": 0.8711, "affected_area_ha": 0.0, "affected_area_acres": 0.0, "damage_percentage": 0.0, "severity": "No Damage / Unaffected", "severity_score": 0.0, "ndvi_before": 0.0, "ndvi_after": 0.0, "delta_ndvi": 0.0, "hazard_type": "Flood / Inundation", "observation_before": "2026-04-22T00:00:00", "observation_after": "2026-09-09T00:00:00", "priority_score": 0.0, "norm_affected_area": 0.0, "norm_damage_pct": 0.0, "recommended_relief_inr": 0.0 }, "geometry": { "type": "Polygon", "coordinates": [ [ [ 77.563014656938392, 8.691914760262723 ], [ 77.563476970972786, 8.692038850432766 ], [ 77.563635104054754, 8.691455550669051 ], [ 77.563172790796813, 8.691331460495677 ], [ 77.563014656938392, 8.691914760262723 ] ] ] } },
{ "type": "Feature", "properties": { "parcel_id": "PARCEL_0090", "taluk": "Cheranmahadevi", "area_m2": 5811.79, "area_ha": 0.58117885512421841, "area_sq_m": 5811.7885512421844, "area_sq_km": 0.0058117885512421847, "predicted_crop": "Non-Crop", "confidence": 0.9866, "prob_banana": 0.007, "prob_other": 0.0065, "prob_paddy": 0.9866, "validated_crop": "Non-Crop", "land_cover_type": "Bare Soil / Settlement / Non-Crop", "confidence_tier": "High Confidence", "pct_water": 0.0, "pct_non_crop": 100.0, "pct_vegetation": 0.0, "crop": "Non-Crop", "parcel_area_ha": 0.5812, "parcel_area_acres": 1.4361, "affected_area_ha": 0.0, "affected_area_acres": 0.0, "damage_percentage": 0.0, "severity": "No Damage / Unaffected", "severity_score": 0.0, "ndvi_before": 0.1202, "ndvi_after": 0.0, "delta_ndvi": -0.1202, "hazard_type": "Flood / Inundation", "observation_before": "2026-04-22T00:00:00", "observation_after": "2026-09-09T00:00:00", "priority_score": 0.0, "norm_affected_area": 0.0, "norm_damage_pct": 0.0, "recommended_relief_inr": 0.0 }, "geometry": { "type": "Polygon", "coordinates": [ [ [ 77.546980029827694, 8.700762918261313 ], [ 77.547757202854726, 8.700611104122823 ], [ 77.547640606006439, 8.70002017019932 ], [ 77.546863434014924, 8.700171983766339 ], [ 77.546980029827694, 8.700762918261313 ] ] ] } },
{ "type": "Feature", "properties": { "parcel_id": "PARCEL_0091", "taluk": "Cheranmahadevi", "area_m2": 4647.51, "area_ha": 0.46475053119207077, "area_sq_m": 4647.5053119207078, "area_sq_km": 0.0046475053119207077, "predicted_crop": "Non-Crop", "confidence": 0.8079, "prob_banana": 0.0997, "prob_other": 0.0924, "prob_paddy": 0.8079, "validated_crop": "Non-Crop", "land_cover_type": "Bare Soil / Settlement / Non-Crop", "confidence_tier": "High Confidence", "pct_water": 0.0, "pct_non_crop": 75.0, "pct_vegetation": 2.08, "crop": "Non-Crop", "parcel_area_ha": 0.4648, "parcel_area_acres": 1.1484, "affected_area_ha": 0.0194, "affected_area_acres": 0.0479, "damage_percentage": 4.17, "severity": "Low Damage", "severity_score": 0.25, "ndvi_before": 0.1425, "ndvi_after": 0.0892, "delta_ndvi": -0.0533, "hazard_type": "Flood / Inundation", "observation_before": "2026-04-22T00:00:00", "observation_after": "2026-09-09T00:00:00", "priority_score": 0.0, "norm_affected_area": 0.0439, "norm_damage_pct": 0.0417, "recommended_relief_inr": 0.0 }, "geometry": { "type": "Polygon", "coordinates": [ [ [ 77.513856120625093, 8.68445450969352 ], [ 77.514598593153735, 8.684665359534939 ], [ 77.514734835726358, 8.684190344626124 ], [ 77.513992364209841, 8.68397949480153 ], [ 77.513856120625093, 8.68445450969352 ] ] ] } },
{ "type": "Feature", "properties": { "parcel_id": "PARCEL_0092", "taluk": "Cheranmahadevi", "area_m2": 9001.61, "area_ha": 0.90016095218074677, "area_sq_m": 9001.6095218074679, "area_sq_km": 0.0090016095218074677, "predicted_crop": "Paddy", "confidence": 0.9647, "prob_banana": 0.0238, "prob_other": 0.0115, "prob_paddy": 0.9647, "validated_crop": "Paddy", "land_cover_type": "Agricultural Land", "confidence_tier": "High Confidence", "pct_water": 0.0, "pct_non_crop": 48.35, "pct_vegetation": 18.68, "crop": "Paddy", "parcel_area_ha": 0.9002, "parcel_area_acres": 2.2243, "affected_area_ha": 0.0, "affected_area_acres": 0.0, "damage_percentage": 0.0, "severity": "No Damage / Unaffected", "severity_score": 0.0, "ndvi_before": 0.1957, "ndvi_after": 0.0, "delta_ndvi": -0.1957, "hazard_type": "Flood / Inundation", "observation_before": "2026-04-22T00:00:00", "observation_after": "2026-09-09T00:00:00", "priority_score": 0.0, "norm_affected_area": 0.0, "norm_damage_pct": 0.0, "recommended_relief_inr": 0.0 }, "geometry": { "type": "Polygon", "coordinates": [ [ [ 77.517458861866118, 8.694426655314148 ], [ 77.518336858156289, 8.694241292008826 ], [ 77.518165163896441, 8.693436123958534 ], [ 77.517287169172079, 8.693621486364844 ], [ 77.517458861866118, 8.694426655314148 ] ] ] } },
{ "type": "Feature", "properties": { "parcel_id": "PARCEL_0093", "taluk": "Cheranmahadevi", "area_m2": 10804.47, "area_ha": 1.0804465967884946, "area_sq_m": 10804.465967884946, "area_sq_km": 0.010804465967884945, "predicted_crop": "Non-Crop", "confidence": 0.853, "prob_banana": 0.0941, "prob_other": 0.0529, "prob_paddy": 0.853, "validated_crop": "Non-Crop", "land_cover_type": "Bare Soil / Settlement / Non-Crop", "confidence_tier": "High Confidence", "pct_water": 0.0, "pct_non_crop": 89.91, "pct_vegetation": 0.0, "crop": "Non-Crop", "parcel_area_ha": 1.0804, "parcel_area_acres": 2.6698, "affected_area_ha": 0.0, "affected_area_acres": 0.0, "damage_percentage": 0.0, "severity": "No Damage / Unaffected", "severity_score": 0.0, "ndvi_before": 0.1379, "ndvi_after": 0.0, "delta_ndvi": -0.1379, "hazard_type": "Flood / Inundation", "observation_before": "2026-04-22T00:00:00", "observation_after": "2026-09-09T00:00:00", "priority_score": 0.0, "norm_affected_area": 0.0, "norm_damage_pct": 0.0, "recommended_relief_inr": 0.0 }, "geometry": { "type": "Polygon", "coordinates": [ [ [ 77.527269318519686, 8.710371270580026 ], [ 77.528194341515942, 8.710107056865514 ], [ 77.527938817495567, 8.709221423621111 ], [ 77.527013796141773, 8.709485636154339 ], [ 77.527269318519686, 8.710371270580026 ] ] ] } },
{ "type": "Feature", "properties": { "parcel_id": "PARCEL_0094", "taluk": "Cheranmahadevi", "area_m2": 10774.35, "area_ha": 1.077435221834391, "area_sq_m": 10774.352218343909, "area_sq_km": 0.01077435221834391, "predicted_crop": "Non-Crop", "confidence": 1.0, "prob_banana": 0.0, "prob_other": 0.0, "prob_paddy": 1.0, "validated_crop": "Non-Crop", "land_cover_type": "Bare Soil / Settlement / Non-Crop", "confidence_tier": "High Confidence", "pct_water": 0.0, "pct_non_crop": 100.0, "pct_vegetation": 0.0, "crop": "Non-Crop", "parcel_area_ha": 1.0774, "parcel_area_acres": 2.6624, "affected_area_ha": 0.0, "affected_area_acres": 0.0, "damage_percentage": 0.0, "severity": "No Damage / Unaffected", "severity_score": 0.0, "ndvi_before": 0.113, "ndvi_after": 0.0, "delta_ndvi": -0.113, "hazard_type": "Flood / Inundation", "observation_before": "2026-04-22T00:00:00", "observation_after": "2026-09-09T00:00:00", "priority_score": 0.0, "norm_affected_area": 0.0, "norm_damage_pct": 0.0, "recommended_relief_inr": 0.0 }, "geometry": { "type": "Polygon", "coordinates": [ [ [ 77.547497270736315, 8.687318356244813 ], [ 77.548372103916932, 8.687126920341335 ], [ 77.548159030722999, 8.686162848041679 ], [ 77.547284199388045, 8.686354282850862 ], [ 77.547497270736315, 8.687318356244813 ] ] ] } },
{ "type": "Feature", "properties": { "parcel_id": "PARCEL_0095", "taluk": "Cheranmahadevi", "area_m2": 10876.52, "area_ha": 1.0876519728458789, "area_sq_m": 10876.519728458788, "area_sq_km": 0.010876519728458789, "predicted_crop": "Paddy", "confidence": 0.9325, "prob_banana": 0.0405, "prob_other": 0.0269, "prob_paddy": 0.9325, "validated_crop": "Paddy", "land_cover_type": "Agricultural Land", "confidence_tier": "High Confidence", "pct_water": 0.0, "pct_non_crop": 30.28, "pct_vegetation": 9.17, "crop": "Paddy", "parcel_area_ha": 1.0877, "parcel_area_acres": 2.6876, "affected_area_ha": 0.0, "affected_area_acres": 0.0, "damage_percentage": 0.0, "severity": "No Damage / Unaffected", "severity_score": 0.0, "ndvi_before": 0.1817, "ndvi_after": 0.0, "delta_ndvi": -0.1817, "hazard_type": "Flood / Inundation", "observation_before": "2026-04-22T00:00:00", "observation_after": "2026-09-09T00:00:00", "priority_score": 0.0, "norm_affected_area": 0.0, "norm_damage_pct": 0.0, "recommended_relief_inr": 0.0 }, "geometry": { "type": "Polygon", "coordinates": [ [ [ 77.520575436987912, 8.705010330536181 ], [ 77.52153919840471, 8.705201058080384 ], [ 77.521717300159793, 8.704310084769542 ], [ 77.520753541196044, 8.704119357045974 ], [ 77.520575436987912, 8.705010330536181 ] ] ] } },
{ "type": "Feature", "properties": { "parcel_id": "PARCEL_0096", "taluk": "Cheranmahadevi", "area_m2": 3544.84, "area_ha": 0.35448361598306011, "area_sq_m": 3544.836159830601, "area_sq_km": 0.003544836159830601, "predicted_crop": "Paddy", "confidence": 0.9168, "prob_banana": 0.0308, "prob_other": 0.0524, "prob_paddy": 0.9168, "validated_crop": "Paddy", "land_cover_type": "Agricultural Paddy", "confidence_tier": "High Confidence", "pct_water": 0.0, "pct_non_crop": 14.29, "pct_vegetation": 42.86, "crop": "Paddy", "parcel_area_ha": 0.3545, "parcel_area_acres": 0.8759, "affected_area_ha": 0.0, "affected_area_acres": 0.0, "damage_percentage": 0.0, "severity": "No Damage / Unaffected", "severity_score": 0.0, "ndvi_before": 0.2201, "ndvi_after": 0.0, "delta_ndvi": -0.2201, "hazard_type": "Flood / Inundation", "observation_before": "2026-04-22T00:00:00", "observation_after": "2026-09-09T00:00:00", "priority_score": 0.0, "norm_affected_area": 0.0, "norm_damage_pct": 0.0, "recommended_relief_inr": 0.0 }, "geometry": { "type": "Polygon", "coordinates": [ [ [ 77.508554843923349, 8.680458119665094 ], [ 77.509144374222117, 8.680584514779213 ], [ 77.509246487707443, 8.680112934470106 ], [ 77.508656958202351, 8.679986539311843 ], [ 77.508554843923349, 8.680458119665094 ] ] ] } },
{ "type": "Feature", "properties": { "parcel_id": "PARCEL_0097", "taluk": "Cheranmahadevi", "area_m2": 10256.71, "area_ha": 1.025670607885842, "area_sq_m": 10256.70607885842, "area_sq_km": 0.010256706078858421, "predicted_crop": "Non-Crop", "confidence": 0.9968, "prob_banana": 0.0, "prob_other": 0.0032, "prob_paddy": 0.9968, "validated_crop": "Non-Crop", "land_cover_type": "Bare Soil / Settlement / Non-Crop", "confidence_tier": "High Confidence", "pct_water": 0.0, "pct_non_crop": 96.15, "pct_vegetation": 0.0, "crop": "Non-Crop", "parcel_area_ha": 1.0257, "parcel_area_acres": 2.5345, "affected_area_ha": 0.0, "affected_area_acres": 0.0, "damage_percentage": 0.0, "severity": "No Damage / Unaffected", "severity_score": 0.0, "ndvi_before": 0.1195, "ndvi_after": 0.0, "delta_ndvi": -0.1195, "hazard_type": "Flood / Inundation", "observation_before": "2026-04-22T00:00:00", "observation_after": "2026-09-09T00:00:00", "priority_score": 0.0, "norm_affected_area": 0.0, "norm_damage_pct": 0.0, "recommended_relief_inr": 0.0 }, "geometry": { "type": "Polygon", "coordinates": [ [ [ 77.548615989412241, 8.690686198272315 ], [ 77.5494711475191, 8.690861399445744 ], [ 77.549666538799414, 8.689917146710799 ], [ 77.548811383001322, 8.689741945377914 ], [ 77.548615989412241, 8.690686198272315 ] ] ] } },
{ "type": "Feature", "properties": { "parcel_id": "PARCEL_0098", "taluk": "Cheranmahadevi", "area_m2": 6193.24, "area_ha": 0.61932401489749545, "area_sq_m": 6193.2401489749545, "area_sq_km": 0.0061932401489749548, "predicted_crop": "Paddy", "confidence": 0.8475, "prob_banana": 0.0712, "prob_other": 0.0813, "prob_paddy": 0.8475, "validated_crop": "Paddy", "land_cover_type": "Agricultural Paddy", "confidence_tier": "High Confidence", "pct_water": 0.0, "pct_non_crop": 0.0, "pct_vegetation": 91.53, "crop": "Paddy", "parcel_area_ha": 0.6193, "parcel_area_acres": 1.5304, "affected_area_ha": 0.0, "affected_area_acres": 0.0, "damage_percentage": 0.0, "severity": "No Damage / Unaffected", "severity_score": 0.0, "ndvi_before": 0.2605, "ndvi_after": 0.0, "delta_ndvi": -0.2605, "hazard_type": "Flood / Inundation", "observation_before": "2026-04-22T00:00:00", "observation_after": "2026-09-09T00:00:00", "priority_score": 0.0, "norm_affected_area": 0.0, "norm_damage_pct": 0.0, "recommended_relief_inr": 0.0 }, "geometry": { "type": "Polygon", "coordinates": [ [ [ 77.543528875129866, 8.672955782120749 ], [ 77.544052458326718, 8.672985514486529 ], [ 77.54410794516285, 8.672017989046076 ], [ 77.543584363348373, 8.671988256370037 ], [ 77.543528875129866, 8.672955782120749 ] ] ] } },
{ "type": "Feature", "properties": { "parcel_id": "PARCEL_0099", "taluk": "Cheranmahadevi", "area_m2": 6225.88, "area_ha": 0.62258786419688483, "area_sq_m": 6225.8786419688486, "area_sq_km": 0.0062258786419688485, "predicted_crop": "Paddy", "confidence": 0.9956, "prob_banana": 0.0044, "prob_other": 0.0, "prob_paddy": 0.9956, "validated_crop": "Paddy", "land_cover_type": "Agricultural Land", "confidence_tier": "High Confidence", "pct_water": 0.0, "pct_non_crop": 3.17, "pct_vegetation": 0.0, "crop": "Paddy", "parcel_area_ha": 0.6226, "parcel_area_acres": 1.5384, "affected_area_ha": 0.0, "affected_area_acres": 0.0, "damage_percentage": 0.0, "severity": "No Damage / Unaffected", "severity_score": 0.0, "ndvi_before": 0.1674, "ndvi_after": 0.0, "delta_ndvi": -0.1674, "hazard_type": "Flood / Inundation", "observation_before": "2026-04-22T00:00:00", "observation_after": "2026-09-09T00:00:00", "priority_score": 0.0, "norm_affected_area": 0.0, "norm_damage_pct": 0.0, "recommended_relief_inr": 0.0 }, "geometry": { "type": "Polygon", "coordinates": [ [ [ 77.560294169832133, 8.677926710125007 ], [ 77.561062622504608, 8.677740709036073 ], [ 77.560909177666034, 8.677113005425088 ], [ 77.560140726015817, 8.67729900586151 ], [ 77.560294169832133, 8.677926710125007 ] ] ] } },
{ "type": "Feature", "properties": { "parcel_id": "PARCEL_0100", "taluk": "Cheranmahadevi", "area_m2": 7823.68, "area_ha": 0.78236802975650277, "area_sq_m": 7823.680297565028, "area_sq_km": 0.0078236802975650277, "predicted_crop": "Paddy", "confidence": 0.9172, "prob_banana": 0.0275, "prob_other": 0.0554, "prob_paddy": 0.9172, "validated_crop": "Paddy", "land_cover_type": "Agricultural Paddy", "confidence_tier": "High Confidence", "pct_water": 0.0, "pct_non_crop": 0.0, "pct_vegetation": 96.15, "crop": "Paddy", "parcel_area_ha": 0.7824, "parcel_area_acres": 1.9333, "affected_area_ha": 0.0, "affected_area_acres": 0.0, "damage_percentage": 0.0, "severity": "No Damage / Unaffected", "severity_score": 0.0, "ndvi_before": 0.4236, "ndvi_after": 0.0, "delta_ndvi": -0.4236, "hazard_type": "Flood / Inundation", "observation_before": "2026-04-22T00:00:00", "observation_after": "2026-09-09T00:00:00", "priority_score": 0.0, "norm_affected_area": 0.0, "norm_damage_pct": 0.0, "recommended_relief_inr": 0.0 }, "geometry": { "type": "Polygon", "coordinates": [ [ [ 77.552660629333289, 8.712237977561701 ], [ 77.553517347207531, 8.712414815240187 ], [ 77.553667166515908, 8.711696270627121 ], [ 77.552810450406454, 8.711519432830029 ], [ 77.552660629333289, 8.712237977561701 ] ] ] } },
{ "type": "Feature", "properties": { "parcel_id": "PARCEL_0101", "taluk": "Cheranmahadevi", "area_m2": 7613.78, "area_ha": 0.7613782356399621, "area_sq_m": 7613.7823563996208, "area_sq_km": 0.0076137823563996211, "predicted_crop": "Paddy", "confidence": 0.9917, "prob_banana": 0.0044, "prob_other": 0.0039, "prob_paddy": 0.9917, "validated_crop": "Paddy", "land_cover_type": "Agricultural Land", "confidence_tier": "High Confidence", "pct_water": 0.0, "pct_non_crop": 48.68, "pct_vegetation": 7.89, "crop": "Paddy", "parcel_area_ha": 0.7614, "parcel_area_acres": 1.8814, "affected_area_ha": 0.0, "affected_area_acres": 0.0, "damage_percentage": 0.0, "severity": "No Damage / Unaffected", "severity_score": 0.0, "ndvi_before": 0.2033, "ndvi_after": 0.0, "delta_ndvi": -0.2033, "hazard_type": "Flood / Inundation", "observation_before": "2026-04-22T00:00:00", "observation_after": "2026-09-09T00:00:00", "priority_score": 0.0, "norm_affected_area": 0.0, "norm_damage_pct": 0.0, "recommended_relief_inr": 0.0 }, "geometry": { "type": "Polygon", "coordinates": [ [ [ 77.582489709419278, 8.709030151034215 ], [ 77.583397711005404, 8.708822023367764 ], [ 77.583246414553898, 8.708168572602201 ], [ 77.582338414250273, 8.708376699478066 ], [ 77.582489709419278, 8.709030151034215 ] ] ] } },
{ "type": "Feature", "properties": { "parcel_id": "PARCEL_0102", "taluk": "Cheranmahadevi", "area_m2": 3652.56, "area_ha": 0.36525589643130785, "area_sq_m": 3652.5589643130784, "area_sq_km": 0.0036525589643130784, "predicted_crop": "Paddy", "confidence": 1.0, "prob_banana": 0.0, "prob_other": 0.0, "prob_paddy": 1.0, "validated_crop": "Paddy", "land_cover_type": "Agricultural Land", "confidence_tier": "High Confidence", "pct_water": 0.0, "pct_non_crop": 0.0, "pct_vegetation": 0.0, "crop": "Paddy", "parcel_area_ha": 0.3653, "parcel_area_acres": 0.9026, "affected_area_ha": 0.0, "affected_area_acres": 0.0, "damage_percentage": 0.0, "severity": "No Damage / Unaffected", "severity_score": 0.0, "ndvi_before": 0.0, "ndvi_after": 0.0, "delta_ndvi": 0.0, "hazard_type": "Flood / Inundation", "observation_before": "2026-04-22T00:00:00", "observation_after": "2026-09-09T00:00:00", "priority_score": 0.0, "norm_affected_area": 0.0, "norm_damage_pct": 0.0, "recommended_relief_inr": 0.0 }, "geometry": { "type": "Polygon", "coordinates": [ [ [ 77.573262552241516, 8.699482207475739 ], [ 77.573807537276281, 8.699315611104304 ], [ 77.573652361282555, 8.698813043922742 ], [ 77.573107376776662, 8.698979639884183 ], [ 77.573262552241516, 8.699482207475739 ] ] ] } },
{ "type": "Feature", "properties": { "parcel_id": "PARCEL_0103", "taluk": "Cheranmahadevi", "area_m2": 5606.91, "area_ha": 0.56069058603276367, "area_sq_m": 5606.9058603276371, "area_sq_km": 0.005606905860327637, "predicted_crop": "Paddy", "confidence": 0.9624, "prob_banana": 0.0159, "prob_other": 0.0217, "prob_paddy": 0.9624, "validated_crop": "Paddy", "land_cover_type": "Agricultural Land", "confidence_tier": "High Confidence", "pct_water": 0.0, "pct_non_crop": 24.07, "pct_vegetation": 31.48, "crop": "Paddy", "parcel_area_ha": 0.5607, "parcel_area_acres": 1.3855, "affected_area_ha": 0.0, "affected_area_acres": 0.0, "damage_percentage": 0.0, "severity": "No Damage / Unaffected", "severity_score": 0.0, "ndvi_before": 0.2527, "ndvi_after": 0.0, "delta_ndvi": -0.2527, "hazard_type": "Flood / Inundation", "observation_before": "2026-04-22T00:00:00", "observation_after": "2026-09-09T00:00:00", "priority_score": 0.0, "norm_affected_area": 0.0, "norm_damage_pct": 0.0, "recommended_relief_inr": 0.0 }, "geometry": { "type": "Polygon", "coordinates": [ [ [ 77.565818314290368, 8.670863396979172 ], [ 77.566467612674472, 8.671018594413573 ], [ 77.566629332463108, 8.670348644658457 ], [ 77.565980035326589, 8.670193447179232 ], [ 77.565818314290368, 8.670863396979172 ] ] ] } },
{ "type": "Feature", "properties": { "parcel_id": "PARCEL_0104", "taluk": "Cheranmahadevi", "area_m2": 7159.29, "area_ha": 0.7159294390950357, "area_sq_m": 7159.2943909503574, "area_sq_km": 0.0071592943909503572, "predicted_crop": "Non-Crop", "confidence": 0.9805, "prob_banana": 0.0076, "prob_other": 0.0119, "prob_paddy": 0.9805, "validated_crop": "Non-Crop", "land_cover_type": "Bare Soil / Settlement / Non-Crop", "confidence_tier": "High Confidence", "pct_water": 0.0, "pct_non_crop": 55.56, "pct_vegetation": 5.56, "crop": "Non-Crop", "parcel_area_ha": 0.7159, "parcel_area_acres": 1.7691, "affected_area_ha": 0.0, "affected_area_acres": 0.0, "damage_percentage": 0.0, "severity": "No Damage / Unaffected", "severity_score": 0.0, "ndvi_before": 0.189, "ndvi_after": 0.0, "delta_ndvi": -0.189, "hazard_type": "Flood / Inundation", "observation_before": "2026-04-22T00:00:00", "observation_after": "2026-09-09T00:00:00", "priority_score": 0.0, "norm_affected_area": 0.0, "norm_damage_pct": 0.0, "recommended_relief_inr": 0.0 }, "geometry": { "type": "Polygon", "coordinates": [ [ [ 77.55170266735162, 8.666534738989364 ], [ 77.552581747465808, 8.666593028187243 ], [ 77.552626299998508, 8.665927682822717 ], [ 77.551747221486195, 8.665869393280106 ], [ 77.55170266735162, 8.666534738989364 ] ] ] } },
{ "type": "Feature", "properties": { "parcel_id": "PARCEL_0105", "taluk": "Cheranmahadevi", "area_m2": 8437.39, "area_ha": 0.84373897858997193, "area_sq_m": 8437.3897858997188, "area_sq_km": 0.0084373897858997186, "predicted_crop": "Paddy", "confidence": 0.8669, "prob_banana": 0.0956, "prob_other": 0.0375, "prob_paddy": 0.8669, "validated_crop": "Paddy", "land_cover_type": "Agricultural Land", "confidence_tier": "High Confidence", "pct_water": 0.0, "pct_non_crop": 45.57, "pct_vegetation": 35.44, "crop": "Paddy", "parcel_area_ha": 0.8437, "parcel_area_acres": 2.0849, "affected_area_ha": 0.0, "affected_area_acres": 0.0, "damage_percentage": 0.0, "severity": "No Damage / Unaffected", "severity_score": 0.0, "ndvi_before": 0.2161, "ndvi_after": 0.0, "delta_ndvi": -0.2161, "hazard_type": "Flood / Inundation", "observation_before": "2026-04-22T00:00:00", "observation_after": "2026-09-09T00:00:00", "priority_score": 0.0, "norm_affected_area": 0.0, "norm_damage_pct": 0.0, "recommended_relief_inr": 0.0 }, "geometry": { "type": "Polygon", "coordinates": [ [ [ 77.520856880383164, 8.689871263612966 ], [ 77.5215611106305, 8.689863497993102 ], [ 77.52155016034628, 8.688880355834375 ], [ 77.520845931925308, 8.688888120911058 ], [ 77.520856880383164, 8.689871263612966 ] ] ] } },
{ "type": "Feature", "properties": { "parcel_id": "PARCEL_0106", "taluk": "Cheranmahadevi", "area_m2": 3513.61, "area_ha": 0.35136125257966483, "area_sq_m": 3513.6125257966482, "area_sq_km": 0.0035136125257966481, "predicted_crop": "Paddy", "confidence": 1.0, "prob_banana": 0.0, "prob_other": 0.0, "prob_paddy": 1.0, "validated_crop": "Paddy", "land_cover_type": "Agricultural Land", "confidence_tier": "High Confidence", "pct_water": 0.0, "pct_non_crop": 0.0, "pct_vegetation": 0.0, "crop": "Paddy", "parcel_area_ha": 0.3514, "parcel_area_acres": 0.8682, "affected_area_ha": 0.0, "affected_area_acres": 0.0, "damage_percentage": 0.0, "severity": "No Damage / Unaffected", "severity_score": 0.0, "ndvi_before": 0.0, "ndvi_after": 0.0, "delta_ndvi": 0.0, "hazard_type": "Flood / Inundation", "observation_before": "2026-04-22T00:00:00", "observation_after": "2026-09-09T00:00:00", "priority_score": 0.0, "norm_affected_area": 0.0, "norm_damage_pct": 0.0, "recommended_relief_inr": 0.0 }, "geometry": { "type": "Polygon", "coordinates": [ [ [ 77.56706900738385, 8.674348388734451 ], [ 77.567638579954988, 8.674216022198344 ], [ 77.567525915217686, 8.673735992614105 ], [ 77.566956343232889, 8.673868358785787 ], [ 77.56706900738385, 8.674348388734451 ] ] ] } },
{ "type": "Feature", "properties": { "parcel_id": "PARCEL_0107", "taluk": "Cheranmahadevi", "area_m2": 4308.97, "area_ha": 0.43089740839597179, "area_sq_m": 4308.974083959718, "area_sq_km": 0.0043089740839597178, "predicted_crop": "Paddy", "confidence": 0.9867, "prob_banana": 0.0049, "prob_other": 0.0084, "prob_paddy": 0.9867, "validated_crop": "Paddy", "land_cover_type": "Agricultural Paddy", "confidence_tier": "High Confidence", "pct_water": 0.0, "pct_non_crop": 16.28, "pct_vegetation": 69.77, "crop": "Paddy", "parcel_area_ha": 0.4309, "parcel_area_acres": 1.0648, "affected_area_ha": 0.0, "affected_area_acres": 0.0, "damage_percentage": 0.0, "severity": "No Damage / Unaffected", "severity_score": 0.0, "ndvi_before": 0.3419, "ndvi_after": 0.0, "delta_ndvi": -0.3419, "hazard_type": "Flood / Inundation", "observation_before": "2026-04-22T00:00:00", "observation_after": "2026-09-09T00:00:00", "priority_score": 0.0, "norm_affected_area": 0.0, "norm_damage_pct": 0.0, "recommended_relief_inr": 0.0 }, "geometry": { "type": "Polygon", "coordinates": [ [ [ 77.554632795252203, 8.679809138919952 ], [ 77.555171225522386, 8.679935342741365 ], [ 77.555318517562753, 8.679313136577401 ], [ 77.554780088253295, 8.67918693271816 ], [ 77.554632795252203, 8.679809138919952 ] ] ] } },
{ "type": "Feature", "properties": { "parcel_id": "PARCEL_0108", "taluk": "Cheranmahadevi", "area_m2": 3713.11, "area_ha": 0.37131134582729813, "area_sq_m": 3713.1134582729815, "area_sq_km": 0.0037131134582729813, "predicted_crop": "Non-Crop", "confidence": 0.9974, "prob_banana": 0.0026, "prob_other": 0.0, "prob_paddy": 0.9974, "validated_crop": "Non-Crop", "land_cover_type": "Bare Soil / Settlement / Non-Crop", "confidence_tier": "High Confidence", "pct_water": 0.0, "pct_non_crop": 100.0, "pct_vegetation": 0.0, "crop": "Non-Crop", "parcel_area_ha": 0.3713, "parcel_area_acres": 0.9175, "affected_area_ha": 0.0, "affected_area_acres": 0.0, "damage_percentage": 0.0, "severity": "No Damage / Unaffected", "severity_score": 0.0, "ndvi_before": 0.1441, "ndvi_after": 0.0, "delta_ndvi": -0.1441, "hazard_type": "Flood / Inundation", "observation_before": "2026-04-22T00:00:00", "observation_after": "2026-09-09T00:00:00", "priority_score": 0.0, "norm_affected_area": 0.0, "norm_damage_pct": 0.0, "recommended_relief_inr": 0.0 }, "geometry": { "type": "Polygon", "coordinates": [ [ [ 77.582436099508797, 8.686446587621276 ], [ 77.582962366381921, 8.686294708048871 ], [ 77.582806698898906, 8.685760653327678 ], [ 77.582280432582209, 8.685912532489276 ], [ 77.582436099508797, 8.686446587621276 ] ] ] } },
{ "type": "Feature", "properties": { "parcel_id": "PARCEL_0109", "taluk": "Cheranmahadevi", "area_m2": 3353.66, "area_ha": 0.3353663656552483, "area_sq_m": 3353.6636565524827, "area_sq_km": 0.0033536636565524827, "predicted_crop": "Non-Crop", "confidence": 0.9759, "prob_banana": 0.018, "prob_other": 0.0061, "prob_paddy": 0.9759, "validated_crop": "Non-Crop", "land_cover_type": "Bare Soil / Settlement / Non-Crop", "confidence_tier": "High Confidence", "pct_water": 0.0, "pct_non_crop": 57.58, "pct_vegetation": 0.0, "crop": "Non-Crop", "parcel_area_ha": 0.3354, "parcel_area_acres": 0.8287, "affected_area_ha": 0.0, "affected_area_acres": 0.0, "damage_percentage": 0.0, "severity": "No Damage / Unaffected", "severity_score": 0.0, "ndvi_before": 0.195, "ndvi_after": 0.0, "delta_ndvi": -0.195, "hazard_type": "Flood / Inundation", "observation_before": "2026-04-22T00:00:00", "observation_after": "2026-09-09T00:00:00", "priority_score": 0.0, "norm_affected_area": 0.0, "norm_damage_pct": 0.0, "recommended_relief_inr": 0.0 }, "geometry": { "type": "Polygon", "coordinates": [ [ [ 77.540116941678036, 8.681559888624641 ], [ 77.540652419512199, 8.681432702423342 ], [ 77.540535772803565, 8.680946444915945 ], [ 77.540000295525587, 8.681073630769081 ], [ 77.540116941678036, 8.681559888624641 ] ] ] } },
{ "type": "Feature", "properties": { "parcel_id": "PARCEL_0110", "taluk": "Cheranmahadevi", "area_m2": 5763.23, "area_ha": 0.57632284572065184, "area_sq_m": 5763.2284572065182, "area_sq_km": 0.0057632284572065179, "predicted_crop": "Paddy", "confidence": 0.9909, "prob_banana": 0.0052, "prob_other": 0.0039, "prob_paddy": 0.9909, "validated_crop": "Paddy", "land_cover_type": "Agricultural Paddy", "confidence_tier": "High Confidence", "pct_water": 0.0, "pct_non_crop": 18.97, "pct_vegetation": 55.17, "crop": "Paddy", "parcel_area_ha": 0.5763, "parcel_area_acres": 1.4241, "affected_area_ha": 0.0, "affected_area_acres": 0.0, "damage_percentage": 0.0, "severity": "No Damage / Unaffected", "severity_score": 0.0, "ndvi_before": 0.303, "ndvi_after": 0.0, "delta_ndvi": -0.303, "hazard_type": "Flood / Inundation", "observation_before": "2026-04-22T00:00:00", "observation_after": "2026-09-09T00:00:00", "priority_score": 0.0, "norm_affected_area": 0.0, "norm_damage_pct": 0.0, "recommended_relief_inr": 0.0 }, "geometry": { "type": "Polygon", "coordinates": [ [ [ 77.525232217115573, 8.688197504030812 ], [ 77.525881020459195, 8.688267221061531 ], [ 77.525959225469222, 8.68754663006386 ], [ 77.525310423429076, 8.687476912814255 ], [ 77.525232217115573, 8.688197504030812 ] ] ] } },
{ "type": "Feature", "properties": { "parcel_id": "PARCEL_0111", "taluk": "Cheranmahadevi", "area_m2": 10779.39, "area_ha": 1.0779389074592629, "area_sq_m": 10779.389074592629, "area_sq_km": 0.010779389074592629, "predicted_crop": "Non-Crop", "confidence": 1.0, "prob_banana": 0.0, "prob_other": 0.0, "prob_paddy": 1.0, "validated_crop": "Non-Crop", "land_cover_type": "Bare Soil / Settlement / Non-Crop", "confidence_tier": "High Confidence", "pct_water": 0.0, "pct_non_crop": 71.3, "pct_vegetation": 0.0, "crop": "Non-Crop", "parcel_area_ha": 1.0779, "parcel_area_acres": 2.6636, "affected_area_ha": 0.0, "affected_area_acres": 0.0, "damage_percentage": 0.0, "severity": "No Damage / Unaffected", "severity_score": 0.0, "ndvi_before": 0.1706, "ndvi_after": 0.0, "delta_ndvi": -0.1706, "hazard_type": "Flood / Inundation", "observation_before": "2026-04-22T00:00:00", "observation_after": "2026-09-09T00:00:00", "priority_score": 0.0, "norm_affected_area": 0.0, "norm_damage_pct": 0.0, "recommended_relief_inr": 0.0 }, "geometry": { "type": "Polygon", "coordinates": [ [ [ 77.537308952592269, 8.692771271832694 ], [ 77.538205343933427, 8.692524373302495 ], [ 77.537950335491132, 8.691607730522446 ], [ 77.537053945817306, 8.691854627884991 ], [ 77.537308952592269, 8.692771271832694 ] ] ] } },
{ "type": "Feature", "properties": { "parcel_id": "PARCEL_0112", "taluk": "Cheranmahadevi", "area_m2": 5795.39, "area_ha": 0.57953928361489693, "area_sq_m": 5795.3928361489698, "area_sq_km": 0.0057953928361489694, "predicted_crop": "Paddy", "confidence": 0.9757, "prob_banana": 0.0156, "prob_other": 0.0087, "prob_paddy": 0.9757, "validated_crop": "Paddy", "land_cover_type": "Agricultural Land", "confidence_tier": "High Confidence", "pct_water": 0.0, "pct_non_crop": 46.55, "pct_vegetation": 32.76, "crop": "Paddy", "parcel_area_ha": 0.5795, "parcel_area_acres": 1.4321, "affected_area_ha": 0.0, "affected_area_acres": 0.0, "damage_percentage": 0.0, "severity": "No Damage / Unaffected", "severity_score": 0.0, "ndvi_before": 0.2129, "ndvi_after": 0.0, "delta_ndvi": -0.2129, "hazard_type": "Flood / Inundation", "observation_before": "2026-04-22T00:00:00", "observation_after": "2026-09-09T00:00:00", "priority_score": 0.0, "norm_affected_area": 0.0, "norm_damage_pct": 0.0, "recommended_relief_inr": 0.0 }, "geometry": { "type": "Polygon", "coordinates": [ [ [ 77.562549062787937, 8.683321249810067 ], [ 77.563396738083767, 8.683166761740628 ], [ 77.563296820303279, 8.682623930929763 ], [ 77.562449146057247, 8.68277841843892 ], [ 77.562549062787937, 8.683321249810067 ] ] ] } },
{ "type": "Feature", "properties": { "parcel_id": "PARCEL_0113", "taluk": "Cheranmahadevi", "area_m2": 6282.6, "area_ha": 0.62826026578943128, "area_sq_m": 6282.6026578943129, "area_sq_km": 0.0062826026578943128, "predicted_crop": "Paddy", "confidence": 0.9683, "prob_banana": 0.007, "prob_other": 0.0247, "prob_paddy": 0.9683, "validated_crop": "Paddy", "land_cover_type": "Agricultural Paddy", "confidence_tier": "High Confidence", "pct_water": 0.0, "pct_non_crop": 0.0, "pct_vegetation": 95.24, "crop": "Paddy", "parcel_area_ha": 0.6283, "parcel_area_acres": 1.5525, "affected_area_ha": 0.0, "affected_area_acres": 0.0, "damage_percentage": 0.0, "severity": "No Damage / Unaffected", "severity_score": 0.0, "ndvi_before": 0.3244, "ndvi_after": 0.0, "delta_ndvi": -0.3244, "hazard_type": "Flood / Inundation", "observation_before": "2026-04-22T00:00:00", "observation_after": "2026-09-09T00:00:00", "priority_score": 0.0, "norm_affected_area": 0.0, "norm_damage_pct": 0.0, "recommended_relief_inr": 0.0 }, "geometry": { "type": "Polygon", "coordinates": [ [ [ 77.544002063502091, 8.665199202143793 ], [ 77.544792639571412, 8.665176244376768 ], [ 77.544773531128385, 8.6645246771683 ], [ 77.543982956398665, 8.664547634503757 ], [ 77.544002063502091, 8.665199202143793 ] ] ] } },
{ "type": "Feature", "properties": { "parcel_id": "PARCEL_0114", "taluk": "Cheranmahadevi", "area_m2": 8369.66, "area_ha": 0.83696585609547236, "area_sq_m": 8369.6585609547237, "area_sq_km": 0.0083696585609547239, "predicted_crop": "Paddy", "confidence": 0.9904, "prob_banana": 0.0096, "prob_other": 0.0, "prob_paddy": 0.9904, "validated_crop": "Paddy", "land_cover_type": "Agricultural Paddy", "confidence_tier": "High Confidence", "pct_water": 0.0, "pct_non_crop": 21.43, "pct_vegetation": 40.48, "crop": "Paddy", "parcel_area_ha": 0.837, "parcel_area_acres": 2.0682, "affected_area_ha": 0.0, "affected_area_acres": 0.0, "damage_percentage": 0.0, "severity": "No Damage / Unaffected", "severity_score": 0.0, "ndvi_before": 0.2456, "ndvi_after": 0.0, "delta_ndvi": -0.2456, "hazard_type": "Flood / Inundation", "observation_before": "2026-04-22T00:00:00", "observation_after": "2026-09-09T00:00:00", "priority_score": 0.0, "norm_affected_area": 0.0, "norm_damage_pct": 0.0, "recommended_relief_inr": 0.0 }, "geometry": { "type": "Polygon", "coordinates": [ [ [ 77.56242119649346, 8.679345593256407 ], [ 77.56336295756212, 8.679357320369132 ], [ 77.563372127239944, 8.678628138806921 ], [ 77.562430368005494, 8.678616411188862 ], [ 77.56242119649346, 8.679345593256407 ] ] ] } },
{ "type": "Feature", "properties": { "parcel_id": "PARCEL_0115", "taluk": "Cheranmahadevi", "area_m2": 5290.18, "area_ha": 0.52901816269035495, "area_sq_m": 5290.1816269035498, "area_sq_km": 0.0052901816269035496, "predicted_crop": "Non-Crop", "confidence": 0.9571, "prob_banana": 0.0166, "prob_other": 0.0263, "prob_paddy": 0.9571, "validated_crop": "Non-Crop", "land_cover_type": "Bare Soil / Settlement / Non-Crop", "confidence_tier": "High Confidence", "pct_water": 0.0, "pct_non_crop": 73.08, "pct_vegetation": 5.77, "crop": "Non-Crop", "parcel_area_ha": 0.529, "parcel_area_acres": 1.3072, "affected_area_ha": 0.0, "affected_area_acres": 0.0, "damage_percentage": 0.0, "severity": "No Damage / Unaffected", "severity_score": 0.0, "ndvi_before": 0.1604, "ndvi_after": 0.0, "delta_ndvi": -0.1604, "hazard_type": "Flood / Inundation", "observation_before": "2026-04-22T00:00:00", "observation_after": "2026-09-09T00:00:00", "priority_score": 0.0, "norm_affected_area": 0.0, "norm_damage_pct": 0.0, "recommended_relief_inr": 0.0 }, "geometry": { "type": "Polygon", "coordinates": [ [ [ 77.546565337633695, 8.679787542439566 ], [ 77.547301788550698, 8.679680408930103 ], [ 77.547216992359935, 8.67910325704243 ], [ 77.546480542450723, 8.679210390073179 ], [ 77.546565337633695, 8.679787542439566 ] ] ] } },
{ "type": "Feature", "properties": { "parcel_id": "PARCEL_0116", "taluk": "Cheranmahadevi", "area_m2": 4345.75, "area_ha": 0.43457523093111167, "area_sq_m": 4345.7523093111167, "area_sq_km": 0.0043457523093111171, "predicted_crop": "Non-Crop", "confidence": 0.9974, "prob_banana": 0.0026, "prob_other": 0.0, "prob_paddy": 0.9974, "validated_crop": "Non-Crop", "land_cover_type": "Bare Soil / Settlement / Non-Crop", "confidence_tier": "High Confidence", "pct_water": 0.0, "pct_non_crop": 100.0, "pct_vegetation": 0.0, "crop": "Non-Crop", "parcel_area_ha": 0.4346, "parcel_area_acres": 1.0739, "affected_area_ha": 0.0, "affected_area_acres": 0.0, "damage_percentage": 0.0, "severity": "No Damage / Unaffected", "severity_score": 0.0, "ndvi_before": 0.1073, "ndvi_after": 0.0, "delta_ndvi": -0.1073, "hazard_type": "Flood / Inundation", "observation_before": "2026-04-22T00:00:00", "observation_after": "2026-09-09T00:00:00", "priority_score": 0.0, "norm_affected_area": 0.0, "norm_damage_pct": 0.0, "recommended_relief_inr": 0.0 }, "geometry": { "type": "Polygon", "coordinates": [ [ [ 77.545711799266073, 8.689610997042433 ], [ 77.54633755722017, 8.689542089729716 ], [ 77.546274936456669, 8.688979059873045 ], [ 77.545649179366748, 8.689047966818938 ], [ 77.545711799266073, 8.689610997042433 ] ] ] } },
{ "type": "Feature", "properties": { "parcel_id": "PARCEL_0117", "taluk": "Cheranmahadevi", "area_m2": 7778.92, "area_ha": 0.77789228036316327, "area_sq_m": 7778.9228036316326, "area_sq_km": 0.0077789228036316323, "predicted_crop": "Paddy", "confidence": 0.9654, "prob_banana": 0.0179, "prob_other": 0.0167, "prob_paddy": 0.9654, "validated_crop": "Paddy", "land_cover_type": "Agricultural Paddy", "confidence_tier": "High Confidence", "pct_water": 0.0, "pct_non_crop": 2.56, "pct_vegetation": 87.18, "crop": "Paddy", "parcel_area_ha": 0.7779, "parcel_area_acres": 1.9222, "affected_area_ha": 0.0, "affected_area_acres": 0.0, "damage_percentage": 0.0, "severity": "No Damage / Unaffected", "severity_score": 0.0, "ndvi_before": 0.3629, "ndvi_after": 0.0, "delta_ndvi": -0.3629, "hazard_type": "Flood / Inundation", "observation_before": "2026-04-22T00:00:00", "observation_after": "2026-09-09T00:00:00", "priority_score": 0.0, "norm_affected_area": 0.0, "norm_damage_pct": 0.0, "recommended_relief_inr": 0.0 }, "geometry": { "type": "Polygon", "coordinates": [ [ [ 77.576359537510072, 8.699627256241142 ], [ 77.577215122428186, 8.699405654798802 ], [ 77.577032315441315, 8.698706886493383 ], [ 77.576176731763169, 8.698928487100817 ], [ 77.576359537510072, 8.699627256241142 ] ] ] } },
{ "type": "Feature", "properties": { "parcel_id": "PARCEL_0118", "taluk": "Cheranmahadevi", "area_m2": 7189.69, "area_ha": 0.71896908958350259, "area_sq_m": 7189.6908958350259, "area_sq_km": 0.0071896908958350263, "predicted_crop": "Non-Crop", "confidence": 0.9846, "prob_banana": 0.0154, "prob_other": 0.0, "prob_paddy": 0.9846, "validated_crop": "Non-Crop", "land_cover_type": "Bare Soil / Settlement / Non-Crop", "confidence_tier": "High Confidence", "pct_water": 0.0, "pct_non_crop": 100.0, "pct_vegetation": 0.0, "crop": "Non-Crop", "parcel_area_ha": 0.719, "parcel_area_acres": 1.7766, "affected_area_ha": 0.0, "affected_area_acres": 0.0, "damage_percentage": 0.0, "severity": "No Damage / Unaffected", "severity_score": 0.0, "ndvi_before": 0.1037, "ndvi_after": 0.0, "delta_ndvi": -0.1037, "hazard_type": "Flood / Inundation", "observation_before": "2026-04-22T00:00:00", "observation_after": "2026-09-09T00:00:00", "priority_score": 0.0, "norm_affected_area": 0.0, "norm_damage_pct": 0.0, "recommended_relief_inr": 0.0 }, "geometry": { "type": "Polygon", "coordinates": [ [ [ 77.587598780819803, 8.700963364402947 ], [ 77.588436333259281, 8.700767982886626 ], [ 77.588278997008857, 8.700100248346621 ], [ 77.587441445770153, 8.700295629112137 ], [ 77.587598780819803, 8.700963364402947 ] ] ] } },
{ "type": "Feature", "properties": { "parcel_id": "PARCEL_0119", "taluk": "Cheranmahadevi", "area_m2": 7477.32, "area_ha": 0.74773186106586353, "area_sq_m": 7477.3186106586354, "area_sq_km": 0.0074773186106586358, "predicted_crop": "Paddy", "confidence": 0.9523, "prob_banana": 0.0194, "prob_other": 0.0284, "prob_paddy": 0.9523, "validated_crop": "Paddy", "land_cover_type": "Agricultural Land", "confidence_tier": "High Confidence", "pct_water": 0.0, "pct_non_crop": 28.38, "pct_vegetation": 33.78, "crop": "Paddy", "parcel_area_ha": 0.7477, "parcel_area_acres": 1.8477, "affected_area_ha": 0.0, "affected_area_acres": 0.0, "damage_percentage": 0.0, "severity": "No Damage / Unaffected", "severity_score": 0.0, "ndvi_before": 0.2428, "ndvi_after": 0.0, "delta_ndvi": -0.2428, "hazard_type": "Flood / Inundation", "observation_before": "2026-04-22T00:00:00", "observation_after": "2026-09-09T00:00:00", "priority_score": 0.0, "norm_affected_area": 0.0, "norm_damage_pct": 0.0, "recommended_relief_inr": 0.0 }, "geometry": { "type": "Polygon", "coordinates": [ [ [ 77.534272344250084, 8.675310059386588 ], [ 77.535074872052363, 8.675235562124175 ], [ 77.535003808153292, 8.674477554758941 ], [ 77.53420128186275, 8.674552051416049 ], [ 77.534272344250084, 8.675310059386588 ] ] ] } },
{ "type": "Feature", "properties": { "parcel_id": "PARCEL_0120", "taluk": "Cheranmahadevi", "area_m2": 3603.95, "area_ha": 0.36039516990250292, "area_sq_m": 3603.9516990250295, "area_sq_km": 0.0036039516990250295, "predicted_crop": "Non-Crop", "confidence": 0.9918, "prob_banana": 0.005, "prob_other": 0.0032, "prob_paddy": 0.9918, "validated_crop": "Non-Crop", "land_cover_type": "Bare Soil / Settlement / Non-Crop", "confidence_tier": "High Confidence", "pct_water": 0.0, "pct_non_crop": 94.44, "pct_vegetation": 0.0, "crop": "Non-Crop", "parcel_area_ha": 0.3604, "parcel_area_acres": 0.8906, "affected_area_ha": 0.0, "affected_area_acres": 0.0, "damage_percentage": 0.0, "severity": "No Damage / Unaffected", "severity_score": 0.0, "ndvi_before": 0.123, "ndvi_after": 0.0, "delta_ndvi": -0.123, "hazard_type": "Flood / Inundation", "observation_before": "2026-04-22T00:00:00", "observation_after": "2026-09-09T00:00:00", "priority_score": 0.0, "norm_affected_area": 0.0, "norm_damage_pct": 0.0, "recommended_relief_inr": 0.0 }, "geometry": { "type": "Polygon", "coordinates": [ [ [ 77.549283493415402, 8.691480455622541 ], [ 77.549853404998203, 8.691356612182689 ], [ 77.549744689115442, 8.69086128020953 ], [ 77.549174778151865, 8.690985123283868 ], [ 77.549283493415402, 8.691480455622541 ] ] ] } },
{ "type": "Feature", "properties": { "parcel_id": "PARCEL_0121", "taluk": "Ambasamudram", "area_m2": 3219.21, "area_ha": 0.32192133266599565, "area_sq_m": 3219.2133266599567, "area_sq_km": 0.0032192133266599567, "predicted_crop": "Banana", "confidence": 0.8577, "prob_banana": 0.8577, "prob_other": 0.0569, "prob_paddy": 0.0854, "validated_crop": "Banana", "land_cover_type": "Agricultural Banana", "confidence_tier": "High Confidence", "pct_water": 0.0, "pct_non_crop": 0.0, "pct_vegetation": 100.0, "crop": "Banana", "parcel_area_ha": 0.3219, "parcel_area_acres": 0.7955, "affected_area_ha": 0.0, "affected_area_acres": 0.0, "damage_percentage": 0.0, "severity": "No Damage / Unaffected", "severity_score": 0.0, "ndvi_before": 0.2988, "ndvi_after": 0.546, "delta_ndvi": 0.2472, "hazard_type": "Flood / Inundation", "observation_before": "2026-04-22T00:00:00", "observation_after": "2026-09-09T00:00:00", "priority_score": 0.0, "norm_affected_area": 0.0, "norm_damage_pct": 0.0, "recommended_relief_inr": 0.0 }, "geometry": { "type": "Polygon", "coordinates": [ [ [ 77.45648827089569, 8.689947402613836 ], [ 77.45697161362969, 8.689848679693409 ], [ 77.456863400886135, 8.689324128042342 ], [ 77.456380058719844, 8.689422850648873 ], [ 77.45648827089569, 8.689947402613836 ] ] ] } },
{ "type": "Feature", "properties": { "parcel_id": "PARCEL_0122", "taluk": "Ambasamudram", "area_m2": 4762.6, "area_ha": 0.47626009723051149, "area_sq_m": 4762.6009723051147, "area_sq_km": 0.0047626009723051145, "predicted_crop": "Banana", "confidence": 0.535, "prob_banana": 0.535, "prob_other": 0.0331, "prob_paddy": 0.4319, "validated_crop": "Banana", "land_cover_type": "Agricultural Banana", "confidence_tier": "Low Confidence / Review", "pct_water": 0.0, "pct_non_crop": 0.0, "pct_vegetation": 100.0, "crop": "Banana", "parcel_area_ha": 0.4763, "parcel_area_acres": 1.1769, "affected_area_ha": 0.0, "affected_area_acres": 0.0, "damage_percentage": 0.0, "severity": "No Damage / Unaffected", "severity_score": 0.0, "ndvi_before": 0.2182, "ndvi_after": 0.5536, "delta_ndvi": 0.3353, "hazard_type": "Flood / Inundation", "observation_before": "2026-04-22T00:00:00", "observation_after": "2026-09-09T00:00:00", "priority_score": 0.0, "norm_affected_area": 0.0, "norm_damage_pct": 0.0, "recommended_relief_inr": 0.0 }, "geometry": { "type": "Polygon", "coordinates": [ [ [ 77.426068739508821, 8.702793967972001 ], [ 77.426921636018278, 8.702736429223142 ], [ 77.42689054502101, 8.702280174121984 ], [ 77.426037649502831, 8.702337712520544 ], [ 77.426068739508821, 8.702793967972001 ] ] ] } },
{ "type": "Feature", "properties": { "parcel_id": "PARCEL_0123", "taluk": "Ambasamudram", "area_m2": 4199.6, "area_ha": 0.41996013831503742, "area_sq_m": 4199.6013831503742, "area_sq_km": 0.0041996013831503741, "predicted_crop": "Non-Crop", "confidence": 0.6496, "prob_banana": 0.1298, "prob_other": 0.2206, "prob_paddy": 0.6496, "validated_crop": "Non-Crop", "land_cover_type": "Bare Soil / Settlement / Non-Crop", "confidence_tier": "Medium Confidence", "pct_water": 0.0, "pct_non_crop": 53.49, "pct_vegetation": 20.93, "crop": "Non-Crop", "parcel_area_ha": 0.42, "parcel_area_acres": 1.0377, "affected_area_ha": 0.0, "affected_area_acres": 0.0, "damage_percentage": 0.0, "severity": "No Damage / Unaffected", "severity_score": 0.0, "ndvi_before": 0.1736, "ndvi_after": 0.1951, "delta_ndvi": 0.0216, "hazard_type": "Flood / Inundation", "observation_before": "2026-04-22T00:00:00", "observation_after": "2026-09-09T00:00:00", "priority_score": 0.0, "norm_affected_area": 0.0, "norm_damage_pct": 0.0, "recommended_relief_inr": 0.0 }, "geometry": { "type": "Polygon", "coordinates": [ [ [ 77.457647300329569, 8.703385273838924 ], [ 77.45811836322757, 8.703505518291763 ], [ 77.458295383617866, 8.702818956410365 ], [ 77.457824321646143, 8.702698711950504 ], [ 77.457647300329569, 8.703385273838924 ] ] ] } },
{ "type": "Feature", "properties": { "parcel_id": "PARCEL_0124", "taluk": "Ambasamudram", "area_m2": 4924.92, "area_ha": 0.49249168954436628, "area_sq_m": 4924.9168954436627, "area_sq_km": 0.0049249168954436625, "predicted_crop": "Banana", "confidence": 0.8053, "prob_banana": 0.8053, "prob_other": 0.0539, "prob_paddy": 0.1408, "validated_crop": "Banana", "land_cover_type": "Agricultural Banana", "confidence_tier": "High Confidence", "pct_water": 0.0, "pct_non_crop": 0.0, "pct_vegetation": 100.0, "crop": "Banana", "parcel_area_ha": 0.4925, "parcel_area_acres": 1.217, "affected_area_ha": 0.0, "affected_area_acres": 0.0, "damage_percentage": 0.0, "severity": "No Damage / Unaffected", "severity_score": 0.0, "ndvi_before": 0.1252, "ndvi_after": 0.5012, "delta_ndvi": 0.376, "hazard_type": "Flood / Inundation", "observation_before": "2026-04-22T00:00:00", "observation_after": "2026-09-09T00:00:00", "priority_score": 0.0, "norm_affected_area": 0.0, "norm_damage_pct": 0.0, "recommended_relief_inr": 0.0 }, "geometry": { "type": "Polygon", "coordinates": [ [ [ 77.500676949127012, 8.712615942891784 ], [ 77.501202711422934, 8.71251295363472 ], [ 77.50105626045044, 8.711772821198199 ], [ 77.500530499034824, 8.711875809975536 ], [ 77.500676949127012, 8.712615942891784 ] ] ] } },
{ "type": "Feature", "properties": { "parcel_id": "PARCEL_0125", "taluk": "Ambasamudram", "area_m2": 4020.17, "area_ha": 0.40201694901410867, "area_sq_m": 4020.1694901410865, "area_sq_km": 0.0040201694901410862, "predicted_crop": "Banana", "confidence": 0.9726, "prob_banana": 0.9726, "prob_other": 0.0124, "prob_paddy": 0.015, "validated_crop": "Banana", "land_cover_type": "Agricultural Banana", "confidence_tier": "High Confidence", "pct_water": 0.0, "pct_non_crop": 0.0, "pct_vegetation": 67.5, "crop": "Banana", "parcel_area_ha": 0.402, "parcel_area_acres": 0.9934, "affected_area_ha": 0.0, "affected_area_acres": 0.0, "damage_percentage": 0.0, "severity": "No Damage / Unaffected", "severity_score": 0.0, "ndvi_before": 0.22, "ndvi_after": 0.0, "delta_ndvi": -0.22, "hazard_type": "Flood / Inundation", "observation_before": "2026-04-22T00:00:00", "observation_after": "2026-09-09T00:00:00", "priority_score": 0.0, "norm_affected_area": 0.0, "norm_damage_pct": 0.0, "recommended_relief_inr": 0.0 }, "geometry": { "type": "Polygon", "coordinates": [ [ [ 77.454492306425195, 8.675683222011642 ], [ 77.455113540575326, 8.67553354005433 ], [ 77.454991457351312, 8.675031835746465 ], [ 77.454370223867187, 8.675181517292362 ], [ 77.454492306425195, 8.675683222011642 ] ] ] } },
{ "type": "Feature", "properties": { "parcel_id": "PARCEL_0126", "taluk": "Ambasamudram", "area_m2": 3904.41, "area_ha": 0.39044058827623168, "area_sq_m": 3904.4058827623167, "area_sq_km": 0.0039044058827623165, "predicted_crop": "Banana", "confidence": 0.4799, "prob_banana": 0.4799, "prob_other": 0.2325, "prob_paddy": 0.2876, "validated_crop": "Banana", "land_cover_type": "Uncertain / Mixed (Banana)", "confidence_tier": "Low Confidence / Review", "pct_water": 0.0, "pct_non_crop": 22.86, "pct_vegetation": 31.43, "crop": "Banana", "parcel_area_ha": 0.3904, "parcel_area_acres": 0.9648, "affected_area_ha": 0.0, "affected_area_acres": 0.0, "damage_percentage": 0.0, "severity": "No Damage / Unaffected", "severity_score": 0.0, "ndvi_before": 0.2252, "ndvi_after": 0.2341, "delta_ndvi": 0.0089, "hazard_type": "Flood / Inundation", "observation_before": "2026-04-22T00:00:00", "observation_after": "2026-09-09T00:00:00", "priority_score": 0.0, "norm_affected_area": 0.0, "norm_damage_pct": 0.0, "recommended_relief_inr": 0.0 }, "geometry": { "type": "Polygon", "coordinates": [ [ [ 77.442151996474351, 8.703905237110671 ], [ 77.442824567092728, 8.703893343538486 ], [ 77.442816058178508, 8.703416997121527 ], [ 77.442143488403431, 8.703428890444417 ], [ 77.442151996474351, 8.703905237110671 ] ] ] } },
{ "type": "Feature", "properties": { "parcel_id": "PARCEL_0127", "taluk": "Ambasamudram", "area_m2": 3197.9, "area_ha": 0.31979040373258871, "area_sq_m": 3197.9040373258872, "area_sq_km": 0.0031979040373258873, "predicted_crop": "Banana", "confidence": 0.7502, "prob_banana": 0.7502, "prob_other": 0.067, "prob_paddy": 0.1828, "validated_crop": "Banana", "land_cover_type": "Agricultural Banana", "confidence_tier": "Medium Confidence", "pct_water": 0.0, "pct_non_crop": 0.0, "pct_vegetation": 100.0, "crop": "Banana", "parcel_area_ha": 0.3198, "parcel_area_acres": 0.7902, "affected_area_ha": 0.0073, "affected_area_acres": 0.0181, "damage_percentage": 2.29, "severity": "Low Damage", "severity_score": 0.25, "ndvi_before": 0.3503, "ndvi_after": 0.5685, "delta_ndvi": 0.2183, "hazard_type": "Flood / Inundation", "observation_before": "2026-04-22T00:00:00", "observation_after": "2026-09-09T00:00:00", "priority_score": 0.08868, "norm_affected_area": 0.0165, "norm_damage_pct": 0.0229, "recommended_relief_inr": 455694.64 }, "geometry": { "type": "Polygon", "coordinates": [ [ [ 77.456485673606096, 8.695731837664997 ], [ 77.457027121167869, 8.695583626547199 ], [ 77.456902521998302, 8.695132965622255 ], [ 77.456361074936382, 8.695281176399662 ], [ 77.456485673606096, 8.695731837664997 ] ] ] } },
{ "type": "Feature", "properties": { "parcel_id": "PARCEL_0128", "taluk": "Ambasamudram", "area_m2": 6564.14, "area_ha": 0.65641371998275366, "area_sq_m": 6564.1371998275363, "area_sq_km": 0.0065641371998275359, "predicted_crop": "Banana", "confidence": 0.542, "prob_banana": 0.542, "prob_other": 0.0547, "prob_paddy": 0.4033, "validated_crop": "Banana", "land_cover_type": "Agricultural Banana", "confidence_tier": "Low Confidence / Review", "pct_water": 0.0, "pct_non_crop": 25.0, "pct_vegetation": 54.69, "crop": "Banana", "parcel_area_ha": 0.6564, "parcel_area_acres": 1.622, "affected_area_ha": 0.0, "affected_area_acres": 0.0, "damage_percentage": 0.0, "severity": "No Damage / Unaffected", "severity_score": 0.0, "ndvi_before": 0.2152, "ndvi_after": 0.2891, "delta_ndvi": 0.0739, "hazard_type": "Flood / Inundation", "observation_before": "2026-04-22T00:00:00", "observation_after": "2026-09-09T00:00:00", "priority_score": 0.0, "norm_affected_area": 0.0, "norm_damage_pct": 0.0, "recommended_relief_inr": 0.0 }, "geometry": { "type": "Polygon", "coordinates": [ [ [ 77.457181944219883, 8.703513907288805 ], [ 77.457899215922282, 8.703550257008814 ], [ 77.45793756647241, 8.702801050100362 ], [ 77.457220296235818, 8.702764700056601 ], [ 77.457181944219883, 8.703513907288805 ] ] ] } },
{ "type": "Feature", "properties": { "parcel_id": "PARCEL_0129", "taluk": "Ambasamudram", "area_m2": 5712.1, "area_ha": 0.57121022274015643, "area_sq_m": 5712.1022274015641, "area_sq_km": 0.0057121022274015639, "predicted_crop": "Non-Crop", "confidence": 0.9926, "prob_banana": 0.9926, "prob_other": 0.0024, "prob_paddy": 0.005, "validated_crop": "Non-Crop", "land_cover_type": "Bare Soil / Settlement / Non-Crop", "confidence_tier": "High Confidence", "pct_water": 0.0, "pct_non_crop": 93.1, "pct_vegetation": 0.0, "crop": "Non-Crop", "parcel_area_ha": 0.5712, "parcel_area_acres": 1.4115, "affected_area_ha": 0.0, "affected_area_acres": 0.0, "damage_percentage": 0.0, "severity": "No Damage / Unaffected", "severity_score": 0.0, "ndvi_before": 0.1507, "ndvi_after": 0.0, "delta_ndvi": -0.1507, "hazard_type": "Flood / Inundation", "observation_before": "2026-04-22T00:00:00", "observation_after": "2026-09-09T00:00:00", "priority_score": 0.0, "norm_affected_area": 0.0, "norm_damage_pct": 0.0, "recommended_relief_inr": 0.0 }, "geometry": { "type": "Polygon", "coordinates": [ [ [ 77.426527259770836, 8.686819233368425 ], [ 77.427083972829038, 8.686926901599671 ], [ 77.427242487054428, 8.686115391281641 ], [ 77.426685775278273, 8.686007722961817 ], [ 77.426527259770836, 8.686819233368425 ] ] ] } },
{ "type": "Feature", "properties": { "parcel_id": "PARCEL_0130", "taluk": "Ambasamudram", "area_m2": 2612.52, "area_ha": 0.26125193065047153, "area_sq_m": 2612.5193065047151, "area_sq_km": 0.0026125193065047151, "predicted_crop": "Banana", "confidence": 0.8955, "prob_banana": 0.8955, "prob_other": 0.0193, "prob_paddy": 0.0853, "validated_crop": "Banana", "land_cover_type": "Agricultural Banana", "confidence_tier": "High Confidence", "pct_water": 0.0, "pct_non_crop": 0.0, "pct_vegetation": 100.0, "crop": "Banana", "parcel_area_ha": 0.2613, "parcel_area_acres": 0.6456, "affected_area_ha": 0.0, "affected_area_acres": 0.0, "damage_percentage": 0.0, "severity": "No Damage / Unaffected", "severity_score": 0.0, "ndvi_before": 0.1669, "ndvi_after": 0.4789, "delta_ndvi": 0.312, "hazard_type": "Flood / Inundation", "observation_before": "2026-04-22T00:00:00", "observation_after": "2026-09-09T00:00:00", "priority_score": 0.0, "norm_affected_area": 0.0, "norm_damage_pct": 0.0, "recommended_relief_inr": 0.0 }, "geometry": { "type": "Polygon", "coordinates": [ [ [ 77.469854457985363, 8.695983519456268 ], [ 77.470340781576823, 8.69605079877738 ], [ 77.470401222498936, 8.695618249689057 ], [ 77.469914899499088, 8.695550970291121 ], [ 77.469854457985363, 8.695983519456268 ] ] ] } },
{ "type": "Feature", "properties": { "parcel_id": "PARCEL_0131", "taluk": "Ambasamudram", "area_m2": 4406.73, "area_ha": 0.44067303046796535, "area_sq_m": 4406.7303046796533, "area_sq_km": 0.0044067303046796532, "predicted_crop": "Banana", "confidence": 0.7836, "prob_banana": 0.7836, "prob_other": 0.035, "prob_paddy": 0.1814, "validated_crop": "Banana", "land_cover_type": "Agricultural Banana", "confidence_tier": "Medium Confidence", "pct_water": 0.0, "pct_non_crop": 0.0, "pct_vegetation": 100.0, "crop": "Banana", "parcel_area_ha": 0.4407, "parcel_area_acres": 1.0889, "affected_area_ha": 0.0, "affected_area_acres": 0.0, "damage_percentage": 0.0, "severity": "No Damage / Unaffected", "severity_score": 0.0, "ndvi_before": 0.1642, "ndvi_after": 0.5526, "delta_ndvi": 0.3884, "hazard_type": "Flood / Inundation", "observation_before": "2026-04-22T00:00:00", "observation_after": "2026-09-09T00:00:00", "priority_score": 0.0, "norm_affected_area": 0.0, "norm_damage_pct": 0.0, "recommended_relief_inr": 0.0 }, "geometry": { "type": "Polygon", "coordinates": [ [ [ 77.486294409071434, 8.697903970797062 ], [ 77.486758471076357, 8.697817277471364 ], [ 77.48661641552421, 8.697064437002687 ], [ 77.486152354316715, 8.697151129906805 ], [ 77.486294409071434, 8.697903970797062 ] ] ] } },
{ "type": "Feature", "properties": { "parcel_id": "PARCEL_0132", "taluk": "Ambasamudram", "area_m2": 6709.12, "area_ha": 0.67091189669508366, "area_sq_m": 6709.1189669508367, "area_sq_km": 0.0067091189669508363, "predicted_crop": "Banana", "confidence": 0.6704, "prob_banana": 0.6704, "prob_other": 0.0705, "prob_paddy": 0.2591, "validated_crop": "Banana", "land_cover_type": "Agricultural Banana", "confidence_tier": "Medium Confidence", "pct_water": 0.0, "pct_non_crop": 18.06, "pct_vegetation": 75.0, "crop": "Banana", "parcel_area_ha": 0.6709, "parcel_area_acres": 1.6579, "affected_area_ha": 0.0, "affected_area_acres": 0.0, "damage_percentage": 0.0, "severity": "No Damage / Unaffected", "severity_score": 0.0, "ndvi_before": 0.2251, "ndvi_after": 0.3692, "delta_ndvi": 0.1442, "hazard_type": "Flood / Inundation", "observation_before": "2026-04-22T00:00:00", "observation_after": "2026-09-09T00:00:00", "priority_score": 0.0, "norm_affected_area": 0.0, "norm_damage_pct": 0.0, "recommended_relief_inr": 0.0 }, "geometry": { "type": "Polygon", "coordinates": [ [ [ 77.461725908024036, 8.691774035888971 ], [ 77.462504492995066, 8.691779723447761 ], [ 77.462509710440614, 8.691072506302151 ], [ 77.461731126937664, 8.691066818347437 ], [ 77.461725908024036, 8.691774035888971 ] ] ] } },
{ "type": "Feature", "properties": { "parcel_id": "PARCEL_0133", "taluk": "Ambasamudram", "area_m2": 5546.53, "area_ha": 0.55465263673685372, "area_sq_m": 5546.5263673685367, "area_sq_km": 0.005546526367368537, "predicted_crop": "Banana", "confidence": 0.8436, "prob_banana": 0.8436, "prob_other": 0.0454, "prob_paddy": 0.111, "validated_crop": "Banana", "land_cover_type": "Agricultural Banana", "confidence_tier": "High Confidence", "pct_water": 0.0, "pct_non_crop": 0.0, "pct_vegetation": 100.0, "crop": "Banana", "parcel_area_ha": 0.5547, "parcel_area_acres": 1.3706, "affected_area_ha": 0.0, "affected_area_acres": 0.0, "damage_percentage": 0.0, "severity": "No Damage / Unaffected", "severity_score": 0.0, "ndvi_before": 0.1422, "ndvi_after": 0.4804, "delta_ndvi": 0.3382, "hazard_type": "Flood / Inundation", "observation_before": "2026-04-22T00:00:00", "observation_after": "2026-09-09T00:00:00", "priority_score": 0.0, "norm_affected_area": 0.0, "norm_damage_pct": 0.0, "recommended_relief_inr": 0.0 }, "geometry": { "type": "Polygon", "coordinates": [ [ [ 77.481287934566055, 8.69162152738472 ], [ 77.481874294175327, 8.691596383972126 ], [ 77.481840731973037, 8.690821466874699 ], [ 77.48125437353886, 8.69084660989906 ], [ 77.481287934566055, 8.69162152738472 ] ] ] } },
{ "type": "Feature", "properties": { "parcel_id": "PARCEL_0134", "taluk": "Ambasamudram", "area_m2": 4948.5, "area_ha": 0.4948503636535328, "area_sq_m": 4948.503636535328, "area_sq_km": 0.0049485036365353278, "predicted_crop": "Banana", "confidence": 0.948, "prob_banana": 0.948, "prob_other": 0.0141, "prob_paddy": 0.0379, "validated_crop": "Banana", "land_cover_type": "Agricultural Banana", "confidence_tier": "High Confidence", "pct_water": 0.0, "pct_non_crop": 0.0, "pct_vegetation": 52.08, "crop": "Banana", "parcel_area_ha": 0.4949, "parcel_area_acres": 1.2228, "affected_area_ha": 0.0, "affected_area_acres": 0.0, "damage_percentage": 0.0, "severity": "No Damage / Unaffected", "severity_score": 0.0, "ndvi_before": 0.1991, "ndvi_after": 0.0, "delta_ndvi": -0.1991, "hazard_type": "Flood / Inundation", "observation_before": "2026-04-22T00:00:00", "observation_after": "2026-09-09T00:00:00", "priority_score": 0.0, "norm_affected_area": 0.0, "norm_damage_pct": 0.0, "recommended_relief_inr": 0.0 }, "geometry": { "type": "Polygon", "coordinates": [ [ [ 77.455860611402997, 8.67110827110027 ], [ 77.45640613552996, 8.671105646696995 ], [ 77.456402518221523, 8.670361177086821 ], [ 77.45585699516748, 8.670363801185935 ], [ 77.455860611402997, 8.67110827110027 ] ] ] } },
{ "type": "Feature", "properties": { "parcel_id": "PARCEL_0135", "taluk": "Ambasamudram", "area_m2": 4633.41, "area_ha": 0.46334121149317581, "area_sq_m": 4633.412114931758, "area_sq_km": 0.0046334121149317576, "predicted_crop": "Banana", "confidence": 0.7377, "prob_banana": 0.7377, "prob_other": 0.0892, "prob_paddy": 0.1732, "validated_crop": "Banana", "land_cover_type": "Agricultural Banana", "confidence_tier": "Medium Confidence", "pct_water": 0.0, "pct_non_crop": 0.0, "pct_vegetation": 100.0, "crop": "Banana", "parcel_area_ha": 0.4633, "parcel_area_acres": 1.1449, "affected_area_ha": 0.0, "affected_area_acres": 0.0, "damage_percentage": 0.0, "severity": "No Damage / Unaffected", "severity_score": 0.0, "ndvi_before": 0.192, "ndvi_after": 0.5031, "delta_ndvi": 0.3111, "hazard_type": "Flood / Inundation", "observation_before": "2026-04-22T00:00:00", "observation_after": "2026-09-09T00:00:00", "priority_score": 0.0, "norm_affected_area": 0.0, "norm_damage_pct": 0.0, "recommended_relief_inr": 0.0 }, "geometry": { "type": "Polygon", "coordinates": [ [ [ 77.47231531030306, 8.692687635383278 ], [ 77.472881989088989, 8.692824042415836 ], [ 77.473036125898105, 8.692190064008592 ], [ 77.472469448139975, 8.69205365695087 ], [ 77.47231531030306, 8.692687635383278 ] ] ] } },
{ "type": "Feature", "properties": { "parcel_id": "PARCEL_0136", "taluk": "Ambasamudram", "area_m2": 7026.82, "area_ha": 0.70268158788669222, "area_sq_m": 7026.8158788669225, "area_sq_km": 0.0070268158788669224, "predicted_crop": "Banana", "confidence": 0.7344, "prob_banana": 0.7344, "prob_other": 0.0771, "prob_paddy": 0.1885, "validated_crop": "Banana", "land_cover_type": "Agricultural Banana", "confidence_tier": "Medium Confidence", "pct_water": 0.0, "pct_non_crop": 0.0, "pct_vegetation": 100.0, "crop": "Banana", "parcel_area_ha": 0.7027, "parcel_area_acres": 1.7364, "affected_area_ha": 0.0, "affected_area_acres": 0.0, "damage_percentage": 0.0, "severity": "No Damage / Unaffected", "severity_score": 0.0, "ndvi_before": 0.2119, "ndvi_after": 0.5455, "delta_ndvi": 0.3337, "hazard_type": "Flood / Inundation", "observation_before": "2026-04-22T00:00:00", "observation_after": "2026-09-09T00:00:00", "priority_score": 0.0, "norm_affected_area": 0.0, "norm_damage_pct": 0.0, "recommended_relief_inr": 0.0 }, "geometry": { "type": "Polygon", "coordinates": [ [ [ 77.452523394263324, 8.698441646179468 ], [ 77.453354252748341, 8.698354073792379 ], [ 77.453281171615203, 8.697667613316254 ], [ 77.452450314539576, 8.697755185131747 ], [ 77.452523394263324, 8.698441646179468 ] ] ] } },
{ "type": "Feature", "properties": { "parcel_id": "PARCEL_0137", "taluk": "Ambasamudram", "area_m2": 5447.41, "area_ha": 0.54474128815005352, "area_sq_m": 5447.4128815005351, "area_sq_km": 0.0054474128815005353, "predicted_crop": "Non-Crop", "confidence": 0.9852, "prob_banana": 0.9852, "prob_other": 0.0032, "prob_paddy": 0.0115, "validated_crop": "Non-Crop", "land_cover_type": "Bare Soil / Settlement / Non-Crop", "confidence_tier": "High Confidence", "pct_water": 0.0, "pct_non_crop": 60.0, "pct_vegetation": 0.0, "crop": "Non-Crop", "parcel_area_ha": 0.5447, "parcel_area_acres": 1.3461, "affected_area_ha": 0.0, "affected_area_acres": 0.0, "damage_percentage": 0.0, "severity": "No Damage / Unaffected", "severity_score": 0.0, "ndvi_before": 0.1671, "ndvi_after": 0.0, "delta_ndvi": -0.1671, "hazard_type": "Flood / Inundation", "observation_before": "2026-04-22T00:00:00", "observation_after": "2026-09-09T00:00:00", "priority_score": 0.0, "norm_affected_area": 0.0, "norm_damage_pct": 0.0, "recommended_relief_inr": 0.0 }, "geometry": { "type": "Polygon", "coordinates": [ [ [ 77.472440687248607, 8.690547253079997 ], [ 77.473112812763759, 8.690703710673088 ], [ 77.473261092057655, 8.690073032992276 ], [ 77.472588967754206, 8.689916575359444 ], [ 77.472440687248607, 8.690547253079997 ] ] ] } },
{ "type": "Feature", "properties": { "parcel_id": "PARCEL_0138", "taluk": "Ambasamudram", "area_m2": 3479.12, "area_ha": 0.34791240883509505, "area_sq_m": 3479.1240883509504, "area_sq_km": 0.0034791240883509504, "predicted_crop": "Banana", "confidence": 0.7922, "prob_banana": 0.7922, "prob_other": 0.0495, "prob_paddy": 0.1583, "validated_crop": "Banana", "land_cover_type": "Agricultural Banana", "confidence_tier": "Medium Confidence", "pct_water": 0.0, "pct_non_crop": 0.0, "pct_vegetation": 100.0, "crop": "Banana", "parcel_area_ha": 0.3479, "parcel_area_acres": 0.8597, "affected_area_ha": 0.0, "affected_area_acres": 0.0, "damage_percentage": 0.0, "severity": "No Damage / Unaffected", "severity_score": 0.0, "ndvi_before": 0.1823, "ndvi_after": 0.5473, "delta_ndvi": 0.3651, "hazard_type": "Flood / Inundation", "observation_before": "2026-04-22T00:00:00", "observation_after": "2026-09-09T00:00:00", "priority_score": 0.0, "norm_affected_area": 0.0, "norm_damage_pct": 0.0, "recommended_relief_inr": 0.0 }, "geometry": { "type": "Polygon", "coordinates": [ [ [ 77.459098779366201, 8.699498932982712 ], [ 77.459643673281647, 8.699575265781558 ], [ 77.459716385530541, 8.699061386753201 ], [ 77.459171492403001, 8.698985053854392 ], [ 77.459098779366201, 8.699498932982712 ] ] ] } },
{ "type": "Feature", "properties": { "parcel_id": "PARCEL_0139", "taluk": "Ambasamudram", "area_m2": 7384.5, "area_ha": 0.73844986633854448, "area_sq_m": 7384.4986633854451, "area_sq_km": 0.0073844986633854453, "predicted_crop": "Banana", "confidence": 0.9288, "prob_banana": 0.9288, "prob_other": 0.0196, "prob_paddy": 0.0516, "validated_crop": "Banana", "land_cover_type": "Agricultural Banana", "confidence_tier": "High Confidence", "pct_water": 0.0, "pct_non_crop": 0.0, "pct_vegetation": 76.71, "crop": "Banana", "parcel_area_ha": 0.7384, "parcel_area_acres": 1.8247, "affected_area_ha": 0.0, "affected_area_acres": 0.0, "damage_percentage": 0.0, "severity": "No Damage / Unaffected", "severity_score": 0.0, "ndvi_before": 0.3218, "ndvi_after": 0.0, "delta_ndvi": -0.3218, "hazard_type": "Flood / Inundation", "observation_before": "2026-04-22T00:00:00", "observation_after": "2026-09-09T00:00:00", "priority_score": 0.0, "norm_affected_area": 0.0, "norm_damage_pct": 0.0, "recommended_relief_inr": 0.0 }, "geometry": { "type": "Polygon", "coordinates": [ [ [ 77.468148083220186, 8.690099433265813 ], [ 77.468899148313852, 8.690023495290486 ], [ 77.468817583315086, 8.689224778190866 ], [ 77.468066519707008, 8.689300715568676 ], [ 77.468148083220186, 8.690099433265813 ] ] ] } },
{ "type": "Feature", "properties": { "parcel_id": "PARCEL_0140", "taluk": "Ambasamudram", "area_m2": 2964.05, "area_ha": 0.29640517992831672, "area_sq_m": 2964.0517992831669, "area_sq_km": 0.0029640517992831671, "predicted_crop": "Banana", "confidence": 0.7782, "prob_banana": 0.7782, "prob_other": 0.0517, "prob_paddy": 0.1701, "validated_crop": "Banana", "land_cover_type": "Agricultural Banana", "confidence_tier": "Medium Confidence", "pct_water": 0.0, "pct_non_crop": 0.0, "pct_vegetation": 100.0, "crop": "Banana", "parcel_area_ha": 0.2964, "parcel_area_acres": 0.7324, "affected_area_ha": 0.0, "affected_area_acres": 0.0, "damage_percentage": 0.0, "severity": "No Damage / Unaffected", "severity_score": 0.0, "ndvi_before": 0.126, "ndvi_after": 0.5253, "delta_ndvi": 0.3993, "hazard_type": "Flood / Inundation", "observation_before": "2026-04-22T00:00:00", "observation_after": "2026-09-09T00:00:00", "priority_score": 0.0, "norm_affected_area": 0.0, "norm_damage_pct": 0.0, "recommended_relief_inr": 0.0 }, "geometry": { "type": "Polygon", "coordinates": [ [ [ 77.488084990280257, 8.690113970223823 ], [ 77.488557930416931, 8.690173955989321 ], [ 77.48862277076779, 8.68966780771915 ], [ 77.48814983130211, 8.68960782185715 ], [ 77.488084990280257, 8.690113970223823 ] ] ] } },
{ "type": "Feature", "properties": { "parcel_id": "PARCEL_0141", "taluk": "Ambasamudram", "area_m2": 5749.07, "area_ha": 0.57490709556629882, "area_sq_m": 5749.0709556629881, "area_sq_km": 0.0057490709556629882, "predicted_crop": "Banana", "confidence": 0.6893, "prob_banana": 0.6893, "prob_other": 0.1481, "prob_paddy": 0.1626, "validated_crop": "Banana", "land_cover_type": "Agricultural Banana", "confidence_tier": "Medium Confidence", "pct_water": 0.0, "pct_non_crop": 0.0, "pct_vegetation": 100.0, "crop": "Banana", "parcel_area_ha": 0.5749, "parcel_area_acres": 1.4206, "affected_area_ha": 0.0, "affected_area_acres": 0.0, "damage_percentage": 0.0, "severity": "No Damage / Unaffected", "severity_score": 0.0, "ndvi_before": 0.1709, "ndvi_after": 0.5007, "delta_ndvi": 0.3299, "hazard_type": "Flood / Inundation", "observation_before": "2026-04-22T00:00:00", "observation_after": "2026-09-09T00:00:00", "priority_score": 0.0, "norm_affected_area": 0.0, "norm_damage_pct": 0.0, "recommended_relief_inr": 0.0 }, "geometry": { "type": "Polygon", "coordinates": [ [ [ 77.481352827802993, 8.709835434439288 ], [ 77.482067948242644, 8.709723903166793 ], [ 77.481966488527902, 8.709079880347065 ], [ 77.481251369175794, 8.709191411097624 ], [ 77.481352827802993, 8.709835434439288 ] ] ] } },
{ "type": "Feature", "properties": { "parcel_id": "PARCEL_0142", "taluk": "Ambasamudram", "area_m2": 6706.6, "area_ha": 0.67066018098052094, "area_sq_m": 6706.6018098052091, "area_sq_km": 0.0067066018098052094, "predicted_crop": "Banana", "confidence": 0.9489, "prob_banana": 0.9489, "prob_other": 0.0082, "prob_paddy": 0.0429, "validated_crop": "Banana", "land_cover_type": "Agricultural Land", "confidence_tier": "High Confidence", "pct_water": 0.0, "pct_non_crop": 26.56, "pct_vegetation": 26.56, "crop": "Banana", "parcel_area_ha": 0.6707, "parcel_area_acres": 1.6572, "affected_area_ha": 0.0, "affected_area_acres": 0.0, "damage_percentage": 0.0, "severity": "No Damage / Unaffected", "severity_score": 0.0, "ndvi_before": 0.2379, "ndvi_after": 0.0, "delta_ndvi": -0.2379, "hazard_type": "Flood / Inundation", "observation_before": "2026-04-22T00:00:00", "observation_after": "2026-09-09T00:00:00", "priority_score": 0.0, "norm_affected_area": 0.0, "norm_damage_pct": 0.0, "recommended_relief_inr": 0.0 }, "geometry": { "type": "Polygon", "coordinates": [ [ [ 77.449620857177237, 8.689760373550605 ], [ 77.450440310467556, 8.68970651811202 ], [ 77.450395914184824, 8.689037697075461 ], [ 77.449576462289727, 8.689091552019333 ], [ 77.449620857177237, 8.689760373550605 ] ] ] } },
{ "type": "Feature", "properties": { "parcel_id": "PARCEL_0143", "taluk": "Ambasamudram", "area_m2": 3913.81, "area_ha": 0.39138056972634433, "area_sq_m": 3913.8056972634431, "area_sq_km": 0.0039138056972634434, "predicted_crop": "Banana", "confidence": 0.7143, "prob_banana": 0.7143, "prob_other": 0.0714, "prob_paddy": 0.2143, "validated_crop": "Banana", "land_cover_type": "Agricultural Banana", "confidence_tier": "Medium Confidence", "pct_water": 0.0, "pct_non_crop": 25.71, "pct_vegetation": 57.14, "crop": "Banana", "parcel_area_ha": 0.3914, "parcel_area_acres": 0.9671, "affected_area_ha": 0.0141, "affected_area_acres": 0.0348, "damage_percentage": 3.6, "severity": "Low Damage", "severity_score": 0.25, "ndvi_before": 0.2995, "ndvi_after": 0.3067, "delta_ndvi": 0.0072, "hazard_type": "Flood / Inundation", "observation_before": "2026-04-22T00:00:00", "observation_after": "2026-09-09T00:00:00", "priority_score": 0.10103, "norm_affected_area": 0.0319, "norm_damage_pct": 0.036, "recommended_relief_inr": 519156.85 }, "geometry": { "type": "Polygon", "coordinates": [ [ [ 77.477802016986928, 8.694513717117246 ], [ 77.478280350324482, 8.694512285077765 ], [ 77.478278319413903, 8.693840741357491 ], [ 77.47779998692819, 8.693842173155829 ], [ 77.477802016986928, 8.694513717117246 ] ] ] } },
{ "type": "Feature", "properties": { "parcel_id": "PARCEL_0144", "taluk": "Ambasamudram", "area_m2": 8116.85, "area_ha": 0.8116851531002196, "area_sq_m": 8116.8515310021958, "area_sq_km": 0.0081168515310021949, "predicted_crop": "Banana", "confidence": 0.5041, "prob_banana": 0.5041, "prob_other": 0.1925, "prob_paddy": 0.3034, "validated_crop": "Banana", "land_cover_type": "Agricultural Banana", "confidence_tier": "Low Confidence / Review", "pct_water": 0.0, "pct_non_crop": 0.0, "pct_vegetation": 92.59, "crop": "Banana", "parcel_area_ha": 0.8117, "parcel_area_acres": 2.0057, "affected_area_ha": 0.0, "affected_area_acres": 0.0, "damage_percentage": 0.0, "severity": "No Damage / Unaffected", "severity_score": 0.0, "ndvi_before": 0.2187, "ndvi_after": 0.4687, "delta_ndvi": 0.2501, "hazard_type": "Flood / Inundation", "observation_before": "2026-04-22T00:00:00", "observation_after": "2026-09-09T00:00:00", "priority_score": 0.0, "norm_affected_area": 0.0, "norm_damage_pct": 0.0, "recommended_relief_inr": 0.0 }, "geometry": { "type": "Polygon", "coordinates": [ [ [ 77.463618353422405, 8.695780380940576 ], [ 77.464422673597582, 8.695806459493847 ], [ 77.464449769406954, 8.694979055172508 ], [ 77.463645451030132, 8.694952976184465 ], [ 77.463618353422405, 8.695780380940576 ] ] ] } },
{ "type": "Feature", "properties": { "parcel_id": "PARCEL_0145", "taluk": "Ambasamudram", "area_m2": 4229.2, "area_ha": 0.42292035347434148, "area_sq_m": 4229.2035347434148, "area_sq_km": 0.0042292035347434144, "predicted_crop": "Non-Crop", "confidence": 0.6322, "prob_banana": 0.6322, "prob_other": 0.1885, "prob_paddy": 0.1793, "validated_crop": "Non-Crop", "land_cover_type": "Bare Soil / Settlement / Non-Crop", "confidence_tier": "Medium Confidence", "pct_water": 0.0, "pct_non_crop": 52.27, "pct_vegetation": 9.09, "crop": "Non-Crop", "parcel_area_ha": 0.4229, "parcel_area_acres": 1.0451, "affected_area_ha": 0.0, "affected_area_acres": 0.0, "damage_percentage": 0.0, "severity": "No Damage / Unaffected", "severity_score": 0.0, "ndvi_before": 0.1388, "ndvi_after": 0.1842, "delta_ndvi": 0.0454, "hazard_type": "Flood / Inundation", "observation_before": "2026-04-22T00:00:00", "observation_after": "2026-09-09T00:00:00", "priority_score": 0.0, "norm_affected_area": 0.0, "norm_damage_pct": 0.0, "recommended_relief_inr": 0.0 }, "geometry": { "type": "Polygon", "coordinates": [ [ [ 77.474852094054995, 8.697449616426503 ], [ 77.475581399802266, 8.697478103509917 ], [ 77.475600148400872, 8.697002883262822 ], [ 77.474870843593465, 8.696974395957966 ], [ 77.474852094054995, 8.697449616426503 ] ] ] } },
{ "type": "Feature", "properties": { "parcel_id": "PARCEL_0146", "taluk": "Ambasamudram", "area_m2": 7504.6, "area_ha": 0.75045983183456566, "area_sq_m": 7504.5983183456565, "area_sq_km": 0.0075045983183456566, "predicted_crop": "Banana", "confidence": 0.7217, "prob_banana": 0.7217, "prob_other": 0.062, "prob_paddy": 0.2163, "validated_crop": "Banana", "land_cover_type": "Agricultural Banana", "confidence_tier": "Medium Confidence", "pct_water": 0.0, "pct_non_crop": 0.0, "pct_vegetation": 100.0, "crop": "Banana", "parcel_area_ha": 0.7505, "parcel_area_acres": 1.8544, "affected_area_ha": 0.0, "affected_area_acres": 0.0, "damage_percentage": 0.0, "severity": "No Damage / Unaffected", "severity_score": 0.0, "ndvi_before": 0.1896, "ndvi_after": 0.5473, "delta_ndvi": 0.3577, "hazard_type": "Flood / Inundation", "observation_before": "2026-04-22T00:00:00", "observation_after": "2026-09-09T00:00:00", "priority_score": 0.0, "norm_affected_area": 0.0, "norm_damage_pct": 0.0, "recommended_relief_inr": 0.0 }, "geometry": { "type": "Polygon", "coordinates": [ [ [ 77.445087276902598, 8.71576297731597 ], [ 77.445807563336487, 8.71594510708603 ], [ 77.446012754108907, 8.715141773082379 ], [ 77.445292469333012, 8.714959643298172 ], [ 77.445087276902598, 8.71576297731597 ] ] ] } },
{ "type": "Feature", "properties": { "parcel_id": "PARCEL_0147", "taluk": "Ambasamudram", "area_m2": 8193.87, "area_ha": 0.81938668853381713, "area_sq_m": 8193.8668853381714, "area_sq_km": 0.0081938668853381719, "predicted_crop": "Banana", "confidence": 0.85, "prob_banana": 0.85, "prob_other": 0.046, "prob_paddy": 0.104, "validated_crop": "Banana", "land_cover_type": "Agricultural Banana", "confidence_tier": "High Confidence", "pct_water": 0.0, "pct_non_crop": 0.0, "pct_vegetation": 97.56, "crop": "Banana", "parcel_area_ha": 0.8194, "parcel_area_acres": 2.0247, "affected_area_ha": 0.0129, "affected_area_acres": 0.0318, "damage_percentage": 1.57, "severity": "Low Damage", "severity_score": 0.25, "ndvi_before": 0.3391, "ndvi_after": 0.4535, "delta_ndvi": 0.1144, "hazard_type": "Flood / Inundation", "observation_before": "2026-04-22T00:00:00", "observation_after": "2026-09-09T00:00:00", "priority_score": 0.09161, "norm_affected_area": 0.0292, "norm_damage_pct": 0.0157, "recommended_relief_inr": 470750.86 }, "geometry": { "type": "Polygon", "coordinates": [ [ [ 77.450834200705202, 8.69407006826204 ], [ 77.451667270668409, 8.693874518376354 ], [ 77.451485959083797, 8.693109780950692 ], [ 77.450652890496585, 8.693305330004181 ], [ 77.450834200705202, 8.69407006826204 ] ] ] } },
{ "type": "Feature", "properties": { "parcel_id": "PARCEL_0148", "taluk": "Ambasamudram", "area_m2": 3100.59, "area_ha": 0.31005948759506047, "area_sq_m": 3100.5948759506045, "area_sq_km": 0.0031005948759506045, "predicted_crop": "Banana", "confidence": 0.4737, "prob_banana": 0.4737, "prob_other": 0.2751, "prob_paddy": 0.2512, "validated_crop": "Banana", "land_cover_type": "Uncertain / Mixed (Banana)", "confidence_tier": "Low Confidence / Review", "pct_water": 0.0, "pct_non_crop": 39.29, "pct_vegetation": 7.14, "crop": "Banana", "parcel_area_ha": 0.3101, "parcel_area_acres": 0.7662, "affected_area_ha": 0.0, "affected_area_acres": 0.0, "damage_percentage": 0.0, "severity": "No Damage / Unaffected", "severity_score": 0.0, "ndvi_before": 0.1496, "ndvi_after": 0.1445, "delta_ndvi": -0.0052, "hazard_type": "Flood / Inundation", "observation_before": "2026-04-22T00:00:00", "observation_after": "2026-09-09T00:00:00", "priority_score": 0.0, "norm_affected_area": 0.0, "norm_damage_pct": 0.0, "recommended_relief_inr": 0.0 }, "geometry": { "type": "Polygon", "coordinates": [ [ [ 77.508615240579118, 8.700505273108085 ], [ 77.509201843746752, 8.700443460540077 ], [ 77.50915618337099, 8.70001446456685 ], [ 77.50856958082457, 8.70007627687847 ], [ 77.508615240579118, 8.700505273108085 ] ] ] } },
{ "type": "Feature", "properties": { "parcel_id": "PARCEL_0149", "taluk": "Ambasamudram", "area_m2": 6539.63, "area_ha": 0.65396311525271733, "area_sq_m": 6539.6311525271731, "area_sq_km": 0.0065396311525271729, "predicted_crop": "Banana", "confidence": 0.9446, "prob_banana": 0.9446, "prob_other": 0.0091, "prob_paddy": 0.0463, "validated_crop": "Banana", "land_cover_type": "Agricultural Land", "confidence_tier": "High Confidence", "pct_water": 0.0, "pct_non_crop": 31.82, "pct_vegetation": 30.3, "crop": "Banana", "parcel_area_ha": 0.654, "parcel_area_acres": 1.616, "affected_area_ha": 0.0, "affected_area_acres": 0.0, "damage_percentage": 0.0, "severity": "No Damage / Unaffected", "severity_score": 0.0, "ndvi_before": 0.1194, "ndvi_after": 0.0, "delta_ndvi": -0.1194, "hazard_type": "Flood / Inundation", "observation_before": "2026-04-22T00:00:00", "observation_after": "2026-09-09T00:00:00", "priority_score": 0.0, "norm_affected_area": 0.0, "norm_damage_pct": 0.0, "recommended_relief_inr": 0.0 }, "geometry": { "type": "Polygon", "coordinates": [ [ [ 77.450400481490576, 8.677451744173988 ], [ 77.451050024715983, 8.677387775642611 ], [ 77.4509686335645, 8.676569462270516 ], [ 77.450319091656652, 8.676633430278887 ], [ 77.450400481490576, 8.677451744173988 ] ] ] } },
{ "type": "Feature", "properties": { "parcel_id": "PARCEL_0150", "taluk": "Ambasamudram", "area_m2": 3801.78, "area_ha": 0.38017770449676097, "area_sq_m": 3801.77704496761, "area_sq_km": 0.00380177704496761, "predicted_crop": "Banana", "confidence": 0.6262, "prob_banana": 0.6262, "prob_other": 0.0891, "prob_paddy": 0.2848, "validated_crop": "Banana", "land_cover_type": "Agricultural Banana", "confidence_tier": "Medium Confidence", "pct_water": 0.0, "pct_non_crop": 16.67, "pct_vegetation": 83.33, "crop": "Banana", "parcel_area_ha": 0.3802, "parcel_area_acres": 0.9394, "affected_area_ha": 0.0, "affected_area_acres": 0.0, "damage_percentage": 0.0, "severity": "No Damage / Unaffected", "severity_score": 0.0, "ndvi_before": 0.1409, "ndvi_after": 0.4888, "delta_ndvi": 0.3479, "hazard_type": "Flood / Inundation", "observation_before": "2026-04-22T00:00:00", "observation_after": "2026-09-09T00:00:00", "priority_score": 0.0, "norm_affected_area": 0.0, "norm_damage_pct": 0.0, "recommended_relief_inr": 0.0 }, "geometry": { "type": "Polygon", "coordinates": [ [ [ 77.487753830468691, 8.686103443044342 ], [ 77.488367487229752, 8.68608200264449 ], [ 77.488349566648054, 8.685574171220724 ], [ 77.487735910696614, 8.68559561136003 ], [ 77.487753830468691, 8.686103443044342 ] ] ] } },
{ "type": "Feature", "properties": { "parcel_id": "PARCEL_0151", "taluk": "Ambasamudram", "area_m2": 4610.86, "area_ha": 0.46108571080890071, "area_sq_m": 4610.8571080890069, "area_sq_km": 0.0046108571080890068, "predicted_crop": "Banana", "confidence": 0.7285, "prob_banana": 0.7285, "prob_other": 0.0611, "prob_paddy": 0.2105, "validated_crop": "Banana", "land_cover_type": "Agricultural Banana", "confidence_tier": "Medium Confidence", "pct_water": 0.0, "pct_non_crop": 4.35, "pct_vegetation": 93.48, "crop": "Banana", "parcel_area_ha": 0.4611, "parcel_area_acres": 1.1394, "affected_area_ha": 0.0, "affected_area_acres": 0.0, "damage_percentage": 0.0, "severity": "No Damage / Unaffected", "severity_score": 0.0, "ndvi_before": 0.1803, "ndvi_after": 0.459, "delta_ndvi": 0.2788, "hazard_type": "Flood / Inundation", "observation_before": "2026-04-22T00:00:00", "observation_after": "2026-09-09T00:00:00", "priority_score": 0.0, "norm_affected_area": 0.0, "norm_damage_pct": 0.0, "recommended_relief_inr": 0.0 }, "geometry": { "type": "Polygon", "coordinates": [ [ [ 77.462930034397345, 8.692131462376704 ], [ 77.463546481950502, 8.692283132138177 ], [ 77.463690249962724, 8.691704598425176 ], [ 77.463073803429651, 8.691552928645288 ], [ 77.462930034397345, 8.692131462376704 ] ] ] } },
{ "type": "Feature", "properties": { "parcel_id": "PARCEL_0152", "taluk": "Ambasamudram", "area_m2": 3497.76, "area_ha": 0.34977550683190262, "area_sq_m": 3497.7550683190261, "area_sq_km": 0.0034977550683190262, "predicted_crop": "Banana", "confidence": 0.9468, "prob_banana": 0.9468, "prob_other": 0.0241, "prob_paddy": 0.029, "validated_crop": "Banana", "land_cover_type": "Agricultural Land", "confidence_tier": "High Confidence", "pct_water": 0.0, "pct_non_crop": 2.94, "pct_vegetation": 35.29, "crop": "Banana", "parcel_area_ha": 0.3498, "parcel_area_acres": 0.8643, "affected_area_ha": 0.0, "affected_area_acres": 0.0, "damage_percentage": 0.0, "severity": "No Damage / Unaffected", "severity_score": 0.0, "ndvi_before": 0.1436, "ndvi_after": 0.0, "delta_ndvi": -0.1436, "hazard_type": "Flood / Inundation", "observation_before": "2026-04-22T00:00:00", "observation_after": "2026-09-09T00:00:00", "priority_score": 0.0, "norm_affected_area": 0.0, "norm_damage_pct": 0.0, "recommended_relief_inr": 0.0 }, "geometry": { "type": "Polygon", "coordinates": [ [ [ 77.484512570488604, 8.67490216597464 ], [ 77.485205429111389, 8.674965480265547 ], [ 77.485243345374784, 8.6745546328558 ], [ 77.484550487539252, 8.674491318422319 ], [ 77.484512570488604, 8.67490216597464 ] ] ] } },
{ "type": "Feature", "properties": { "parcel_id": "PARCEL_0153", "taluk": "Ambasamudram", "area_m2": 4672.71, "area_ha": 0.46727110361154856, "area_sq_m": 4672.7110361154855, "area_sq_km": 0.0046727110361154851, "predicted_crop": "Banana", "confidence": 0.9171, "prob_banana": 0.9171, "prob_other": 0.0081, "prob_paddy": 0.0748, "validated_crop": "Banana", "land_cover_type": "Agricultural Banana", "confidence_tier": "High Confidence", "pct_water": 0.0, "pct_non_crop": 48.0, "pct_vegetation": 46.0, "crop": "Banana", "parcel_area_ha": 0.4673, "parcel_area_acres": 1.1547, "affected_area_ha": 0.0, "affected_area_acres": 0.0, "damage_percentage": 0.0, "severity": "No Damage / Unaffected", "severity_score": 0.0, "ndvi_before": 0.2404, "ndvi_after": 0.0, "delta_ndvi": -0.2404, "hazard_type": "Flood / Inundation", "observation_before": "2026-04-22T00:00:00", "observation_after": "2026-09-09T00:00:00", "priority_score": 0.0, "norm_affected_area": 0.0, "norm_damage_pct": 0.0, "recommended_relief_inr": 0.0 }, "geometry": { "type": "Polygon", "coordinates": [ [ [ 77.462651238954408, 8.683308259245408 ], [ 77.463098680032004, 8.683305954475603 ], [ 77.463094220869607, 8.682448861130318 ], [ 77.462646780806395, 8.682451165611813 ], [ 77.462651238954408, 8.683308259245408 ] ] ] } },
{ "type": "Feature", "properties": { "parcel_id": "PARCEL_0154", "taluk": "Ambasamudram", "area_m2": 4578.25, "area_ha": 0.4578250886204715, "area_sq_m": 4578.2508862047152, "area_sq_km": 0.0045782508862047154, "predicted_crop": "Banana", "confidence": 0.7323, "prob_banana": 0.7323, "prob_other": 0.0847, "prob_paddy": 0.183, "validated_crop": "Banana", "land_cover_type": "Agricultural Banana", "confidence_tier": "Medium Confidence", "pct_water": 0.0, "pct_non_crop": 2.17, "pct_vegetation": 97.83, "crop": "Banana", "parcel_area_ha": 0.4578, "parcel_area_acres": 1.1313, "affected_area_ha": 0.0, "affected_area_acres": 0.0, "damage_percentage": 0.0, "severity": "No Damage / Unaffected", "severity_score": 0.0, "ndvi_before": 0.1511, "ndvi_after": 0.5275, "delta_ndvi": 0.3764, "hazard_type": "Flood / Inundation", "observation_before": "2026-04-22T00:00:00", "observation_after": "2026-09-09T00:00:00", "priority_score": 0.0, "norm_affected_area": 0.0, "norm_damage_pct": 0.0, "recommended_relief_inr": 0.0 }, "geometry": { "type": "Polygon", "coordinates": [ [ [ 77.455858067158616, 8.696698197899664 ], [ 77.456587210325154, 8.696869867145216 ], [ 77.456703268168596, 8.69638182915468 ], [ 77.455974126019257, 8.696210159880396 ], [ 77.455858067158616, 8.696698197899664 ] ] ] } },
{ "type": "Feature", "properties": { "parcel_id": "PARCEL_0155", "taluk": "Ambasamudram", "area_m2": 3212.52, "area_ha": 0.32125221042620444, "area_sq_m": 3212.5221042620442, "area_sq_km": 0.0032125221042620441, "predicted_crop": "Banana", "confidence": 0.8943, "prob_banana": 0.8943, "prob_other": 0.0416, "prob_paddy": 0.0641, "validated_crop": "Banana", "land_cover_type": "Agricultural Banana", "confidence_tier": "High Confidence", "pct_water": 0.0, "pct_non_crop": 0.0, "pct_vegetation": 100.0, "crop": "Banana", "parcel_area_ha": 0.3213, "parcel_area_acres": 0.7938, "affected_area_ha": 0.0, "affected_area_acres": 0.0, "damage_percentage": 0.0, "severity": "No Damage / Unaffected", "severity_score": 0.0, "ndvi_before": 0.4508, "ndvi_after": 0.0, "delta_ndvi": -0.4508, "hazard_type": "Flood / Inundation", "observation_before": "2026-04-22T00:00:00", "observation_after": "2026-09-09T00:00:00", "priority_score": 0.0, "norm_affected_area": 0.0, "norm_damage_pct": 0.0, "recommended_relief_inr": 0.0 }, "geometry": { "type": "Polygon", "coordinates": [ [ [ 77.457707426903681, 8.689282846254487 ], [ 77.458132498732169, 8.689296563317098 ], [ 77.458152694630172, 8.688676916962594 ], [ 77.457727623512852, 8.68866319972825 ], [ 77.457707426903681, 8.689282846254487 ] ] ] } },
{ "type": "Feature", "properties": { "parcel_id": "PARCEL_0157", "taluk": "Ambasamudram", "area_m2": 8131.15, "area_ha": 0.81311491897907606, "area_sq_m": 8131.1491897907608, "area_sq_km": 0.0081311491897907602, "predicted_crop": "Banana", "confidence": 0.7656, "prob_banana": 0.7656, "prob_other": 0.0882, "prob_paddy": 0.1462, "validated_crop": "Banana", "land_cover_type": "Agricultural Banana", "confidence_tier": "Medium Confidence", "pct_water": 0.0, "pct_non_crop": 1.25, "pct_vegetation": 97.5, "crop": "Banana", "parcel_area_ha": 0.8131, "parcel_area_acres": 2.0093, "affected_area_ha": 0.0276, "affected_area_acres": 0.0683, "damage_percentage": 3.4, "severity": "Low Damage", "severity_score": 0.25, "ndvi_before": 0.28, "ndvi_after": 0.4845, "delta_ndvi": 0.2045, "hazard_type": "Flood / Inundation", "observation_before": "2026-04-22T00:00:00", "observation_after": "2026-09-09T00:00:00", "priority_score": 0.11426, "norm_affected_area": 0.0624, "norm_damage_pct": 0.034, "recommended_relief_inr": 587141.07 }, "geometry": { "type": "Polygon", "coordinates": [ [ [ 77.461354225646062, 8.69130623915739 ], [ 77.462151547869027, 8.691240629552615 ], [ 77.462082453751904, 8.690409297821796 ], [ 77.461285133195631, 8.690474906798496 ], [ 77.461354225646062, 8.69130623915739 ] ] ] } },
{ "type": "Feature", "properties": { "parcel_id": "PARCEL_0158", "taluk": "Ambasamudram", "area_m2": 3027.71, "area_ha": 0.30277118628004251, "area_sq_m": 3027.711862800425, "area_sq_km": 0.0030277118628004251, "predicted_crop": "Non-Crop", "confidence": 0.9708, "prob_banana": 0.9708, "prob_other": 0.0149, "prob_paddy": 0.0144, "validated_crop": "Non-Crop", "land_cover_type": "Bare Soil / Settlement / Non-Crop", "confidence_tier": "High Confidence", "pct_water": 0.0, "pct_non_crop": 82.76, "pct_vegetation": 0.0, "crop": "Non-Crop", "parcel_area_ha": 0.3028, "parcel_area_acres": 0.7482, "affected_area_ha": 0.0, "affected_area_acres": 0.0, "damage_percentage": 0.0, "severity": "No Damage / Unaffected", "severity_score": 0.0, "ndvi_before": 0.1833, "ndvi_after": 0.0, "delta_ndvi": -0.1833, "hazard_type": "Flood / Inundation", "observation_before": "2026-04-22T00:00:00", "observation_after": "2026-09-09T00:00:00", "priority_score": 0.0, "norm_affected_area": 0.0, "norm_damage_pct": 0.0, "recommended_relief_inr": 0.0 }, "geometry": { "type": "Polygon", "coordinates": [ [ [ 77.480627357200063, 8.680642699900693 ], [ 77.481208229859789, 8.680517781681873 ], [ 77.48111946305535, 8.680109086202826 ], [ 77.480538590919096, 8.680234004120322 ], [ 77.480627357200063, 8.680642699900693 ] ] ] } },
{ "type": "Feature", "properties": { "parcel_id": "PARCEL_0159", "taluk": "Ambasamudram", "area_m2": 2600.44, "area_ha": 0.26004397375745486, "area_sq_m": 2600.4397375745484, "area_sq_km": 0.0026004397375745483, "predicted_crop": "Paddy", "confidence": 0.653, "prob_banana": 0.3017, "prob_other": 0.0453, "prob_paddy": 0.653, "validated_crop": "Paddy", "land_cover_type": "Agricultural Paddy", "confidence_tier": "Medium Confidence", "pct_water": 0.0, "pct_non_crop": 20.0, "pct_vegetation": 64.0, "crop": "Paddy", "parcel_area_ha": 0.26, "parcel_area_acres": 0.6426, "affected_area_ha": 0.0, "affected_area_acres": 0.0, "damage_percentage": 0.0, "severity": "No Damage / Unaffected", "severity_score": 0.0, "ndvi_before": 0.314, "ndvi_after": 0.3178, "delta_ndvi": 0.0038, "hazard_type": "Flood / Inundation", "observation_before": "2026-04-22T00:00:00", "observation_after": "2026-09-09T00:00:00", "priority_score": 0.0, "norm_affected_area": 0.0, "norm_damage_pct": 0.0, "recommended_relief_inr": 0.0 }, "geometry": { "type": "Polygon", "coordinates": [ [ [ 77.482568834924137, 8.70882372611967 ], [ 77.482983929493699, 8.70875371394451 ], [ 77.482898773170731, 8.708253888220472 ], [ 77.482483679084751, 8.7083239001542 ], [ 77.482568834924137, 8.70882372611967 ] ] ] } },
{ "type": "Feature", "properties": { "parcel_id": "PARCEL_0160", "taluk": "Ambasamudram", "area_m2": 4186.77, "area_ha": 0.41867650653690469, "area_sq_m": 4186.7650653690471, "area_sq_km": 0.0041867650653690473, "predicted_crop": "Banana", "confidence": 0.8642, "prob_banana": 0.8642, "prob_other": 0.0548, "prob_paddy": 0.081, "validated_crop": "Banana", "land_cover_type": "Agricultural Banana", "confidence_tier": "High Confidence", "pct_water": 0.0, "pct_non_crop": 0.0, "pct_vegetation": 100.0, "crop": "Banana", "parcel_area_ha": 0.4187, "parcel_area_acres": 1.0346, "affected_area_ha": 0.0, "affected_area_acres": 0.0, "damage_percentage": 0.0, "severity": "No Damage / Unaffected", "severity_score": 0.0, "ndvi_before": 0.3215, "ndvi_after": 0.5435, "delta_ndvi": 0.222, "hazard_type": "Flood / Inundation", "observation_before": "2026-04-22T00:00:00", "observation_after": "2026-09-09T00:00:00", "priority_score": 0.0, "norm_affected_area": 0.0, "norm_damage_pct": 0.0, "recommended_relief_inr": 0.0 }, "geometry": { "type": "Polygon", "coordinates": [ [ [ 77.468767618479433, 8.693811338731811 ], [ 77.469250856290699, 8.693731961406172 ], [ 77.469136007371446, 8.693039724028715 ], [ 77.468652770342302, 8.693119100970161 ], [ 77.468767618479433, 8.693811338731811 ] ] ] } },
{ "type": "Feature", "properties": { "parcel_id": "PARCEL_0161", "taluk": "Ambasamudram", "area_m2": 7120.52, "area_ha": 0.71205208064619674, "area_sq_m": 7120.5208064619674, "area_sq_km": 0.0071205208064619675, "predicted_crop": "Banana", "confidence": 0.7673, "prob_banana": 0.7673, "prob_other": 0.0621, "prob_paddy": 0.1706, "validated_crop": "Banana", "land_cover_type": "Agricultural Banana", "confidence_tier": "Medium Confidence", "pct_water": 0.0, "pct_non_crop": 2.82, "pct_vegetation": 97.18, "crop": "Banana", "parcel_area_ha": 0.7121, "parcel_area_acres": 1.7595, "affected_area_ha": 0.0, "affected_area_acres": 0.0, "damage_percentage": 0.0, "severity": "No Damage / Unaffected", "severity_score": 0.0, "ndvi_before": 0.1424, "ndvi_after": 0.4383, "delta_ndvi": 0.2959, "hazard_type": "Flood / Inundation", "observation_before": "2026-04-22T00:00:00", "observation_after": "2026-09-09T00:00:00", "priority_score": 0.0, "norm_affected_area": 0.0, "norm_damage_pct": 0.0, "recommended_relief_inr": 0.0 }, "geometry": { "type": "Polygon", "coordinates": [ [ [ 77.462953949158745, 8.691129885042526 ], [ 77.463677150258846, 8.691269496994433 ], [ 77.46382899936745, 8.690490705772197 ], [ 77.463105799868799, 8.690351093703537 ], [ 77.462953949158745, 8.691129885042526 ] ] ] } },
{ "type": "Feature", "properties": { "parcel_id": "PARCEL_0162", "taluk": "Ambasamudram", "area_m2": 3296.02, "area_ha": 0.32960237601142495, "area_sq_m": 3296.0237601142494, "area_sq_km": 0.0032960237601142492, "predicted_crop": "Banana", "confidence": 0.9695, "prob_banana": 0.9695, "prob_other": 0.0018, "prob_paddy": 0.0287, "validated_crop": "Banana", "land_cover_type": "Agricultural Banana", "confidence_tier": "High Confidence", "pct_water": 0.0, "pct_non_crop": 0.0, "pct_vegetation": 78.79, "crop": "Banana", "parcel_area_ha": 0.3296, "parcel_area_acres": 0.8145, "affected_area_ha": 0.0, "affected_area_acres": 0.0, "damage_percentage": 0.0, "severity": "No Damage / Unaffected", "severity_score": 0.0, "ndvi_before": 0.3196, "ndvi_after": 0.0, "delta_ndvi": -0.3196, "hazard_type": "Flood / Inundation", "observation_before": "2026-04-22T00:00:00", "observation_after": "2026-09-09T00:00:00", "priority_score": 0.0, "norm_affected_area": 0.0, "norm_damage_pct": 0.0, "recommended_relief_inr": 0.0 }, "geometry": { "type": "Polygon", "coordinates": [ [ [ 77.493882808020828, 8.683958436215546 ], [ 77.494371216750409, 8.684072855481102 ], [ 77.494495379805628, 8.683548090508227 ], [ 77.4940069718091, 8.683433671218101 ], [ 77.493882808020828, 8.683958436215546 ] ] ] } },
{ "type": "Feature", "properties": { "parcel_id": "PARCEL_0163", "taluk": "Ambasamudram", "area_m2": 5922.2, "area_ha": 0.59222010254150714, "area_sq_m": 5922.2010254150719, "area_sq_km": 0.0059222010254150722, "predicted_crop": "Non-Crop", "confidence": 0.9589, "prob_banana": 0.9589, "prob_other": 0.0031, "prob_paddy": 0.038, "validated_crop": "Non-Crop", "land_cover_type": "Bare Soil / Settlement / Non-Crop", "confidence_tier": "High Confidence", "pct_water": 0.0, "pct_non_crop": 56.67, "pct_vegetation": 16.67, "crop": "Non-Crop", "parcel_area_ha": 0.5922, "parcel_area_acres": 1.4634, "affected_area_ha": 0.0, "affected_area_acres": 0.0, "damage_percentage": 0.0, "severity": "No Damage / Unaffected", "severity_score": 0.0, "ndvi_before": 0.1951, "ndvi_after": 0.0, "delta_ndvi": -0.1951, "hazard_type": "Flood / Inundation", "observation_before": "2026-04-22T00:00:00", "observation_after": "2026-09-09T00:00:00", "priority_score": 0.0, "norm_affected_area": 0.0, "norm_damage_pct": 0.0, "recommended_relief_inr": 0.0 }, "geometry": { "type": "Polygon", "coordinates": [ [ [ 77.472219965103434, 8.681591229746948 ], [ 77.47280989340689, 8.681700443832433 ], [ 77.472958791364078, 8.680904094375409 ], [ 77.472368864393786, 8.680794880180276 ], [ 77.472219965103434, 8.681591229746948 ] ] ] } },
{ "type": "Feature", "properties": { "parcel_id": "PARCEL_0164", "taluk": "Ambasamudram", "area_m2": 4767.8, "area_ha": 0.47677978096646884, "area_sq_m": 4767.7978096646884, "area_sq_km": 0.0047677978096646884, "predicted_crop": "Non-Crop", "confidence": 0.9696, "prob_banana": 0.9696, "prob_other": 0.0132, "prob_paddy": 0.0172, "validated_crop": "Non-Crop", "land_cover_type": "Bare Soil / Settlement / Non-Crop", "confidence_tier": "High Confidence", "pct_water": 0.0, "pct_non_crop": 95.83, "pct_vegetation": 0.0, "crop": "Non-Crop", "parcel_area_ha": 0.4768, "parcel_area_acres": 1.1781, "affected_area_ha": 0.0, "affected_area_acres": 0.0, "damage_percentage": 0.0, "severity": "No Damage / Unaffected", "severity_score": 0.0, "ndvi_before": 0.1639, "ndvi_after": 0.0, "delta_ndvi": -0.1639, "hazard_type": "Flood / Inundation", "observation_before": "2026-04-22T00:00:00", "observation_after": "2026-09-09T00:00:00", "priority_score": 0.0, "norm_affected_area": 0.0, "norm_damage_pct": 0.0, "recommended_relief_inr": 0.0 }, "geometry": { "type": "Polygon", "coordinates": [ [ [ 77.446755136260748, 8.686503294304973 ], [ 77.447330105791025, 8.686419390995246 ], [ 77.447231907077821, 8.685753118568165 ], [ 77.446656938459455, 8.685837021457207 ], [ 77.446755136260748, 8.686503294304973 ] ] ] } },
{ "type": "Feature", "properties": { "parcel_id": "PARCEL_0165", "taluk": "Ambasamudram", "area_m2": 4850.3, "area_ha": 0.48502968997312712, "area_sq_m": 4850.296899731271, "area_sq_km": 0.0048502968997312709, "predicted_crop": "Banana", "confidence": 0.6848, "prob_banana": 0.6848, "prob_other": 0.1062, "prob_paddy": 0.209, "validated_crop": "Banana", "land_cover_type": "Agricultural Banana", "confidence_tier": "Medium Confidence", "pct_water": 0.0, "pct_non_crop": 0.0, "pct_vegetation": 100.0, "crop": "Banana", "parcel_area_ha": 0.485, "parcel_area_acres": 1.1985, "affected_area_ha": 0.0, "affected_area_acres": 0.0, "damage_percentage": 0.0, "severity": "No Damage / Unaffected", "severity_score": 0.0, "ndvi_before": 0.1751, "ndvi_after": 0.5507, "delta_ndvi": 0.3757, "hazard_type": "Flood / Inundation", "observation_before": "2026-04-22T00:00:00", "observation_after": "2026-09-09T00:00:00", "priority_score": 0.0, "norm_affected_area": 0.0, "norm_damage_pct": 0.0, "recommended_relief_inr": 0.0 }, "geometry": { "type": "Polygon", "coordinates": [ [ [ 77.446250561464211, 8.714355922823337 ], [ 77.446904451227908, 8.714271001801622 ], [ 77.446825914004577, 8.71367234348244 ], [ 77.446172025190023, 8.713757264089036 ], [ 77.446250561464211, 8.714355922823337 ] ] ] } },
{ "type": "Feature", "properties": { "parcel_id": "PARCEL_0166", "taluk": "Ambasamudram", "area_m2": 5631.68, "area_ha": 0.56316778520568278, "area_sq_m": 5631.6778520568278, "area_sq_km": 0.0056316778520568277, "predicted_crop": "Banana", "confidence": 0.7278, "prob_banana": 0.7278, "prob_other": 0.0206, "prob_paddy": 0.2516, "validated_crop": "Banana", "land_cover_type": "Agricultural Banana", "confidence_tier": "Medium Confidence", "pct_water": 0.0, "pct_non_crop": 0.0, "pct_vegetation": 100.0, "crop": "Banana", "parcel_area_ha": 0.5632, "parcel_area_acres": 1.3916, "affected_area_ha": 0.0, "affected_area_acres": 0.0, "damage_percentage": 0.0, "severity": "No Damage / Unaffected", "severity_score": 0.0, "ndvi_before": 0.1893, "ndvi_after": 0.5107, "delta_ndvi": 0.3215, "hazard_type": "Flood / Inundation", "observation_before": "2026-04-22T00:00:00", "observation_after": "2026-09-09T00:00:00", "priority_score": 0.0, "norm_affected_area": 0.0, "norm_damage_pct": 0.0, "recommended_relief_inr": 0.0 }, "geometry": { "type": "Polygon", "coordinates": [ [ [ 77.482948982481517, 8.694808038071278 ], [ 77.483687983694807, 8.694586145069399 ], [ 77.483514128843964, 8.694012887603057 ], [ 77.482775128462308, 8.694234779986393 ], [ 77.482948982481517, 8.694808038071278 ] ] ] } },
{ "type": "Feature", "properties": { "parcel_id": "PARCEL_0167", "taluk": "Ambasamudram", "area_m2": 4438.99, "area_ha": 0.44389888665439603, "area_sq_m": 4438.9888665439603, "area_sq_km": 0.0044389888665439603, "predicted_crop": "Non-Crop", "confidence": 0.958, "prob_banana": 0.958, "prob_other": 0.008, "prob_paddy": 0.0339, "validated_crop": "Non-Crop", "land_cover_type": "Bare Soil / Settlement / Non-Crop", "confidence_tier": "High Confidence", "pct_water": 0.0, "pct_non_crop": 95.56, "pct_vegetation": 0.0, "crop": "Non-Crop", "parcel_area_ha": 0.4439, "parcel_area_acres": 1.0969, "affected_area_ha": 0.0, "affected_area_acres": 0.0, "damage_percentage": 0.0, "severity": "No Damage / Unaffected", "severity_score": 0.0, "ndvi_before": 0.1093, "ndvi_after": 0.0, "delta_ndvi": -0.1093, "hazard_type": "Flood / Inundation", "observation_before": "2026-04-22T00:00:00", "observation_after": "2026-09-09T00:00:00", "priority_score": 0.0, "norm_affected_area": 0.0, "norm_damage_pct": 0.0, "recommended_relief_inr": 0.0 }, "geometry": { "type": "Polygon", "coordinates": [ [ [ 77.47197568372674, 8.676603265760713 ], [ 77.472654791513349, 8.676450094370573 ], [ 77.472538562423281, 8.67593984847943 ], [ 77.471859455390998, 8.676093019422439 ], [ 77.47197568372674, 8.676603265760713 ] ] ] } },
{ "type": "Feature", "properties": { "parcel_id": "PARCEL_0168", "taluk": "Ambasamudram", "area_m2": 2691.59, "area_ha": 0.26915902968023819, "area_sq_m": 2691.590296802382, "area_sq_km": 0.0026915902968023819, "predicted_crop": "Banana", "confidence": 0.9336, "prob_banana": 0.9336, "prob_other": 0.0145, "prob_paddy": 0.052, "validated_crop": "Banana", "land_cover_type": "Agricultural Banana", "confidence_tier": "High Confidence", "pct_water": 0.0, "pct_non_crop": 0.0, "pct_vegetation": 100.0, "crop": "Banana", "parcel_area_ha": 0.2692, "parcel_area_acres": 0.6651, "affected_area_ha": 0.0, "affected_area_acres": 0.0, "damage_percentage": 0.0, "severity": "No Damage / Unaffected", "severity_score": 0.0, "ndvi_before": 0.3104, "ndvi_after": 0.4842, "delta_ndvi": 0.1738, "hazard_type": "Flood / Inundation", "observation_before": "2026-04-22T00:00:00", "observation_after": "2026-09-09T00:00:00", "priority_score": 0.0, "norm_affected_area": 0.0, "norm_damage_pct": 0.0, "recommended_relief_inr": 0.0 }, "geometry": { "type": "Polygon", "coordinates": [ [ [ 77.445982173650464, 8.696216654244926 ], [ 77.44649901478067, 8.696343659354426 ], [ 77.446599009421988, 8.6959407828164 ], [ 77.446082168887074, 8.695813777697024 ], [ 77.445982173650464, 8.696216654244926 ] ] ] } },
{ "type": "Feature", "properties": { "parcel_id": "PARCEL_0169", "taluk": "Ambasamudram", "area_m2": 4268.21, "area_ha": 0.42682131891442143, "area_sq_m": 4268.2131891442141, "area_sq_km": 0.004268213189144214, "predicted_crop": "Non-Crop", "confidence": 0.9728, "prob_banana": 0.9728, "prob_other": 0.0, "prob_paddy": 0.0272, "validated_crop": "Non-Crop", "land_cover_type": "Bare Soil / Settlement / Non-Crop", "confidence_tier": "High Confidence", "pct_water": 0.0, "pct_non_crop": 82.93, "pct_vegetation": 2.44, "crop": "Non-Crop", "parcel_area_ha": 0.4268, "parcel_area_acres": 1.0547, "affected_area_ha": 0.0, "affected_area_acres": 0.0, "damage_percentage": 0.0, "severity": "No Damage / Unaffected", "severity_score": 0.0, "ndvi_before": 0.1395, "ndvi_after": 0.0, "delta_ndvi": -0.1395, "hazard_type": "Flood / Inundation", "observation_before": "2026-04-22T00:00:00", "observation_after": "2026-09-09T00:00:00", "priority_score": 0.0, "norm_affected_area": 0.0, "norm_damage_pct": 0.0, "recommended_relief_inr": 0.0 }, "geometry": { "type": "Polygon", "coordinates": [ [ [ 77.470185483715099, 8.684524130858025 ], [ 77.470716725766565, 8.684568818598423 ], [ 77.470772350951734, 8.683914085739916 ], [ 77.470241109860311, 8.683869397819977 ], [ 77.470185483715099, 8.684524130858025 ] ] ] } },
{ "type": "Feature", "properties": { "parcel_id": "PARCEL_0170", "taluk": "Ambasamudram", "area_m2": 2361.5, "area_ha": 0.23614962094788824, "area_sq_m": 2361.4962094788825, "area_sq_km": 0.0023614962094788824, "predicted_crop": "Banana", "confidence": 0.8934, "prob_banana": 0.8934, "prob_other": 0.0492, "prob_paddy": 0.0574, "validated_crop": "Banana", "land_cover_type": "Agricultural Banana", "confidence_tier": "High Confidence", "pct_water": 0.0, "pct_non_crop": 0.0, "pct_vegetation": 100.0, "crop": "Banana", "parcel_area_ha": 0.2361, "parcel_area_acres": 0.5835, "affected_area_ha": 0.0, "affected_area_acres": 0.0, "damage_percentage": 0.0, "severity": "No Damage / Unaffected", "severity_score": 0.0, "ndvi_before": 0.3678, "ndvi_after": 0.5544, "delta_ndvi": 0.1867, "hazard_type": "Flood / Inundation", "observation_before": "2026-04-22T00:00:00", "observation_after": "2026-09-09T00:00:00", "priority_score": 0.0, "norm_affected_area": 0.0, "norm_damage_pct": 0.0, "recommended_relief_inr": 0.0 }, "geometry": { "type": "Polygon", "coordinates": [ [ [ 77.459458891125863, 8.700793613390985 ], [ 77.459861366261407, 8.70088886441299 ], [ 77.459970324292854, 8.700433061514266 ], [ 77.459567849682045, 8.700337810477988 ], [ 77.459458891125863, 8.700793613390985 ] ] ] } },
{ "type": "Feature", "properties": { "parcel_id": "PARCEL_0171", "taluk": "Ambasamudram", "area_m2": 5870.91, "area_ha": 0.58709097933880727, "area_sq_m": 5870.909793388073, "area_sq_km": 0.0058709097933880728, "predicted_crop": "Banana", "confidence": 0.7943, "prob_banana": 0.7943, "prob_other": 0.0502, "prob_paddy": 0.1555, "validated_crop": "Banana", "land_cover_type": "Agricultural Banana", "confidence_tier": "Medium Confidence", "pct_water": 0.0, "pct_non_crop": 0.0, "pct_vegetation": 100.0, "crop": "Banana", "parcel_area_ha": 0.5871, "parcel_area_acres": 1.4507, "affected_area_ha": 0.0, "affected_area_acres": 0.0, "damage_percentage": 0.0, "severity": "No Damage / Unaffected", "severity_score": 0.0, "ndvi_before": 0.2528, "ndvi_after": 0.4517, "delta_ndvi": 0.1989, "hazard_type": "Flood / Inundation", "observation_before": "2026-04-22T00:00:00", "observation_after": "2026-09-09T00:00:00", "priority_score": 0.0, "norm_affected_area": 0.0, "norm_damage_pct": 0.0, "recommended_relief_inr": 0.0 }, "geometry": { "type": "Polygon", "coordinates": [ [ [ 77.471339448643235, 8.705892970095832 ], [ 77.472007108277381, 8.705757400334614 ], [ 77.471864996848069, 8.705064522971574 ], [ 77.471197338252551, 8.705200092158925 ], [ 77.471339448643235, 8.705892970095832 ] ] ] } },
{ "type": "Feature", "properties": { "parcel_id": "PARCEL_0172", "taluk": "Ambasamudram", "area_m2": 4551.67, "area_ha": 0.45516699401646438, "area_sq_m": 4551.6699401646438, "area_sq_km": 0.0045516699401646436, "predicted_crop": "Banana", "confidence": 0.7179, "prob_banana": 0.7179, "prob_other": 0.1017, "prob_paddy": 0.1804, "validated_crop": "Banana", "land_cover_type": "Agricultural Banana", "confidence_tier": "Medium Confidence", "pct_water": 0.0, "pct_non_crop": 0.0, "pct_vegetation": 91.11, "crop": "Banana", "parcel_area_ha": 0.4552, "parcel_area_acres": 1.1247, "affected_area_ha": 0.0, "affected_area_acres": 0.0, "damage_percentage": 0.0, "severity": "No Damage / Unaffected", "severity_score": 0.0, "ndvi_before": 0.3555, "ndvi_after": 0.4302, "delta_ndvi": 0.0747, "hazard_type": "Flood / Inundation", "observation_before": "2026-04-22T00:00:00", "observation_after": "2026-09-09T00:00:00", "priority_score": 0.0, "norm_affected_area": 0.0, "norm_damage_pct": 0.0, "recommended_relief_inr": 0.0 }, "geometry": { "type": "Polygon", "coordinates": [ [ [ 77.464627824935718, 8.704000943424139 ], [ 77.465188103139468, 8.703841644354791 ], [ 77.465011060953898, 8.703225180991616 ], [ 77.464450783447049, 8.703384479570127 ], [ 77.464627824935718, 8.704000943424139 ] ] ] } },
{ "type": "Feature", "properties": { "parcel_id": "PARCEL_0173", "taluk": "Ambasamudram", "area_m2": 3693.24, "area_ha": 0.3693239727171489, "area_sq_m": 3693.239727171489, "area_sq_km": 0.0036932397271714889, "predicted_crop": "Non-Crop", "confidence": 0.8651, "prob_banana": 0.8651, "prob_other": 0.0558, "prob_paddy": 0.0791, "validated_crop": "Non-Crop", "land_cover_type": "Bare Soil / Settlement / Non-Crop", "confidence_tier": "High Confidence", "pct_water": 0.0, "pct_non_crop": 100.0, "pct_vegetation": 0.0, "crop": "Non-Crop", "parcel_area_ha": 0.3693, "parcel_area_acres": 0.9126, "affected_area_ha": 0.0, "affected_area_acres": 0.0, "damage_percentage": 0.0, "severity": "No Damage / Unaffected", "severity_score": 0.0, "ndvi_before": 0.1169, "ndvi_after": 0.0, "delta_ndvi": -0.1169, "hazard_type": "Flood / Inundation", "observation_before": "2026-04-22T00:00:00", "observation_after": "2026-09-09T00:00:00", "priority_score": 0.0, "norm_affected_area": 0.0, "norm_damage_pct": 0.0, "recommended_relief_inr": 0.0 }, "geometry": { "type": "Polygon", "coordinates": [ [ [ 77.475591461612964, 8.68729502528179 ], [ 77.476032098520406, 8.687224573728727 ], [ 77.475923808266728, 8.686553981193198 ], [ 77.475483172052449, 8.686624432409436 ], [ 77.475591461612964, 8.68729502528179 ] ] ] } },
{ "type": "Feature", "properties": { "parcel_id": "PARCEL_0174", "taluk": "Ambasamudram", "area_m2": 5082.48, "area_ha": 0.508247942461024, "area_sq_m": 5082.4794246102401, "area_sq_km": 0.0050824794246102402, "predicted_crop": "Banana", "confidence": 0.8802, "prob_banana": 0.8802, "prob_other": 0.0147, "prob_paddy": 0.1052, "validated_crop": "Banana", "land_cover_type": "Agricultural Land", "confidence_tier": "High Confidence", "pct_water": 0.0, "pct_non_crop": 34.62, "pct_vegetation": 7.69, "crop": "Banana", "parcel_area_ha": 0.5082, "parcel_area_acres": 1.2559, "affected_area_ha": 0.0, "affected_area_acres": 0.0, "damage_percentage": 0.0, "severity": "No Damage / Unaffected", "severity_score": 0.0, "ndvi_before": 0.1629, "ndvi_after": 0.0, "delta_ndvi": -0.1629, "hazard_type": "Flood / Inundation", "observation_before": "2026-04-22T00:00:00", "observation_after": "2026-09-09T00:00:00", "priority_score": 0.0, "norm_affected_area": 0.0, "norm_damage_pct": 0.0, "recommended_relief_inr": 0.0 }, "geometry": { "type": "Polygon", "coordinates": [ [ [ 77.442140570698299, 8.686750636726291 ], [ 77.442706108001616, 8.686678114360122 ], [ 77.442612132408925, 8.68595253646024 ], [ 77.442046596098663, 8.686025058393787 ], [ 77.442140570698299, 8.686750636726291 ] ] ] } },
{ "type": "Feature", "properties": { "parcel_id": "PARCEL_0175", "taluk": "Ambasamudram", "area_m2": 7180.49, "area_ha": 0.71804942476557521, "area_sq_m": 7180.4942476557517, "area_sq_km": 0.0071804942476557517, "predicted_crop": "Banana", "confidence": 0.6162, "prob_banana": 0.6162, "prob_other": 0.1502, "prob_paddy": 0.2335, "validated_crop": "Banana", "land_cover_type": "Agricultural Banana", "confidence_tier": "Medium Confidence", "pct_water": 0.0, "pct_non_crop": 0.0, "pct_vegetation": 100.0, "crop": "Banana", "parcel_area_ha": 0.718, "parcel_area_acres": 1.7743, "affected_area_ha": 0.0, "affected_area_acres": 0.0, "damage_percentage": 0.0, "severity": "No Damage / Unaffected", "severity_score": 0.0, "ndvi_before": 0.4786, "ndvi_after": 0.3434, "delta_ndvi": -0.1352, "hazard_type": "Flood / Inundation", "observation_before": "2026-04-22T00:00:00", "observation_after": "2026-09-09T00:00:00", "priority_score": 0.0, "norm_affected_area": 0.0, "norm_damage_pct": 0.0, "recommended_relief_inr": 0.0 }, "geometry": { "type": "Polygon", "coordinates": [ [ [ 77.451604993544038, 8.723860495581894 ], [ 77.452308862470204, 8.723954224032761 ], [ 77.452419523648885, 8.723131580607633 ], [ 77.451715656352931, 8.723037851940653 ], [ 77.451604993544038, 8.723860495581894 ] ] ] } },
{ "type": "Feature", "properties": { "parcel_id": "PARCEL_0176", "taluk": "Cheranmahadevi", "area_m2": 3321.35, "area_ha": 0.33213472316632853, "area_sq_m": 3321.3472316632851, "area_sq_km": 0.003321347231663285, "predicted_crop": "Non-Crop", "confidence": 0.9976, "prob_banana": 0.9976, "prob_other": 0.0, "prob_paddy": 0.0024, "validated_crop": "Non-Crop", "land_cover_type": "Bare Soil / Settlement / Non-Crop", "confidence_tier": "High Confidence", "pct_water": 0.0, "pct_non_crop": 100.0, "pct_vegetation": 0.0, "crop": "Non-Crop", "parcel_area_ha": 0.3321, "parcel_area_acres": 0.8207, "affected_area_ha": 0.0, "affected_area_acres": 0.0, "damage_percentage": 0.0, "severity": "No Damage / Unaffected", "severity_score": 0.0, "ndvi_before": 0.1727, "ndvi_after": 0.0, "delta_ndvi": -0.1727, "hazard_type": "Flood / Inundation", "observation_before": "2026-04-22T00:00:00", "observation_after": "2026-09-09T00:00:00", "priority_score": 0.0, "norm_affected_area": 0.0, "norm_damage_pct": 0.0, "recommended_relief_inr": 0.0 }, "geometry": { "type": "Polygon", "coordinates": [ [ [ 77.581249465726742, 8.65985020842777 ], [ 77.58168087373123, 8.65987225823527 ], [ 77.581713393990299, 8.659242194949744 ], [ 77.581281986724861, 8.659220144968497 ], [ 77.581249465726742, 8.65985020842777 ] ] ] } },
{ "type": "Feature", "properties": { "parcel_id": "PARCEL_0177", "taluk": "Cheranmahadevi", "area_m2": 2453.93, "area_ha": 0.24539299691512625, "area_sq_m": 2453.9299691512624, "area_sq_km": 0.0024539299691512624, "predicted_crop": "Non-Crop", "confidence": 1.0, "prob_banana": 1.0, "prob_other": 0.0, "prob_paddy": 0.0, "validated_crop": "Non-Crop", "land_cover_type": "Bare Soil / Settlement / Non-Crop", "confidence_tier": "High Confidence", "pct_water": 0.0, "pct_non_crop": 92.0, "pct_vegetation": 0.0, "crop": "Non-Crop", "parcel_area_ha": 0.2454, "parcel_area_acres": 0.6064, "affected_area_ha": 0.0, "affected_area_acres": 0.0, "damage_percentage": 0.0, "severity": "No Damage / Unaffected", "severity_score": 0.0, "ndvi_before": 0.1389, "ndvi_after": 0.0, "delta_ndvi": -0.1389, "hazard_type": "Flood / Inundation", "observation_before": "2026-04-22T00:00:00", "observation_after": "2026-09-09T00:00:00", "priority_score": 0.0, "norm_affected_area": 0.0, "norm_damage_pct": 0.0, "recommended_relief_inr": 0.0 }, "geometry": { "type": "Polygon", "coordinates": [ [ [ 77.590140732046748, 8.668523256320796 ], [ 77.590593903967871, 8.668582255161082 ], [ 77.590651340707993, 8.66814540328323 ], [ 77.590198169342699, 8.668086404358871 ], [ 77.590140732046748, 8.668523256320796 ] ] ] } },
{ "type": "Feature", "properties": { "parcel_id": "PARCEL_0178", "taluk": "Cheranmahadevi", "area_m2": 3825.62, "area_ha": 0.38256219374914469, "area_sq_m": 3825.6219374914467, "area_sq_km": 0.0038256219374914469, "predicted_crop": "Banana", "confidence": 0.9927, "prob_banana": 0.9927, "prob_other": 0.0023, "prob_paddy": 0.005, "validated_crop": "Banana", "land_cover_type": "Agricultural Land", "confidence_tier": "High Confidence", "pct_water": 0.0, "pct_non_crop": 36.84, "pct_vegetation": 28.95, "crop": "Banana", "parcel_area_ha": 0.3826, "parcel_area_acres": 0.9453, "affected_area_ha": 0.0, "affected_area_acres": 0.0, "damage_percentage": 0.0, "severity": "No Damage / Unaffected", "severity_score": 0.0, "ndvi_before": 0.2005, "ndvi_after": 0.0, "delta_ndvi": -0.2005, "hazard_type": "Flood / Inundation", "observation_before": "2026-04-22T00:00:00", "observation_after": "2026-09-09T00:00:00", "priority_score": 0.0, "norm_affected_area": 0.0, "norm_damage_pct": 0.0, "recommended_relief_inr": 0.0 }, "geometry": { "type": "Polygon", "coordinates": [ [ [ 77.603596251357999, 8.675553800842792 ], [ 77.604192021460733, 8.675664498913559 ], [ 77.60428756396324, 8.675155351315814 ], [ 77.603691794725506, 8.675044653163246 ], [ 77.603596251357999, 8.675553800842792 ] ] ] } },
{ "type": "Feature", "properties": { "parcel_id": "PARCEL_0179", "taluk": "Cheranmahadevi", "area_m2": 4366.92, "area_ha": 0.43669165738101362, "area_sq_m": 4366.9165738101365, "area_sq_km": 0.0043669165738101368, "predicted_crop": "Non-Crop", "confidence": 1.0, "prob_banana": 1.0, "prob_other": 0.0, "prob_paddy": 0.0, "validated_crop": "Non-Crop", "land_cover_type": "Bare Soil / Settlement / Non-Crop", "confidence_tier": "High Confidence", "pct_water": 0.0, "pct_non_crop": 77.27, "pct_vegetation": 2.27, "crop": "Non-Crop", "parcel_area_ha": 0.4367, "parcel_area_acres": 1.0791, "affected_area_ha": 0.0, "affected_area_acres": 0.0, "damage_percentage": 0.0, "severity": "No Damage / Unaffected", "severity_score": 0.0, "ndvi_before": 0.1782, "ndvi_after": 0.0, "delta_ndvi": -0.1782, "hazard_type": "Flood / Inundation", "observation_before": "2026-04-22T00:00:00", "observation_after": "2026-09-09T00:00:00", "priority_score": 0.0, "norm_affected_area": 0.0, "norm_damage_pct": 0.0, "recommended_relief_inr": 0.0 }, "geometry": { "type": "Polygon", "coordinates": [ [ [ 77.581837539250301, 8.686920991813338 ], [ 77.582367602251182, 8.686873273635626 ], [ 77.582306632118474, 8.686202710818753 ], [ 77.581776570003328, 8.686250428640111 ], [ 77.581837539250301, 8.686920991813338 ] ] ] } },
{ "type": "Feature", "properties": { "parcel_id": "PARCEL_0180", "taluk": "Cheranmahadevi", "area_m2": 6391.03, "area_ha": 0.63910307009996414, "area_sq_m": 6391.0307009996413, "area_sq_km": 0.0063910307009996409, "predicted_crop": "Non-Crop", "confidence": 1.0, "prob_banana": 1.0, "prob_other": 0.0, "prob_paddy": 0.0, "validated_crop": "Non-Crop", "land_cover_type": "Bare Soil / Settlement / Non-Crop", "confidence_tier": "High Confidence", "pct_water": 0.0, "pct_non_crop": 95.31, "pct_vegetation": 0.0, "crop": "Non-Crop", "parcel_area_ha": 0.6391, "parcel_area_acres": 1.5793, "affected_area_ha": 0.0, "affected_area_acres": 0.0, "damage_percentage": 0.0, "severity": "No Damage / Unaffected", "severity_score": 0.0, "ndvi_before": 0.1294, "ndvi_after": 0.0, "delta_ndvi": -0.1294, "hazard_type": "Flood / Inundation", "observation_before": "2026-04-22T00:00:00", "observation_after": "2026-09-09T00:00:00", "priority_score": 0.0, "norm_affected_area": 0.0, "norm_damage_pct": 0.0, "recommended_relief_inr": 0.0 }, "geometry": { "type": "Polygon", "coordinates": [ [ [ 77.54970299639416, 8.674131514950895 ], [ 77.550351955625914, 8.674217660375342 ], [ 77.550458402887656, 8.673423638895972 ], [ 77.549809445102937, 8.673337493262611 ], [ 77.54970299639416, 8.674131514950895 ] ] ] } },
{ "type": "Feature", "properties": { "parcel_id": "PARCEL_0181", "taluk": "Cheranmahadevi", "area_m2": 6963.01, "area_ha": 0.69630081068641769, "area_sq_m": 6963.0081068641766, "area_sq_km": 0.0069630081068641769, "predicted_crop": "Non-Crop", "confidence": 1.0, "prob_banana": 1.0, "prob_other": 0.0, "prob_paddy": 0.0, "validated_crop": "Non-Crop", "land_cover_type": "Bare Soil / Settlement / Non-Crop", "confidence_tier": "High Confidence", "pct_water": 0.0, "pct_non_crop": 85.71, "pct_vegetation": 0.0, "crop": "Non-Crop", "parcel_area_ha": 0.6963, "parcel_area_acres": 1.7206, "affected_area_ha": 0.0, "affected_area_acres": 0.0, "damage_percentage": 0.0, "severity": "No Damage / Unaffected", "severity_score": 0.0, "ndvi_before": 0.1619, "ndvi_after": 0.0, "delta_ndvi": -0.1619, "hazard_type": "Flood / Inundation", "observation_before": "2026-04-22T00:00:00", "observation_after": "2026-09-09T00:00:00", "priority_score": 0.0, "norm_affected_area": 0.0, "norm_damage_pct": 0.0, "recommended_relief_inr": 0.0 }, "geometry": { "type": "Polygon", "coordinates": [ [ [ 77.580598164956285, 8.688189950732252 ], [ 77.581312268884588, 8.688077461268467 ], [ 77.581188076833797, 8.687296877182213 ], [ 77.580473974211003, 8.687409365996491 ], [ 77.580598164956285, 8.688189950732252 ] ] ] } },
{ "type": "Feature", "properties": { "parcel_id": "PARCEL_0182", "taluk": "Cheranmahadevi", "area_m2": 8702.43, "area_ha": 0.87024295509271543, "area_sq_m": 8702.4295509271542, "area_sq_km": 0.008702429550927154, "predicted_crop": "Banana", "confidence": 0.9688, "prob_banana": 0.9688, "prob_other": 0.0, "prob_paddy": 0.0312, "validated_crop": "Banana", "land_cover_type": "Agricultural Banana", "confidence_tier": "High Confidence", "pct_water": 0.0, "pct_non_crop": 11.49, "pct_vegetation": 43.68, "crop": "Banana", "parcel_area_ha": 0.8702, "parcel_area_acres": 2.1504, "affected_area_ha": 0.0, "affected_area_acres": 0.0, "damage_percentage": 0.0, "severity": "No Damage / Unaffected", "severity_score": 0.0, "ndvi_before": 0.2351, "ndvi_after": 0.0, "delta_ndvi": -0.2351, "hazard_type": "Flood / Inundation", "observation_before": "2026-04-22T00:00:00", "observation_after": "2026-09-09T00:00:00", "priority_score": 0.0, "norm_affected_area": 0.0, "norm_damage_pct": 0.0, "recommended_relief_inr": 0.0 }, "geometry": { "type": "Polygon", "coordinates": [ [ [ 77.546411520054647, 8.676144715896225 ], [ 77.547234531843202, 8.675906512665556 ], [ 77.54700067822634, 8.675106479667399 ], [ 77.546177667741659, 8.67534468194161 ], [ 77.546411520054647, 8.676144715896225 ] ] ] } },
{ "type": "Feature", "properties": { "parcel_id": "PARCEL_0183", "taluk": "Cheranmahadevi", "area_m2": 3965.56, "area_ha": 0.39655635603436634, "area_sq_m": 3965.5635603436635, "area_sq_km": 0.0039655635603436639, "predicted_crop": "Banana", "confidence": 1.0, "prob_banana": 1.0, "prob_other": 0.0, "prob_paddy": 0.0, "validated_crop": "Banana", "land_cover_type": "Agricultural Land", "confidence_tier": "High Confidence", "pct_water": 0.0, "pct_non_crop": 0.0, "pct_vegetation": 0.0, "crop": "Banana", "parcel_area_ha": 0.3966, "parcel_area_acres": 0.9799, "affected_area_ha": 0.0, "affected_area_acres": 0.0, "damage_percentage": 0.0, "severity": "No Damage / Unaffected", "severity_score": 0.0, "ndvi_before": 0.0, "ndvi_after": 0.0, "delta_ndvi": 0.0, "hazard_type": "Flood / Inundation", "observation_before": "2026-04-22T00:00:00", "observation_after": "2026-09-09T00:00:00", "priority_score": 0.0, "norm_affected_area": 0.0, "norm_damage_pct": 0.0, "recommended_relief_inr": 0.0 }, "geometry": { "type": "Polygon", "coordinates": [ [ [ 77.578382472215452, 8.678553973114361 ], [ 77.578858756724316, 8.67867120749273 ], [ 77.579018807796245, 8.67802737796314 ], [ 77.578542524168668, 8.677910143558799 ], [ 77.578382472215452, 8.678553973114361 ] ] ] } },
{ "type": "Feature", "properties": { "parcel_id": "PARCEL_0184", "taluk": "Cheranmahadevi", "area_m2": 8626.83, "area_ha": 0.86268250518422396, "area_sq_m": 8626.8250518422392, "area_sq_km": 0.00862682505184224, "predicted_crop": "Non-Crop", "confidence": 0.9894, "prob_banana": 0.9894, "prob_other": 0.0, "prob_paddy": 0.0106, "validated_crop": "Non-Crop", "land_cover_type": "Bare Soil / Settlement / Non-Crop", "confidence_tier": "High Confidence", "pct_water": 0.0, "pct_non_crop": 81.48, "pct_vegetation": 1.23, "crop": "Non-Crop", "parcel_area_ha": 0.8627, "parcel_area_acres": 2.1317, "affected_area_ha": 0.0, "affected_area_acres": 0.0, "damage_percentage": 0.0, "severity": "No Damage / Unaffected", "severity_score": 0.0, "ndvi_before": 0.1076, "ndvi_after": 0.0, "delta_ndvi": -0.1076, "hazard_type": "Flood / Inundation", "observation_before": "2026-04-22T00:00:00", "observation_after": "2026-09-09T00:00:00", "priority_score": 0.0, "norm_affected_area": 0.0, "norm_damage_pct": 0.0, "recommended_relief_inr": 0.0 }, "geometry": { "type": "Polygon", "coordinates": [ [ [ 77.57853234910003, 8.674150163965408 ], [ 77.579381690498693, 8.674131343945387 ], [ 77.579363047497949, 8.673298289408599 ], [ 77.578513707949185, 8.673317108840941 ], [ 77.57853234910003, 8.674150163965408 ] ] ] } },
{ "type": "Feature", "properties": { "parcel_id": "PARCEL_0185", "taluk": "Cheranmahadevi", "area_m2": 5269.3, "area_ha": 0.52693041818353881, "area_sq_m": 5269.3041818353886, "area_sq_km": 0.0052693041818353886, "predicted_crop": "Non-Crop", "confidence": 0.9932, "prob_banana": 0.9932, "prob_other": 0.0, "prob_paddy": 0.0068, "validated_crop": "Non-Crop", "land_cover_type": "Bare Soil / Settlement / Non-Crop", "confidence_tier": "High Confidence", "pct_water": 0.0, "pct_non_crop": 66.04, "pct_vegetation": 1.89, "crop": "Non-Crop", "parcel_area_ha": 0.5269, "parcel_area_acres": 1.3021, "affected_area_ha": 0.0, "affected_area_acres": 0.0, "damage_percentage": 0.0, "severity": "No Damage / Unaffected", "severity_score": 0.0, "ndvi_before": 0.0, "ndvi_after": 0.0, "delta_ndvi": 0.0, "hazard_type": "Flood / Inundation", "observation_before": "2026-04-22T00:00:00", "observation_after": "2026-09-09T00:00:00", "priority_score": 0.0, "norm_affected_area": 0.0, "norm_damage_pct": 0.0, "recommended_relief_inr": 0.0 }, "geometry": { "type": "Polygon", "coordinates": [ [ [ 77.571972566753104, 8.676857796172651 ], [ 77.572503842385842, 8.676703158643861 ], [ 77.572283449861189, 8.675953426853349 ], [ 77.571752175013529, 8.676108063799296 ], [ 77.571972566753104, 8.676857796172651 ] ] ] } },
{ "type": "Feature", "properties": { "parcel_id": "PARCEL_0186", "taluk": "Cheranmahadevi", "area_m2": 2492.62, "area_ha": 0.2492615216341024, "area_sq_m": 2492.6152163410238, "area_sq_km": 0.0024926152163410238, "predicted_crop": "Banana", "confidence": 1.0, "prob_banana": 1.0, "prob_other": 0.0, "prob_paddy": 0.0, "validated_crop": "Banana", "land_cover_type": "Agricultural Land", "confidence_tier": "High Confidence", "pct_water": 0.0, "pct_non_crop": 48.0, "pct_vegetation": 24.0, "crop": "Banana", "parcel_area_ha": 0.2493, "parcel_area_acres": 0.6159, "affected_area_ha": 0.0, "affected_area_acres": 0.0, "damage_percentage": 0.0, "severity": "No Damage / Unaffected", "severity_score": 0.0, "ndvi_before": 0.2253, "ndvi_after": 0.0, "delta_ndvi": -0.2253, "hazard_type": "Flood / Inundation", "observation_before": "2026-04-22T00:00:00", "observation_after": "2026-09-09T00:00:00", "priority_score": 0.0, "norm_affected_area": 0.0, "norm_damage_pct": 0.0, "recommended_relief_inr": 0.0 }, "geometry": { "type": "Polygon", "coordinates": [ [ [ 77.548476406960674, 8.681866978948143 ], [ 77.54893695986874, 8.681918082458612 ], [ 77.548986122469316, 8.681479392607761 ], [ 77.548525570125193, 8.681428289003234 ], [ 77.548476406960674, 8.681866978948143 ] ] ] } },
{ "type": "Feature", "properties": { "parcel_id": "PARCEL_0187", "taluk": "Cheranmahadevi", "area_m2": 2932.97, "area_ha": 0.29329705838481684, "area_sq_m": 2932.9705838481686, "area_sq_km": 0.0029329705838481686, "predicted_crop": "Banana", "confidence": 0.9297, "prob_banana": 0.9297, "prob_other": 0.0236, "prob_paddy": 0.0467, "validated_crop": "Banana", "land_cover_type": "Agricultural Banana", "confidence_tier": "High Confidence", "pct_water": 0.0, "pct_non_crop": 0.0, "pct_vegetation": 96.0, "crop": "Banana", "parcel_area_ha": 0.2933, "parcel_area_acres": 0.7248, "affected_area_ha": 0.0, "affected_area_acres": 0.0, "damage_percentage": 0.0, "severity": "No Damage / Unaffected", "severity_score": 0.0, "ndvi_before": 0.1267, "ndvi_after": 0.0, "delta_ndvi": -0.1267, "hazard_type": "Flood / Inundation", "observation_before": "2026-04-22T00:00:00", "observation_after": "2026-09-09T00:00:00", "priority_score": 0.0, "norm_affected_area": 0.0, "norm_damage_pct": 0.0, "recommended_relief_inr": 0.0 }, "geometry": { "type": "Polygon", "coordinates": [ [ [ 77.591898487125647, 8.6665176279229 ], [ 77.592336730406103, 8.66652498685275 ], [ 77.592346040050671, 8.665975988016964 ], [ 77.59190779741354, 8.665968628910671 ], [ 77.591898487125647, 8.6665176279229 ] ] ] } },
{ "type": "Feature", "properties": { "parcel_id": "PARCEL_0188", "taluk": "Cheranmahadevi", "area_m2": 6813.02, "area_ha": 0.6813020111339807, "area_sq_m": 6813.020111339807, "area_sq_km": 0.0068130201113398067, "predicted_crop": "Non-Crop", "confidence": 0.9889, "prob_banana": 0.9889, "prob_other": 0.0031, "prob_paddy": 0.008, "validated_crop": "Non-Crop", "land_cover_type": "Bare Soil / Settlement / Non-Crop", "confidence_tier": "High Confidence", "pct_water": 0.0, "pct_non_crop": 100.0, "pct_vegetation": 0.0, "crop": "Non-Crop", "parcel_area_ha": 0.6813, "parcel_area_acres": 1.6835, "affected_area_ha": 0.0, "affected_area_acres": 0.0, "damage_percentage": 0.0, "severity": "No Damage / Unaffected", "severity_score": 0.0, "ndvi_before": 0.1126, "ndvi_after": 0.0, "delta_ndvi": -0.1126, "hazard_type": "Flood / Inundation", "observation_before": "2026-04-22T00:00:00", "observation_after": "2026-09-09T00:00:00", "priority_score": 0.0, "norm_affected_area": 0.0, "norm_damage_pct": 0.0, "recommended_relief_inr": 0.0 }, "geometry": { "type": "Polygon", "coordinates": [ [ [ 77.560734309155791, 8.687854243737792 ], [ 77.561425809105842, 8.687897484687609 ], [ 77.56147667228899, 8.687092137237185 ], [ 77.560785173865483, 8.687048895952243 ], [ 77.560734309155791, 8.687854243737792 ] ] ] } },
{ "type": "Feature", "properties": { "parcel_id": "PARCEL_0189", "taluk": "Cheranmahadevi", "area_m2": 7810.44, "area_ha": 0.78104434391969801, "area_sq_m": 7810.4434391969799, "area_sq_km": 0.0078104434391969802, "predicted_crop": "Non-Crop", "confidence": 1.0, "prob_banana": 1.0, "prob_other": 0.0, "prob_paddy": 0.0, "validated_crop": "Non-Crop", "land_cover_type": "Bare Soil / Settlement / Non-Crop", "confidence_tier": "High Confidence", "pct_water": 0.0, "pct_non_crop": 98.73, "pct_vegetation": 0.0, "crop": "Non-Crop", "parcel_area_ha": 0.781, "parcel_area_acres": 1.93, "affected_area_ha": 0.0, "affected_area_acres": 0.0, "damage_percentage": 0.0, "severity": "No Damage / Unaffected", "severity_score": 0.0, "ndvi_before": 0.1347, "ndvi_after": 0.0, "delta_ndvi": -0.1347, "hazard_type": "Flood / Inundation", "observation_before": "2026-04-22T00:00:00", "observation_after": "2026-09-09T00:00:00", "priority_score": 0.0, "norm_affected_area": 0.0, "norm_damage_pct": 0.0, "recommended_relief_inr": 0.0 }, "geometry": { "type": "Polygon", "coordinates": [ [ [ 77.572575794463006, 8.687878247086415 ], [ 77.573375514195433, 8.688117419422568 ], [ 77.57359754355295, 8.687382369711505 ], [ 77.572797825514058, 8.68714319742128 ], [ 77.572575794463006, 8.687878247086415 ] ] ] } },
{ "type": "Feature", "properties": { "parcel_id": "PARCEL_0190", "taluk": "Cheranmahadevi", "area_m2": 4491.26, "area_ha": 0.44912568175237455, "area_sq_m": 4491.2568175237457, "area_sq_km": 0.0044912568175237456, "predicted_crop": "Non-Crop", "confidence": 1.0, "prob_banana": 1.0, "prob_other": 0.0, "prob_paddy": 0.0, "validated_crop": "Non-Crop", "land_cover_type": "Bare Soil / Settlement / Non-Crop", "confidence_tier": "High Confidence", "pct_water": 0.0, "pct_non_crop": 55.81, "pct_vegetation": 0.0, "crop": "Non-Crop", "parcel_area_ha": 0.4491, "parcel_area_acres": 1.1098, "affected_area_ha": 0.0, "affected_area_acres": 0.0, "damage_percentage": 0.0, "severity": "No Damage / Unaffected", "severity_score": 0.0, "ndvi_before": 0.1567, "ndvi_after": 0.0, "delta_ndvi": -0.1567, "hazard_type": "Flood / Inundation", "observation_before": "2026-04-22T00:00:00", "observation_after": "2026-09-09T00:00:00", "priority_score": 0.0, "norm_affected_area": 0.0, "norm_damage_pct": 0.0, "recommended_relief_inr": 0.0 }, "geometry": { "type": "Polygon", "coordinates": [ [ [ 77.591288702752024, 8.668830711045658 ], [ 77.591878394474278, 8.66887166588887 ], [ 77.591922015104998, 8.668249740828095 ], [ 77.591332324389469, 8.66820878576755 ], [ 77.591288702752024, 8.668830711045658 ] ] ] } },
{ "type": "Feature", "properties": { "parcel_id": "PARCEL_0191", "taluk": "Cheranmahadevi", "area_m2": 5409.58, "area_ha": 0.5409577102526234, "area_sq_m": 5409.5771025262338, "area_sq_km": 0.0054095771025262336, "predicted_crop": "Banana", "confidence": 0.9828, "prob_banana": 0.9828, "prob_other": 0.0111, "prob_paddy": 0.0061, "validated_crop": "Banana", "land_cover_type": "Agricultural Land", "confidence_tier": "High Confidence", "pct_water": 0.0, "pct_non_crop": 25.45, "pct_vegetation": 0.0, "crop": "Banana", "parcel_area_ha": 0.541, "parcel_area_acres": 1.3367, "affected_area_ha": 0.0, "affected_area_acres": 0.0, "damage_percentage": 0.0, "severity": "No Damage / Unaffected", "severity_score": 0.0, "ndvi_before": 0.0, "ndvi_after": 0.0, "delta_ndvi": 0.0, "hazard_type": "Flood / Inundation", "observation_before": "2026-04-22T00:00:00", "observation_after": "2026-09-09T00:00:00", "priority_score": 0.0, "norm_affected_area": 0.0, "norm_damage_pct": 0.0, "recommended_relief_inr": 0.0 }, "geometry": { "type": "Polygon", "coordinates": [ [ [ 77.564252544836421, 8.69230825983187 ], [ 77.564844539017301, 8.692211081324089 ], [ 77.564723501565865, 8.691481062643685 ], [ 77.564131508391398, 8.69157824064315 ], [ 77.564252544836421, 8.69230825983187 ] ] ] } },
{ "type": "Feature", "properties": { "parcel_id": "PARCEL_0192", "taluk": "Cheranmahadevi", "area_m2": 3550.76, "area_ha": 0.35507591165944119, "area_sq_m": 3550.7591165944118, "area_sq_km": 0.0035507591165944118, "predicted_crop": "Banana", "confidence": 0.9884, "prob_banana": 0.9884, "prob_other": 0.0, "prob_paddy": 0.0116, "validated_crop": "Banana", "land_cover_type": "Agricultural Banana", "confidence_tier": "High Confidence", "pct_water": 0.0, "pct_non_crop": 0.0, "pct_vegetation": 63.89, "crop": "Banana", "parcel_area_ha": 0.3551, "parcel_area_acres": 0.8774, "affected_area_ha": 0.0, "affected_area_acres": 0.0, "damage_percentage": 0.0, "severity": "No Damage / Unaffected", "severity_score": 0.0, "ndvi_before": 0.2768, "ndvi_after": 0.0, "delta_ndvi": -0.2768, "hazard_type": "Flood / Inundation", "observation_before": "2026-04-22T00:00:00", "observation_after": "2026-09-09T00:00:00", "priority_score": 0.0, "norm_affected_area": 0.0, "norm_damage_pct": 0.0, "recommended_relief_inr": 0.0 }, "geometry": { "type": "Polygon", "coordinates": [ [ [ 77.566473323194529, 8.667703557876568 ], [ 77.56700492071154, 8.667614608906932 ], [ 77.566914849963538, 8.667081580625682 ], [ 77.56638325310206, 8.667170529260062 ], [ 77.566473323194529, 8.667703557876568 ] ] ] } },
{ "type": "Feature", "properties": { "parcel_id": "PARCEL_0193", "taluk": "Cheranmahadevi", "area_m2": 5071.96, "area_ha": 0.50719577456890397, "area_sq_m": 5071.9577456890402, "area_sq_km": 0.0050719577456890402, "predicted_crop": "Non-Crop", "confidence": 0.9558, "prob_banana": 0.9558, "prob_other": 0.0, "prob_paddy": 0.0442, "validated_crop": "Non-Crop", "land_cover_type": "Bare Soil / Settlement / Non-Crop", "confidence_tier": "High Confidence", "pct_water": 0.0, "pct_non_crop": 80.0, "pct_vegetation": 16.0, "crop": "Non-Crop", "parcel_area_ha": 0.5072, "parcel_area_acres": 1.2533, "affected_area_ha": 0.0, "affected_area_acres": 0.0, "damage_percentage": 0.0, "severity": "No Damage / Unaffected", "severity_score": 0.0, "ndvi_before": 0.0, "ndvi_after": 0.0, "delta_ndvi": 0.0, "hazard_type": "Flood / Inundation", "observation_before": "2026-04-22T00:00:00", "observation_after": "2026-09-09T00:00:00", "priority_score": 0.0, "norm_affected_area": 0.0, "norm_damage_pct": 0.0, "recommended_relief_inr": 0.0 }, "geometry": { "type": "Polygon", "coordinates": [ [ [ 77.570888924987656, 8.67903166275905 ], [ 77.571463092403249, 8.678930161052083 ], [ 77.571337631362582, 8.678227457216062 ], [ 77.57076346487213, 8.678328958436007 ], [ 77.570888924987656, 8.67903166275905 ] ] ] } },
{ "type": "Feature", "properties": { "parcel_id": "PARCEL_0194", "taluk": "Cheranmahadevi", "area_m2": 8204.99, "area_ha": 0.8204991283512636, "area_sq_m": 8204.9912835126361, "area_sq_km": 0.0082049912835126353, "predicted_crop": "Banana", "confidence": 0.9922, "prob_banana": 0.9922, "prob_other": 0.0042, "prob_paddy": 0.0037, "validated_crop": "Banana", "land_cover_type": "Agricultural Banana", "confidence_tier": "High Confidence", "pct_water": 0.0, "pct_non_crop": 0.0, "pct_vegetation": 59.77, "crop": "Banana", "parcel_area_ha": 0.8205, "parcel_area_acres": 2.0275, "affected_area_ha": 0.0, "affected_area_acres": 0.0, "damage_percentage": 0.0, "severity": "No Damage / Unaffected", "severity_score": 0.0, "ndvi_before": 0.273, "ndvi_after": 0.0, "delta_ndvi": -0.273, "hazard_type": "Flood / Inundation", "observation_before": "2026-04-22T00:00:00", "observation_after": "2026-09-09T00:00:00", "priority_score": 0.0, "norm_affected_area": 0.0, "norm_damage_pct": 0.0, "recommended_relief_inr": 0.0 }, "geometry": { "type": "Polygon", "coordinates": [ [ [ 77.56850049692288, 8.667579422674587 ], [ 77.569308016057846, 8.667558267886823 ], [ 77.569285972305678, 8.666725078447563 ], [ 77.568478454923934, 8.666746232671569 ], [ 77.56850049692288, 8.667579422674587 ] ] ] } },
{ "type": "Feature", "properties": { "parcel_id": "PARCEL_0195", "taluk": "Cheranmahadevi", "area_m2": 5350.46, "area_ha": 0.53504550418496111, "area_sq_m": 5350.455041849611, "area_sq_km": 0.0053504550418496111, "predicted_crop": "Non-Crop", "confidence": 0.9918, "prob_banana": 0.9918, "prob_other": 0.0, "prob_paddy": 0.0082, "validated_crop": "Non-Crop", "land_cover_type": "Bare Soil / Settlement / Non-Crop", "confidence_tier": "High Confidence", "pct_water": 0.0, "pct_non_crop": 51.85, "pct_vegetation": 40.74, "crop": "Non-Crop", "parcel_area_ha": 0.535, "parcel_area_acres": 1.3221, "affected_area_ha": 0.0, "affected_area_acres": 0.0, "damage_percentage": 0.0, "severity": "No Damage / Unaffected", "severity_score": 0.0, "ndvi_before": 0.2268, "ndvi_after": 0.0, "delta_ndvi": -0.2268, "hazard_type": "Flood / Inundation", "observation_before": "2026-04-22T00:00:00", "observation_after": "2026-09-09T00:00:00", "priority_score": 0.0, "norm_affected_area": 0.0, "norm_damage_pct": 0.0, "recommended_relief_inr": 0.0 }, "geometry": { "type": "Polygon", "coordinates": [ [ [ 77.552858486555877, 8.680493754077395 ], [ 77.553688580244128, 8.680712520299833 ], [ 77.553820139347835, 8.680218249872006 ], [ 77.552990046838715, 8.679999483639222 ], [ 77.552858486555877, 8.680493754077395 ] ] ] } },
{ "type": "Feature", "properties": { "parcel_id": "PARCEL_0196", "taluk": "Cheranmahadevi", "area_m2": 3993.21, "area_ha": 0.39932106319076949, "area_sq_m": 3993.2106319076947, "area_sq_km": 0.0039932106319076951, "predicted_crop": "Non-Crop", "confidence": 0.9603, "prob_banana": 0.9603, "prob_other": 0.0063, "prob_paddy": 0.0335, "validated_crop": "Non-Crop", "land_cover_type": "Bare Soil / Settlement / Non-Crop", "confidence_tier": "High Confidence", "pct_water": 0.0, "pct_non_crop": 85.37, "pct_vegetation": 0.0, "crop": "Non-Crop", "parcel_area_ha": 0.3993, "parcel_area_acres": 0.9867, "affected_area_ha": 0.0, "affected_area_acres": 0.0, "damage_percentage": 0.0, "severity": "No Damage / Unaffected", "severity_score": 0.0, "ndvi_before": 0.0, "ndvi_after": 0.0, "delta_ndvi": 0.0, "hazard_type": "Flood / Inundation", "observation_before": "2026-04-22T00:00:00", "observation_after": "2026-09-09T00:00:00", "priority_score": 0.0, "norm_affected_area": 0.0, "norm_damage_pct": 0.0, "recommended_relief_inr": 0.0 }, "geometry": { "type": "Polygon", "coordinates": [ [ [ 77.590597391330292, 8.693848843776877 ], [ 77.591225944173743, 8.693721463223531 ], [ 77.591123482569117, 8.693220895402145 ], [ 77.590494930426829, 8.693348275554825 ], [ 77.590597391330292, 8.693848843776877 ] ] ] } },
{ "type": "Feature", "properties": { "parcel_id": "PARCEL_0197", "taluk": "Cheranmahadevi", "area_m2": 5249.23, "area_ha": 0.52492274382821302, "area_sq_m": 5249.2274382821306, "area_sq_km": 0.0052492274382821306, "predicted_crop": "Banana", "confidence": 1.0, "prob_banana": 1.0, "prob_other": 0.0, "prob_paddy": 0.0, "validated_crop": "Banana", "land_cover_type": "Agricultural Land", "confidence_tier": "High Confidence", "pct_water": 0.0, "pct_non_crop": 5.66, "pct_vegetation": 0.0, "crop": "Banana", "parcel_area_ha": 0.5249, "parcel_area_acres": 1.2971, "affected_area_ha": 0.0, "affected_area_acres": 0.0, "damage_percentage": 0.0, "severity": "No Damage / Unaffected", "severity_score": 0.0, "ndvi_before": 0.178, "ndvi_after": 0.0, "delta_ndvi": -0.178, "hazard_type": "Flood / Inundation", "observation_before": "2026-04-22T00:00:00", "observation_after": "2026-09-09T00:00:00", "priority_score": 0.0, "norm_affected_area": 0.0, "norm_damage_pct": 0.0, "recommended_relief_inr": 0.0 }, "geometry": { "type": "Polygon", "coordinates": [ [ [ 77.561145445618095, 8.670505342125331 ], [ 77.56188001674002, 8.670301438169531 ], [ 77.561727499738154, 8.66975738083293 ], [ 77.560992929420507, 8.669961284216969 ], [ 77.561145445618095, 8.670505342125331 ] ] ] } },
{ "type": "Feature", "properties": { "parcel_id": "PARCEL_0198", "taluk": "Cheranmahadevi", "area_m2": 6616.46, "area_ha": 0.66164569921787042, "area_sq_m": 6616.4569921787042, "area_sq_km": 0.0066164569921787044, "predicted_crop": "Banana", "confidence": 0.9884, "prob_banana": 0.9884, "prob_other": 0.005, "prob_paddy": 0.0066, "validated_crop": "Banana", "land_cover_type": "Agricultural Banana", "confidence_tier": "High Confidence", "pct_water": 0.0, "pct_non_crop": 3.03, "pct_vegetation": 74.24, "crop": "Banana", "parcel_area_ha": 0.6616, "parcel_area_acres": 1.635, "affected_area_ha": 0.0, "affected_area_acres": 0.0, "damage_percentage": 0.0, "severity": "No Damage / Unaffected", "severity_score": 0.0, "ndvi_before": 0.2994, "ndvi_after": 0.0, "delta_ndvi": -0.2994, "hazard_type": "Flood / Inundation", "observation_before": "2026-04-22T00:00:00", "observation_after": "2026-09-09T00:00:00", "priority_score": 0.0, "norm_affected_area": 0.0, "norm_damage_pct": 0.0, "recommended_relief_inr": 0.0 }, "geometry": { "type": "Polygon", "coordinates": [ [ [ 77.56518238039007, 8.663833750466319 ], [ 77.565918048485585, 8.663674336776927 ], [ 77.565763860576766, 8.662969740450841 ], [ 77.565028193613827, 8.663129153468319 ], [ 77.56518238039007, 8.663833750466319 ] ] ] } },
{ "type": "Feature", "properties": { "parcel_id": "PARCEL_0199", "taluk": "Cheranmahadevi", "area_m2": 4037.24, "area_ha": 0.40372429212506461, "area_sq_m": 4037.2429212506458, "area_sq_km": 0.004037242921250646, "predicted_crop": "Banana", "confidence": 0.995, "prob_banana": 0.995, "prob_other": 0.0, "prob_paddy": 0.005, "validated_crop": "Banana", "land_cover_type": "Agricultural Banana", "confidence_tier": "High Confidence", "pct_water": 0.0, "pct_non_crop": 23.08, "pct_vegetation": 46.15, "crop": "Banana", "parcel_area_ha": 0.4037, "parcel_area_acres": 0.9976, "affected_area_ha": 0.0, "affected_area_acres": 0.0, "damage_percentage": 0.0, "severity": "No Damage / Unaffected", "severity_score": 0.0, "ndvi_before": 0.2477, "ndvi_after": 0.0, "delta_ndvi": -0.2477, "hazard_type": "Flood / Inundation", "observation_before": "2026-04-22T00:00:00", "observation_after": "2026-09-09T00:00:00", "priority_score": 0.0, "norm_affected_area": 0.0, "norm_damage_pct": 0.0, "recommended_relief_inr": 0.0 }, "geometry": { "type": "Polygon", "coordinates": [ [ [ 77.562412269175638, 8.683321737760773 ], [ 77.562921943535514, 8.68334661154967 ], [ 77.562953906449295, 8.682698141309022 ], [ 77.562444232989293, 8.682673267308825 ], [ 77.562412269175638, 8.683321737760773 ] ] ] } },
{ "type": "Feature", "properties": { "parcel_id": "PARCEL_0200", "taluk": "Cheranmahadevi", "area_m2": 5179.52, "area_ha": 0.51795211429595234, "area_sq_m": 5179.5211429595238, "area_sq_km": 0.0051795211429595239, "predicted_crop": "Banana", "confidence": 1.0, "prob_banana": 1.0, "prob_other": 0.0, "prob_paddy": 0.0, "validated_crop": "Banana", "land_cover_type": "Agricultural Banana", "confidence_tier": "High Confidence", "pct_water": 0.0, "pct_non_crop": 7.69, "pct_vegetation": 84.62, "crop": "Banana", "parcel_area_ha": 0.518, "parcel_area_acres": 1.2799, "affected_area_ha": 0.0, "affected_area_acres": 0.0, "damage_percentage": 0.0, "severity": "No Damage / Unaffected", "severity_score": 0.0, "ndvi_before": 0.3228, "ndvi_after": 0.0, "delta_ndvi": -0.3228, "hazard_type": "Flood / Inundation", "observation_before": "2026-04-22T00:00:00", "observation_after": "2026-09-09T00:00:00", "priority_score": 0.0, "norm_affected_area": 0.0, "norm_damage_pct": 0.0, "recommended_relief_inr": 0.0 }, "geometry": { "type": "Polygon", "coordinates": [ [ [ 77.557609959531987, 8.678311906271714 ], [ 77.558395959995437, 8.678129576789699 ], [ 77.558275800830415, 8.677616689101024 ], [ 77.557489801232961, 8.677799018047086 ], [ 77.557609959531987, 8.678311906271714 ] ] ] } },
{ "type": "Feature", "properties": { "parcel_id": "PARCEL_0201", "taluk": "Cheranmahadevi", "area_m2": 5641.09, "area_ha": 0.56410857267408743, "area_sq_m": 5641.0857267408746, "area_sq_km": 0.0056410857267408746, "predicted_crop": "Banana", "confidence": 1.0, "prob_banana": 1.0, "prob_other": 0.0, "prob_paddy": 0.0, "validated_crop": "Banana", "land_cover_type": "Agricultural Land", "confidence_tier": "High Confidence", "pct_water": 0.0, "pct_non_crop": 0.0, "pct_vegetation": 0.0, "crop": "Banana", "parcel_area_ha": 0.5641, "parcel_area_acres": 1.3939, "affected_area_ha": 0.0, "affected_area_acres": 0.0, "damage_percentage": 0.0, "severity": "No Damage / Unaffected", "severity_score": 0.0, "ndvi_before": 0.0, "ndvi_after": 0.0, "delta_ndvi": 0.0, "hazard_type": "Flood / Inundation", "observation_before": "2026-04-22T00:00:00", "observation_after": "2026-09-09T00:00:00", "priority_score": 0.0, "norm_affected_area": 0.0, "norm_damage_pct": 0.0, "recommended_relief_inr": 0.0 }, "geometry": { "type": "Polygon", "coordinates": [ [ [ 77.576101552034629, 8.680086826034765 ], [ 77.576784956553297, 8.679909851596735 ], [ 77.576619040157482, 8.67927546715684 ], [ 77.575935636535633, 8.679452440990149 ], [ 77.576101552034629, 8.680086826034765 ] ] ] } },
{ "type": "Feature", "properties": { "parcel_id": "PARCEL_0202", "taluk": "Cheranmahadevi", "area_m2": 4706.92, "area_ha": 0.47069190487151363, "area_sq_m": 4706.9190487151363, "area_sq_km": 0.0047069190487151365, "predicted_crop": "Banana", "confidence": 1.0, "prob_banana": 1.0, "prob_other": 0.0, "prob_paddy": 0.0, "validated_crop": "Banana", "land_cover_type": "Agricultural Banana", "confidence_tier": "High Confidence", "pct_water": 0.0, "pct_non_crop": 0.0, "pct_vegetation": 87.5, "crop": "Banana", "parcel_area_ha": 0.4707, "parcel_area_acres": 1.1631, "affected_area_ha": 0.0, "affected_area_acres": 0.0, "damage_percentage": 0.0, "severity": "No Damage / Unaffected", "severity_score": 0.0, "ndvi_before": 0.3135, "ndvi_after": 0.0, "delta_ndvi": -0.3135, "hazard_type": "Flood / Inundation", "observation_before": "2026-04-22T00:00:00", "observation_after": "2026-09-09T00:00:00", "priority_score": 0.0, "norm_affected_area": 0.0, "norm_damage_pct": 0.0, "recommended_relief_inr": 0.0 }, "geometry": { "type": "Polygon", "coordinates": [ [ [ 77.542729989970965, 8.663012814629543 ], [ 77.543256551816455, 8.663008012654286 ], [ 77.543249796656667, 8.66227454262394 ], [ 77.54272323582795, 8.662279344295559 ], [ 77.542729989970965, 8.663012814629543 ] ] ] } },
{ "type": "Feature", "properties": { "parcel_id": "PARCEL_0203", "taluk": "Cheranmahadevi", "area_m2": 6107.98, "area_ha": 0.61079756105333194, "area_sq_m": 6107.9756105333199, "area_sq_km": 0.0061079756105333199, "predicted_crop": "Banana", "confidence": 1.0, "prob_banana": 1.0, "prob_other": 0.0, "prob_paddy": 0.0, "validated_crop": "Banana", "land_cover_type": "Agricultural Land", "confidence_tier": "High Confidence", "pct_water": 0.0, "pct_non_crop": 28.57, "pct_vegetation": 34.92, "crop": "Banana", "parcel_area_ha": 0.6108, "parcel_area_acres": 1.5093, "affected_area_ha": 0.0, "affected_area_acres": 0.0, "damage_percentage": 0.0, "severity": "No Damage / Unaffected", "severity_score": 0.0, "ndvi_before": 0.2531, "ndvi_after": 0.0, "delta_ndvi": -0.2531, "hazard_type": "Flood / Inundation", "observation_before": "2026-04-22T00:00:00", "observation_after": "2026-09-09T00:00:00", "priority_score": 0.0, "norm_affected_area": 0.0, "norm_damage_pct": 0.0, "recommended_relief_inr": 0.0 }, "geometry": { "type": "Polygon", "coordinates": [ [ [ 77.562827044932291, 8.678892041815166 ], [ 77.563622063518196, 8.678877481591559 ], [ 77.563610405652113, 8.678247237384898 ], [ 77.562815388380258, 8.678261797199646 ], [ 77.562827044932291, 8.678892041815166 ] ] ] } },
{ "type": "Feature", "properties": { "parcel_id": "PARCEL_0204", "taluk": "Cheranmahadevi", "area_m2": 4922.66, "area_ha": 0.49226577134680849, "area_sq_m": 4922.6577134680847, "area_sq_km": 0.0049226577134680845, "predicted_crop": "Banana", "confidence": 1.0, "prob_banana": 1.0, "prob_other": 0.0, "prob_paddy": 0.0, "validated_crop": "Banana", "land_cover_type": "Agricultural Land", "confidence_tier": "High Confidence", "pct_water": 0.0, "pct_non_crop": 33.33, "pct_vegetation": 0.0, "crop": "Banana", "parcel_area_ha": 0.4923, "parcel_area_acres": 1.2164, "affected_area_ha": 0.0, "affected_area_acres": 0.0, "damage_percentage": 0.0, "severity": "No Damage / Unaffected", "severity_score": 0.0, "ndvi_before": 0.1811, "ndvi_after": 0.0, "delta_ndvi": -0.1811, "hazard_type": "Flood / Inundation", "observation_before": "2026-04-22T00:00:00", "observation_after": "2026-09-09T00:00:00", "priority_score": 0.0, "norm_affected_area": 0.0, "norm_damage_pct": 0.0, "recommended_relief_inr": 0.0 }, "geometry": { "type": "Polygon", "coordinates": [ [ [ 77.591100161475197, 8.680020465535822 ], [ 77.59166643007201, 8.680038846157618 ], [ 77.591689789822382, 8.679326266105322 ], [ 77.591123522315257, 8.679307885204457 ], [ 77.591100161475197, 8.680020465535822 ] ] ] } },
{ "type": "Feature", "properties": { "parcel_id": "PARCEL_0205", "taluk": "Cheranmahadevi", "area_m2": 6613.39, "area_ha": 0.66133917439121448, "area_sq_m": 6613.3917439121451, "area_sq_km": 0.0066133917439121451, "predicted_crop": "Banana", "confidence": 0.9644, "prob_banana": 0.9644, "prob_other": 0.0039, "prob_paddy": 0.0317, "validated_crop": "Banana", "land_cover_type": "Agricultural Banana", "confidence_tier": "High Confidence", "pct_water": 0.0, "pct_non_crop": 1.49, "pct_vegetation": 82.09, "crop": "Banana", "parcel_area_ha": 0.6613, "parcel_area_acres": 1.6342, "affected_area_ha": 0.0, "affected_area_acres": 0.0, "damage_percentage": 0.0, "severity": "No Damage / Unaffected", "severity_score": 0.0, "ndvi_before": 0.393, "ndvi_after": 0.0, "delta_ndvi": -0.393, "hazard_type": "Flood / Inundation", "observation_before": "2026-04-22T00:00:00", "observation_after": "2026-09-09T00:00:00", "priority_score": 0.0, "norm_affected_area": 0.0, "norm_damage_pct": 0.0, "recommended_relief_inr": 0.0 }, "geometry": { "type": "Polygon", "coordinates": [ [ [ 77.580731989751527, 8.672393007880601 ], [ 77.581486788015297, 8.672548039149691 ], [ 77.581629829645749, 8.671858450299194 ], [ 77.580875032869628, 8.6717034189227 ], [ 77.580731989751527, 8.672393007880601 ] ] ] } },
{ "type": "Feature", "properties": { "parcel_id": "PARCEL_0206", "taluk": "Cheranmahadevi", "area_m2": 6937.07, "area_ha": 0.69370730514905221, "area_sq_m": 6937.0730514905217, "area_sq_km": 0.0069370730514905221, "predicted_crop": "Banana", "confidence": 0.9918, "prob_banana": 0.9918, "prob_other": 0.0, "prob_paddy": 0.0082, "validated_crop": "Banana", "land_cover_type": "Agricultural Land", "confidence_tier": "High Confidence", "pct_water": 0.0, "pct_non_crop": 20.29, "pct_vegetation": 27.54, "crop": "Banana", "parcel_area_ha": 0.6937, "parcel_area_acres": 1.7142, "affected_area_ha": 0.0, "affected_area_acres": 0.0, "damage_percentage": 0.0, "severity": "No Damage / Unaffected", "severity_score": 0.0, "ndvi_before": 0.2836, "ndvi_after": 0.0, "delta_ndvi": -0.2836, "hazard_type": "Flood / Inundation", "observation_before": "2026-04-22T00:00:00", "observation_after": "2026-09-09T00:00:00", "priority_score": 0.0, "norm_affected_area": 0.0, "norm_damage_pct": 0.0, "recommended_relief_inr": 0.0 }, "geometry": { "type": "Polygon", "coordinates": [ [ [ 77.577916905882418, 8.684113662178028 ], [ 77.57870157409485, 8.684193015478792 ], [ 77.578774915206282, 8.683474958193749 ], [ 77.577990248562514, 8.683395604610443 ], [ 77.577916905882418, 8.684113662178028 ] ] ] } },
{ "type": "Feature", "properties": { "parcel_id": "PARCEL_0207", "taluk": "Cheranmahadevi", "area_m2": 4713.1, "area_ha": 0.47130971938968469, "area_sq_m": 4713.0971938968469, "area_sq_km": 0.0047130971938968468, "predicted_crop": "Non-Crop", "confidence": 0.9944, "prob_banana": 0.9944, "prob_other": 0.0, "prob_paddy": 0.0056, "validated_crop": "Non-Crop", "land_cover_type": "Bare Soil / Settlement / Non-Crop", "confidence_tier": "High Confidence", "pct_water": 0.0, "pct_non_crop": 100.0, "pct_vegetation": 0.0, "crop": "Non-Crop", "parcel_area_ha": 0.4713, "parcel_area_acres": 1.1646, "affected_area_ha": 0.0, "affected_area_acres": 0.0, "damage_percentage": 0.0, "severity": "No Damage / Unaffected", "severity_score": 0.0, "ndvi_before": 0.1196, "ndvi_after": 0.0, "delta_ndvi": -0.1196, "hazard_type": "Flood / Inundation", "observation_before": "2026-04-22T00:00:00", "observation_after": "2026-09-09T00:00:00", "priority_score": 0.0, "norm_affected_area": 0.0, "norm_damage_pct": 0.0, "recommended_relief_inr": 0.0 }, "geometry": { "type": "Polygon", "coordinates": [ [ [ 77.593981733495042, 8.683308738145387 ], [ 77.594451201245178, 8.683411370246445 ], [ 77.594624715788555, 8.682625504713531 ], [ 77.594155249096843, 8.682522872549576 ], [ 77.593981733495042, 8.683308738145387 ] ] ] } },
{ "type": "Feature", "properties": { "parcel_id": "PARCEL_0208", "taluk": "Cheranmahadevi", "area_m2": 4358.42, "area_ha": 0.43584191177448739, "area_sq_m": 4358.4191177448738, "area_sq_km": 0.0043584191177448734, "predicted_crop": "Banana", "confidence": 0.9962, "prob_banana": 0.9962, "prob_other": 0.0023, "prob_paddy": 0.0016, "validated_crop": "Banana", "land_cover_type": "Agricultural Land", "confidence_tier": "High Confidence", "pct_water": 0.0, "pct_non_crop": 0.0, "pct_vegetation": 13.64, "crop": "Banana", "parcel_area_ha": 0.4358, "parcel_area_acres": 1.077, "affected_area_ha": 0.0, "affected_area_acres": 0.0, "damage_percentage": 0.0, "severity": "No Damage / Unaffected", "severity_score": 0.0, "ndvi_before": 0.2037, "ndvi_after": 0.0, "delta_ndvi": -0.2037, "hazard_type": "Flood / Inundation", "observation_before": "2026-04-22T00:00:00", "observation_after": "2026-09-09T00:00:00", "priority_score": 0.0, "norm_affected_area": 0.0, "norm_damage_pct": 0.0, "recommended_relief_inr": 0.0 }, "geometry": { "type": "Polygon", "coordinates": [ [ [ 77.565137527635159, 8.667255915889982 ], [ 77.565871154663554, 8.667391798525038 ], [ 77.565959288710772, 8.666920622306442 ], [ 77.565225662665597, 8.66678473958123 ], [ 77.565137527635159, 8.667255915889982 ] ] ] } },
{ "type": "Feature", "properties": { "parcel_id": "PARCEL_0209", "taluk": "Cheranmahadevi", "area_m2": 2689.79, "area_ha": 0.26897864827497447, "area_sq_m": 2689.7864827497447, "area_sq_km": 0.0026897864827497447, "predicted_crop": "Banana", "confidence": 0.995, "prob_banana": 0.995, "prob_other": 0.005, "prob_paddy": 0.0, "validated_crop": "Banana", "land_cover_type": "Agricultural Land", "confidence_tier": "High Confidence", "pct_water": 0.0, "pct_non_crop": 48.0, "pct_vegetation": 24.0, "crop": "Banana", "parcel_area_ha": 0.269, "parcel_area_acres": 0.6647, "affected_area_ha": 0.0, "affected_area_acres": 0.0, "damage_percentage": 0.0, "severity": "No Damage / Unaffected", "severity_score": 0.0, "ndvi_before": 0.2102, "ndvi_after": 0.0, "delta_ndvi": -0.2102, "hazard_type": "Flood / Inundation", "observation_before": "2026-04-22T00:00:00", "observation_after": "2026-09-09T00:00:00", "priority_score": 0.0, "norm_affected_area": 0.0, "norm_damage_pct": 0.0, "recommended_relief_inr": 0.0 }, "geometry": { "type": "Polygon", "coordinates": [ [ [ 77.57200483125871, 8.690200183810415 ], [ 77.572415568412708, 8.690226116986226 ], [ 77.572449700916181, 8.6896908733176 ], [ 77.572038964365262, 8.689664940009141 ], [ 77.57200483125871, 8.690200183810415 ] ] ] } },
{ "type": "Feature", "properties": { "parcel_id": "PARCEL_0210", "taluk": "Cheranmahadevi", "area_m2": 4447.86, "area_ha": 0.44478632695680764, "area_sq_m": 4447.8632695680762, "area_sq_km": 0.004447863269568076, "predicted_crop": "Banana", "confidence": 0.9925, "prob_banana": 0.9925, "prob_other": 0.0031, "prob_paddy": 0.0044, "validated_crop": "Banana", "land_cover_type": "Agricultural Land", "confidence_tier": "High Confidence", "pct_water": 0.0, "pct_non_crop": 41.86, "pct_vegetation": 4.65, "crop": "Banana", "parcel_area_ha": 0.4448, "parcel_area_acres": 1.0991, "affected_area_ha": 0.0, "affected_area_acres": 0.0, "damage_percentage": 0.0, "severity": "No Damage / Unaffected", "severity_score": 0.0, "ndvi_before": 0.0, "ndvi_after": 0.0, "delta_ndvi": 0.0, "hazard_type": "Flood / Inundation", "observation_before": "2026-04-22T00:00:00", "observation_after": "2026-09-09T00:00:00", "priority_score": 0.0, "norm_affected_area": 0.0, "norm_damage_pct": 0.0, "recommended_relief_inr": 0.0 }, "geometry": { "type": "Polygon", "coordinates": [ [ [ 77.57180310005667, 8.67740076417132 ], [ 77.572329636944701, 8.677409784097383 ], [ 77.57234162593754, 8.676716801486011 ], [ 77.571815090026419, 8.676707781294919 ], [ 77.57180310005667, 8.67740076417132 ] ] ] } },
{ "type": "Feature", "properties": { "parcel_id": "PARCEL_0211", "taluk": "Cheranmahadevi", "area_m2": 5984.96, "area_ha": 0.5984960005297566, "area_sq_m": 5984.9600052975657, "area_sq_km": 0.0059849600052975654, "predicted_crop": "Banana", "confidence": 0.9921, "prob_banana": 0.9921, "prob_other": 0.0, "prob_paddy": 0.0079, "validated_crop": "Banana", "land_cover_type": "Agricultural Banana", "confidence_tier": "High Confidence", "pct_water": 0.0, "pct_non_crop": 23.73, "pct_vegetation": 50.85, "crop": "Banana", "parcel_area_ha": 0.5985, "parcel_area_acres": 1.4789, "affected_area_ha": 0.0, "affected_area_acres": 0.0, "damage_percentage": 0.0, "severity": "No Damage / Unaffected", "severity_score": 0.0, "ndvi_before": 0.2746, "ndvi_after": 0.0, "delta_ndvi": -0.2746, "hazard_type": "Flood / Inundation", "observation_before": "2026-04-22T00:00:00", "observation_after": "2026-09-09T00:00:00", "priority_score": 0.0, "norm_affected_area": 0.0, "norm_damage_pct": 0.0, "recommended_relief_inr": 0.0 }, "geometry": { "type": "Polygon", "coordinates": [ [ [ 77.566197325267296, 8.678709529381702 ], [ 77.566923997706482, 8.678910451577183 ], [ 77.567099201645178, 8.678283035715751 ], [ 77.566372530517668, 8.678082113524871 ], [ 77.566197325267296, 8.678709529381702 ] ] ] } },
{ "type": "Feature", "properties": { "parcel_id": "PARCEL_0212", "taluk": "Cheranmahadevi", "area_m2": 4591.56, "area_ha": 0.45915649943221359, "area_sq_m": 4591.564994322136, "area_sq_km": 0.0045915649943221361, "predicted_crop": "Banana", "confidence": 1.0, "prob_banana": 1.0, "prob_other": 0.0, "prob_paddy": 0.0, "validated_crop": "Banana", "land_cover_type": "Agricultural Land", "confidence_tier": "High Confidence", "pct_water": 0.0, "pct_non_crop": 0.0, "pct_vegetation": 0.0, "crop": "Banana", "parcel_area_ha": 0.4592, "parcel_area_acres": 1.1346, "affected_area_ha": 0.0, "affected_area_acres": 0.0, "damage_percentage": 0.0, "severity": "No Damage / Unaffected", "severity_score": 0.0, "ndvi_before": 0.0, "ndvi_after": 0.0, "delta_ndvi": 0.0, "hazard_type": "Flood / Inundation", "observation_before": "2026-04-22T00:00:00", "observation_after": "2026-09-09T00:00:00", "priority_score": 0.0, "norm_affected_area": 0.0, "norm_damage_pct": 0.0, "recommended_relief_inr": 0.0 }, "geometry": { "type": "Polygon", "coordinates": [ [ [ 77.590857206028943, 8.660436542841749 ], [ 77.591661991367133, 8.660645750881878 ], [ 77.591777034805261, 8.660207515615184 ], [ 77.59097225048059, 8.659998307558036 ], [ 77.590857206028943, 8.660436542841749 ] ] ] } },
{ "type": "Feature", "properties": { "parcel_id": "PARCEL_0213", "taluk": "Cheranmahadevi", "area_m2": 4828.39, "area_ha": 0.48283902196085621, "area_sq_m": 4828.3902196085619, "area_sq_km": 0.0048283902196085615, "predicted_crop": "Banana", "confidence": 0.9934, "prob_banana": 0.9934, "prob_other": 0.0, "prob_paddy": 0.0066, "validated_crop": "Banana", "land_cover_type": "Agricultural Banana", "confidence_tier": "High Confidence", "pct_water": 0.0, "pct_non_crop": 14.58, "pct_vegetation": 66.67, "crop": "Banana", "parcel_area_ha": 0.4828, "parcel_area_acres": 1.1931, "affected_area_ha": 0.0, "affected_area_acres": 0.0, "damage_percentage": 0.0, "severity": "No Damage / Unaffected", "severity_score": 0.0, "ndvi_before": 0.312, "ndvi_after": 0.0, "delta_ndvi": -0.312, "hazard_type": "Flood / Inundation", "observation_before": "2026-04-22T00:00:00", "observation_after": "2026-09-09T00:00:00", "priority_score": 0.0, "norm_affected_area": 0.0, "norm_damage_pct": 0.0, "recommended_relief_inr": 0.0 }, "geometry": { "type": "Polygon", "coordinates": [ [ [ 77.564213050951068, 8.678661692068774 ], [ 77.564739131329929, 8.678518870370162 ], [ 77.564546934232283, 8.677817892305111 ], [ 77.564020854603058, 8.677960713480502 ], [ 77.564213050951068, 8.678661692068774 ] ] ] } },
{ "type": "Feature", "properties": { "parcel_id": "PARCEL_0214", "taluk": "Cheranmahadevi", "area_m2": 3595.98, "area_ha": 0.35959843375823469, "area_sq_m": 3595.9843375823471, "area_sq_km": 0.003595984337582347, "predicted_crop": "Banana", "confidence": 0.9935, "prob_banana": 0.9935, "prob_other": 0.0, "prob_paddy": 0.0065, "validated_crop": "Banana", "land_cover_type": "Agricultural Banana", "confidence_tier": "High Confidence", "pct_water": 0.0, "pct_non_crop": 41.67, "pct_vegetation": 41.67, "crop": "Banana", "parcel_area_ha": 0.3596, "parcel_area_acres": 0.8886, "affected_area_ha": 0.0, "affected_area_acres": 0.0, "damage_percentage": 0.0, "severity": "No Damage / Unaffected", "severity_score": 0.0, "ndvi_before": 0.2242, "ndvi_after": 0.0, "delta_ndvi": -0.2242, "hazard_type": "Flood / Inundation", "observation_before": "2026-04-22T00:00:00", "observation_after": "2026-09-09T00:00:00", "priority_score": 0.0, "norm_affected_area": 0.0, "norm_damage_pct": 0.0, "recommended_relief_inr": 0.0 }, "geometry": { "type": "Polygon", "coordinates": [ [ [ 77.54176492736002, 8.686883538207512 ], [ 77.542439460260496, 8.687030964324842 ], [ 77.542531590046778, 8.686613604553397 ], [ 77.541857057952242, 8.686466178392271 ], [ 77.54176492736002, 8.686883538207512 ] ] ] } },
{ "type": "Feature", "properties": { "parcel_id": "PARCEL_0215", "taluk": "Cheranmahadevi", "area_m2": 3833.02, "area_ha": 0.38330211375019396, "area_sq_m": 3833.0211375019394, "area_sq_km": 0.0038330211375019393, "predicted_crop": "Banana", "confidence": 0.9926, "prob_banana": 0.9926, "prob_other": 0.0, "prob_paddy": 0.0074, "validated_crop": "Banana", "land_cover_type": "Agricultural Land", "confidence_tier": "High Confidence", "pct_water": 0.0, "pct_non_crop": 44.74, "pct_vegetation": 31.58, "crop": "Banana", "parcel_area_ha": 0.3833, "parcel_area_acres": 0.9472, "affected_area_ha": 0.0, "affected_area_acres": 0.0, "damage_percentage": 0.0, "severity": "No Damage / Unaffected", "severity_score": 0.0, "ndvi_before": 0.2098, "ndvi_after": 0.0, "delta_ndvi": -0.2098, "hazard_type": "Flood / Inundation", "observation_before": "2026-04-22T00:00:00", "observation_after": "2026-09-09T00:00:00", "priority_score": 0.0, "norm_affected_area": 0.0, "norm_damage_pct": 0.0, "recommended_relief_inr": 0.0 }, "geometry": { "type": "Polygon", "coordinates": [ [ [ 77.562255107651296, 8.680546122567279 ], [ 77.562975868066218, 8.680329380434122 ], [ 77.562854420047884, 8.679929497773221 ], [ 77.562133660193098, 8.680146239479342 ], [ 77.562255107651296, 8.680546122567279 ] ] ] } },
{ "type": "Feature", "properties": { "parcel_id": "PARCEL_0216", "taluk": "Cheranmahadevi", "area_m2": 6611.87, "area_ha": 0.66118708541702975, "area_sq_m": 6611.8708541702972, "area_sq_km": 0.0066118708541702976, "predicted_crop": "Banana", "confidence": 0.9742, "prob_banana": 0.9742, "prob_other": 0.0119, "prob_paddy": 0.0139, "validated_crop": "Banana", "land_cover_type": "Agricultural Land", "confidence_tier": "High Confidence", "pct_water": 0.0, "pct_non_crop": 36.62, "pct_vegetation": 19.72, "crop": "Banana", "parcel_area_ha": 0.6612, "parcel_area_acres": 1.6338, "affected_area_ha": 0.0, "affected_area_acres": 0.0, "damage_percentage": 0.0, "severity": "No Damage / Unaffected", "severity_score": 0.0, "ndvi_before": 0.2346, "ndvi_after": 0.0, "delta_ndvi": -0.2346, "hazard_type": "Flood / Inundation", "observation_before": "2026-04-22T00:00:00", "observation_after": "2026-09-09T00:00:00", "priority_score": 0.0, "norm_affected_area": 0.0, "norm_damage_pct": 0.0, "recommended_relief_inr": 0.0 }, "geometry": { "type": "Polygon", "coordinates": [ [ [ 77.569006267723495, 8.654403949537521 ], [ 77.569764097381565, 8.654374364121171 ], [ 77.56973591705102, 8.653659556739061 ], [ 77.568978088790246, 8.653689141683751 ], [ 77.569006267723495, 8.654403949537521 ] ] ] } },
{ "type": "Feature", "properties": { "parcel_id": "PARCEL_0217", "taluk": "Cheranmahadevi", "area_m2": 4506.6, "area_ha": 0.4506599521092563, "area_sq_m": 4506.599521092563, "area_sq_km": 0.0045065995210925632, "predicted_crop": "Banana", "confidence": 0.7591, "prob_banana": 0.7591, "prob_other": 0.1045, "prob_paddy": 0.1365, "validated_crop": "Banana", "land_cover_type": "Agricultural Banana", "confidence_tier": "Medium Confidence", "pct_water": 0.0, "pct_non_crop": 0.0, "pct_vegetation": 100.0, "crop": "Banana", "parcel_area_ha": 0.4507, "parcel_area_acres": 1.1136, "affected_area_ha": 0.4423, "affected_area_acres": 1.0929, "damage_percentage": 98.14, "severity": "Severe Damage", "severity_score": 1.0, "ndvi_before": 0.3688, "ndvi_after": 0.1836, "delta_ndvi": -0.1852, "hazard_type": "Flood / Inundation", "observation_before": "2026-04-22T00:00:00", "observation_after": "2026-09-09T00:00:00", "priority_score": 1.14251, "norm_affected_area": 1.0, "norm_damage_pct": 0.9814, "recommended_relief_inr": 5870948.18 }, "geometry": { "type": "Polygon", "coordinates": [ [ [ 77.547551419223595, 8.652756479312121 ], [ 77.548031447647887, 8.652809003767853 ], [ 77.548115550776075, 8.65204783731658 ], [ 77.547635523367788, 8.65199531268888 ], [ 77.547551419223595, 8.652756479312121 ] ] ] } },
{ "type": "Feature", "properties": { "parcel_id": "PARCEL_0218", "taluk": "Cheranmahadevi", "area_m2": 5428.86, "area_ha": 0.54288582689620735, "area_sq_m": 5428.8582689620735, "area_sq_km": 0.005428858268962073, "predicted_crop": "Non-Crop", "confidence": 0.9913, "prob_banana": 0.9913, "prob_other": 0.0, "prob_paddy": 0.0087, "validated_crop": "Non-Crop", "land_cover_type": "Bare Soil / Settlement / Non-Crop", "confidence_tier": "High Confidence", "pct_water": 0.0, "pct_non_crop": 70.37, "pct_vegetation": 9.26, "crop": "Non-Crop", "parcel_area_ha": 0.5429, "parcel_area_acres": 1.3415, "affected_area_ha": 0.0, "affected_area_acres": 0.0, "damage_percentage": 0.0, "severity": "No Damage / Unaffected", "severity_score": 0.0, "ndvi_before": 0.1283, "ndvi_after": 0.0, "delta_ndvi": -0.1283, "hazard_type": "Flood / Inundation", "observation_before": "2026-04-22T00:00:00", "observation_after": "2026-09-09T00:00:00", "priority_score": 0.0, "norm_affected_area": 0.0, "norm_damage_pct": 0.0, "recommended_relief_inr": 0.0 }, "geometry": { "type": "Polygon", "coordinates": [ [ [ 77.589927621332833, 8.690637650220618 ], [ 77.590447954802102, 8.690523935710329 ], [ 77.59026766957335, 8.689707169702986 ], [ 77.589747337032577, 8.68982088365688 ], [ 77.589927621332833, 8.690637650220618 ] ] ] } },
{ "type": "Feature", "properties": { "parcel_id": "PARCEL_0219", "taluk": "Cheranmahadevi", "area_m2": 5076.09, "area_ha": 0.50760868023403982, "area_sq_m": 5076.0868023403982, "area_sq_km": 0.0050760868023403986, "predicted_crop": "Non-Crop", "confidence": 1.0, "prob_banana": 1.0, "prob_other": 0.0, "prob_paddy": 0.0, "validated_crop": "Non-Crop", "land_cover_type": "Bare Soil / Settlement / Non-Crop", "confidence_tier": "High Confidence", "pct_water": 0.0, "pct_non_crop": 57.14, "pct_vegetation": 16.33, "crop": "Non-Crop", "parcel_area_ha": 0.5076, "parcel_area_acres": 1.2543, "affected_area_ha": 0.0, "affected_area_acres": 0.0, "damage_percentage": 0.0, "severity": "No Damage / Unaffected", "severity_score": 0.0, "ndvi_before": 0.1929, "ndvi_after": 0.0, "delta_ndvi": -0.1929, "hazard_type": "Flood / Inundation", "observation_before": "2026-04-22T00:00:00", "observation_after": "2026-09-09T00:00:00", "priority_score": 0.0, "norm_affected_area": 0.0, "norm_damage_pct": 0.0, "recommended_relief_inr": 0.0 }, "geometry": { "type": "Polygon", "coordinates": [ [ [ 77.582008342917831, 8.675305976755725 ], [ 77.582606169029759, 8.675265315500182 ], [ 77.582558531403322, 8.67457181149933 ], [ 77.581960706341178, 8.674612472361943 ], [ 77.582008342917831, 8.675305976755725 ] ] ] } },
{ "type": "Feature", "properties": { "parcel_id": "PARCEL_0220", "taluk": "Cheranmahadevi", "area_m2": 3144.39, "area_ha": 0.31443944678787022, "area_sq_m": 3144.394467878702, "area_sq_km": 0.0031443944678787019, "predicted_crop": "Banana", "confidence": 0.9724, "prob_banana": 0.9724, "prob_other": 0.0116, "prob_paddy": 0.0161, "validated_crop": "Banana", "land_cover_type": "Agricultural Banana", "confidence_tier": "High Confidence", "pct_water": 0.0, "pct_non_crop": 0.0, "pct_vegetation": 93.75, "crop": "Banana", "parcel_area_ha": 0.3144, "parcel_area_acres": 0.777, "affected_area_ha": 0.0, "affected_area_acres": 0.0, "damage_percentage": 0.0, "severity": "No Damage / Unaffected", "severity_score": 0.0, "ndvi_before": 0.4585, "ndvi_after": 0.0, "delta_ndvi": -0.4585, "hazard_type": "Flood / Inundation", "observation_before": "2026-04-22T00:00:00", "observation_after": "2026-09-09T00:00:00", "priority_score": 0.0, "norm_affected_area": 0.0, "norm_damage_pct": 0.0, "recommended_relief_inr": 0.0 }, "geometry": { "type": "Polygon", "coordinates": [ [ [ 77.586149858060892, 8.674060631634905 ], [ 77.586641759705657, 8.673915560298914 ], [ 77.58649814416512, 8.673433381283218 ], [ 77.586006242984212, 8.673578452269311 ], [ 77.586149858060892, 8.674060631634905 ] ] ] } },
{ "type": "Feature", "properties": { "parcel_id": "PARCEL_0221", "taluk": "Cheranmahadevi", "area_m2": 6057.09, "area_ha": 0.6057085569084707, "area_sq_m": 6057.0855690847065, "area_sq_km": 0.0060570855690847067, "predicted_crop": "Non-Crop", "confidence": 0.9874, "prob_banana": 0.9874, "prob_other": 0.007, "prob_paddy": 0.0056, "validated_crop": "Non-Crop", "land_cover_type": "Bare Soil / Settlement / Non-Crop", "confidence_tier": "High Confidence", "pct_water": 0.0, "pct_non_crop": 98.36, "pct_vegetation": 0.0, "crop": "Non-Crop", "parcel_area_ha": 0.6057, "parcel_area_acres": 1.4967, "affected_area_ha": 0.0, "affected_area_acres": 0.0, "damage_percentage": 0.0, "severity": "No Damage / Unaffected", "severity_score": 0.0, "ndvi_before": 0.0668, "ndvi_after": 0.0, "delta_ndvi": -0.0668, "hazard_type": "Flood / Inundation", "observation_before": "2026-04-22T00:00:00", "observation_after": "2026-09-09T00:00:00", "priority_score": 0.0, "norm_affected_area": 0.0, "norm_damage_pct": 0.0, "recommended_relief_inr": 0.0 }, "geometry": { "type": "Polygon", "coordinates": [ [ [ 77.550841462560697, 8.692069571994246 ], [ 77.551612697095536, 8.692285414838317 ], [ 77.551781528014331, 8.691688145302313 ], [ 77.551010294805337, 8.691472302470098 ], [ 77.550841462560697, 8.692069571994246 ] ] ] } },
{ "type": "Feature", "properties": { "parcel_id": "PARCEL_0222", "taluk": "Cheranmahadevi", "area_m2": 7003.66, "area_ha": 0.7003655764980925, "area_sq_m": 7003.6557649809247, "area_sq_km": 0.0070036557649809251, "predicted_crop": "Non-Crop", "confidence": 0.9964, "prob_banana": 0.9964, "prob_other": 0.0, "prob_paddy": 0.0036, "validated_crop": "Non-Crop", "land_cover_type": "Bare Soil / Settlement / Non-Crop", "confidence_tier": "High Confidence", "pct_water": 0.0, "pct_non_crop": 81.16, "pct_vegetation": 0.0, "crop": "Non-Crop", "parcel_area_ha": 0.7004, "parcel_area_acres": 1.7306, "affected_area_ha": 0.0, "affected_area_acres": 0.0, "damage_percentage": 0.0, "severity": "No Damage / Unaffected", "severity_score": 0.0, "ndvi_before": 0.0, "ndvi_after": 0.0, "delta_ndvi": 0.0, "hazard_type": "Flood / Inundation", "observation_before": "2026-04-22T00:00:00", "observation_after": "2026-09-09T00:00:00", "priority_score": 0.0, "norm_affected_area": 0.0, "norm_damage_pct": 0.0, "recommended_relief_inr": 0.0 }, "geometry": { "type": "Polygon", "coordinates": [ [ [ 77.575605378539677, 8.673856436720008 ], [ 77.576351449496428, 8.674006993436894 ], [ 77.576502238592383, 8.673267110997532 ], [ 77.575756169212283, 8.673116554161821 ], [ 77.575605378539677, 8.673856436720008 ] ] ] } },
{ "type": "Feature", "properties": { "parcel_id": "PARCEL_0223", "taluk": "Cheranmahadevi", "area_m2": 2404.16, "area_ha": 0.2404157114766089, "area_sq_m": 2404.1571147660889, "area_sq_km": 0.0024041571147660886, "predicted_crop": "Banana", "confidence": 0.9968, "prob_banana": 0.9968, "prob_other": 0.0, "prob_paddy": 0.0032, "validated_crop": "Banana", "land_cover_type": "Agricultural Banana", "confidence_tier": "High Confidence", "pct_water": 0.0, "pct_non_crop": 34.78, "pct_vegetation": 56.52, "crop": "Banana", "parcel_area_ha": 0.2404, "parcel_area_acres": 0.5941, "affected_area_ha": 0.0, "affected_area_acres": 0.0, "damage_percentage": 0.0, "severity": "No Damage / Unaffected", "severity_score": 0.0, "ndvi_before": 0.2675, "ndvi_after": 0.0, "delta_ndvi": -0.2675, "hazard_type": "Flood / Inundation", "observation_before": "2026-04-22T00:00:00", "observation_after": "2026-09-09T00:00:00", "priority_score": 0.0, "norm_affected_area": 0.0, "norm_damage_pct": 0.0, "recommended_relief_inr": 0.0 }, "geometry": { "type": "Polygon", "coordinates": [ [ [ 77.581988576957613, 8.690575043713951 ], [ 77.582442769558227, 8.690688371092234 ], [ 77.58254576005605, 8.690279699139181 ], [ 77.582091567989806, 8.690166371747045 ], [ 77.581988576957613, 8.690575043713951 ] ] ] } },
{ "type": "Feature", "properties": { "parcel_id": "PARCEL_0224", "taluk": "Cheranmahadevi", "area_m2": 3513.59, "area_ha": 0.35135850035622151, "area_sq_m": 3513.5850035622152, "area_sq_km": 0.0035135850035622153, "predicted_crop": "Non-Crop", "confidence": 0.9921, "prob_banana": 0.9921, "prob_other": 0.0023, "prob_paddy": 0.0056, "validated_crop": "Non-Crop", "land_cover_type": "Bare Soil / Settlement / Non-Crop", "confidence_tier": "High Confidence", "pct_water": 0.0, "pct_non_crop": 63.89, "pct_vegetation": 0.0, "crop": "Non-Crop", "parcel_area_ha": 0.3514, "parcel_area_acres": 0.8682, "affected_area_ha": 0.0, "affected_area_acres": 0.0, "damage_percentage": 0.0, "severity": "No Damage / Unaffected", "severity_score": 0.0, "ndvi_before": 0.1105, "ndvi_after": 0.0, "delta_ndvi": -0.1105, "hazard_type": "Flood / Inundation", "observation_before": "2026-04-22T00:00:00", "observation_after": "2026-09-09T00:00:00", "priority_score": 0.0, "norm_affected_area": 0.0, "norm_damage_pct": 0.0, "recommended_relief_inr": 0.0 }, "geometry": { "type": "Polygon", "coordinates": [ [ [ 77.591866027735477, 8.681571571956129 ], [ 77.592476546430646, 8.681428226250857 ], [ 77.592370466457808, 8.680980884169161 ], [ 77.591759948346166, 8.681124229506883 ], [ 77.591866027735477, 8.681571571956129 ] ] ] } },
{ "type": "Feature", "properties": { "parcel_id": "PARCEL_0225", "taluk": "Cheranmahadevi", "area_m2": 3828.71, "area_ha": 0.38287105205765998, "area_sq_m": 3828.7105205765997, "area_sq_km": 0.0038287105205765995, "predicted_crop": "Non-Crop", "confidence": 0.9895, "prob_banana": 0.9895, "prob_other": 0.0081, "prob_paddy": 0.0024, "validated_crop": "Non-Crop", "land_cover_type": "Bare Soil / Settlement / Non-Crop", "confidence_tier": "High Confidence", "pct_water": 0.0, "pct_non_crop": 100.0, "pct_vegetation": 0.0, "crop": "Non-Crop", "parcel_area_ha": 0.3829, "parcel_area_acres": 0.9461, "affected_area_ha": 0.0, "affected_area_acres": 0.0, "damage_percentage": 0.0, "severity": "No Damage / Unaffected", "severity_score": 0.0, "ndvi_before": 0.0676, "ndvi_after": 0.0, "delta_ndvi": -0.0676, "hazard_type": "Flood / Inundation", "observation_before": "2026-04-22T00:00:00", "observation_after": "2026-09-09T00:00:00", "priority_score": 0.0, "norm_affected_area": 0.0, "norm_damage_pct": 0.0, "recommended_relief_inr": 0.0 }, "geometry": { "type": "Polygon", "coordinates": [ [ [ 77.560582226814873, 8.696057764895706 ], [ 77.561064084427926, 8.695925981561047 ], [ 77.560896611792259, 8.695319718849783 ], [ 77.560414754772893, 8.695451501768568 ], [ 77.560582226814873, 8.696057764895706 ] ] ] } },
{ "type": "Feature", "properties": { "parcel_id": "PARCEL_0226", "taluk": "Cheranmahadevi", "area_m2": 5136.65, "area_ha": 0.51366523960875632, "area_sq_m": 5136.6523960875629, "area_sq_km": 0.0051366523960875632, "predicted_crop": "Banana", "confidence": 0.9561, "prob_banana": 0.9561, "prob_other": 0.0086, "prob_paddy": 0.0352, "validated_crop": "Banana", "land_cover_type": "Agricultural Land", "confidence_tier": "High Confidence", "pct_water": 0.0, "pct_non_crop": 25.93, "pct_vegetation": 37.04, "crop": "Banana", "parcel_area_ha": 0.5137, "parcel_area_acres": 1.2693, "affected_area_ha": 0.0, "affected_area_acres": 0.0, "damage_percentage": 0.0, "severity": "No Damage / Unaffected", "severity_score": 0.0, "ndvi_before": 0.2762, "ndvi_after": 0.0, "delta_ndvi": -0.2762, "hazard_type": "Flood / Inundation", "observation_before": "2026-04-22T00:00:00", "observation_after": "2026-09-09T00:00:00", "priority_score": 0.0, "norm_affected_area": 0.0, "norm_damage_pct": 0.0, "recommended_relief_inr": 0.0 }, "geometry": { "type": "Polygon", "coordinates": [ [ [ 77.545315580033744, 8.682670065370798 ], [ 77.546085957450416, 8.682644314724561 ], [ 77.546067505464904, 8.68209775364255 ], [ 77.545297129142341, 8.682123503931104 ], [ 77.545315580033744, 8.682670065370798 ] ] ] } },
{ "type": "Feature", "properties": { "parcel_id": "PARCEL_0227", "taluk": "Cheranmahadevi", "area_m2": 4468.8, "area_ha": 0.44687958862254434, "area_sq_m": 4468.7958862254436, "area_sq_km": 0.004468795886225444, "predicted_crop": "Banana", "confidence": 0.989, "prob_banana": 0.989, "prob_other": 0.0042, "prob_paddy": 0.0068, "validated_crop": "Banana", "land_cover_type": "Agricultural Land", "confidence_tier": "High Confidence", "pct_water": 0.0, "pct_non_crop": 16.28, "pct_vegetation": 0.0, "crop": "Banana", "parcel_area_ha": 0.4469, "parcel_area_acres": 1.1043, "affected_area_ha": 0.0, "affected_area_acres": 0.0, "damage_percentage": 0.0, "severity": "No Damage / Unaffected", "severity_score": 0.0, "ndvi_before": 0.126, "ndvi_after": 0.0, "delta_ndvi": -0.126, "hazard_type": "Flood / Inundation", "observation_before": "2026-04-22T00:00:00", "observation_after": "2026-09-09T00:00:00", "priority_score": 0.0, "norm_affected_area": 0.0, "norm_damage_pct": 0.0, "recommended_relief_inr": 0.0 }, "geometry": { "type": "Polygon", "coordinates": [ [ [ 77.5637233233019, 8.650083128414341 ], [ 77.564400235317834, 8.650157700195267 ], [ 77.56445976644531, 8.649622555471197 ], [ 77.563782855437026, 8.649547983518755 ], [ 77.5637233233019, 8.650083128414341 ] ] ] } },
{ "type": "Feature", "properties": { "parcel_id": "PARCEL_0228", "taluk": "Cheranmahadevi", "area_m2": 3242.88, "area_ha": 0.32428757904178446, "area_sq_m": 3242.8757904178447, "area_sq_km": 0.0032428757904178446, "predicted_crop": "Banana", "confidence": 0.9733, "prob_banana": 0.9733, "prob_other": 0.0081, "prob_paddy": 0.0186, "validated_crop": "Banana", "land_cover_type": "Agricultural Land", "confidence_tier": "High Confidence", "pct_water": 0.0, "pct_non_crop": 46.88, "pct_vegetation": 0.0, "crop": "Banana", "parcel_area_ha": 0.3243, "parcel_area_acres": 0.8013, "affected_area_ha": 0.0, "affected_area_acres": 0.0, "damage_percentage": 0.0, "severity": "No Damage / Unaffected", "severity_score": 0.0, "ndvi_before": 0.0, "ndvi_after": 0.0, "delta_ndvi": 0.0, "hazard_type": "Flood / Inundation", "observation_before": "2026-04-22T00:00:00", "observation_after": "2026-09-09T00:00:00", "priority_score": 0.0, "norm_affected_area": 0.0, "norm_damage_pct": 0.0, "recommended_relief_inr": 0.0 }, "geometry": { "type": "Polygon", "coordinates": [ [ [ 77.577649719822318, 8.681591432988229 ], [ 77.578063740800729, 8.681488939070782 ], [ 77.577912406137486, 8.680883660318464 ], [ 77.577498385685843, 8.680986153892558 ], [ 77.577649719822318, 8.681591432988229 ] ] ] } },
{ "type": "Feature", "properties": { "parcel_id": "PARCEL_0229", "taluk": "Cheranmahadevi", "area_m2": 6081.98, "area_ha": 0.60819784601772831, "area_sq_m": 6081.9784601772835, "area_sq_km": 0.0060819784601772835, "predicted_crop": "Banana", "confidence": 0.9949, "prob_banana": 0.9949, "prob_other": 0.0, "prob_paddy": 0.0051, "validated_crop": "Banana", "land_cover_type": "Agricultural Banana", "confidence_tier": "High Confidence", "pct_water": 0.0, "pct_non_crop": 1.69, "pct_vegetation": 52.54, "crop": "Banana", "parcel_area_ha": 0.6082, "parcel_area_acres": 1.5029, "affected_area_ha": 0.0, "affected_area_acres": 0.0, "damage_percentage": 0.0, "severity": "No Damage / Unaffected", "severity_score": 0.0, "ndvi_before": 0.0, "ndvi_after": 0.0, "delta_ndvi": 0.0, "hazard_type": "Flood / Inundation", "observation_before": "2026-04-22T00:00:00", "observation_after": "2026-09-09T00:00:00", "priority_score": 0.0, "norm_affected_area": 0.0, "norm_damage_pct": 0.0, "recommended_relief_inr": 0.0 }, "geometry": { "type": "Polygon", "coordinates": [ [ [ 77.571163525908915, 8.663877884393946 ], [ 77.571852537797142, 8.663897789791717 ], [ 77.571873651564374, 8.66317407783527 ], [ 77.571184641017524, 8.663154172090778 ], [ 77.571163525908915, 8.663877884393946 ] ] ] } },
{ "type": "Feature", "properties": { "parcel_id": "PARCEL_0230", "taluk": "Cheranmahadevi", "area_m2": 2917.72, "area_ha": 0.29177223503633215, "area_sq_m": 2917.7223503633213, "area_sq_km": 0.0029177223503633215, "predicted_crop": "Non-Crop", "confidence": 0.9944, "prob_banana": 0.9944, "prob_other": 0.0, "prob_paddy": 0.0056, "validated_crop": "Non-Crop", "land_cover_type": "Bare Soil / Settlement / Non-Crop", "confidence_tier": "High Confidence", "pct_water": 0.0, "pct_non_crop": 92.59, "pct_vegetation": 0.0, "crop": "Non-Crop", "parcel_area_ha": 0.2918, "parcel_area_acres": 0.721, "affected_area_ha": 0.0, "affected_area_acres": 0.0, "damage_percentage": 0.0, "severity": "No Damage / Unaffected", "severity_score": 0.0, "ndvi_before": 0.0846, "ndvi_after": 0.0, "delta_ndvi": -0.0846, "hazard_type": "Flood / Inundation", "observation_before": "2026-04-22T00:00:00", "observation_after": "2026-09-09T00:00:00", "priority_score": 0.0, "norm_affected_area": 0.0, "norm_damage_pct": 0.0, "recommended_relief_inr": 0.0 }, "geometry": { "type": "Polygon", "coordinates": [ [ [ 77.557121658793946, 8.676867022585757 ], [ 77.557670491908382, 8.676721980691156 ], [ 77.557561726630851, 8.676314468693828 ], [ 77.557012893976022, 8.676459510275107 ], [ 77.557121658793946, 8.676867022585757 ] ] ] } },
{ "type": "Feature", "properties": { "parcel_id": "PARCEL_0231", "taluk": "Ambasamudram", "area_m2": 8126.74, "area_ha": 0.81267356296301108, "area_sq_m": 8126.7356296301105, "area_sq_km": 0.0081267356296301097, "predicted_crop": "Non-Crop", "confidence": 0.8251, "prob_banana": 0.0566, "prob_other": 0.8251, "prob_paddy": 0.1183, "validated_crop": "Non-Crop", "land_cover_type": "Non-Agricultural Land", "confidence_tier": "High Confidence", "pct_water": 0.0, "pct_non_crop": 16.05, "pct_vegetation": 55.56, "crop": "Non-Crop", "parcel_area_ha": 0.8127, "parcel_area_acres": 2.0082, "affected_area_ha": 0.0, "affected_area_acres": 0.0, "damage_percentage": 0.0, "severity": "No Damage / Unaffected", "severity_score": 0.0, "ndvi_before": 0.265, "ndvi_after": 0.2149, "delta_ndvi": -0.05, "hazard_type": "Flood / Inundation", "observation_before": "2026-04-22T00:00:00", "observation_after": "2026-09-09T00:00:00", "priority_score": 0.0, "norm_affected_area": 0.0, "norm_damage_pct": 0.0, "recommended_relief_inr": 0.0 }, "geometry": { "type": "Polygon", "coordinates": [ [ [ 77.400745227183407, 8.72421218740913 ], [ 77.401509266103716, 8.724345802012431 ], [ 77.401658897307001, 8.723498811442495 ], [ 77.400894860222763, 8.723365196684041 ], [ 77.400745227183407, 8.72421218740913 ] ] ] } },
{ "type": "Feature", "properties": { "parcel_id": "PARCEL_0232", "taluk": "Ambasamudram", "area_m2": 4397.11, "area_ha": 0.43971147626094059, "area_sq_m": 4397.1147626094062, "area_sq_km": 0.0043971147626094059, "predicted_crop": "Non-Crop", "confidence": 0.7163, "prob_banana": 0.0571, "prob_other": 0.7163, "prob_paddy": 0.2265, "validated_crop": "Non-Crop", "land_cover_type": "Bare Soil / Settlement / Non-Crop", "confidence_tier": "Medium Confidence", "pct_water": 0.0, "pct_non_crop": 72.73, "pct_vegetation": 0.0, "crop": "Non-Crop", "parcel_area_ha": 0.4397, "parcel_area_acres": 1.0866, "affected_area_ha": 0.0, "affected_area_acres": 0.0, "damage_percentage": 0.0, "severity": "No Damage / Unaffected", "severity_score": 0.0, "ndvi_before": 0.1531, "ndvi_after": 0.1312, "delta_ndvi": -0.0219, "hazard_type": "Flood / Inundation", "observation_before": "2026-04-22T00:00:00", "observation_after": "2026-09-09T00:00:00", "priority_score": 0.0, "norm_affected_area": 0.0, "norm_damage_pct": 0.0, "recommended_relief_inr": 0.0 }, "geometry": { "type": "Polygon", "coordinates": [ [ [ 77.409232335110829, 8.722407945323168 ], [ 77.409668623147724, 8.722459187919211 ], [ 77.409765435012886, 8.721643227353415 ], [ 77.409329147972414, 8.721591984613264 ], [ 77.409232335110829, 8.722407945323168 ] ] ] } },
{ "type": "Feature", "properties": { "parcel_id": "PARCEL_0233", "taluk": "Ambasamudram", "area_m2": 10608.54, "area_ha": 1.0608541701806409, "area_sq_m": 10608.541701806409, "area_sq_km": 0.010608541701806409, "predicted_crop": "Non-Crop", "confidence": 0.8929, "prob_banana": 0.0162, "prob_other": 0.8929, "prob_paddy": 0.0909, "validated_crop": "Non-Crop", "land_cover_type": "Non-Agricultural Land", "confidence_tier": "High Confidence", "pct_water": 0.0, "pct_non_crop": 3.77, "pct_vegetation": 31.13, "crop": "Non-Crop", "parcel_area_ha": 1.0609, "parcel_area_acres": 2.6214, "affected_area_ha": 0.0, "affected_area_acres": 0.0, "damage_percentage": 0.0, "severity": "No Damage / Unaffected", "severity_score": 0.0, "ndvi_before": 0.2443, "ndvi_after": 0.1746, "delta_ndvi": -0.0697, "hazard_type": "Flood / Inundation", "observation_before": "2026-04-22T00:00:00", "observation_after": "2026-09-09T00:00:00", "priority_score": 0.0, "norm_affected_area": 0.0, "norm_damage_pct": 0.0, "recommended_relief_inr": 0.0 }, "geometry": { "type": "Polygon", "coordinates": [ [ [ 77.418030938896976, 8.720216673597081 ], [ 77.418902972934717, 8.720323095694162 ], [ 77.419024257777295, 8.719339280102606 ], [ 77.418152226144088, 8.719232857666858 ], [ 77.418030938896976, 8.720216673597081 ] ] ] } },
{ "type": "Feature", "properties": { "parcel_id": "PARCEL_0234", "taluk": "Ambasamudram", "area_m2": 4881.6, "area_ha": 0.48815972408531416, "area_sq_m": 4881.5972408531416, "area_sq_km": 0.0048815972408531418, "predicted_crop": "Non-Crop", "confidence": 0.8914, "prob_banana": 0.0268, "prob_other": 0.8914, "prob_paddy": 0.0817, "validated_crop": "Non-Crop", "land_cover_type": "Non-Agricultural Land", "confidence_tier": "High Confidence", "pct_water": 0.0, "pct_non_crop": 0.0, "pct_vegetation": 100.0, "crop": "Non-Crop", "parcel_area_ha": 0.4882, "parcel_area_acres": 1.2063, "affected_area_ha": 0.014, "affected_area_acres": 0.0345, "damage_percentage": 2.86, "severity": "Low Damage", "severity_score": 0.25, "ndvi_before": 0.1776, "ndvi_after": 0.1167, "delta_ndvi": -0.0608, "hazard_type": "Flood / Inundation", "observation_before": "2026-04-22T00:00:00", "observation_after": "2026-09-09T00:00:00", "priority_score": 0.0, "norm_affected_area": 0.0317, "norm_damage_pct": 0.0286, "recommended_relief_inr": 0.0 }, "geometry": { "type": "Polygon", "coordinates": [ [ [ 77.407686285252296, 8.738765652762023 ], [ 77.408616493261263, 8.738982832365224 ], [ 77.408712805964058, 8.738574508442944 ], [ 77.407782599042676, 8.738357328813212 ], [ 77.407686285252296, 8.738765652762023 ] ] ] } },
{ "type": "Feature", "properties": { "parcel_id": "PARCEL_0235", "taluk": "Ambasamudram", "area_m2": 6969.92, "area_ha": 0.69699196729817736, "area_sq_m": 6969.9196729817741, "area_sq_km": 0.0069699196729817742, "predicted_crop": "Paddy", "confidence": 0.6189, "prob_banana": 0.2688, "prob_other": 0.1123, "prob_paddy": 0.6189, "validated_crop": "Paddy", "land_cover_type": "Agricultural Paddy", "confidence_tier": "Medium Confidence", "pct_water": 0.0, "pct_non_crop": 5.56, "pct_vegetation": 79.17, "crop": "Paddy", "parcel_area_ha": 0.697, "parcel_area_acres": 1.7223, "affected_area_ha": 0.0, "affected_area_acres": 0.0, "damage_percentage": 0.0, "severity": "No Damage / Unaffected", "severity_score": 0.0, "ndvi_before": 0.326, "ndvi_after": 0.3039, "delta_ndvi": -0.0222, "hazard_type": "Flood / Inundation", "observation_before": "2026-04-22T00:00:00", "observation_after": "2026-09-09T00:00:00", "priority_score": 0.0, "norm_affected_area": 0.0, "norm_damage_pct": 0.0, "recommended_relief_inr": 0.0 }, "geometry": { "type": "Polygon", "coordinates": [ [ [ 77.438800672640738, 8.729215020968724 ], [ 77.439492654833998, 8.729221476873928 ], [ 77.439500446330712, 8.728394737634016 ], [ 77.438808465670945, 8.728388281324577 ], [ 77.438800672640738, 8.729215020968724 ] ] ] } },
{ "type": "Feature", "properties": { "parcel_id": "PARCEL_0236", "taluk": "Ambasamudram", "area_m2": 2679.3, "area_ha": 0.26793014664567738, "area_sq_m": 2679.3014664567736, "area_sq_km": 0.0026793014664567736, "predicted_crop": "Non-Crop", "confidence": 0.8799, "prob_banana": 0.0103, "prob_other": 0.8799, "prob_paddy": 0.1098, "validated_crop": "Non-Crop", "land_cover_type": "Non-Agricultural Land", "confidence_tier": "High Confidence", "pct_water": 0.0, "pct_non_crop": 0.0, "pct_vegetation": 70.37, "crop": "Non-Crop", "parcel_area_ha": 0.2679, "parcel_area_acres": 0.6621, "affected_area_ha": 0.0, "affected_area_acres": 0.0, "damage_percentage": 0.0, "severity": "No Damage / Unaffected", "severity_score": 0.0, "ndvi_before": 0.3007, "ndvi_after": 0.1593, "delta_ndvi": -0.1414, "hazard_type": "Flood / Inundation", "observation_before": "2026-04-22T00:00:00", "observation_after": "2026-09-09T00:00:00", "priority_score": 0.0, "norm_affected_area": 0.0, "norm_damage_pct": 0.0, "recommended_relief_inr": 0.0 }, "geometry": { "type": "Polygon", "coordinates": [ [ [ 77.411428169105676, 8.729363094584109 ], [ 77.411826361186826, 8.729278378293646 ], [ 77.411712834905444, 8.728750173608054 ], [ 77.411314643294219, 8.728834889636243 ], [ 77.411428169105676, 8.729363094584109 ] ] ] } },
{ "type": "Feature", "properties": { "parcel_id": "PARCEL_0237", "taluk": "Ambasamudram", "area_m2": 7904.93, "area_ha": 0.79049306996346935, "area_sq_m": 7904.9306996346932, "area_sq_km": 0.0079049306996346932, "predicted_crop": "Non-Crop", "confidence": 0.418, "prob_banana": 0.2508, "prob_other": 0.3312, "prob_paddy": 0.418, "validated_crop": "Non-Crop", "land_cover_type": "Bare Soil / Settlement / Non-Crop", "confidence_tier": "Low Confidence / Review", "pct_water": 0.0, "pct_non_crop": 93.75, "pct_vegetation": 5.0, "crop": "Non-Crop", "parcel_area_ha": 0.7905, "parcel_area_acres": 1.9534, "affected_area_ha": 0.2033, "affected_area_acres": 0.5024, "damage_percentage": 25.72, "severity": "Moderate Damage", "severity_score": 0.5, "ndvi_before": -0.0839, "ndvi_after": 0.0248, "delta_ndvi": 0.1087, "hazard_type": "Flood / Inundation", "observation_before": "2026-04-22T00:00:00", "observation_after": "2026-09-09T00:00:00", "priority_score": 0.0, "norm_affected_area": 0.4596, "norm_damage_pct": 0.2572, "recommended_relief_inr": 0.0 }, "geometry": { "type": "Polygon", "coordinates": [ [ [ 77.411923499771902, 8.731834333199734 ], [ 77.412975211600298, 8.731625354317861 ], [ 77.412856103498044, 8.73103200775528 ], [ 77.411804393086811, 8.731240985879101 ], [ 77.411923499771902, 8.731834333199734 ] ] ] } },
{ "type": "Feature", "properties": { "parcel_id": "PARCEL_0238", "taluk": "Ambasamudram", "area_m2": 6742.14, "area_ha": 0.67421400054133562, "area_sq_m": 6742.1400054133564, "area_sq_km": 0.0067421400054133562, "predicted_crop": "Non-Crop", "confidence": 0.5098, "prob_banana": 0.2252, "prob_other": 0.265, "prob_paddy": 0.5098, "validated_crop": "Non-Crop", "land_cover_type": "Bare Soil / Settlement / Non-Crop", "confidence_tier": "Low Confidence / Review", "pct_water": 0.0, "pct_non_crop": 51.47, "pct_vegetation": 29.41, "crop": "Non-Crop", "parcel_area_ha": 0.6742, "parcel_area_acres": 1.666, "affected_area_ha": 0.0, "affected_area_acres": 0.0, "damage_percentage": 0.0, "severity": "No Damage / Unaffected", "severity_score": 0.0, "ndvi_before": 0.2247, "ndvi_after": 0.2434, "delta_ndvi": 0.0187, "hazard_type": "Flood / Inundation", "observation_before": "2026-04-22T00:00:00", "observation_after": "2026-09-09T00:00:00", "priority_score": 0.0, "norm_affected_area": 0.0, "norm_damage_pct": 0.0, "recommended_relief_inr": 0.0 }, "geometry": { "type": "Polygon", "coordinates": [ [ [ 77.427384671945518, 8.739315737246146 ], [ 77.42810438078314, 8.739405768500069 ], [ 77.428200055692727, 8.73864872408147 ], [ 77.427480348387149, 8.738558692616078 ], [ 77.427384671945518, 8.739315737246146 ] ] ] } },
{ "type": "Feature", "properties": { "parcel_id": "PARCEL_0239", "taluk": "Ambasamudram", "area_m2": 5283.97, "area_ha": 0.528396644714762, "area_sq_m": 5283.9664471476199, "area_sq_km": 0.0052839664471476195, "predicted_crop": "Non-Crop", "confidence": 0.6335, "prob_banana": 0.0446, "prob_other": 0.6335, "prob_paddy": 0.322, "validated_crop": "Non-Crop", "land_cover_type": "Non-Agricultural Land", "confidence_tier": "Medium Confidence", "pct_water": 0.0, "pct_non_crop": 18.52, "pct_vegetation": 25.93, "crop": "Non-Crop", "parcel_area_ha": 0.5284, "parcel_area_acres": 1.3057, "affected_area_ha": 0.0, "affected_area_acres": 0.0, "damage_percentage": 0.0, "severity": "No Damage / Unaffected", "severity_score": 0.0, "ndvi_before": 0.2315, "ndvi_after": 0.1695, "delta_ndvi": -0.062, "hazard_type": "Flood / Inundation", "observation_before": "2026-04-22T00:00:00", "observation_after": "2026-09-09T00:00:00", "priority_score": 0.0, "norm_affected_area": 0.0, "norm_damage_pct": 0.0, "recommended_relief_inr": 0.0 }, "geometry": { "type": "Polygon", "coordinates": [ [ [ 77.418093657626542, 8.728575373821759 ], [ 77.418584503262181, 8.72844384367896 ], [ 77.418361461790553, 8.727619918369145 ], [ 77.417870616996453, 8.727751447956274 ], [ 77.418093657626542, 8.728575373821759 ] ] ] } },
{ "type": "Feature", "properties": { "parcel_id": "PARCEL_0240", "taluk": "Ambasamudram", "area_m2": 9760.07, "area_ha": 0.97600704359325574, "area_sq_m": 9760.0704359325573, "area_sq_km": 0.0097600704359325566, "predicted_crop": "Non-Crop", "confidence": 0.5411, "prob_banana": 0.2163, "prob_other": 0.5411, "prob_paddy": 0.2426, "validated_crop": "Non-Crop", "land_cover_type": "Uncertain / Mixed (Other)", "confidence_tier": "Low Confidence / Review", "pct_water": 0.0, "pct_non_crop": 0.0, "pct_vegetation": 100.0, "crop": "Non-Crop", "parcel_area_ha": 0.976, "parcel_area_acres": 2.4118, "affected_area_ha": 0.0, "affected_area_acres": 0.0, "damage_percentage": 0.0, "severity": "No Damage / Unaffected", "severity_score": 0.0, "ndvi_before": 0.1596, "ndvi_after": 0.5833, "delta_ndvi": 0.4237, "hazard_type": "Flood / Inundation", "observation_before": "2026-04-22T00:00:00", "observation_after": "2026-09-09T00:00:00", "priority_score": 0.0, "norm_affected_area": 0.0, "norm_damage_pct": 0.0, "recommended_relief_inr": 0.0 }, "geometry": { "type": "Polygon", "coordinates": [ [ [ 77.435005992559624, 8.725956294838143 ], [ 77.435896556567585, 8.725910927957779 ], [ 77.435850380714484, 8.725013657795863 ], [ 77.434959818771205, 8.725059023987857 ], [ 77.435005992559624, 8.725956294838143 ] ] ] } },
{ "type": "Feature", "properties": { "parcel_id": "PARCEL_0241", "taluk": "Ambasamudram", "area_m2": 5142.36, "area_ha": 0.51423564990486359, "area_sq_m": 5142.3564990486357, "area_sq_km": 0.0051423564990486356, "predicted_crop": "Non-Crop", "confidence": 0.7432, "prob_banana": 0.0381, "prob_other": 0.7432, "prob_paddy": 0.2187, "validated_crop": "Non-Crop", "land_cover_type": "Non-Agricultural Land", "confidence_tier": "Medium Confidence", "pct_water": 0.0, "pct_non_crop": 38.46, "pct_vegetation": 44.23, "crop": "Non-Crop", "parcel_area_ha": 0.5142, "parcel_area_acres": 1.2707, "affected_area_ha": 0.0, "affected_area_acres": 0.0, "damage_percentage": 0.0, "severity": "No Damage / Unaffected", "severity_score": 0.0, "ndvi_before": 0.2489, "ndvi_after": 0.2484, "delta_ndvi": -0.0005, "hazard_type": "Flood / Inundation", "observation_before": "2026-04-22T00:00:00", "observation_after": "2026-09-09T00:00:00", "priority_score": 0.0, "norm_affected_area": 0.0, "norm_damage_pct": 0.0, "recommended_relief_inr": 0.0 }, "geometry": { "type": "Polygon", "coordinates": [ [ [ 77.396885651967452, 8.711123057140023 ], [ 77.397942019540565, 8.71135134671359 ], [ 77.398025320974057, 8.710969747642576 ], [ 77.396968954549621, 8.710741458020653 ], [ 77.396885651967452, 8.711123057140023 ] ] ] } },
{ "type": "Feature", "properties": { "parcel_id": "PARCEL_0243", "taluk": "Ambasamudram", "area_m2": 5430.84, "area_ha": 0.54308358372524057, "area_sq_m": 5430.8358372524062, "area_sq_km": 0.0054308358372524065, "predicted_crop": "Non-Crop", "confidence": 0.7346, "prob_banana": 0.0588, "prob_other": 0.7346, "prob_paddy": 0.2066, "validated_crop": "Non-Crop", "land_cover_type": "Non-Agricultural Land", "confidence_tier": "Medium Confidence", "pct_water": 0.0, "pct_non_crop": 0.0, "pct_vegetation": 89.29, "crop": "Non-Crop", "parcel_area_ha": 0.5431, "parcel_area_acres": 1.342, "affected_area_ha": 0.0, "affected_area_acres": 0.0, "damage_percentage": 0.0, "severity": "No Damage / Unaffected", "severity_score": 0.0, "ndvi_before": 0.2522, "ndvi_after": 0.2407, "delta_ndvi": -0.0115, "hazard_type": "Flood / Inundation", "observation_before": "2026-04-22T00:00:00", "observation_after": "2026-09-09T00:00:00", "priority_score": 0.0, "norm_affected_area": 0.0, "norm_damage_pct": 0.0, "recommended_relief_inr": 0.0 }, "geometry": { "type": "Polygon", "coordinates": [ [ [ 77.414468255835743, 8.736717242381124 ], [ 77.415016451556923, 8.736851296885515 ], [ 77.415205919411065, 8.736084369841439 ], [ 77.414657724894639, 8.735950315320647 ], [ 77.414468255835743, 8.736717242381124 ] ] ] } },
{ "type": "Feature", "properties": { "parcel_id": "PARCEL_0244", "taluk": "Ambasamudram", "area_m2": 8930.19, "area_ha": 0.89301865154776172, "area_sq_m": 8930.1865154776169, "area_sq_km": 0.0089301865154776169, "predicted_crop": "Non-Crop", "confidence": 0.7039, "prob_banana": 0.0189, "prob_other": 0.7039, "prob_paddy": 0.2772, "validated_crop": "Non-Crop", "land_cover_type": "Non-Agricultural Land", "confidence_tier": "Medium Confidence", "pct_water": 0.0, "pct_non_crop": 28.89, "pct_vegetation": 33.33, "crop": "Non-Crop", "parcel_area_ha": 0.893, "parcel_area_acres": 2.2067, "affected_area_ha": 0.0, "affected_area_acres": 0.0, "damage_percentage": 0.0, "severity": "No Damage / Unaffected", "severity_score": 0.0, "ndvi_before": 0.2085, "ndvi_after": 0.2059, "delta_ndvi": -0.0026, "hazard_type": "Flood / Inundation", "observation_before": "2026-04-22T00:00:00", "observation_after": "2026-09-09T00:00:00", "priority_score": 0.0, "norm_affected_area": 0.0, "norm_damage_pct": 0.0, "recommended_relief_inr": 0.0 }, "geometry": { "type": "Polygon", "coordinates": [ [ [ 77.425922619163657, 8.713673925460895 ], [ 77.426723671042055, 8.713489427018921 ], [ 77.426521597534602, 8.712620878008147 ], [ 77.425720547173654, 8.712805375552291 ], [ 77.425922619163657, 8.713673925460895 ] ] ] } },
{ "type": "Feature", "properties": { "parcel_id": "PARCEL_0245", "taluk": "Ambasamudram", "area_m2": 3208.29, "area_ha": 0.32082927360781893, "area_sq_m": 3208.2927360781896, "area_sq_km": 0.0032082927360781895, "predicted_crop": "Non-Crop", "confidence": 0.7993, "prob_banana": 0.0592, "prob_other": 0.7993, "prob_paddy": 0.1415, "validated_crop": "Non-Crop", "land_cover_type": "Bare Soil / Settlement / Non-Crop", "confidence_tier": "Medium Confidence", "pct_water": 0.0, "pct_non_crop": 100.0, "pct_vegetation": 0.0, "crop": "Non-Crop", "parcel_area_ha": 0.3208, "parcel_area_acres": 0.7928, "affected_area_ha": 0.0, "affected_area_acres": 0.0, "damage_percentage": 0.0, "severity": "No Damage / Unaffected", "severity_score": 0.0, "ndvi_before": 0.1467, "ndvi_after": 0.1271, "delta_ndvi": -0.0196, "hazard_type": "Flood / Inundation", "observation_before": "2026-04-22T00:00:00", "observation_after": "2026-09-09T00:00:00", "priority_score": 0.0, "norm_affected_area": 0.0, "norm_damage_pct": 0.0, "recommended_relief_inr": 0.0 }, "geometry": { "type": "Polygon", "coordinates": [ [ [ 77.425382601751892, 8.729764670887276 ], [ 77.42585775901685, 8.729898773999778 ], [ 77.426004020203891, 8.729385785204256 ], [ 77.425528863637794, 8.729251682108988 ], [ 77.425382601751892, 8.729764670887276 ] ] ] } },
{ "type": "Feature", "properties": { "parcel_id": "PARCEL_0246", "taluk": "Ambasamudram", "area_m2": 4745.35, "area_ha": 0.47453494321997758, "area_sq_m": 4745.3494321997759, "area_sq_km": 0.0047453494321997762, "predicted_crop": "Non-Crop", "confidence": 0.8716, "prob_banana": 0.0209, "prob_other": 0.8716, "prob_paddy": 0.1075, "validated_crop": "Non-Crop", "land_cover_type": "Non-Agricultural Land", "confidence_tier": "High Confidence", "pct_water": 0.0, "pct_non_crop": 14.89, "pct_vegetation": 40.43, "crop": "Non-Crop", "parcel_area_ha": 0.4745, "parcel_area_acres": 1.1726, "affected_area_ha": 0.0, "affected_area_acres": 0.0, "damage_percentage": 0.0, "severity": "No Damage / Unaffected", "severity_score": 0.0, "ndvi_before": 0.2601, "ndvi_after": 0.2152, "delta_ndvi": -0.0448, "hazard_type": "Flood / Inundation", "observation_before": "2026-04-22T00:00:00", "observation_after": "2026-09-09T00:00:00", "priority_score": 0.0, "norm_affected_area": 0.0, "norm_damage_pct": 0.0, "recommended_relief_inr": 0.0 }, "geometry": { "type": "Polygon", "coordinates": [ [ [ 77.422461119410642, 8.723792029944526 ], [ 77.423165407057255, 8.72394580870658 ], [ 77.423281798022884, 8.723418131731062 ], [ 77.422577511438135, 8.723264352924506 ], [ 77.422461119410642, 8.723792029944526 ] ] ] } },
{ "type": "Feature", "properties": { "parcel_id": "PARCEL_0247", "taluk": "Ambasamudram", "area_m2": 6010.24, "area_ha": 0.60102389930585209, "area_sq_m": 6010.2389930585214, "area_sq_km": 0.006010238993058521, "predicted_crop": "Non-Crop", "confidence": 0.5467, "prob_banana": 0.2666, "prob_other": 0.5467, "prob_paddy": 0.1867, "validated_crop": "Non-Crop", "land_cover_type": "Uncertain / Mixed (Other)", "confidence_tier": "Low Confidence / Review", "pct_water": 0.0, "pct_non_crop": 0.0, "pct_vegetation": 100.0, "crop": "Non-Crop", "parcel_area_ha": 0.601, "parcel_area_acres": 1.4852, "affected_area_ha": 0.0, "affected_area_acres": 0.0, "damage_percentage": 0.0, "severity": "No Damage / Unaffected", "severity_score": 0.0, "ndvi_before": 0.2473, "ndvi_after": 0.5266, "delta_ndvi": 0.2793, "hazard_type": "Flood / Inundation", "observation_before": "2026-04-22T00:00:00", "observation_after": "2026-09-09T00:00:00", "priority_score": 0.0, "norm_affected_area": 0.0, "norm_damage_pct": 0.0, "recommended_relief_inr": 0.0 }, "geometry": { "type": "Polygon", "coordinates": [ [ [ 77.429791946090702, 8.696279199892778 ], [ 77.430402771122459, 8.696150734724004 ], [ 77.430238543647334, 8.695377635466533 ], [ 77.429627719667963, 8.695506100047542 ], [ 77.429791946090702, 8.696279199892778 ] ] ] } },
{ "type": "Feature", "properties": { "parcel_id": "PARCEL_0248", "taluk": "Ambasamudram", "area_m2": 5612.55, "area_ha": 0.56125487246139971, "area_sq_m": 5612.5487246139974, "area_sq_km": 0.0056125487246139975, "predicted_crop": "Non-Crop", "confidence": 0.6013, "prob_banana": 0.0681, "prob_other": 0.6013, "prob_paddy": 0.3306, "validated_crop": "Non-Crop", "land_cover_type": "Bare Soil / Settlement / Non-Crop", "confidence_tier": "Medium Confidence", "pct_water": 0.0, "pct_non_crop": 50.91, "pct_vegetation": 36.36, "crop": "Non-Crop", "parcel_area_ha": 0.5613, "parcel_area_acres": 1.3869, "affected_area_ha": 0.0, "affected_area_acres": 0.0, "damage_percentage": 0.0, "severity": "No Damage / Unaffected", "severity_score": 0.0, "ndvi_before": 0.1498, "ndvi_after": 0.1212, "delta_ndvi": -0.0286, "hazard_type": "Flood / Inundation", "observation_before": "2026-04-22T00:00:00", "observation_after": "2026-09-09T00:00:00", "priority_score": 0.0, "norm_affected_area": 0.0, "norm_damage_pct": 0.0, "recommended_relief_inr": 0.0 }, "geometry": { "type": "Polygon", "coordinates": [ [ [ 77.423484035249189, 8.726265087941393 ], [ 77.424031533905605, 8.726204204317629 ], [ 77.423938166318266, 8.725373080877596 ], [ 77.423390668785558, 8.725433964042439 ], [ 77.423484035249189, 8.726265087941393 ] ] ] } },
{ "type": "Feature", "properties": { "parcel_id": "PARCEL_0249", "taluk": "Ambasamudram", "area_m2": 8972.16, "area_ha": 0.89721596191951614, "area_sq_m": 8972.1596191951612, "area_sq_km": 0.0089721596191951608, "predicted_crop": "Non-Crop", "confidence": 0.8214, "prob_banana": 0.0241, "prob_other": 0.8214, "prob_paddy": 0.1545, "validated_crop": "Non-Crop", "land_cover_type": "Non-Agricultural Land", "confidence_tier": "High Confidence", "pct_water": 0.0, "pct_non_crop": 0.0, "pct_vegetation": 100.0, "crop": "Non-Crop", "parcel_area_ha": 0.8972, "parcel_area_acres": 2.2171, "affected_area_ha": 0.0, "affected_area_acres": 0.0, "damage_percentage": 0.0, "severity": "No Damage / Unaffected", "severity_score": 0.0, "ndvi_before": 0.3571, "ndvi_after": 0.2729, "delta_ndvi": -0.0841, "hazard_type": "Flood / Inundation", "observation_before": "2026-04-22T00:00:00", "observation_after": "2026-09-09T00:00:00", "priority_score": 0.0, "norm_affected_area": 0.0, "norm_damage_pct": 0.0, "recommended_relief_inr": 0.0 }, "geometry": { "type": "Polygon", "coordinates": [ [ [ 77.409505188546376, 8.731033544156004 ], [ 77.410558813733303, 8.730859252472552 ], [ 77.410445135210054, 8.730179012460871 ], [ 77.40939151170906, 8.730353303330354 ], [ 77.409505188546376, 8.731033544156004 ] ] ] } },
{ "type": "Feature", "properties": { "parcel_id": "PARCEL_0250", "taluk": "Ambasamudram", "area_m2": 7917.06, "area_ha": 0.79170620524966206, "area_sq_m": 7917.0620524966207, "area_sq_km": 0.0079170620524966206, "predicted_crop": "Non-Crop", "confidence": 0.7789, "prob_banana": 0.0194, "prob_other": 0.7789, "prob_paddy": 0.2018, "validated_crop": "Non-Crop", "land_cover_type": "Non-Agricultural Land", "confidence_tier": "Medium Confidence", "pct_water": 0.0, "pct_non_crop": 4.94, "pct_vegetation": 51.85, "crop": "Non-Crop", "parcel_area_ha": 0.7917, "parcel_area_acres": 1.9563, "affected_area_ha": 0.0, "affected_area_acres": 0.0, "damage_percentage": 0.0, "severity": "No Damage / Unaffected", "severity_score": 0.0, "ndvi_before": 0.2771, "ndvi_after": 0.2442, "delta_ndvi": -0.0328, "hazard_type": "Flood / Inundation", "observation_before": "2026-04-22T00:00:00", "observation_after": "2026-09-09T00:00:00", "priority_score": 0.0, "norm_affected_area": 0.0, "norm_damage_pct": 0.0, "recommended_relief_inr": 0.0 }, "geometry": { "type": "Polygon", "coordinates": [ [ [ 77.382935727556969, 8.730180696608624 ], [ 77.383889525907094, 8.730030387878088 ], [ 77.383783696321075, 8.729365641677406 ], [ 77.382829899475325, 8.729515949704691 ], [ 77.382935727556969, 8.730180696608624 ] ] ] } },
{ "type": "Feature", "properties": { "parcel_id": "PARCEL_0251", "taluk": "Ambasamudram", "area_m2": 2850.11, "area_ha": 0.28501119730240837, "area_sq_m": 2850.1119730240835, "area_sq_km": 0.0028501119730240834, "predicted_crop": "Non-Crop", "confidence": 0.8467, "prob_banana": 0.0309, "prob_other": 0.8467, "prob_paddy": 0.1224, "validated_crop": "Non-Crop", "land_cover_type": "Bare Soil / Settlement / Non-Crop", "confidence_tier": "High Confidence", "pct_water": 0.0, "pct_non_crop": 57.14, "pct_vegetation": 0.0, "crop": "Non-Crop", "parcel_area_ha": 0.285, "parcel_area_acres": 0.7043, "affected_area_ha": 0.0, "affected_area_acres": 0.0, "damage_percentage": 0.0, "severity": "No Damage / Unaffected", "severity_score": 0.0, "ndvi_before": 0.1995, "ndvi_after": 0.0909, "delta_ndvi": -0.1085, "hazard_type": "Flood / Inundation", "observation_before": "2026-04-22T00:00:00", "observation_after": "2026-09-09T00:00:00", "priority_score": 0.0, "norm_affected_area": 0.0, "norm_damage_pct": 0.0, "recommended_relief_inr": 0.0 }, "geometry": { "type": "Polygon", "coordinates": [ [ [ 77.442030015299039, 8.73616215136002 ], [ 77.442495255079365, 8.736026805521655 ], [ 77.442359098550995, 8.735563535129252 ], [ 77.441893859204043, 8.735698880658978 ], [ 77.442030015299039, 8.73616215136002 ] ] ] } },
{ "type": "Feature", "properties": { "parcel_id": "PARCEL_0252", "taluk": "Ambasamudram", "area_m2": 8384.45, "area_ha": 0.83844481397575288, "area_sq_m": 8384.4481397575291, "area_sq_km": 0.0083844481397575294, "predicted_crop": "Non-Crop", "confidence": 0.5681, "prob_banana": 0.2033, "prob_other": 0.5681, "prob_paddy": 0.2285, "validated_crop": "Non-Crop", "land_cover_type": "Non-Agricultural Land", "confidence_tier": "Low Confidence / Review", "pct_water": 0.0, "pct_non_crop": 0.0, "pct_vegetation": 100.0, "crop": "Non-Crop", "parcel_area_ha": 0.8384, "parcel_area_acres": 2.0718, "affected_area_ha": 0.0, "affected_area_acres": 0.0, "damage_percentage": 0.0, "severity": "No Damage / Unaffected", "severity_score": 0.0, "ndvi_before": 0.2078, "ndvi_after": 0.4633, "delta_ndvi": 0.2555, "hazard_type": "Flood / Inundation", "observation_before": "2026-04-22T00:00:00", "observation_after": "2026-09-09T00:00:00", "priority_score": 0.0, "norm_affected_area": 0.0, "norm_damage_pct": 0.0, "recommended_relief_inr": 0.0 }, "geometry": { "type": "Polygon", "coordinates": [ [ [ 77.431098583272103, 8.74038502201177 ], [ 77.431795775596981, 8.740509057306845 ], [ 77.431967716754954, 8.739552428083975 ], [ 77.431270526328916, 8.739428392629573 ], [ 77.431098583272103, 8.74038502201177 ] ] ] } },
{ "type": "Feature", "properties": { "parcel_id": "PARCEL_0253", "taluk": "Ambasamudram", "area_m2": 2764.28, "area_ha": 0.27642757414445124, "area_sq_m": 2764.2757414445123, "area_sq_km": 0.0027642757414445122, "predicted_crop": "Non-Crop", "confidence": 0.7719, "prob_banana": 0.0354, "prob_other": 0.7719, "prob_paddy": 0.1927, "validated_crop": "Non-Crop", "land_cover_type": "Non-Agricultural Land", "confidence_tier": "Medium Confidence", "pct_water": 0.0, "pct_non_crop": 29.63, "pct_vegetation": 59.26, "crop": "Non-Crop", "parcel_area_ha": 0.2764, "parcel_area_acres": 0.6831, "affected_area_ha": 0.0, "affected_area_acres": 0.0, "damage_percentage": 0.0, "severity": "No Damage / Unaffected", "severity_score": 0.0, "ndvi_before": 0.2585, "ndvi_after": 0.2432, "delta_ndvi": -0.0153, "hazard_type": "Flood / Inundation", "observation_before": "2026-04-22T00:00:00", "observation_after": "2026-09-09T00:00:00", "priority_score": 0.0, "norm_affected_area": 0.0, "norm_damage_pct": 0.0, "recommended_relief_inr": 0.0 }, "geometry": { "type": "Polygon", "coordinates": [ [ [ 77.434237588520773, 8.72953737785852 ], [ 77.434745144852656, 8.729463843106741 ], [ 77.434681069503554, 8.729026057606871 ], [ 77.434173513704295, 8.729099592115634 ], [ 77.434237588520773, 8.72953737785852 ] ] ] } },
{ "type": "Feature", "properties": { "parcel_id": "PARCEL_0254", "taluk": "Ambasamudram", "area_m2": 4958.87, "area_ha": 0.49588736040255343, "area_sq_m": 4958.8736040255344, "area_sq_km": 0.0049588736040255344, "predicted_crop": "Non-Crop", "confidence": 0.869, "prob_banana": 0.0288, "prob_other": 0.869, "prob_paddy": 0.1022, "validated_crop": "Non-Crop", "land_cover_type": "Non-Agricultural Land", "confidence_tier": "High Confidence", "pct_water": 0.0, "pct_non_crop": 0.0, "pct_vegetation": 26.0, "crop": "Non-Crop", "parcel_area_ha": 0.4959, "parcel_area_acres": 1.2254, "affected_area_ha": 0.0, "affected_area_acres": 0.0, "damage_percentage": 0.0, "severity": "No Damage / Unaffected", "severity_score": 0.0, "ndvi_before": 0.2059, "ndvi_after": 0.1581, "delta_ndvi": -0.0478, "hazard_type": "Flood / Inundation", "observation_before": "2026-04-22T00:00:00", "observation_after": "2026-09-09T00:00:00", "priority_score": 0.0, "norm_affected_area": 0.0, "norm_damage_pct": 0.0, "recommended_relief_inr": 0.0 }, "geometry": { "type": "Polygon", "coordinates": [ [ [ 77.417878347950932, 8.719648460178131 ], [ 77.418894020683538, 8.71940850200744 ], [ 77.418803475955272, 8.719029114481549 ], [ 77.41778780405798, 8.7192690721505 ], [ 77.417878347950932, 8.719648460178131 ] ] ] } },
{ "type": "Feature", "properties": { "parcel_id": "PARCEL_0255", "taluk": "Ambasamudram", "area_m2": 5261.19, "area_ha": 0.52611893648392016, "area_sq_m": 5261.1893648392015, "area_sq_km": 0.0052611893648392017, "predicted_crop": "Non-Crop", "confidence": 0.7374, "prob_banana": 0.0707, "prob_other": 0.7374, "prob_paddy": 0.1918, "validated_crop": "Non-Crop", "land_cover_type": "Non-Agricultural Land", "confidence_tier": "Medium Confidence", "pct_water": 0.0, "pct_non_crop": 27.45, "pct_vegetation": 56.86, "crop": "Non-Crop", "parcel_area_ha": 0.5261, "parcel_area_acres": 1.3001, "affected_area_ha": 0.0, "affected_area_acres": 0.0, "damage_percentage": 0.0, "severity": "No Damage / Unaffected", "severity_score": 0.0, "ndvi_before": 0.296, "ndvi_after": 0.1782, "delta_ndvi": -0.1178, "hazard_type": "Flood / Inundation", "observation_before": "2026-04-22T00:00:00", "observation_after": "2026-09-09T00:00:00", "priority_score": 0.0, "norm_affected_area": 0.0, "norm_damage_pct": 0.0, "recommended_relief_inr": 0.0 }, "geometry": { "type": "Polygon", "coordinates": [ [ [ 77.429387347824431, 8.726279794691438 ], [ 77.429957073791243, 8.726115880624917 ], [ 77.429753753990752, 8.725416333178028 ], [ 77.429184028828914, 8.725580246678364 ], [ 77.429387347824431, 8.726279794691438 ] ] ] } },
{ "type": "Feature", "properties": { "parcel_id": "PARCEL_0256", "taluk": "Ambasamudram", "area_m2": 8358.44, "area_ha": 0.83584391361929189, "area_sq_m": 8358.4391361929192, "area_sq_km": 0.0083584391361929185, "predicted_crop": "Non-Crop", "confidence": 0.6633, "prob_banana": 0.0858, "prob_other": 0.6633, "prob_paddy": 0.2509, "validated_crop": "Non-Crop", "land_cover_type": "Non-Agricultural Land", "confidence_tier": "Medium Confidence", "pct_water": 0.0, "pct_non_crop": 1.19, "pct_vegetation": 75.0, "crop": "Non-Crop", "parcel_area_ha": 0.8358, "parcel_area_acres": 2.0654, "affected_area_ha": 0.0, "affected_area_acres": 0.0, "damage_percentage": 0.0, "severity": "No Damage / Unaffected", "severity_score": 0.0, "ndvi_before": 0.3442, "ndvi_after": 0.2845, "delta_ndvi": -0.0597, "hazard_type": "Flood / Inundation", "observation_before": "2026-04-22T00:00:00", "observation_after": "2026-09-09T00:00:00", "priority_score": 0.0, "norm_affected_area": 0.0, "norm_damage_pct": 0.0, "recommended_relief_inr": 0.0 }, "geometry": { "type": "Polygon", "coordinates": [ [ [ 77.419409637674406, 8.732036594812683 ], [ 77.420403667737332, 8.732039504313427 ], [ 77.420405708054901, 8.731349246836986 ], [ 77.419411679825387, 8.731346336843853 ], [ 77.419409637674406, 8.732036594812683 ] ] ] } },
{ "type": "Feature", "properties": { "parcel_id": "PARCEL_0257", "taluk": "Ambasamudram", "area_m2": 2169.59, "area_ha": 0.21695889392016196, "area_sq_m": 2169.5889392016197, "area_sq_km": 0.0021695889392016198, "predicted_crop": "Non-Crop", "confidence": 0.7706, "prob_banana": 0.0421, "prob_other": 0.7706, "prob_paddy": 0.1873, "validated_crop": "Non-Crop", "land_cover_type": "Non-Agricultural Land", "confidence_tier": "Medium Confidence", "pct_water": 0.0, "pct_non_crop": 26.09, "pct_vegetation": 13.04, "crop": "Non-Crop", "parcel_area_ha": 0.217, "parcel_area_acres": 0.5361, "affected_area_ha": 0.0, "affected_area_acres": 0.0, "damage_percentage": 0.0, "severity": "No Damage / Unaffected", "severity_score": 0.0, "ndvi_before": 0.2277, "ndvi_after": 0.2076, "delta_ndvi": -0.0202, "hazard_type": "Flood / Inundation", "observation_before": "2026-04-22T00:00:00", "observation_after": "2026-09-09T00:00:00", "priority_score": 0.0, "norm_affected_area": 0.0, "norm_damage_pct": 0.0, "recommended_relief_inr": 0.0 }, "geometry": { "type": "Polygon", "coordinates": [ [ [ 77.451524484459085, 8.725285265515899 ], [ 77.451985845003222, 8.725229107508213 ], [ 77.451939079148516, 8.724848790114228 ], [ 77.451477719033406, 8.724904947938979 ], [ 77.451524484459085, 8.725285265515899 ] ] ] } },
{ "type": "Feature", "properties": { "parcel_id": "PARCEL_0258", "taluk": "Ambasamudram", "area_m2": 11038.99, "area_ha": 1.1038991801832416, "area_sq_m": 11038.991801832415, "area_sq_km": 0.011038991801832414, "predicted_crop": "Non-Crop", "confidence": 0.7354, "prob_banana": 0.0627, "prob_other": 0.7354, "prob_paddy": 0.2019, "validated_crop": "Non-Crop", "land_cover_type": "Bare Soil / Settlement / Non-Crop", "confidence_tier": "Medium Confidence", "pct_water": 0.0, "pct_non_crop": 100.0, "pct_vegetation": 0.0, "crop": "Non-Crop", "parcel_area_ha": 1.1039, "parcel_area_acres": 2.7278, "affected_area_ha": 0.0, "affected_area_acres": 0.0, "damage_percentage": 0.0, "severity": "No Damage / Unaffected", "severity_score": 0.0, "ndvi_before": -0.0739, "ndvi_after": 0.0849, "delta_ndvi": 0.1588, "hazard_type": "Flood / Inundation", "observation_before": "2026-04-22T00:00:00", "observation_after": "2026-09-09T00:00:00", "priority_score": 0.0, "norm_affected_area": 0.0, "norm_damage_pct": 0.0, "recommended_relief_inr": 0.0 }, "geometry": { "type": "Polygon", "coordinates": [ [ [ 77.402017848227487, 8.73450407899028 ], [ 77.40284405486689, 8.73429416069574 ], [ 77.402579753638662, 8.733264472100446 ], [ 77.401753548806894, 8.733474389255971 ], [ 77.402017848227487, 8.73450407899028 ] ] ] } },
{ "type": "Feature", "properties": { "parcel_id": "PARCEL_0261", "taluk": "Ambasamudram", "area_m2": 5308.07, "area_ha": 0.53080674273347539, "area_sq_m": 5308.067427334754, "area_sq_km": 0.005308067427334754, "predicted_crop": "Banana", "confidence": 0.4364, "prob_banana": 0.4364, "prob_other": 0.2675, "prob_paddy": 0.2961, "validated_crop": "Banana", "land_cover_type": "Agricultural Banana", "confidence_tier": "Low Confidence / Review", "pct_water": 0.0, "pct_non_crop": 0.0, "pct_vegetation": 100.0, "crop": "Banana", "parcel_area_ha": 0.5308, "parcel_area_acres": 1.3117, "affected_area_ha": 0.0, "affected_area_acres": 0.0, "damage_percentage": 0.0, "severity": "No Damage / Unaffected", "severity_score": 0.0, "ndvi_before": 0.1789, "ndvi_after": 0.4094, "delta_ndvi": 0.2305, "hazard_type": "Flood / Inundation", "observation_before": "2026-04-22T00:00:00", "observation_after": "2026-09-09T00:00:00", "priority_score": 0.0, "norm_affected_area": 0.0, "norm_damage_pct": 0.0, "recommended_relief_inr": 0.0 }, "geometry": { "type": "Polygon", "coordinates": [ [ [ 77.43552639250548, 8.739992942167717 ], [ 77.436045183047312, 8.739956677847967 ], [ 77.435986159155178, 8.739120893864607 ], [ 77.435467369720755, 8.739157157789894 ], [ 77.43552639250548, 8.739992942167717 ] ] ] } },
{ "type": "Feature", "properties": { "parcel_id": "PARCEL_0262", "taluk": "Ambasamudram", "area_m2": 11110.97, "area_ha": 1.1110970509041325, "area_sq_m": 11110.970509041324, "area_sq_km": 0.011110970509041324, "predicted_crop": "Non-Crop", "confidence": 0.7968, "prob_banana": 0.0088, "prob_other": 0.7968, "prob_paddy": 0.1944, "validated_crop": "Non-Crop", "land_cover_type": "Non-Agricultural Land", "confidence_tier": "Medium Confidence", "pct_water": 0.0, "pct_non_crop": 4.55, "pct_vegetation": 80.0, "crop": "Non-Crop", "parcel_area_ha": 1.1111, "parcel_area_acres": 2.7456, "affected_area_ha": 0.0, "affected_area_acres": 0.0, "damage_percentage": 0.0, "severity": "No Damage / Unaffected", "severity_score": 0.0, "ndvi_before": 0.339, "ndvi_after": 0.264, "delta_ndvi": -0.075, "hazard_type": "Flood / Inundation", "observation_before": "2026-04-22T00:00:00", "observation_after": "2026-09-09T00:00:00", "priority_score": 0.0, "norm_affected_area": 0.0, "norm_damage_pct": 0.0, "recommended_relief_inr": 0.0 }, "geometry": { "type": "Polygon", "coordinates": [ [ [ 77.404747111827476, 8.730732893046502 ], [ 77.405556320159306, 8.730503606197264 ], [ 77.40525787738008, 8.729461001388332 ], [ 77.404448670767891, 8.729690287052565 ], [ 77.404747111827476, 8.730732893046502 ] ] ] } },
{ "type": "Feature", "properties": { "parcel_id": "PARCEL_0263", "taluk": "Ambasamudram", "area_m2": 11250.14, "area_ha": 1.1250139692397878, "area_sq_m": 11250.139692397879, "area_sq_km": 0.01125013969239788, "predicted_crop": "Non-Crop", "confidence": 0.8718, "prob_banana": 0.0161, "prob_other": 0.8718, "prob_paddy": 0.1122, "validated_crop": "Non-Crop", "land_cover_type": "Non-Agricultural Land", "confidence_tier": "High Confidence", "pct_water": 0.0, "pct_non_crop": 1.71, "pct_vegetation": 65.81, "crop": "Non-Crop", "parcel_area_ha": 1.125, "parcel_area_acres": 2.78, "affected_area_ha": 0.0, "affected_area_acres": 0.0, "damage_percentage": 0.0, "severity": "No Damage / Unaffected", "severity_score": 0.0, "ndvi_before": 0.2984, "ndvi_after": 0.2073, "delta_ndvi": -0.091, "hazard_type": "Flood / Inundation", "observation_before": "2026-04-22T00:00:00", "observation_after": "2026-09-09T00:00:00", "priority_score": 0.0, "norm_affected_area": 0.0, "norm_damage_pct": 0.0, "recommended_relief_inr": 0.0 }, "geometry": { "type": "Polygon", "coordinates": [ [ [ 77.416058628600481, 8.730818445242498 ], [ 77.417054153365768, 8.730851939602852 ], [ 77.417085647426177, 8.729925324340252 ], [ 77.416090125164075, 8.729891829393805 ], [ 77.416058628600481, 8.730818445242498 ] ] ] } },
{ "type": "Feature", "properties": { "parcel_id": "PARCEL_0264", "taluk": "Ambasamudram", "area_m2": 4785.63, "area_ha": 0.4785625783760773, "area_sq_m": 4785.6257837607727, "area_sq_km": 0.0047856257837607724, "predicted_crop": "Non-Crop", "confidence": 0.6027, "prob_banana": 0.1412, "prob_other": 0.6027, "prob_paddy": 0.2561, "validated_crop": "Non-Crop", "land_cover_type": "Non-Agricultural Land", "confidence_tier": "Medium Confidence", "pct_water": 0.0, "pct_non_crop": 4.26, "pct_vegetation": 85.11, "crop": "Non-Crop", "parcel_area_ha": 0.4786, "parcel_area_acres": 1.1826, "affected_area_ha": 0.0, "affected_area_acres": 0.0, "damage_percentage": 0.0, "severity": "No Damage / Unaffected", "severity_score": 0.0, "ndvi_before": 0.1933, "ndvi_after": 0.4772, "delta_ndvi": 0.2839, "hazard_type": "Flood / Inundation", "observation_before": "2026-04-22T00:00:00", "observation_after": "2026-09-09T00:00:00", "priority_score": 0.0, "norm_affected_area": 0.0, "norm_damage_pct": 0.0, "recommended_relief_inr": 0.0 }, "geometry": { "type": "Polygon", "coordinates": [ [ [ 77.426495244652173, 8.73086367860655 ], [ 77.427149348938087, 8.730925113518815 ], [ 77.427205830963786, 8.730329832263442 ], [ 77.426551727761037, 8.730268397166274 ], [ 77.426495244652173, 8.73086367860655 ] ] ] } },
{ "type": "Feature", "properties": { "parcel_id": "PARCEL_0265", "taluk": "Ambasamudram", "area_m2": 7770.96, "area_ha": 0.77709618918894474, "area_sq_m": 7770.9618918894475, "area_sq_km": 0.0077709618918894476, "predicted_crop": "Non-Crop", "confidence": 0.5711, "prob_banana": 0.2589, "prob_other": 0.5711, "prob_paddy": 0.1701, "validated_crop": "Non-Crop", "land_cover_type": "Non-Agricultural Land", "confidence_tier": "Low Confidence / Review", "pct_water": 0.0, "pct_non_crop": 0.0, "pct_vegetation": 97.4, "crop": "Non-Crop", "parcel_area_ha": 0.7771, "parcel_area_acres": 1.9202, "affected_area_ha": 0.0, "affected_area_acres": 0.0, "damage_percentage": 0.0, "severity": "No Damage / Unaffected", "severity_score": 0.0, "ndvi_before": 0.3352, "ndvi_after": 0.4418, "delta_ndvi": 0.1067, "hazard_type": "Flood / Inundation", "observation_before": "2026-04-22T00:00:00", "observation_after": "2026-09-09T00:00:00", "priority_score": 0.0, "norm_affected_area": 0.0, "norm_damage_pct": 0.0, "recommended_relief_inr": 0.0 }, "geometry": { "type": "Polygon", "coordinates": [ [ [ 77.426888430625397, 8.734587907767134 ], [ 77.427815557992702, 8.734759823696933 ], [ 77.427940123907419, 8.734094867230677 ], [ 77.427012998296249, 8.733922951167521 ], [ 77.426888430625397, 8.734587907767134 ] ] ] } },
{ "type": "Feature", "properties": { "parcel_id": "PARCEL_0266", "taluk": "Cheranmahadevi", "area_m2": 2669.07, "area_ha": 0.2669065118685508, "area_sq_m": 2669.065118685508, "area_sq_km": 0.002669065118685508, "predicted_crop": "Non-Crop", "confidence": 1.0, "prob_banana": 0.0, "prob_other": 1.0, "prob_paddy": 0.0, "validated_crop": "Non-Crop", "land_cover_type": "Non-Agricultural Land", "confidence_tier": "High Confidence", "pct_water": 0.0, "pct_non_crop": 0.0, "pct_vegetation": 0.0, "crop": "Non-Crop", "parcel_area_ha": 0.2669, "parcel_area_acres": 0.6595, "affected_area_ha": 0.0, "affected_area_acres": 0.0, "damage_percentage": 0.0, "severity": "No Damage / Unaffected", "severity_score": 0.0, "ndvi_before": 0.0, "ndvi_after": 0.0, "delta_ndvi": 0.0, "hazard_type": "Flood / Inundation", "observation_before": "2026-04-22T00:00:00", "observation_after": "2026-09-09T00:00:00", "priority_score": 0.0, "norm_affected_area": 0.0, "norm_damage_pct": 0.0, "recommended_relief_inr": 0.0 }, "geometry": { "type": "Polygon", "coordinates": [ [ [ 77.596038874736863, 8.656041825050094 ], [ 77.596404886990598, 8.656010076450659 ], [ 77.596352870454581, 8.655416243596166 ], [ 77.595986858741725, 8.655447991978681 ], [ 77.596038874736863, 8.656041825050094 ] ] ] } },
{ "type": "Feature", "properties": { "parcel_id": "PARCEL_0268", "taluk": "Cheranmahadevi", "area_m2": 4047.95, "area_ha": 0.40479503092016733, "area_sq_m": 4047.9503092016735, "area_sq_km": 0.0040479503092016736, "predicted_crop": "Non-Crop", "confidence": 0.7769, "prob_banana": 0.018, "prob_other": 0.7769, "prob_paddy": 0.2051, "validated_crop": "Non-Crop", "land_cover_type": "Bare Soil / Settlement / Non-Crop", "confidence_tier": "Medium Confidence", "pct_water": 0.0, "pct_non_crop": 76.92, "pct_vegetation": 7.69, "crop": "Non-Crop", "parcel_area_ha": 0.4048, "parcel_area_acres": 1.0003, "affected_area_ha": 0.0, "affected_area_acres": 0.0, "damage_percentage": 0.0, "severity": "No Damage / Unaffected", "severity_score": 0.0, "ndvi_before": 0.0, "ndvi_after": 0.0, "delta_ndvi": 0.0, "hazard_type": "Flood / Inundation", "observation_before": "2026-04-22T00:00:00", "observation_after": "2026-09-09T00:00:00", "priority_score": 0.0, "norm_affected_area": 0.0, "norm_damage_pct": 0.0, "recommended_relief_inr": 0.0 }, "geometry": { "type": "Polygon", "coordinates": [ [ [ 77.572877088333385, 8.660900517100867 ], [ 77.573291645428611, 8.660939476261772 ], [ 77.573367013271067, 8.660145324155341 ], [ 77.57295245708751, 8.660106364823106 ], [ 77.572877088333385, 8.660900517100867 ] ] ] } },
{ "type": "Feature", "properties": { "parcel_id": "PARCEL_0269", "taluk": "Cheranmahadevi", "area_m2": 7676.43, "area_ha": 0.76764259746000951, "area_sq_m": 7676.4259746000953, "area_sq_km": 0.0076764259746000957, "predicted_crop": "Non-Crop", "confidence": 0.9337, "prob_banana": 0.0094, "prob_other": 0.9337, "prob_paddy": 0.0569, "validated_crop": "Non-Crop", "land_cover_type": "Bare Soil / Settlement / Non-Crop", "confidence_tier": "High Confidence", "pct_water": 0.0, "pct_non_crop": 66.23, "pct_vegetation": 0.0, "crop": "Non-Crop", "parcel_area_ha": 0.7676, "parcel_area_acres": 1.8969, "affected_area_ha": 0.0, "affected_area_acres": 0.0, "damage_percentage": 0.0, "severity": "No Damage / Unaffected", "severity_score": 0.0, "ndvi_before": 0.1526, "ndvi_after": 0.0, "delta_ndvi": -0.1526, "hazard_type": "Flood / Inundation", "observation_before": "2026-04-22T00:00:00", "observation_after": "2026-09-09T00:00:00", "priority_score": 0.0, "norm_affected_area": 0.0, "norm_damage_pct": 0.0, "recommended_relief_inr": 0.0 }, "geometry": { "type": "Polygon", "coordinates": [ [ [ 77.582900302601132, 8.691887580139255 ], [ 77.583539468974521, 8.691890525463561 ], [ 77.583544055456102, 8.690904988008398 ], [ 77.582904890760247, 8.690902042203804 ], [ 77.582900302601132, 8.691887580139255 ] ] ] } },
{ "type": "Feature", "properties": { "parcel_id": "PARCEL_0270", "taluk": "Cheranmahadevi", "area_m2": 4738.96, "area_ha": 0.47389609740190974, "area_sq_m": 4738.9609740190972, "area_sq_km": 0.0047389609740190975, "predicted_crop": "Non-Crop", "confidence": 0.8959, "prob_banana": 0.0218, "prob_other": 0.8959, "prob_paddy": 0.0823, "validated_crop": "Non-Crop", "land_cover_type": "Bare Soil / Settlement / Non-Crop", "confidence_tier": "High Confidence", "pct_water": 0.0, "pct_non_crop": 68.09, "pct_vegetation": 2.13, "crop": "Non-Crop", "parcel_area_ha": 0.4739, "parcel_area_acres": 1.171, "affected_area_ha": 0.0, "affected_area_acres": 0.0, "damage_percentage": 0.0, "severity": "No Damage / Unaffected", "severity_score": 0.0, "ndvi_before": 0.154, "ndvi_after": 0.0, "delta_ndvi": -0.154, "hazard_type": "Flood / Inundation", "observation_before": "2026-04-22T00:00:00", "observation_after": "2026-09-09T00:00:00", "priority_score": 0.0, "norm_affected_area": 0.0, "norm_damage_pct": 0.0, "recommended_relief_inr": 0.0 }, "geometry": { "type": "Polygon", "coordinates": [ [ [ 77.586593491247442, 8.66706857365088 ], [ 77.587203231941785, 8.667027546891703 ], [ 77.587160093757518, 8.666392707975074 ], [ 77.586550354042814, 8.666433734367601 ], [ 77.586593491247442, 8.66706857365088 ] ] ] } },
{ "type": "Feature", "properties": { "parcel_id": "PARCEL_0271", "taluk": "Cheranmahadevi", "area_m2": 8968.77, "area_ha": 0.89687718864240284, "area_sq_m": 8968.7718864240287, "area_sq_km": 0.0089687718864240283, "predicted_crop": "Non-Crop", "confidence": 0.995, "prob_banana": 0.0, "prob_other": 0.995, "prob_paddy": 0.005, "validated_crop": "Non-Crop", "land_cover_type": "Non-Agricultural Land", "confidence_tier": "High Confidence", "pct_water": 0.0, "pct_non_crop": 48.31, "pct_vegetation": 0.0, "crop": "Non-Crop", "parcel_area_ha": 0.8969, "parcel_area_acres": 2.2162, "affected_area_ha": 0.0, "affected_area_acres": 0.0, "damage_percentage": 0.0, "severity": "No Damage / Unaffected", "severity_score": 0.0, "ndvi_before": 0.138, "ndvi_after": 0.0, "delta_ndvi": -0.138, "hazard_type": "Flood / Inundation", "observation_before": "2026-04-22T00:00:00", "observation_after": "2026-09-09T00:00:00", "priority_score": 0.0, "norm_affected_area": 0.0, "norm_damage_pct": 0.0, "recommended_relief_inr": 0.0 }, "geometry": { "type": "Polygon", "coordinates": [ [ [ 77.610720957953006, 8.693614298305226 ], [ 77.611512714692893, 8.693758387718672 ], [ 77.611678042184522, 8.692858949029706 ], [ 77.610886287478209, 8.692714859415615 ], [ 77.610720957953006, 8.693614298305226 ] ] ] } },
{ "type": "Feature", "properties": { "parcel_id": "PARCEL_0272", "taluk": "Cheranmahadevi", "area_m2": 5116.93, "area_ha": 0.51169338896904126, "area_sq_m": 5116.9338896904128, "area_sq_km": 0.0051169338896904131, "predicted_crop": "Non-Crop", "confidence": 0.9887, "prob_banana": 0.0019, "prob_other": 0.9887, "prob_paddy": 0.0094, "validated_crop": "Non-Crop", "land_cover_type": "Non-Agricultural Land", "confidence_tier": "High Confidence", "pct_water": 0.0, "pct_non_crop": 28.85, "pct_vegetation": 32.69, "crop": "Non-Crop", "parcel_area_ha": 0.5117, "parcel_area_acres": 1.2644, "affected_area_ha": 0.0, "affected_area_acres": 0.0, "damage_percentage": 0.0, "severity": "No Damage / Unaffected", "severity_score": 0.0, "ndvi_before": 0.2713, "ndvi_after": 0.0, "delta_ndvi": -0.2713, "hazard_type": "Flood / Inundation", "observation_before": "2026-04-22T00:00:00", "observation_after": "2026-09-09T00:00:00", "priority_score": 0.0, "norm_affected_area": 0.0, "norm_damage_pct": 0.0, "recommended_relief_inr": 0.0 }, "geometry": { "type": "Polygon", "coordinates": [ [ [ 77.589649027022872, 8.671242384753086 ], [ 77.590652499074764, 8.671501442490326 ], [ 77.590754709843921, 8.671109408008034 ], [ 77.589751238923583, 8.670850350250168 ], [ 77.589649027022872, 8.671242384753086 ] ] ] } },
{ "type": "Feature", "properties": { "parcel_id": "PARCEL_0273", "taluk": "Cheranmahadevi", "area_m2": 4774.94, "area_ha": 0.47749417352334023, "area_sq_m": 4774.9417352334021, "area_sq_km": 0.0047749417352334024, "predicted_crop": "Non-Crop", "confidence": 0.9924, "prob_banana": 0.0027, "prob_other": 0.9924, "prob_paddy": 0.0049, "validated_crop": "Non-Crop", "land_cover_type": "Non-Agricultural Land", "confidence_tier": "High Confidence", "pct_water": 0.0, "pct_non_crop": 6.25, "pct_vegetation": 35.42, "crop": "Non-Crop", "parcel_area_ha": 0.4775, "parcel_area_acres": 1.1799, "affected_area_ha": 0.0, "affected_area_acres": 0.0, "damage_percentage": 0.0, "severity": "No Damage / Unaffected", "severity_score": 0.0, "ndvi_before": 0.2594, "ndvi_after": 0.0, "delta_ndvi": -0.2594, "hazard_type": "Flood / Inundation", "observation_before": "2026-04-22T00:00:00", "observation_after": "2026-09-09T00:00:00", "priority_score": 0.0, "norm_affected_area": 0.0, "norm_damage_pct": 0.0, "recommended_relief_inr": 0.0 }, "geometry": { "type": "Polygon", "coordinates": [ [ [ 77.581640999390487, 8.664255824940115 ], [ 77.582350592762992, 8.664159290559706 ], [ 77.582276125718593, 8.663617260706324 ], [ 77.581566533263484, 8.663713794658445 ], [ 77.581640999390487, 8.664255824940115 ] ] ] } },
{ "type": "Feature", "properties": { "parcel_id": "PARCEL_0274", "taluk": "Cheranmahadevi", "area_m2": 5395.71, "area_ha": 0.53957090843667033, "area_sq_m": 5395.7090843667029, "area_sq_km": 0.0053957090843667031, "predicted_crop": "Non-Crop", "confidence": 1.0, "prob_banana": 0.0, "prob_other": 1.0, "prob_paddy": 0.0, "validated_crop": "Non-Crop", "land_cover_type": "Non-Agricultural Land", "confidence_tier": "High Confidence", "pct_water": 0.0, "pct_non_crop": 1.96, "pct_vegetation": 19.61, "crop": "Non-Crop", "parcel_area_ha": 0.5396, "parcel_area_acres": 1.3333, "affected_area_ha": 0.0, "affected_area_acres": 0.0, "damage_percentage": 0.0, "severity": "No Damage / Unaffected", "severity_score": 0.0, "ndvi_before": 0.2499, "ndvi_after": 0.0, "delta_ndvi": -0.2499, "hazard_type": "Flood / Inundation", "observation_before": "2026-04-22T00:00:00", "observation_after": "2026-09-09T00:00:00", "priority_score": 0.0, "norm_affected_area": 0.0, "norm_damage_pct": 0.0, "recommended_relief_inr": 0.0 }, "geometry": { "type": "Polygon", "coordinates": [ [ [ 77.60973155155277, 8.66036377621926 ], [ 77.61048510533557, 8.660408322714934 ], [ 77.61052005465281, 8.659822875422783 ], [ 77.609766502074592, 8.659778328650832 ], [ 77.60973155155277, 8.66036377621926 ] ] ] } },
{ "type": "Feature", "properties": { "parcel_id": "PARCEL_0275", "taluk": "Cheranmahadevi", "area_m2": 3635.99, "area_ha": 0.363599028364121, "area_sq_m": 3635.9902836412102, "area_sq_km": 0.0036359902836412103, "predicted_crop": "Non-Crop", "confidence": 1.0, "prob_banana": 0.0, "prob_other": 1.0, "prob_paddy": 0.0, "validated_crop": "Non-Crop", "land_cover_type": "Non-Agricultural Land", "confidence_tier": "High Confidence", "pct_water": 0.0, "pct_non_crop": 0.0, "pct_vegetation": 0.0, "crop": "Non-Crop", "parcel_area_ha": 0.3636, "parcel_area_acres": 0.8985, "affected_area_ha": 0.0, "affected_area_acres": 0.0, "damage_percentage": 0.0, "severity": "No Damage / Unaffected", "severity_score": 0.0, "ndvi_before": 0.0, "ndvi_after": 0.0, "delta_ndvi": 0.0, "hazard_type": "Flood / Inundation", "observation_before": "2026-04-22T00:00:00", "observation_after": "2026-09-09T00:00:00", "priority_score": 0.0, "norm_affected_area": 0.0, "norm_damage_pct": 0.0, "recommended_relief_inr": 0.0 }, "geometry": { "type": "Polygon", "coordinates": [ [ [ 77.577916117331597, 8.677492369259838 ], [ 77.578566816453574, 8.677362394675383 ], [ 77.578477898997562, 8.6769216266344 ], [ 77.577827200515969, 8.67705160085686 ], [ 77.577916117331597, 8.677492369259838 ] ] ] } },
{ "type": "Feature", "properties": { "parcel_id": "PARCEL_0276", "taluk": "Cheranmahadevi", "area_m2": 7932.61, "area_ha": 0.79326077227556457, "area_sq_m": 7932.6077227556452, "area_sq_km": 0.0079326077227556448, "predicted_crop": "Non-Crop", "confidence": 0.8802, "prob_banana": 0.0114, "prob_other": 0.8802, "prob_paddy": 0.1083, "validated_crop": "Non-Crop", "land_cover_type": "Non-Agricultural Land", "confidence_tier": "High Confidence", "pct_water": 0.0, "pct_non_crop": 37.5, "pct_vegetation": 1.25, "crop": "Non-Crop", "parcel_area_ha": 0.7933, "parcel_area_acres": 1.9602, "affected_area_ha": 0.0, "affected_area_acres": 0.0, "damage_percentage": 0.0, "severity": "No Damage / Unaffected", "severity_score": 0.0, "ndvi_before": 0.0, "ndvi_after": 0.0, "delta_ndvi": 0.0, "hazard_type": "Flood / Inundation", "observation_before": "2026-04-22T00:00:00", "observation_after": "2026-09-09T00:00:00", "priority_score": 0.0, "norm_affected_area": 0.0, "norm_damage_pct": 0.0, "recommended_relief_inr": 0.0 }, "geometry": { "type": "Polygon", "coordinates": [ [ [ 77.57824613585862, 8.673492007869367 ], [ 77.578969072837893, 8.673313930938374 ], [ 77.578758014979257, 8.672465520617504 ], [ 77.578035079289975, 8.672643596710026 ], [ 77.57824613585862, 8.673492007869367 ] ] ] } },
{ "type": "Feature", "properties": { "parcel_id": "PARCEL_0277", "taluk": "Cheranmahadevi", "area_m2": 9208.67, "area_ha": 0.92086743014969252, "area_sq_m": 9208.6743014969252, "area_sq_km": 0.0092086743014969247, "predicted_crop": "Non-Crop", "confidence": 0.9145, "prob_banana": 0.0157, "prob_other": 0.9145, "prob_paddy": 0.0698, "validated_crop": "Non-Crop", "land_cover_type": "Non-Agricultural Land", "confidence_tier": "High Confidence", "pct_water": 0.0, "pct_non_crop": 3.26, "pct_vegetation": 91.3, "crop": "Non-Crop", "parcel_area_ha": 0.9209, "parcel_area_acres": 2.2755, "affected_area_ha": 0.0, "affected_area_acres": 0.0, "damage_percentage": 0.0, "severity": "No Damage / Unaffected", "severity_score": 0.0, "ndvi_before": 0.3409, "ndvi_after": 0.0, "delta_ndvi": -0.3409, "hazard_type": "Flood / Inundation", "observation_before": "2026-04-22T00:00:00", "observation_after": "2026-09-09T00:00:00", "priority_score": 0.0, "norm_affected_area": 0.0, "norm_damage_pct": 0.0, "recommended_relief_inr": 0.0 }, "geometry": { "type": "Polygon", "coordinates": [ [ [ 77.567711804099503, 8.672105605076998 ], [ 77.568758018713751, 8.672291642290229 ], [ 77.56888371162286, 8.671591720065098 ], [ 77.567837499089606, 8.671405682644888 ], [ 77.567711804099503, 8.672105605076998 ] ] ] } },
{ "type": "Feature", "properties": { "parcel_id": "PARCEL_0278", "taluk": "Cheranmahadevi", "area_m2": 10525.82, "area_ha": 1.0525822040082693, "area_sq_m": 10525.822040082694, "area_sq_km": 0.010525822040082695, "predicted_crop": "Non-Crop", "confidence": 1.0, "prob_banana": 0.0, "prob_other": 1.0, "prob_paddy": 0.0, "validated_crop": "Non-Crop", "land_cover_type": "Non-Agricultural Land", "confidence_tier": "High Confidence", "pct_water": 0.0, "pct_non_crop": 18.1, "pct_vegetation": 1.9, "crop": "Non-Crop", "parcel_area_ha": 1.0526, "parcel_area_acres": 2.601, "affected_area_ha": 0.0, "affected_area_acres": 0.0, "damage_percentage": 0.0, "severity": "No Damage / Unaffected", "severity_score": 0.0, "ndvi_before": 0.1838, "ndvi_after": 0.0, "delta_ndvi": -0.1838, "hazard_type": "Flood / Inundation", "observation_before": "2026-04-22T00:00:00", "observation_after": "2026-09-09T00:00:00", "priority_score": 0.0, "norm_affected_area": 0.0, "norm_damage_pct": 0.0, "recommended_relief_inr": 0.0 }, "geometry": { "type": "Polygon", "coordinates": [ [ [ 77.584404929618913, 8.668152858194068 ], [ 77.58522691551137, 8.668197204429715 ], [ 77.585283996064987, 8.667149530033857 ], [ 77.584462012519467, 8.667105183253581 ], [ 77.584404929618913, 8.668152858194068 ] ] ] } },
{ "type": "Feature", "properties": { "parcel_id": "PARCEL_0279", "taluk": "Cheranmahadevi", "area_m2": 3317.92, "area_ha": 0.3317922845806508, "area_sq_m": 3317.9228458065081, "area_sq_km": 0.0033179228458065082, "predicted_crop": "Non-Crop", "confidence": 0.9646, "prob_banana": 0.0138, "prob_other": 0.9646, "prob_paddy": 0.0216, "validated_crop": "Non-Crop", "land_cover_type": "Non-Agricultural Land", "confidence_tier": "High Confidence", "pct_water": 0.0, "pct_non_crop": 0.0, "pct_vegetation": 94.44, "crop": "Non-Crop", "parcel_area_ha": 0.3318, "parcel_area_acres": 0.8199, "affected_area_ha": 0.0, "affected_area_acres": 0.0, "damage_percentage": 0.0, "severity": "No Damage / Unaffected", "severity_score": 0.0, "ndvi_before": 0.2973, "ndvi_after": 0.0, "delta_ndvi": -0.2973, "hazard_type": "Flood / Inundation", "observation_before": "2026-04-22T00:00:00", "observation_after": "2026-09-09T00:00:00", "priority_score": 0.0, "norm_affected_area": 0.0, "norm_damage_pct": 0.0, "recommended_relief_inr": 0.0 }, "geometry": { "type": "Polygon", "coordinates": [ [ [ 77.594825057219538, 8.667572332316889 ], [ 77.595353031423102, 8.667603765649215 ], [ 77.595383923838696, 8.667089954420085 ], [ 77.594855950376456, 8.667058520919438 ], [ 77.594825057219538, 8.667572332316889 ] ] ] } },
{ "type": "Feature", "properties": { "parcel_id": "PARCEL_0280", "taluk": "Cheranmahadevi", "area_m2": 7646.78, "area_ha": 0.7646781856172532, "area_sq_m": 7646.7818561725326, "area_sq_km": 0.0076467818561725322, "predicted_crop": "Non-Crop", "confidence": 0.9934, "prob_banana": 0.0, "prob_other": 0.9934, "prob_paddy": 0.0066, "validated_crop": "Non-Crop", "land_cover_type": "Non-Agricultural Land", "confidence_tier": "High Confidence", "pct_water": 0.0, "pct_non_crop": 17.95, "pct_vegetation": 39.74, "crop": "Non-Crop", "parcel_area_ha": 0.7647, "parcel_area_acres": 1.8896, "affected_area_ha": 0.0, "affected_area_acres": 0.0, "damage_percentage": 0.0, "severity": "No Damage / Unaffected", "severity_score": 0.0, "ndvi_before": 0.2908, "ndvi_after": 0.0, "delta_ndvi": -0.2908, "hazard_type": "Flood / Inundation", "observation_before": "2026-04-22T00:00:00", "observation_after": "2026-09-09T00:00:00", "priority_score": 0.0, "norm_affected_area": 0.0, "norm_damage_pct": 0.0, "recommended_relief_inr": 0.0 }, "geometry": { "type": "Polygon", "coordinates": [ [ [ 77.612616496424579, 8.663892914054967 ], [ 77.613619756240155, 8.663726929717681 ], [ 77.613518077508829, 8.663118362541841 ], [ 77.612514819105115, 8.663284346151244 ], [ 77.612616496424579, 8.663892914054967 ] ] ] } },
{ "type": "Feature", "properties": { "parcel_id": "PARCEL_0281", "taluk": "Cheranmahadevi", "area_m2": 7819.2, "area_ha": 0.78191964213459264, "area_sq_m": 7819.196421345926, "area_sq_km": 0.0078191964213459256, "predicted_crop": "Non-Crop", "confidence": 1.0, "prob_banana": 0.0, "prob_other": 1.0, "prob_paddy": 0.0, "validated_crop": "Non-Crop", "land_cover_type": "Bare Soil / Settlement / Non-Crop", "confidence_tier": "High Confidence", "pct_water": 0.0, "pct_non_crop": 72.15, "pct_vegetation": 0.0, "crop": "Non-Crop", "parcel_area_ha": 0.7819, "parcel_area_acres": 1.9322, "affected_area_ha": 0.0, "affected_area_acres": 0.0, "damage_percentage": 0.0, "severity": "No Damage / Unaffected", "severity_score": 0.0, "ndvi_before": 0.175, "ndvi_after": 0.0, "delta_ndvi": -0.175, "hazard_type": "Flood / Inundation", "observation_before": "2026-04-22T00:00:00", "observation_after": "2026-09-09T00:00:00", "priority_score": 0.0, "norm_affected_area": 0.0, "norm_damage_pct": 0.0, "recommended_relief_inr": 0.0 }, "geometry": { "type": "Polygon", "coordinates": [ [ [ 77.582117127050637, 8.676967555469131 ], [ 77.583073765015854, 8.677057036235359 ], [ 77.583136569141686, 8.676392199898602 ], [ 77.582179932940932, 8.676302718799166 ], [ 77.582117127050637, 8.676967555469131 ] ] ] } },
{ "type": "Feature", "properties": { "parcel_id": "PARCEL_0282", "taluk": "Cheranmahadevi", "area_m2": 6618.87, "area_ha": 0.66188724140372213, "area_sq_m": 6618.8724140372215, "area_sq_km": 0.0066188724140372216, "predicted_crop": "Non-Crop", "confidence": 1.0, "prob_banana": 0.0, "prob_other": 1.0, "prob_paddy": 0.0, "validated_crop": "Non-Crop", "land_cover_type": "Non-Agricultural Land", "confidence_tier": "High Confidence", "pct_water": 0.0, "pct_non_crop": 0.0, "pct_vegetation": 0.0, "crop": "Non-Crop", "parcel_area_ha": 0.6619, "parcel_area_acres": 1.6356, "affected_area_ha": 0.0, "affected_area_acres": 0.0, "damage_percentage": 0.0, "severity": "No Damage / Unaffected", "severity_score": 0.0, "ndvi_before": 0.0, "ndvi_after": 0.0, "delta_ndvi": 0.0, "hazard_type": "Flood / Inundation", "observation_before": "2026-04-22T00:00:00", "observation_after": "2026-09-09T00:00:00", "priority_score": 0.0, "norm_affected_area": 0.0, "norm_damage_pct": 0.0, "recommended_relief_inr": 0.0 }, "geometry": { "type": "Polygon", "coordinates": [ [ [ 77.597901189292983, 8.658845157860473 ], [ 77.598577967721155, 8.658704409989483 ], [ 77.598416490551486, 8.657935524920411 ], [ 77.597739713269647, 8.658076272122427 ], [ 77.597901189292983, 8.658845157860473 ] ] ] } },
{ "type": "Feature", "properties": { "parcel_id": "PARCEL_0283", "taluk": "Cheranmahadevi", "area_m2": 2732.62, "area_ha": 0.27326229211736197, "area_sq_m": 2732.6229211736199, "area_sq_km": 0.0027326229211736201, "predicted_crop": "Non-Crop", "confidence": 0.9164, "prob_banana": 0.0154, "prob_other": 0.9164, "prob_paddy": 0.0682, "validated_crop": "Non-Crop", "land_cover_type": "Non-Agricultural Land", "confidence_tier": "High Confidence", "pct_water": 0.0, "pct_non_crop": 0.0, "pct_vegetation": 0.0, "crop": "Non-Crop", "parcel_area_ha": 0.2733, "parcel_area_acres": 0.6752, "affected_area_ha": 0.0, "affected_area_acres": 0.0, "damage_percentage": 0.0, "severity": "No Damage / Unaffected", "severity_score": 0.0, "ndvi_before": 0.2026, "ndvi_after": 0.0, "delta_ndvi": -0.2026, "hazard_type": "Flood / Inundation", "observation_before": "2026-04-22T00:00:00", "observation_after": "2026-09-09T00:00:00", "priority_score": 0.0, "norm_affected_area": 0.0, "norm_damage_pct": 0.0, "recommended_relief_inr": 0.0 }, "geometry": { "type": "Polygon", "coordinates": [ [ [ 77.604505893031714, 8.671593639923024 ], [ 77.605004433015495, 8.671444154393368 ], [ 77.604879574585851, 8.671031834228812 ], [ 77.604381035000074, 8.671181319452057 ], [ 77.604505893031714, 8.671593639923024 ] ] ] } },
{ "type": "Feature", "properties": { "parcel_id": "PARCEL_0284", "taluk": "Cheranmahadevi", "area_m2": 4903.21, "area_ha": 0.49032136431861079, "area_sq_m": 4903.2136431861081, "area_sq_km": 0.0049032136431861086, "predicted_crop": "Non-Crop", "confidence": 0.9154, "prob_banana": 0.0099, "prob_other": 0.9154, "prob_paddy": 0.0748, "validated_crop": "Non-Crop", "land_cover_type": "Non-Agricultural Land", "confidence_tier": "High Confidence", "pct_water": 0.0, "pct_non_crop": 25.0, "pct_vegetation": 17.31, "crop": "Non-Crop", "parcel_area_ha": 0.4903, "parcel_area_acres": 1.2116, "affected_area_ha": 0.0, "affected_area_acres": 0.0, "damage_percentage": 0.0, "severity": "No Damage / Unaffected", "severity_score": 0.0, "ndvi_before": 0.1973, "ndvi_after": 0.0, "delta_ndvi": -0.1973, "hazard_type": "Flood / Inundation", "observation_before": "2026-04-22T00:00:00", "observation_after": "2026-09-09T00:00:00", "priority_score": 0.0, "norm_affected_area": 0.0, "norm_damage_pct": 0.0, "recommended_relief_inr": 0.0 }, "geometry": { "type": "Polygon", "coordinates": [ [ [ 77.614080221252479, 8.684653492266508 ], [ 77.614838634914747, 8.684598796529967 ], [ 77.614800195810389, 8.684071072136028 ], [ 77.61404178315901, 8.684125767485222 ], [ 77.614080221252479, 8.684653492266508 ] ] ] } },
{ "type": "Feature", "properties": { "parcel_id": "PARCEL_0285", "taluk": "Cheranmahadevi", "area_m2": 6060.07, "area_ha": 0.60600694294006674, "area_sq_m": 6060.0694294006671, "area_sq_km": 0.0060600694294006673, "predicted_crop": "Non-Crop", "confidence": 0.9597, "prob_banana": 0.0043, "prob_other": 0.9597, "prob_paddy": 0.036, "validated_crop": "Non-Crop", "land_cover_type": "Bare Soil / Settlement / Non-Crop", "confidence_tier": "High Confidence", "pct_water": 0.0, "pct_non_crop": 75.81, "pct_vegetation": 4.84, "crop": "Non-Crop", "parcel_area_ha": 0.606, "parcel_area_acres": 1.4975, "affected_area_ha": 0.0, "affected_area_acres": 0.0, "damage_percentage": 0.0, "severity": "No Damage / Unaffected", "severity_score": 0.0, "ndvi_before": 0.0, "ndvi_after": 0.0, "delta_ndvi": 0.0, "hazard_type": "Flood / Inundation", "observation_before": "2026-04-22T00:00:00", "observation_after": "2026-09-09T00:00:00", "priority_score": 0.0, "norm_affected_area": 0.0, "norm_damage_pct": 0.0, "recommended_relief_inr": 0.0 }, "geometry": { "type": "Polygon", "coordinates": [ [ [ 77.592489444478417, 8.695047778565723 ], [ 77.593563775302229, 8.695166102632001 ], [ 77.593614644400091, 8.694708819476157 ], [ 77.592540314950597, 8.694590495173857 ], [ 77.592489444478417, 8.695047778565723 ] ] ] } },
{ "type": "Feature", "properties": { "parcel_id": "PARCEL_0287", "taluk": "Cheranmahadevi", "area_m2": 2870.81, "area_ha": 0.28708075834426039, "area_sq_m": 2870.807583442604, "area_sq_km": 0.0028708075834426041, "predicted_crop": "Non-Crop", "confidence": 0.9394, "prob_banana": 0.0082, "prob_other": 0.9394, "prob_paddy": 0.0524, "validated_crop": "Non-Crop", "land_cover_type": "Bare Soil / Settlement / Non-Crop", "confidence_tier": "High Confidence", "pct_water": 0.0, "pct_non_crop": 100.0, "pct_vegetation": 0.0, "crop": "Non-Crop", "parcel_area_ha": 0.2871, "parcel_area_acres": 0.7094, "affected_area_ha": 0.0, "affected_area_acres": 0.0, "damage_percentage": 0.0, "severity": "No Damage / Unaffected", "severity_score": 0.0, "ndvi_before": 0.1181, "ndvi_after": 0.0, "delta_ndvi": -0.1181, "hazard_type": "Flood / Inundation", "observation_before": "2026-04-22T00:00:00", "observation_after": "2026-09-09T00:00:00", "priority_score": 0.0, "norm_affected_area": 0.0, "norm_damage_pct": 0.0, "recommended_relief_inr": 0.0 }, "geometry": { "type": "Polygon", "coordinates": [ [ [ 77.603505598120236, 8.684763204563406 ], [ 77.604049760245815, 8.684621785331075 ], [ 77.603943388066824, 8.684216526348379 ], [ 77.603399226396206, 8.684357945270886 ], [ 77.603505598120236, 8.684763204563406 ] ] ] } },
{ "type": "Feature", "properties": { "parcel_id": "PARCEL_0288", "taluk": "Cheranmahadevi", "area_m2": 3115.87, "area_ha": 0.31158738048079615, "area_sq_m": 3115.8738048079613, "area_sq_km": 0.0031158738048079611, "predicted_crop": "Non-Crop", "confidence": 1.0, "prob_banana": 0.0, "prob_other": 1.0, "prob_paddy": 0.0, "validated_crop": "Non-Crop", "land_cover_type": "Bare Soil / Settlement / Non-Crop", "confidence_tier": "High Confidence", "pct_water": 0.0, "pct_non_crop": 82.86, "pct_vegetation": 0.0, "crop": "Non-Crop", "parcel_area_ha": 0.3116, "parcel_area_acres": 0.7699, "affected_area_ha": 0.0, "affected_area_acres": 0.0, "damage_percentage": 0.0, "severity": "No Damage / Unaffected", "severity_score": 0.0, "ndvi_before": 0.1634, "ndvi_after": 0.0, "delta_ndvi": -0.1634, "hazard_type": "Flood / Inundation", "observation_before": "2026-04-22T00:00:00", "observation_after": "2026-09-09T00:00:00", "priority_score": 0.0, "norm_affected_area": 0.0, "norm_damage_pct": 0.0, "recommended_relief_inr": 0.0 }, "geometry": { "type": "Polygon", "coordinates": [ [ [ 77.575946583081489, 8.659509830903984 ], [ 77.576567689787467, 8.65951271201064 ], [ 77.57656961774174, 8.659101079598614 ], [ 77.575948511714103, 8.659098198297528 ], [ 77.575946583081489, 8.659509830903984 ] ] ] } },
{ "type": "Feature", "properties": { "parcel_id": "PARCEL_0289", "taluk": "Cheranmahadevi", "area_m2": 10165.13, "area_ha": 1.0165131451961207, "area_sq_m": 10165.131451961206, "area_sq_km": 0.010165131451961205, "predicted_crop": "Non-Crop", "confidence": 0.8314, "prob_banana": 0.0471, "prob_other": 0.8314, "prob_paddy": 0.1215, "validated_crop": "Non-Crop", "land_cover_type": "Non-Agricultural Land", "confidence_tier": "High Confidence", "pct_water": 0.0, "pct_non_crop": 25.74, "pct_vegetation": 0.0, "crop": "Non-Crop", "parcel_area_ha": 1.0165, "parcel_area_acres": 2.5119, "affected_area_ha": 0.0, "affected_area_acres": 0.0, "damage_percentage": 0.0, "severity": "No Damage / Unaffected", "severity_score": 0.0, "ndvi_before": 0.2047, "ndvi_after": 0.1003, "delta_ndvi": -0.1044, "hazard_type": "Flood / Inundation", "observation_before": "2026-04-22T00:00:00", "observation_after": "2026-09-09T00:00:00", "priority_score": 0.0, "norm_affected_area": 0.0, "norm_damage_pct": 0.0, "recommended_relief_inr": 0.0 }, "geometry": { "type": "Polygon", "coordinates": [ [ [ 77.597501610055858, 8.650409236495893 ], [ 77.598504045657066, 8.650422155698861 ], [ 77.598514871047016, 8.649590269217992 ], [ 77.597512437666524, 8.649577349393347 ], [ 77.597501610055858, 8.650409236495893 ] ] ] } },
{ "type": "Feature", "properties": { "parcel_id": "PARCEL_0290", "taluk": "Cheranmahadevi", "area_m2": 11183.21, "area_ha": 1.1183209550054278, "area_sq_m": 11183.209550054278, "area_sq_km": 0.011183209550054278, "predicted_crop": "Non-Crop", "confidence": 0.9947, "prob_banana": 0.0014, "prob_other": 0.9947, "prob_paddy": 0.0039, "validated_crop": "Non-Crop", "land_cover_type": "Bare Soil / Settlement / Non-Crop", "confidence_tier": "High Confidence", "pct_water": 0.0, "pct_non_crop": 92.86, "pct_vegetation": 0.0, "crop": "Non-Crop", "parcel_area_ha": 1.1183, "parcel_area_acres": 2.7634, "affected_area_ha": 0.0, "affected_area_acres": 0.0, "damage_percentage": 0.0, "severity": "No Damage / Unaffected", "severity_score": 0.0, "ndvi_before": 0.1071, "ndvi_after": 0.0, "delta_ndvi": -0.1071, "hazard_type": "Flood / Inundation", "observation_before": "2026-04-22T00:00:00", "observation_after": "2026-09-09T00:00:00", "priority_score": 0.0, "norm_affected_area": 0.0, "norm_damage_pct": 0.0, "recommended_relief_inr": 0.0 }, "geometry": { "type": "Polygon", "coordinates": [ [ [ 77.574573629057397, 8.654151060973708 ], [ 77.575419729463576, 8.654227329802751 ], [ 77.575517646828686, 8.653151618402395 ], [ 77.57467154893736, 8.653075349089415 ], [ 77.574573629057397, 8.654151060973708 ] ] ] } },
{ "type": "Feature", "properties": { "parcel_id": "PARCEL_0291", "taluk": "Cheranmahadevi", "area_m2": 3460.18, "area_ha": 0.34601762096463218, "area_sq_m": 3460.1762096463217, "area_sq_km": 0.0034601762096463217, "predicted_crop": "Non-Crop", "confidence": 0.9906, "prob_banana": 0.0014, "prob_other": 0.9906, "prob_paddy": 0.008, "validated_crop": "Non-Crop", "land_cover_type": "Non-Agricultural Land", "confidence_tier": "High Confidence", "pct_water": 0.0, "pct_non_crop": 0.0, "pct_vegetation": 89.19, "crop": "Non-Crop", "parcel_area_ha": 0.346, "parcel_area_acres": 0.855, "affected_area_ha": 0.0, "affected_area_acres": 0.0, "damage_percentage": 0.0, "severity": "No Damage / Unaffected", "severity_score": 0.0, "ndvi_before": 0.3881, "ndvi_after": 0.0, "delta_ndvi": -0.3881, "hazard_type": "Flood / Inundation", "observation_before": "2026-04-22T00:00:00", "observation_after": "2026-09-09T00:00:00", "priority_score": 0.0, "norm_affected_area": 0.0, "norm_damage_pct": 0.0, "recommended_relief_inr": 0.0 }, "geometry": { "type": "Polygon", "coordinates": [ [ [ 77.62131542219845, 8.671444810394615 ], [ 77.622016269180349, 8.671466069946781 ], [ 77.622028667505987, 8.671061345236014 ], [ 77.621327821288688, 8.671040085483469 ], [ 77.62131542219845, 8.671444810394615 ] ] ] } },
{ "type": "Feature", "properties": { "parcel_id": "PARCEL_0292", "taluk": "Cheranmahadevi", "area_m2": 3955.55, "area_ha": 0.39555455053912941, "area_sq_m": 3955.5455053912942, "area_sq_km": 0.0039555455053912943, "predicted_crop": "Non-Crop", "confidence": 0.9546, "prob_banana": 0.0142, "prob_other": 0.9546, "prob_paddy": 0.0312, "validated_crop": "Non-Crop", "land_cover_type": "Bare Soil / Settlement / Non-Crop", "confidence_tier": "High Confidence", "pct_water": 0.0, "pct_non_crop": 100.0, "pct_vegetation": 0.0, "crop": "Non-Crop", "parcel_area_ha": 0.3956, "parcel_area_acres": 0.9774, "affected_area_ha": 0.0, "affected_area_acres": 0.0, "damage_percentage": 0.0, "severity": "No Damage / Unaffected", "severity_score": 0.0, "ndvi_before": 0.0, "ndvi_after": 0.0, "delta_ndvi": 0.0, "hazard_type": "Flood / Inundation", "observation_before": "2026-04-22T00:00:00", "observation_after": "2026-09-09T00:00:00", "priority_score": 0.0, "norm_affected_area": 0.0, "norm_damage_pct": 0.0, "recommended_relief_inr": 0.0 }, "geometry": { "type": "Polygon", "coordinates": [ [ [ 77.577788490311903, 8.674060203050358 ], [ 77.57854049378885, 8.67403282690975 ], [ 77.578524645674094, 8.67360177842645 ], [ 77.577772643036752, 8.673629154286088 ], [ 77.577788490311903, 8.674060203050358 ] ] ] } },
{ "type": "Feature", "properties": { "parcel_id": "PARCEL_0293", "taluk": "Cheranmahadevi", "area_m2": 9658.14, "area_ha": 0.96581430259949941, "area_sq_m": 9658.1430259949939, "area_sq_km": 0.0096581430259949936, "predicted_crop": "Non-Crop", "confidence": 0.8183, "prob_banana": 0.0419, "prob_other": 0.8183, "prob_paddy": 0.1398, "validated_crop": "Non-Crop", "land_cover_type": "Bare Soil / Settlement / Non-Crop", "confidence_tier": "High Confidence", "pct_water": 0.0, "pct_non_crop": 88.66, "pct_vegetation": 0.0, "crop": "Non-Crop", "parcel_area_ha": 0.9658, "parcel_area_acres": 2.3866, "affected_area_ha": 0.0, "affected_area_acres": 0.0, "damage_percentage": 0.0, "severity": "No Damage / Unaffected", "severity_score": 0.0, "ndvi_before": 0.0318, "ndvi_after": 0.0, "delta_ndvi": -0.0318, "hazard_type": "Flood / Inundation", "observation_before": "2026-04-22T00:00:00", "observation_after": "2026-09-09T00:00:00", "priority_score": 0.0, "norm_affected_area": 0.0, "norm_damage_pct": 0.0, "recommended_relief_inr": 0.0 }, "geometry": { "type": "Polygon", "coordinates": [ [ [ 77.581846034290692, 8.68073090745307 ], [ 77.582666125514876, 8.680938840911841 ], [ 77.582898507498413, 8.680031361439333 ], [ 77.582078418415222, 8.679823427933409 ], [ 77.581846034290692, 8.68073090745307 ] ] ] } },
{ "type": "Feature", "properties": { "parcel_id": "PARCEL_0294", "taluk": "Cheranmahadevi", "area_m2": 6231.81, "area_ha": 0.62318088732059729, "area_sq_m": 6231.8088732059732, "area_sq_km": 0.0062318088732059729, "predicted_crop": "Non-Crop", "confidence": 0.8836, "prob_banana": 0.0488, "prob_other": 0.8836, "prob_paddy": 0.0676, "validated_crop": "Non-Crop", "land_cover_type": "Bare Soil / Settlement / Non-Crop", "confidence_tier": "High Confidence", "pct_water": 0.0, "pct_non_crop": 56.45, "pct_vegetation": 0.0, "crop": "Non-Crop", "parcel_area_ha": 0.6232, "parcel_area_acres": 1.5399, "affected_area_ha": 0.0, "affected_area_acres": 0.0, "damage_percentage": 0.0, "severity": "No Damage / Unaffected", "severity_score": 0.0, "ndvi_before": 0.1504, "ndvi_after": 0.0, "delta_ndvi": -0.1504, "hazard_type": "Flood / Inundation", "observation_before": "2026-04-22T00:00:00", "observation_after": "2026-09-09T00:00:00", "priority_score": 0.0, "norm_affected_area": 0.0, "norm_damage_pct": 0.0, "recommended_relief_inr": 0.0 }, "geometry": { "type": "Polygon", "coordinates": [ [ [ 77.585108465307599, 8.652162258566261 ], [ 77.585567737326784, 8.652278670837591 ], [ 77.585835346787533, 8.651233143422436 ], [ 77.585376076146005, 8.651116731119028 ], [ 77.585108465307599, 8.652162258566261 ] ] ] } },
{ "type": "Feature", "properties": { "parcel_id": "PARCEL_0295", "taluk": "Cheranmahadevi", "area_m2": 7341.66, "area_ha": 0.73416561364065458, "area_sq_m": 7341.6561364065456, "area_sq_km": 0.0073416561364065451, "predicted_crop": "Non-Crop", "confidence": 0.9734, "prob_banana": 0.0061, "prob_other": 0.9734, "prob_paddy": 0.0204, "validated_crop": "Non-Crop", "land_cover_type": "Non-Agricultural Land", "confidence_tier": "High Confidence", "pct_water": 0.0, "pct_non_crop": 34.72, "pct_vegetation": 11.11, "crop": "Non-Crop", "parcel_area_ha": 0.7342, "parcel_area_acres": 1.8142, "affected_area_ha": 0.0, "affected_area_acres": 0.0, "damage_percentage": 0.0, "severity": "No Damage / Unaffected", "severity_score": 0.0, "ndvi_before": 0.2094, "ndvi_after": 0.0, "delta_ndvi": -0.2094, "hazard_type": "Flood / Inundation", "observation_before": "2026-04-22T00:00:00", "observation_after": "2026-09-09T00:00:00", "priority_score": 0.0, "norm_affected_area": 0.0, "norm_damage_pct": 0.0, "recommended_relief_inr": 0.0 }, "geometry": { "type": "Polygon", "coordinates": [ [ [ 77.613884570914209, 8.668783478374317 ], [ 77.614602557446986, 8.668598451743257 ], [ 77.614397926588396, 8.667812174306821 ], [ 77.613679941220411, 8.66799720014647 ], [ 77.613884570914209, 8.668783478374317 ] ] ] } },
{ "type": "Feature", "properties": { "parcel_id": "PARCEL_0296", "taluk": "Cheranmahadevi", "area_m2": 10880.36, "area_ha": 1.0880358068057732, "area_sq_m": 10880.358068057732, "area_sq_km": 0.010880358068057733, "predicted_crop": "Non-Crop", "confidence": 0.9898, "prob_banana": 0.0014, "prob_other": 0.9898, "prob_paddy": 0.0088, "validated_crop": "Non-Crop", "land_cover_type": "Bare Soil / Settlement / Non-Crop", "confidence_tier": "High Confidence", "pct_water": 0.0, "pct_non_crop": 80.73, "pct_vegetation": 11.93, "crop": "Non-Crop", "parcel_area_ha": 1.088, "parcel_area_acres": 2.6886, "affected_area_ha": 0.0, "affected_area_acres": 0.0, "damage_percentage": 0.0, "severity": "No Damage / Unaffected", "severity_score": 0.0, "ndvi_before": 0.1324, "ndvi_after": 0.0, "delta_ndvi": -0.1324, "hazard_type": "Flood / Inundation", "observation_before": "2026-04-22T00:00:00", "observation_after": "2026-09-09T00:00:00", "priority_score": 0.0, "norm_affected_area": 0.0, "norm_damage_pct": 0.0, "recommended_relief_inr": 0.0 }, "geometry": { "type": "Polygon", "coordinates": [ [ [ 77.585174911493098, 8.671280137836535 ], [ 77.586131509778312, 8.671393408574948 ], [ 77.586241558948956, 8.670473129505298 ], [ 77.585284963126497, 8.670359858365323 ], [ 77.585174911493098, 8.671280137836535 ] ] ] } },
{ "type": "Feature", "properties": { "parcel_id": "PARCEL_0297", "taluk": "Cheranmahadevi", "area_m2": 5404.27, "area_ha": 0.54042741895010682, "area_sq_m": 5404.2741895010677, "area_sq_km": 0.0054042741895010673, "predicted_crop": "Non-Crop", "confidence": 1.0, "prob_banana": 0.0, "prob_other": 1.0, "prob_paddy": 0.0, "validated_crop": "Non-Crop", "land_cover_type": "Non-Agricultural Land", "confidence_tier": "High Confidence", "pct_water": 0.0, "pct_non_crop": 3.51, "pct_vegetation": 59.65, "crop": "Non-Crop", "parcel_area_ha": 0.5404, "parcel_area_acres": 1.3354, "affected_area_ha": 0.0, "affected_area_acres": 0.0, "damage_percentage": 0.0, "severity": "No Damage / Unaffected", "severity_score": 0.0, "ndvi_before": 0.3136, "ndvi_after": 0.0, "delta_ndvi": -0.3136, "hazard_type": "Flood / Inundation", "observation_before": "2026-04-22T00:00:00", "observation_after": "2026-09-09T00:00:00", "priority_score": 0.0, "norm_affected_area": 0.0, "norm_damage_pct": 0.0, "recommended_relief_inr": 0.0 }, "geometry": { "type": "Polygon", "coordinates": [ [ [ 77.581130744670205, 8.653062453006923 ], [ 77.581557490975243, 8.653073283748096 ], [ 77.58158410467388, 8.652034847319642 ], [ 77.581157359557281, 8.652024016264864 ], [ 77.581130744670205, 8.653062453006923 ] ] ] } },
{ "type": "Feature", "properties": { "parcel_id": "PARCEL_0298", "taluk": "Cheranmahadevi", "area_m2": 6671.91, "area_ha": 0.66719087911834063, "area_sq_m": 6671.9087911834058, "area_sq_km": 0.0066719087911834059, "predicted_crop": "Non-Crop", "confidence": 1.0, "prob_banana": 0.0, "prob_other": 1.0, "prob_paddy": 0.0, "validated_crop": "Non-Crop", "land_cover_type": "Non-Agricultural Land", "confidence_tier": "High Confidence", "pct_water": 0.0, "pct_non_crop": 0.0, "pct_vegetation": 0.0, "crop": "Non-Crop", "parcel_area_ha": 0.6672, "parcel_area_acres": 1.6487, "affected_area_ha": 0.0, "affected_area_acres": 0.0, "damage_percentage": 0.0, "severity": "No Damage / Unaffected", "severity_score": 0.0, "ndvi_before": 0.0, "ndvi_after": 0.0, "delta_ndvi": 0.0, "hazard_type": "Flood / Inundation", "observation_before": "2026-04-22T00:00:00", "observation_after": "2026-09-09T00:00:00", "priority_score": 0.0, "norm_affected_area": 0.0, "norm_damage_pct": 0.0, "recommended_relief_inr": 0.0 }, "geometry": { "type": "Polygon", "coordinates": [ [ [ 77.579977268872739, 8.650027051473627 ], [ 77.580665343897138, 8.650028852227715 ], [ 77.58066744601085, 8.649233236746776 ], [ 77.579979372435545, 8.649231435572814 ], [ 77.579977268872739, 8.650027051473627 ] ] ] } },
{ "type": "Feature", "properties": { "parcel_id": "PARCEL_0299", "taluk": "Cheranmahadevi", "area_m2": 12905.85, "area_ha": 1.2905853325642684, "area_sq_m": 12905.853325642685, "area_sq_km": 0.012905853325642685, "predicted_crop": "Non-Crop", "confidence": 1.0, "prob_banana": 0.0, "prob_other": 1.0, "prob_paddy": 0.0, "validated_crop": "Non-Crop", "land_cover_type": "Bare Soil / Settlement / Non-Crop", "confidence_tier": "High Confidence", "pct_water": 0.0, "pct_non_crop": 74.42, "pct_vegetation": 0.0, "crop": "Non-Crop", "parcel_area_ha": 1.2906, "parcel_area_acres": 3.1891, "affected_area_ha": 0.0, "affected_area_acres": 0.0, "damage_percentage": 0.0, "severity": "No Damage / Unaffected", "severity_score": 0.0, "ndvi_before": 0.1596, "ndvi_after": 0.0, "delta_ndvi": -0.1596, "hazard_type": "Flood / Inundation", "observation_before": "2026-04-22T00:00:00", "observation_after": "2026-09-09T00:00:00", "priority_score": 0.0, "norm_affected_area": 0.0, "norm_damage_pct": 0.0, "recommended_relief_inr": 0.0 }, "geometry": { "type": "Polygon", "coordinates": [ [ [ 77.593821681866658, 8.676566842023371 ], [ 77.594887845141827, 8.676371894198967 ], [ 77.594710408129345, 8.675411050326696 ], [ 77.593644247184116, 8.675605996893312 ], [ 77.593821681866658, 8.676566842023371 ] ] ] } },
{ "type": "Feature", "properties": { "parcel_id": "PARCEL_0300", "taluk": "Cheranmahadevi", "area_m2": 12064.94, "area_ha": 1.206494072243921, "area_sq_m": 12064.940722439211, "area_sq_km": 0.012064940722439211, "predicted_crop": "Non-Crop", "confidence": 0.9948, "prob_banana": 0.0, "prob_other": 0.9948, "prob_paddy": 0.0052, "validated_crop": "Non-Crop", "land_cover_type": "Non-Agricultural Land", "confidence_tier": "High Confidence", "pct_water": 0.0, "pct_non_crop": 6.61, "pct_vegetation": 0.0, "crop": "Non-Crop", "parcel_area_ha": 1.2065, "parcel_area_acres": 2.9813, "affected_area_ha": 0.0, "affected_area_acres": 0.0, "damage_percentage": 0.0, "severity": "No Damage / Unaffected", "severity_score": 0.0, "ndvi_before": 0.0956, "ndvi_after": 0.0, "delta_ndvi": -0.0956, "hazard_type": "Flood / Inundation", "observation_before": "2026-04-22T00:00:00", "observation_after": "2026-09-09T00:00:00", "priority_score": 0.0, "norm_affected_area": 0.0, "norm_damage_pct": 0.0, "recommended_relief_inr": 0.0 }, "geometry": { "type": "Polygon", "coordinates": [ [ [ 77.586640673696749, 8.679990688366765 ], [ 77.587626157489566, 8.680165825325322 ], [ 77.587800896229282, 8.679192270718023 ], [ 77.586815415167152, 8.679017133483184 ], [ 77.586640673696749, 8.679990688366765 ] ] ] } }
]
}
