{"type": "FeatureCollection", "name": "ambasamudram_cheranmahadevi_infrastructure", "features": [{"type": "Feature", "properties": {"id": 22836612, "name": "Ambasamudram - Papanasam - Upper Dam Road", "category": "highway", "type": "primary"}, "geometry": {"type": "LineString", "coordinates": [[77.4331626, 8.7066527], [77.4325397, 8.7066831], [77.4319486, 8.7068958], [77.430793, 8.7071886], [77.4276973, 8.7079729], [77.4269843, 8.7081535], [77.4267, 8.7082887], [77.4262177, 8.7087056], [77.4260804, 8.7088243], [77.4257532, 8.7089542], [77.4246867, 8.7091805], [77.4242142, 8.7092808], [77.4220343, 8.7097434], [77.4207938, 8.7100067], [77.4206878, 8.710028], [77.4202117, 8.7101234], [77.4184278, 8.7103376], [77.4181024, 8.7102864], [77.4169824, 8.7101101], [77.4168563, 8.7100783], [77.416403, 8.7097602], [77.4161884, 8.7096249], [77.4153596, 8.7094871], [77.4143565, 8.7093492], [77.413592, 8.7092829], [77.4118583, 8.709441], [77.4113589, 8.7094865], [77.4112204, 8.7094974], [77.4100272, 8.709591], [77.4094568, 8.7096357], [77.4089114, 8.7096785], [77.4084158, 8.7097717], [77.4081897, 8.7098143], [77.4074744, 8.7099489], [77.4072994, 8.7099818], [77.4070972, 8.7100441], [77.4068388, 8.7101238], [77.4060262, 8.7103743], [77.4054372, 8.7105558], [77.4046846, 8.7107878], [77.4046021, 8.7108132], [77.4036684, 8.710791], [77.4030191, 8.7107756], [77.4028939, 8.7107972], [77.4015912, 8.7110217], [77.401186, 8.7110916], [77.4008047, 8.7111574], [77.3998294, 8.7113334], [77.3986312, 8.711395], [77.3984985, 8.7114018], [77.3965796, 8.7120509], [77.396357, 8.7120403], [77.3961338, 8.7119241], [77.3959005, 8.7118621], [77.3954073, 8.7120262], [77.3949393, 8.7122693], [77.3941007, 8.7128221], [77.3940267, 8.7128616], [77.392556, 8.7132006], [77.3901523, 8.7137546], [77.3896615, 8.7138677], [77.389602, 8.7138814], [77.389276, 8.7139565], [77.3888491, 8.713974], [77.3871035, 8.7140056], [77.3868631, 8.7140075], [77.3863354, 8.7140605], [77.3860906, 8.7141925], [77.3852672, 8.7144073], [77.3845791, 8.7145007]]}}, {"type": "Feature", "properties": {"id": 22836647, "name": "Tiruchendur - Palayamkottai - Ambasamudram - Tenkasi - Courtalam - Shencottai Road", "category": "highway", "type": "primary"}, "geometry": {"type": "LineString", "coordinates": [[77.3230691, 8.9459665], [77.3230516, 8.9458556], [77.3230581, 8.9457494], [77.3230749, 8.9456658], [77.3231485, 8.9454504], [77.3235694, 8.9443425], [77.324256, 8.9422864], [77.3247066, 8.9409086], [77.3252216, 8.9385028], [77.325522, 8.9363301], [77.3261872, 8.9341997], [77.3264554, 8.9332671], [77.3266164, 8.9331293], [77.3267024, 8.9330484], [77.3268417, 8.9329173], [77.3273352, 8.9318044], [77.3276142, 8.9309989], [77.3277536, 8.9306598], [77.3282579, 8.9299178], [77.3284296, 8.9295681], [77.3284403, 8.9287732], [77.3285154, 8.9275119], [77.3286227, 8.9272575], [77.3291591, 8.9259433], [77.3307255, 8.9223502], [77.3308543, 8.9219157], [77.3308609, 8.9216428], [77.3308757, 8.921036], [77.3307255, 8.9199231], [77.3305109, 8.9188419], [77.3303715, 8.917729], [77.3302964, 8.9166161], [77.3303091, 8.9163904], [77.3303178, 8.9162346], [77.3305646, 8.9156304], [77.330865, 8.915058], [77.3309544, 8.9148975], [77.3311209, 8.9145986], [77.3311634, 8.9143156], [77.3311761, 8.9142313], [77.331219, 8.9136695], [77.3311992, 8.9135323], [77.3311398, 8.913122], [77.3311332, 8.913076], [77.33096, 8.9124635], [77.3309294, 8.9123552], [77.3308747, 8.9119304], [77.3308435, 8.9116875], [77.3307899, 8.9112423], [77.3308435, 8.9109773], [77.3308646, 8.9109027], [77.3309991, 8.9104282], [77.3313693, 8.9091224], [77.3315066, 8.9087032], [77.3320774, 8.9069601], [77.3332236, 8.9047595], [77.3338714, 8.9036481], [77.334381, 8.9024555], [77.3348933, 8.9015121], [77.3352688, 8.9006191], [77.335537, 8.9000811], [77.3358911, 8.8995325], [77.3360333, 8.8992887], [77.3361325, 8.8990689], [77.3363658, 8.8985282], [77.3365911, 8.8980143], [77.3368889, 8.8973465], [77.3370418, 8.8969674], [77.3372456, 8.8964879], [77.3375433, 8.895844], [77.3379564, 8.8950304], [77.338022, 8.8949021], [77.3382085, 8.8945375], [77.3383909, 8.8941505], [77.3384446, 8.8940102], [77.3385465, 8.893724], [77.3386967, 8.8932179], [77.3388093, 8.8928654], [77.3389327, 8.8925607], [77.3391205, 8.8921392], [77.339276, 8.891771], [77.3394343, 8.8914396], [77.339606, 8.8910818], [77.3396922, 8.8908878], [77.3397696, 8.8907136], [77.3399681, 8.8903213], [77.3401719, 8.8899688], [77.3402926, 8.8897225], [77.340424, 8.8894125], [77.3405608, 8.8890998], [77.3407003, 8.8887341], [77.3408371, 8.8884267], [77.3409524, 8.8881351], [77.3410517, 8.8878171], [77.3411885, 8.8873799], [77.341403, 8.8867174], [77.3415988, 8.8860761], [77.3416659, 8.8858375], [77.3417276, 8.8854878], [77.3417517, 8.8850877], [77.3418027, 8.8845789], [77.341851, 8.8842211], [77.3418787, 8.8840805], [77.3419073, 8.8839349], [77.3419378, 8.8838611], [77.3420334, 8.8836302], [77.3421867, 8.8833801], [77.342256, 8.8832671], [77.3425322, 8.8829464], [77.3427665, 8.8826971], [77.3429507, 8.8825011], [77.3431442, 8.8822727], [77.3434871, 8.8818679], [77.3437892, 8.8815677], [77.3438452, 8.8815121], [77.3439806, 8.8813775], [77.3445278, 8.8807549], [77.3445922, 8.8806727], [77.3446255, 8.8806165], [77.344729, 8.880442], [77.3449596, 8.8800339], [77.3452225, 8.8795623], [77.3459574, 8.8784679], [77.3464697, 8.8777205], [77.346813, 8.8770978], [77.347041, 8.8766579], [77.347387, 8.8760429], [77.3477867, 8.8753857], [77.3480014, 8.8750115], [77.3480394, 8.8749453], [77.3481059, 8.8748346], [77.3483553, 8.874392], [77.3486986, 8.873528], [77.3488542, 8.8729027], [77.348991, 8.8724336], [77.3491439, 8.8718479], [77.3493102, 8.8712993], [77.3494416, 8.8709522], [77.3497152, 8.8703161], [77.3498439, 8.8699663], [77.3500424, 8.8695607], [77.3501283, 8.8693858], [77.350198, 8.8691607], [77.3502369, 8.8689511], [77.3502516, 8.8688718], [77.3502516, 8.8686227], [77.3502463, 8.86831], [77.3502195, 8.8680079], [77.3502114, 8.8677641], [77.3502463, 8.8674964], [77.3503267, 8.8671572], [77.3504206, 8.8668312], [77.3504796, 8.8665635], [77.3505429, 8.8660738], [77.350654, 8.8653842], [77.350772, 8.8645839], [77.3508927, 8.8637729], [77.3509651, 8.8630415], [77.3512897, 8.8611254], [77.3518401, 8.8597415], [77.3518231, 8.8588852], [77.3518208, 8.8587699], [77.3521333, 8.8549261], [77.3522355, 8.8536698], [77.3529248, 8.8524692], [77.3550094, 8.8491654], [77.3572217, 8.847245], [77.3600123, 8.8452286], [77.3622074, 8.8421209], [77.3648778, 8.839126], [77.3654333, 8.8386125], [77.3671266, 8.8370471], [77.3677523, 8.8350872], [77.368211, 8.8342439], [77.3689693, 8.8331958], [77.3700779, 8.8316426], [77.370162, 8.8315253], [77.3722423, 8.8288853], [77.3734579, 8.8273426], [77.3740338, 8.8264433], [77.3740188, 8.8256356], [77.3740165, 8.8255098], [77.3740118, 8.8252604], [77.3740418, 8.8244078], [77.3741118, 8.8241522], [77.3740534, 8.8237282], [77.3740593, 8.823655], [77.374097, 8.8231893], [77.3741231, 8.8228665], [77.3745056, 8.8224486], [77.374891, 8.8220275], [77.3753682, 8.8215445], [77.375418, 8.8214999], [77.3757126, 8.8212361], [77.3767718, 8.8205302], [77.3772963, 8.8201822], [77.3778166, 8.8199532], [77.3780913, 8.8197807], [77.3784522, 8.8194828], [77.3790836, 8.8189863], [77.3794241, 8.8186868], [77.3796396, 8.8178733], [77.3796741, 8.8177261], [77.3796971, 8.8176277], [77.3800004, 8.8168434], [77.3802922, 8.8161064], [77.3803639, 8.8157946], [77.3802813, 8.8152592], [77.3801028, 8.8146754], [77.3800265, 8.8143483], [77.3800485, 8.8139326], [77.380131, 8.8134205], [77.3803453, 8.8126754], [77.3804881, 8.8122177], [77.3804626, 8.811555], [77.3804613, 8.8115205], [77.3805716, 8.8113185], [77.38074, 8.8111323], [77.3808514, 8.8100104], [77.3810568, 8.8085341], [77.3812259, 8.8075107], [77.3812751, 8.8059956], [77.3813968, 8.8057723], [77.3815939, 8.8054108], [77.3820106, 8.8049674], [77.3822383, 8.8047251], [77.3824827, 8.8044651], [77.3825368, 8.8044075], [77.3826935, 8.8042809], [77.3827946, 8.8041992], [77.3831156, 8.8038163], [77.3837419, 8.8028981], [77.3838334, 8.802764], [77.3839897, 8.8025354], [77.3844048, 8.8019281], [77.3843832, 8.8016058], [77.3843815, 8.8015805], [77.3843748, 8.8014404], [77.384589, 8.8010983], [77.3848986, 8.8006039], [77.3849421, 8.8005345], [77.3850051, 8.8004338], [77.3850403, 8.8003677], [77.3853518, 8.7997827], [77.3856097, 8.7994035], [77.3857784, 8.7992744], [77.3859515, 8.7991419], [77.386182, 8.7989655], [77.3872024, 8.7981958], [77.3873467, 8.7980911], [77.3877582, 8.7977926], [77.3879585, 8.7976134], [77.3881799, 8.7975064], [77.3882098, 8.7974919], [77.3884623, 8.7973804], [77.3886419, 8.7973184], [77.3887184, 8.7972919], [77.3889187, 8.7972227], [77.3897876, 8.796949], [77.389859, 8.7969177], [77.3905063, 8.7966336], [77.3907765, 8.7965186], [77.3911825, 8.7961631], [77.3918692, 8.7953734], [77.3920083, 8.7952134], [77.3920483, 8.795165], [77.3928485, 8.7941952], [77.39347, 8.7935124], [77.3937817, 8.7929372], [77.3939149, 8.7920033], [77.3940318, 8.791662], [77.394184, 8.7915211], [77.3950677, 8.7912411], [77.3960105, 8.7909499], [77.3971995, 8.7905983], [77.3980688, 8.789986], [77.3982517, 8.7898001], [77.3984668, 8.7893707], [77.3985849, 8.7890518], [77.3987124, 8.7889185], [77.3990176, 8.7886973], [77.3991784, 8.7885035], [77.3992451, 8.788404], [77.3993376, 8.7881159], [77.3992034, 8.7870014], [77.399152, 8.7866142], [77.3989852, 8.7859073], [77.398752, 8.7855115], [77.3985296, 8.7850229], [77.3985157, 8.7846691], [77.3986134, 8.7841949], [77.398582, 8.7834716], [77.3984633, 8.7824952], [77.3984246, 8.7815946], [77.3984027, 8.7812079], [77.3983738, 8.7806986], [77.3983222, 8.7806194], [77.3981806, 8.7805671], [77.3979896, 8.7805134], [77.3979033, 8.7804377], [77.3978459, 8.7802776], [77.397798, 8.7799778], [77.3977998, 8.7797231], [77.3978577, 8.7791924], [77.3981908, 8.7771126], [77.3979698, 8.7741108], [77.3982456, 8.7719053], [77.3988796, 8.7712012], [77.3994219, 8.770716]]}}, {"type": "Feature", "properties": {"id": 22836676, "name": "Tiruchendur - Palayamkottai - Ambasamudram - Tenkasi - Courtalam - Shencottai Road", "category": "highway", "type": "primary"}, "geometry": {"type": "LineString", "coordinates": [[77.5647868, 8.675109], [77.5644283, 8.6752792], [77.5643498, 8.6753127], [77.5641043, 8.6753954], [77.5639077, 8.6754616], [77.5637176, 8.6754971], [77.5635787, 8.675523], [77.5634031, 8.6755455], [77.5633228, 8.6755568], [77.5628268, 8.6756043], [77.562098, 8.675684], [77.5610899, 8.6757587], [77.5601023, 8.6758461], [77.5599974, 8.6758886], [77.5599183, 8.6759206], [77.5589877, 8.6771829], [77.5589565, 8.6772237], [77.5586962, 8.6776438], [77.5582745, 8.6783243], [77.5581786, 8.6782698], [77.5571519, 8.6776863], [77.5565565, 8.6776545], [77.5554099, 8.6777187], [77.5550024, 8.6777844], [77.5546472, 8.6778022], [77.554433, 8.6778129], [77.5540103, 8.6778282], [77.5536559, 8.6778552], [77.5533481, 8.677901], [77.5529007, 8.6779675], [77.5526247, 8.6780065], [77.5515362, 8.6781602], [77.5512864, 8.6781367], [77.551157, 8.6781292], [77.5505644, 8.6780946], [77.55035, 8.6780883], [77.5501567, 8.6781529], [77.5497282, 8.6783803], [77.5492527, 8.6786326], [77.5486976, 8.6789272], [77.5483738, 8.6790864], [77.547107, 8.6797048], [77.5467825, 8.6798635], [77.546214, 8.6801415], [77.5461513, 8.6801743], [77.5455487, 8.6804898], [77.5454897, 8.6805207], [77.5450096, 8.6806904], [77.5447299, 8.6807539], [77.5444706, 8.6807906], [77.5430864, 8.6809238], [77.5428184, 8.680912], [77.5427002, 8.6808782], [77.542507, 8.680823], [77.5421604, 8.6806547], [77.5418573, 8.6804726], [77.5416648, 8.6803736], [77.5404205, 8.6796679], [77.5398119, 8.6793775], [77.5397519, 8.6793532], [77.5395846, 8.6792855], [77.5393874, 8.6792149], [77.5391438, 8.6791536], [77.5389743, 8.6791513], [77.5388244, 8.6791685], [77.5383222, 8.6792625], [77.5379599, 8.6793415], [77.5376818, 8.6794058], [77.5375771, 8.6794473], [77.5371745, 8.6795962], [77.5370622, 8.6796378], [77.5350551, 8.6803043], [77.5348122, 8.6803586], [77.5317837, 8.6808581], [77.5313014, 8.6809738], [77.531001, 8.6811195], [77.5308435, 8.6812164], [77.5305591, 8.6814266], [77.5301792, 8.6818932], [77.530071, 8.6820387]]}}, {"type": "Feature", "properties": {"id": 22836694, "name": "Tiruchendur - Palayamkottai - Ambasamudram - Tenkasi - Courtalam - Shencottai Road", "category": "highway", "type": "primary"}, "geometry": {"type": "LineString", "coordinates": [[77.5655419, 8.6747961], [77.5659978, 8.6747325], [77.5667757, 8.6746019], [77.5668296, 8.6745928], [77.5672531, 8.6744939], [77.5678003, 8.6742711], [77.5687319, 8.6738855], [77.568981, 8.6737824], [77.5699018, 8.6730899], [77.5702733, 8.6727916], [77.5709572, 8.6721897], [77.5713891, 8.6718185], [77.5718209, 8.6715586], [77.572875, 8.6711078], [77.573567, 8.6708192], [77.5736824, 8.6707711], [77.574082, 8.6705218], [77.5761536, 8.6693634], [77.5763833, 8.669265], [77.5773844, 8.668946], [77.5785667, 8.6686923], [77.5795752, 8.668565], [77.5810499, 8.6682078], [77.5811952, 8.6681726], [77.5821716, 8.6679631], [77.5833464, 8.6676316], [77.5843868, 8.6672758], [77.584597, 8.6672092], [77.5855618, 8.6667907], [77.5863129, 8.6664649], [77.5866223, 8.6663445], [77.5875905, 8.6659677], [77.5889941, 8.6654214], [77.5905704, 8.6648726], [77.590996, 8.664699], [77.5924099, 8.6647173], [77.595054, 8.6639169], [77.6026175, 8.6616275], [77.6035434, 8.6613951], [77.6044955, 8.6612585], [77.6082727, 8.661119], [77.6093407, 8.661176], [77.6106108, 8.6614614], [77.6107873, 8.6614458], [77.6108605, 8.6614393], [77.6118525, 8.6613518], [77.6122273, 8.6613187], [77.6128208, 8.6612173], [77.6134462, 8.6611144], [77.6143192, 8.6609708], [77.6145943, 8.6609255], [77.6148787, 8.6608787], [77.6164726, 8.6606165], [77.6173004, 8.6605121], [77.618081, 8.6603795], [77.619414, 8.660364]]}}, {"type": "Feature", "properties": {"id": 22836778, "name": "Tiruchendur - Palayamkottai - Ambasamudram - Tenkasi - Courtalam - Shencottai Road", "category": "highway", "type": "primary"}, "geometry": {"type": "LineString", "coordinates": [[77.4880086, 8.6785311], [77.4867707, 8.6785772], [77.4858345, 8.6785006], [77.485097, 8.678487], [77.484414, 8.6785417], [77.4837345, 8.6783492], [77.483041, 8.6782199], [77.4828493, 8.678236], [77.4822485, 8.6782863], [77.4821972, 8.6782906], [77.4818467, 8.6783045], [77.480851, 8.6785891], [77.4797632, 8.6786767], [77.4789333, 8.6787787], [77.4782934, 8.6789529], [77.4778014, 8.6792135], [77.4770745, 8.6796536], [77.4760687, 8.6800885], [77.4759453, 8.6801257], [77.4757562, 8.6801252], [77.4750549, 8.6799876], [77.4748364, 8.6799448], [77.4746438, 8.679907], [77.4739197, 8.6798311], [77.472284, 8.6796612], [77.471745, 8.6796855], [77.4713016, 8.6797722], [77.4694882, 8.6804151], [77.4684248, 8.6807921], [77.4682236, 8.6808398], [77.4680242, 8.680887], [77.4678575, 8.6809205], [77.4667735, 8.6811384], [77.4659091, 8.6813121], [77.4652916, 8.6814249], [77.4651442, 8.6815078], [77.4649805, 8.6815999], [77.4643866, 8.6822287], [77.4630382, 8.6834439], [77.4622227, 8.6843507], [77.4621539, 8.6844273], [77.4617918, 8.6848299], [77.4615602, 8.6849144], [77.4613706, 8.6852382], [77.4613491, 8.6852749], [77.4612924, 8.6855877], [77.4613847, 8.6863742], [77.4615702, 8.6871079], [77.4616353, 8.6873654], [77.4616515, 8.6877094], [77.4616472, 8.6878852], [77.4617285, 8.6881257], [77.4617463, 8.6881784], [77.4618825, 8.6886782], [77.462033, 8.6895256], [77.4620596, 8.6896497]]}}, {"type": "Feature", "properties": {"id": 47444179, "name": "Thamirabharani", "category": "waterway", "type": "river"}, "geometry": {"type": "LineString", "coordinates": [[77.3488939, 8.6806047], [77.3521224, 8.6831248], [77.35479, 8.6840711], [77.3587339, 8.6859302], [77.3608546, 8.6887048], [77.3608303, 8.690689], [77.3601685, 8.6924042], [77.3574904, 8.6962258], [77.3581052, 8.6971478], [77.3586094, 8.6976781], [77.3602295, 8.6981978], [77.3609269, 8.6988659], [77.3619139, 8.6994386], [77.3627078, 8.6995977], [77.3638022, 8.6995553], [77.3642528, 8.7001704], [77.3639631, 8.7017506], [77.3639265, 8.7040092], [77.364521, 8.7053033], [77.3648107, 8.7063904], [77.3651808, 8.7068941], [77.3654813, 8.7072176], [77.365964, 8.7071805], [77.3664737, 8.7070055], [77.3670155, 8.7069578], [77.367273, 8.7069365], [77.3676646, 8.7070744], [77.3685145, 8.7080517], [77.368665, 8.7085909], [77.3691666, 8.7089727], [77.3697781, 8.7094818], [77.3701751, 8.710362], [77.3706686, 8.7109771], [77.3712373, 8.7111574], [77.3719239, 8.711274], [77.3724128, 8.7120422], [77.372911, 8.7124194], [77.3739195, 8.712536], [77.3747563, 8.712027], [77.3766124, 8.7104893], [77.3780368, 8.7098859], [77.3786402, 8.7096303], [77.3808234, 8.7080502], [77.3828263, 8.7063745], [77.3888326, 8.7032565], [77.3947923, 8.6995205], [77.399792, 8.6963813], [77.4020076, 8.693945], [77.4039119, 8.6923088], [77.4046898, 8.6914421], [77.4055052, 8.6912087], [77.4073934, 8.6907421], [77.4086809, 8.6899573], [77.4110198, 8.6877089], [77.4120927, 8.6870725], [77.4150483, 8.6859241], [77.4155869, 8.6855199], [77.4196806, 8.6824482], [77.4215555, 8.6812181], [77.422511, 8.681299], [77.4232829, 8.6817272], [77.4244469, 8.6820212], [77.4289155, 8.6828302], [77.4340975, 8.68414], [77.4345491, 8.68448], [77.4346016, 8.6845931], [77.4350524, 8.6852536], [77.4357712, 8.6852589], [77.436474, 8.6855665], [77.4374449, 8.6865316], [77.4382493, 8.6871363], [77.4403231, 8.6883176], [77.4420775, 8.688208], [77.4439002, 8.6881323], [77.4472563, 8.6899118], [77.448973, 8.6929663], [77.4496802, 8.6940729], [77.4517626, 8.6948119], [77.4532418, 8.6950689], [77.4560111, 8.6944935], [77.4582427, 8.6944935], [77.4618703, 8.693629], [77.4647769, 8.6935241], [77.4687506, 8.6937376], [77.4705762, 8.6945085], [77.4724149, 8.6959499], [77.4733293, 8.6959562], [77.4765641, 8.6944726], [77.4783271, 8.6941541], [77.4795287, 8.6951722], [77.4796843, 8.6963842], [77.481873, 8.6990568], [77.482155, 8.699673], [77.4826884, 8.7008385], [77.4827902, 8.7019598], [77.4823022, 8.7039777], [77.482109, 8.7056745], [77.483139, 8.7071593], [77.4835038, 8.7089409], [77.4835038, 8.7112104], [77.4835253, 8.7128012], [77.4844265, 8.713692], [77.4865508, 8.7148373], [77.4872589, 8.716216], [77.4877684, 8.7182492], [77.4888038, 8.7207761], [77.489748, 8.721985], [77.4913573, 8.722791], [77.4932027, 8.7245514], [77.4941199, 8.725715], [77.4951768, 8.7270965], [77.4954128, 8.7279661], [77.4970381, 8.729787], [77.4995971, 8.7306172], [77.5048542, 8.7309141], [77.5076008, 8.7313171], [77.5103473, 8.7311898], [77.5139682, 8.7306566], [77.5150626, 8.7304657], [77.5164359, 8.729787], [77.5193541, 8.7270724], [77.5240533, 8.72633], [77.5260489, 8.7263937], [77.5286238, 8.7270724], [77.5318854, 8.7255453], [77.535147, 8.7196066], [77.536936, 8.7168387], [77.5398247, 8.714845], [77.5444745, 8.7132991], [77.5476594, 8.7121974], [77.5507682, 8.7102742], [77.5526564, 8.707729], [77.5533431, 8.7028082], [77.5552099, 8.7015806], [77.5662177, 8.7006023], [77.5762867, 8.7010053], [77.5791621, 8.7007961], [77.5836253, 8.6999477], [77.5854063, 8.6988871], [77.5872516, 8.6967236], [77.5901699, 8.6941571], [77.5923371, 8.6929268], [77.5945687, 8.6923329], [77.5987315, 8.6925026], [77.6014781, 8.6922905], [77.6037311, 8.6909118], [77.6048899, 8.6895648], [77.6059895, 8.6888513], [77.606805, 8.6890027], [77.6086557, 8.6897133], [77.6105171, 8.6899542], [77.6145511, 8.690686], [77.6175499, 8.6905406], [77.6194327, 8.6905906], [77.6237242, 8.6897421], [77.6297324, 8.6877059], [77.6327581, 8.6885467], [77.6336806, 8.6881195], [77.6355314, 8.6872793], [77.6361, 8.6867225], [77.6365507, 8.6867172], [77.6373529, 8.686703], [77.639029, 8.6862134], [77.6424353, 8.6849909], [77.6455934, 8.6855551], [77.6497302, 8.6837217], [77.6535827, 8.6824671], [77.655875, 8.6806871], [77.6573468, 8.6804011], [77.6580605, 8.6805775], [77.6616614, 8.683803], [77.6640647, 8.6866878], [77.6659529, 8.6866878], [77.6717894, 8.6853302], [77.6787784, 8.6860006], [77.6792889, 8.6862529], [77.6808043, 8.6865779], [77.6819174, 8.6871969], [77.6836341, 8.6890634], [77.6848357, 8.6929663], [77.6891272, 8.6956813], [77.6918738, 8.6997538], [77.6939337, 8.7038263], [77.6959937, 8.70722], [77.6981402, 8.7135183], [77.699216, 8.7154099], [77.7008618, 8.7166067], [77.7041891, 8.7186809], [77.7052634, 8.7201156], [77.7068955, 8.7211377], [77.7097266, 8.7236789], [77.7150481, 8.7285994], [77.716593, 8.7311444], [77.7170584, 8.7331378], [77.717721, 8.7362658], [77.7179386, 8.7375365], [77.7180967, 8.7381879], [77.7191782, 8.7397669], [77.7201268, 8.7402837], [77.7205413, 8.741155], [77.7211596, 8.7425778], [77.7233868, 8.744391], [77.7250518, 8.7470387], [77.7272303, 8.7469959], [77.7278801, 8.7471778], [77.7284308, 8.7479694], [77.7290497, 8.7492846], [77.7299849, 8.7499831], [77.7312529, 8.7508138], [77.7316985, 8.7513219], [77.7320321, 8.7518803], [77.7337656, 8.7539762], [77.7374666, 8.7558602], [77.7392847, 8.7566631]]}}, {"type": "Feature", "properties": {"id": 84158786, "name": "Thamirabarani River", "category": "waterway", "type": "canal"}, "geometry": {"type": "LineString", "coordinates": [[77.4906385, 8.6803696], [77.4918187, 8.6796484], [77.4926126, 8.6793726], [77.4933958, 8.6795635], [77.4939752, 8.6794999], [77.4945223, 8.6790757], [77.4948442, 8.6784711], [77.4951768, 8.6783439], [77.4984169, 8.6796908], [77.500906, 8.6806878], [77.5017214, 8.6809423], [77.503159, 8.6799029], [77.5057125, 8.6798817], [77.5069775, 8.6798709], [77.5083293, 8.6796588], [77.5100459, 8.6794043], [77.5123204, 8.6790013], [77.5134362, 8.678471], [77.5142087, 8.677771], [77.5158395, 8.6768164], [77.5162257, 8.6761376], [77.5160755, 8.6749497], [77.5160541, 8.6738891], [77.5165261, 8.6729346], [77.5178136, 8.6723618], [77.5192298, 8.6721285], [77.5205816, 8.6723194], [77.5226201, 8.6727437], [77.5236715, 8.6733164], [77.5258602, 8.6745679], [77.5268043, 8.6754376], [77.5307096, 8.6765619], [77.5326194, 8.6761801], [77.5346793, 8.6761588], [77.5360311, 8.6756922], [77.536868, 8.6749497], [77.5373186, 8.673974], [77.538134, 8.6734649], [77.5398506, 8.672977], [77.5406445, 8.6735285], [77.5419964, 8.6741225], [77.5437344, 8.6742285], [77.5453223, 8.6742497], [77.5466098, 8.6738891], [77.5485624, 8.6721709], [77.5493778, 8.6715558], [77.5499786, 8.6715346], [77.5512661, 8.6709406], [77.5539698, 8.66918], [77.5566305, 8.6675042], [77.5581755, 8.6658072], [77.5600208, 8.6638132], [77.5622739, 8.6628374], [77.5647844, 8.6619889], [77.567016, 8.6617343], [77.5688828, 8.6613525], [77.5733675, 8.6610555], [77.5785817, 8.6607585], [77.5818862, 8.660313], [77.5843324, 8.6594857], [77.5863923, 8.65921], [77.5877227, 8.6590403], [77.5885595, 8.6585099], [77.5899972, 8.6579372], [77.5911774, 8.6573856], [77.5934519, 8.6564098], [77.5952114, 8.6556249], [77.5965632, 8.6544158], [77.598194, 8.6531854], [77.5993195, 8.6524747], [77.6037934, 8.6542142], [77.6048083, 8.6541294], [77.6074262, 8.653493], [77.6087351, 8.6516899], [77.6092286, 8.650714], [77.6104946, 8.6498867], [77.6132198, 8.6482957], [77.6149578, 8.6475956], [77.6165242, 8.6472138], [77.6175542, 8.6471077], [77.6191206, 8.6453894], [77.6195927, 8.6449227], [77.6218243, 8.644456], [77.6236267, 8.6431195], [77.6273818, 8.6409769], [77.6286049, 8.6401071], [77.6298495, 8.6391312], [77.6310725, 8.6385797], [77.6335187, 8.6373705], [77.6372094, 8.6359067], [77.6392479, 8.6354612], [77.6426811, 8.6356521], [77.6437326, 8.635546], [77.6443763, 8.6353551], [77.6455136, 8.6343792], [77.6460715, 8.63317], [77.6464577, 8.6326184], [77.6474233, 8.6320032], [77.6486464, 8.6319183], [77.6499957, 8.6315642], [77.650593, 8.6314075], [77.6516556, 8.631633]]}}, {"type": "Feature", "properties": {"id": 96184305, "name": "State Highway / District Road", "category": "highway", "type": "tertiary"}, "geometry": {"type": "LineString", "coordinates": [[77.4251934, 8.6471533], [77.4251413, 8.6473285], [77.424981, 8.6474596], [77.4229256, 8.6482899], [77.4223122, 8.6485467], [77.4220916, 8.6485797]]}}, {"type": "Feature", "properties": {"id": 96184307, "name": "State Highway / District Road", "category": "highway", "type": "tertiary"}, "geometry": {"type": "LineString", "coordinates": [[77.471024, 8.6816082], [77.4712028, 8.6827321], [77.4712046, 8.6827686], [77.4712338, 8.6833502], [77.4711927, 8.6843565], [77.4711666, 8.6849952], [77.4712234, 8.6851076], [77.4712175, 8.6862574], [77.4712131, 8.6871051], [77.4704847, 8.6871462], [77.470011, 8.6871729], [77.4693777, 8.6872087], [77.4693113, 8.6872124], [77.4686549, 8.6873248], [77.4684172, 8.6873095], [77.468288, 8.6872022], [77.4673361, 8.6871492], [77.467325, 8.6869372], [77.4673014, 8.6864833], [77.467299, 8.6864382], [77.4673067, 8.6861603], [77.4667149, 8.6861908], [77.4663434, 8.6862099], [77.4662937, 8.6862116], [77.4655637, 8.6862791]]}}, {"type": "Feature", "properties": {"id": 96184308, "name": "Tiruchendur - Palayamkottai - Ambasamudram - Tenkasi - Courtalam - Shencottai Road", "category": "highway", "type": "primary"}, "geometry": {"type": "LineString", "coordinates": [[77.4621761, 8.6928817], [77.4624121, 8.694566]]}}, {"type": "Feature", "properties": {"id": 96184310, "name": "State Highway / District Road", "category": "highway", "type": "tertiary"}, "geometry": {"type": "LineString", "coordinates": [[77.4981548, 8.70294], [77.4983525, 8.7017188], [77.498686, 8.6997894], [77.4986366, 8.6994475], [77.4985101, 8.6982966], [77.497672, 8.6970227], [77.4972688, 8.6967648], [77.4966047, 8.6962959], [77.4963358, 8.6959207], [77.496241, 8.6957331], [77.4960591, 8.6956081], [77.495727, 8.6953345], [77.4954266, 8.694975], [77.4951736, 8.6947718], [77.4951242, 8.6947019], [77.4949364, 8.6944357], [77.4948932, 8.6943503], [77.4948731, 8.6943107], [77.4945511, 8.6933696], [77.4945094, 8.6932478], [77.4942802, 8.6928804], [77.4941299, 8.6923881], [77.494122, 8.6918878], [77.4940272, 8.6915283], [77.4940588, 8.691372], [77.4942991, 8.6907396], [77.4945299, 8.6901324], [77.4945727, 8.6900199], [77.4947625, 8.6890898], [77.4948205, 8.6886154], [77.4948494, 8.6883786], [77.4949005, 8.6877804], [77.4948942, 8.6876217]]}}, {"type": "Feature", "properties": {"id": 96184311, "name": "State Highway / District Road", "category": "highway", "type": "secondary"}, "geometry": {"type": "LineString", "coordinates": [[77.4350173, 8.6534272], [77.4350578, 8.6536735], [77.4351355, 8.6539493], [77.435189, 8.6544589], [77.4351769, 8.654931], [77.4350146, 8.6552148], [77.4347481, 8.655565], [77.4347064, 8.6556198], [77.434364, 8.6560516], [77.4342874, 8.6561829], [77.4341287, 8.6564547], [77.4340287, 8.656626], [77.4339688, 8.6567343], [77.4339495, 8.6567692], [77.4339728, 8.6569973], [77.4339936, 8.6575203], [77.4339956, 8.6575694], [77.4340057, 8.657651], [77.4340526, 8.6577391], [77.4341766, 8.6579136], [77.4342285, 8.6579866], [77.4343094, 8.6583844], [77.4343421, 8.658545], [77.4344677, 8.6588513], [77.4345589, 8.6590736], [77.4345839, 8.6592032], [77.4346004, 8.6592884], [77.4345803, 8.6594992], [77.4345338, 8.6597245], [77.4344819, 8.6599756], [77.4344911, 8.6601946], [77.4344905, 8.6602469], [77.4344905, 8.6603013], [77.4344965, 8.660345], [77.4345126, 8.6603742], [77.4345441, 8.6603974], [77.4354352, 8.6604102], [77.4356188, 8.6604206], [77.4359289, 8.660615], [77.4359509, 8.6606288], [77.4365732, 8.6609284], [77.437213, 8.6611373], [77.4387036, 8.6616649], [77.4388269, 8.6617272], [77.4389094, 8.6617928], [77.4389363, 8.661866], [77.4391402, 8.6623032], [77.4392635, 8.6624743], [77.4394525, 8.6625702], [77.439529, 8.6626016], [77.4398082, 8.6626179], [77.4406609, 8.6624292], [77.4409786, 8.6623865], [77.4420717, 8.6622197], [77.442643, 8.6621892], [77.4429937, 8.6622549], [77.4432063, 8.6623311], [77.4437811, 8.6625726], [77.4439211, 8.6626314], [77.4439969, 8.6626808], [77.4440485, 8.6627527], [77.4441304, 8.662881], [77.4443208, 8.6634103], [77.4444224, 8.6637971], [77.4444598, 8.6644109], [77.4445055, 8.6648624], [77.4444636, 8.664982], [77.4443972, 8.6651209], [77.4443214, 8.6651829], [77.4441075, 8.6653062], [77.444086, 8.6653695], [77.4441265, 8.6655358], [77.4443078, 8.6662812], [77.4445233, 8.6667858], [77.4447449, 8.667032], [77.4449515, 8.6677723], [77.4451013, 8.6684549], [77.4450919, 8.6685597], [77.4450637, 8.6686565], [77.4450158, 8.6689046], [77.4450864, 8.6691109], [77.4452193, 8.6692679], [77.4453002, 8.6693635], [77.4455184, 8.6697184], [77.4456766, 8.6700764], [77.4460186, 8.6708786], [77.4466296, 8.6718295], [77.4480497, 8.6736839], [77.4494736, 8.6752085], [77.450423, 8.6762304], [77.451685, 8.6771258], [77.4517867, 8.6772832], [77.4518682, 8.6775282], [77.4519262, 8.6777738], [77.4519089, 8.6780916], [77.4518618, 8.6783332], [77.4517359, 8.6786047], [77.4516928, 8.6788582], [77.4517398, 8.6790656], [77.4518406, 8.6792376], [77.4520832, 8.679363], [77.4525887, 8.679624], [77.4527744, 8.6797505], [77.4530119, 8.6799098], [77.4533896, 8.6801631], [77.4534313, 8.6801904], [77.4536878, 8.6803587], [77.4540388, 8.6805891], [77.4545046, 8.6808948], [77.4546188, 8.6809558], [77.4563683, 8.6818897], [77.4565042, 8.6819623], [77.4571529, 8.6823086], [77.4578011, 8.6827714], [77.4579264, 8.6828608], [77.4583628, 8.6832663], [77.4584366, 8.6833348], [77.4588509, 8.6836788], [77.4591305, 8.6839109], [77.4591518, 8.6839573], [77.4591788, 8.6840163], [77.4593901, 8.6844768], [77.4594113, 8.6845231], [77.4594278, 8.684559], [77.4595905, 8.6850675], [77.4596007, 8.6850993], [77.4596871, 8.6852483], [77.4597723, 8.6852755], [77.4600731, 8.6853494], [77.4604395, 8.685454], [77.4607831, 8.6854739], [77.4609639, 8.6854843], [77.4611463, 8.685532], [77.4612924, 8.6855877]]}}, {"type": "Feature", "properties": {"id": 96184312, "name": "State Highway / District Road", "category": "highway", "type": "tertiary"}, "geometry": {"type": "LineString", "coordinates": [[77.4643866, 8.6822287], [77.4644495, 8.6826044], [77.4645738, 8.6833473], [77.4646461, 8.68378], [77.4646538, 8.6838258], [77.464776, 8.6840134], [77.4648502, 8.6841273], [77.4649854, 8.6844958], [77.4651048, 8.684821], [77.4653419, 8.6854672], [77.4653542, 8.6855008], [77.4654082, 8.685648], [77.4654595, 8.6857794], [77.4655637, 8.6862791]]}}, {"type": "Feature", "properties": {"id": 96184313, "name": "Ambasamudram - Alangulam Road", "category": "highway", "type": "primary"}, "geometry": {"type": "LineString", "coordinates": [[77.4560399, 8.7037008], [77.4560839, 8.7040501], [77.4562019, 8.7049876], [77.4562287, 8.7052009], [77.4562295, 8.7052258], [77.4562448, 8.705725], [77.4563152, 8.7060818], [77.4564481, 8.706755], [77.4567555, 8.7085948], [77.456969, 8.7089699], [77.4569915, 8.7093416], [77.4568327, 8.7105909], [77.456663, 8.7114952], [77.4565286, 8.7122116], [77.4565082, 8.7123692], [77.4564604, 8.7127381], [77.4563237, 8.7137938], [77.4563148, 8.7138621], [77.4562832, 8.7142717], [77.4562752, 8.7143749], [77.4562606, 8.7145642], [77.4562767, 8.7150119], [77.4564067, 8.7161955], [77.4564317, 8.7164226], [77.4564484, 8.7165331], [77.4565968, 8.7175146], [77.456609, 8.7175952], [77.4575636, 8.7195721]]}}, {"type": "Feature", "properties": {"id": 96184314, "name": "State Highway / District Road", "category": "highway", "type": "tertiary"}, "geometry": {"type": "LineString", "coordinates": [[77.4346338, 8.7132614], [77.4348878, 8.7154329], [77.4349295, 8.7161647], [77.4348357, 8.7164843], [77.4347731, 8.7167316], [77.4348982, 8.7171749], [77.4350964, 8.7175665], [77.4368274, 8.7196074], [77.4384542, 8.7215555], [77.4385272, 8.7218854], [77.4385897, 8.7220606], [77.4389026, 8.72204], [77.4393718, 8.7221121], [77.4394136, 8.7223595], [77.4394031, 8.722576], [77.4393892, 8.722615], [77.4392365, 8.723044], [77.439205, 8.7231326], [77.4392007, 8.723214], [77.4391849, 8.7235124], [77.4391779, 8.7236436], [77.4391581, 8.7240175], [77.4391129, 8.7248703], [77.4391007, 8.7251013], [77.4390035, 8.7255336], [77.438901, 8.7259897], [77.4387462, 8.7266783], [77.4386554, 8.7275333], [77.4385272, 8.7287397]]}}, {"type": "Feature", "properties": {"id": 96184317, "name": "State Highway / District Road", "category": "highway", "type": "tertiary"}, "geometry": {"type": "LineString", "coordinates": [[77.4267958, 8.6804539], [77.425426, 8.6805563], [77.4247653, 8.6805629], [77.4238243, 8.6804243]]}}, {"type": "Feature", "properties": {"id": 96184318, "name": "State Highway / District Road", "category": "highway", "type": "tertiary"}, "geometry": {"type": "LineString", "coordinates": [[77.4680242, 8.680887], [77.4678797, 8.6801754], [77.4678129, 8.6800169], [77.4677405, 8.6798762], [77.467519, 8.6798846], [77.4655597, 8.6803217], [77.4654123, 8.6803166], [77.4653686, 8.6802007], [77.4653587, 8.6800408], [77.4654137, 8.6797827], [77.465365, 8.679378], [77.4652657, 8.6785525], [77.4652219, 8.6782331], [77.4651521, 8.6777234], [77.4651387, 8.6774896], [77.4651167, 8.6771078], [77.4651, 8.6768168], [77.465054, 8.6766518], [77.4650127, 8.6765037], [77.4649492, 8.6762368], [77.464931, 8.676178], [77.4645974, 8.6750991], [77.4644893, 8.6747492], [77.4644383, 8.6745843], [77.4642843, 8.6743488], [77.464157, 8.6741543], [77.4640739, 8.6740272], [77.4640368, 8.6738755], [77.4640244, 8.6738247], [77.4639245, 8.6732644], [77.4638742, 8.6729825], [77.4637984, 8.672531], [77.4636768, 8.6718063], [77.4636179, 8.6714552], [77.4634355, 8.670384], [77.4632535, 8.6699348], [77.463197, 8.669757], [77.46306, 8.6689627], [77.4629742, 8.6686976], [77.4628695, 8.6684537], [77.4624852, 8.6681594], [77.4601686, 8.6663324], [77.4596956, 8.6660591], [77.4596462, 8.6660518], [77.4593161, 8.6660027], [77.4585526, 8.6658705], [77.4583402, 8.6658337], [77.4565172, 8.6655181], [77.4563128, 8.6653797], [77.4558384, 8.6650324], [77.454147, 8.663702], [77.4539254, 8.6633371], [77.453635, 8.6625772], [77.4532163, 8.6615542], [77.4527764, 8.660711], [77.4526642, 8.6605015], [77.4523101, 8.6598402], [77.451853, 8.6589865]]}}, {"type": "Feature", "properties": {"id": 96184319, "name": "State Highway / District Road", "category": "highway", "type": "tertiary"}, "geometry": {"type": "LineString", "coordinates": [[77.4262985, 8.6836312], [77.4261574, 8.6844757], [77.4260907, 8.6853333], [77.4262408, 8.6861003], [77.4265411, 8.686793], [77.4278259, 8.689201], [77.4287102, 8.6906112], [77.4303119, 8.6931346], [77.4307207, 8.6937861], [77.4301331, 8.6941414], [77.4287516, 8.6949924], [77.4277009, 8.6954575], [77.4276637, 8.695474]]}}, {"type": "Feature", "properties": {"id": 96184321, "name": "State Highway / District Road", "category": "highway", "type": "tertiary"}, "geometry": {"type": "LineString", "coordinates": [[77.4471223, 8.731105], [77.4463284, 8.7309241], [77.4449628, 8.7306128], [77.4447459, 8.7305634], [77.4444938, 8.7305059], [77.4426373, 8.7301909], [77.4423805, 8.7301473], [77.4408938, 8.7297736], [77.4405825, 8.7296953], [77.4402642, 8.7295946], [77.4393997, 8.7293211], [77.4392176, 8.7291998], [77.4385272, 8.7287397], [77.4378441, 8.7284918], [77.4372708, 8.7284254], [77.4362291, 8.7283509], [77.4355769, 8.7282998], [77.4354135, 8.728287], [77.4348993, 8.7282392], [77.4348224, 8.7288936], [77.4347699, 8.7288922], [77.434406, 8.7288824], [77.4339408, 8.7288698], [77.4336366, 8.7288616], [77.4327342, 8.7288211], [77.4322158, 8.7287978], [77.4313034, 8.728726], [77.4311789, 8.7286683], [77.431045, 8.7286063], [77.4310046, 8.7283828], [77.4310192, 8.7281512], [77.4311015, 8.7268504], [77.4309642, 8.7266269], [77.4306089, 8.7263316], [77.4287517, 8.7251902], [77.4276858, 8.7246954], [77.4270715, 8.7243893]]}}, {"type": "Feature", "properties": {"id": 96184324, "name": "State Highway / District Road", "category": "highway", "type": "tertiary"}, "geometry": {"type": "LineString", "coordinates": [[77.4276637, 8.695474], [77.4276786, 8.6955159], [77.4278773, 8.6960743], [77.4280708, 8.6969188], [77.4281776, 8.6977368], [77.4283311, 8.6981261], [77.4288583, 8.6989177], [77.4290118, 8.699307], [77.4292054, 8.6993795], [77.4294723, 8.6993465], [77.4296459, 8.6994389], [77.4298661, 8.6994191], [77.4300797, 8.6993993], [77.4303133, 8.6993531], [77.4304334, 8.6994653], [77.4307404, 8.6999007], [77.4311208, 8.7004614], [77.4313277, 8.7009628], [77.431895, 8.702025], [77.4321953, 8.7032058], [77.4326958, 8.7044263], [77.4329828, 8.7054818], [77.4333566, 8.7062141], [77.433524, 8.706635]]}}, {"type": "Feature", "properties": {"id": 96184325, "name": "Tiruchendur - Palayamkottai - Ambasamudram - Tenkasi - Courtalam - Shencottai Road", "category": "highway", "type": "primary"}, "geometry": {"type": "LineString", "coordinates": [[77.529957, 8.6821859], [77.5292591, 8.6830798], [77.5291727, 8.6832027], [77.5290275, 8.6833997], [77.5288705, 8.6835921], [77.5286894, 8.6837597], [77.528506, 8.6838741], [77.5282996, 8.6839849], [77.5281015, 8.6840659], [77.5267714, 8.6845723], [77.5265212, 8.6847232], [77.5263484, 8.6848783], [77.5262327, 8.6850632], [77.5259946, 8.6856065], [77.5258197, 8.6859793], [77.5256459, 8.6862084], [77.5254818, 8.6863591], [77.5253141, 8.686468], [77.5247279, 8.6867723], [77.5233019, 8.6871768], [77.5226791, 8.6874076], [77.5223891, 8.6874848], [77.5219828, 8.6875961], [77.5212573, 8.6877287], [77.5202125, 8.6879289], [77.5186327, 8.6881304], [77.51782, 8.6882046], [77.5159593, 8.6882406], [77.5155401, 8.688135], [77.515118, 8.6880286], [77.5148102, 8.6879611], [77.5145634, 8.6879188], [77.5133248, 8.6878153], [77.5110557, 8.6878365], [77.5098431, 8.6879872], [77.5086281, 8.6881675], [77.5080538, 8.6882582], [77.5075364, 8.6883399], [77.5062369, 8.6884448], [77.504712, 8.6885732], [77.5035251, 8.6887009], [77.5028828, 8.6888224], [77.5022981, 8.688963], [77.5013245, 8.6893791], [77.500965, 8.6895065], [77.5006217, 8.6895565], [77.4999967, 8.6895489], [77.4997185, 8.6895463], [77.4994227, 8.6895436], [77.4985634, 8.6895811], [77.498146, 8.6895993], [77.4977632, 8.6895697], [77.4975039, 8.6895025], [77.4972242, 8.6893661], [77.4969766, 8.689183], [77.4967032, 8.6889886], [77.4962639, 8.6885925], [77.4960802, 8.6884206], [77.4956519, 8.6881065], [77.4952868, 8.6878494], [77.4948942, 8.6876217], [77.4942951, 8.6872423], [77.4941736, 8.6871653], [77.4938495, 8.6868146], [77.4937177, 8.6865661], [77.4935272, 8.6860755], [77.4931854, 8.6853003], [77.4931088, 8.6848797], [77.4930444, 8.6843097], [77.4929666, 8.6837555], [77.4928451, 8.6832622], [77.4924946, 8.6825624], [77.4920413, 8.6817457], [77.4912366, 8.6802078]]}}, {"type": "Feature", "properties": {"id": 96184326, "name": "State Highway / District Road", "category": "highway", "type": "tertiary"}, "geometry": {"type": "LineString", "coordinates": [[77.4126014, 8.6192614], [77.4126705, 8.6193553], [77.4125323, 8.619637], [77.4124719, 8.6200126], [77.4125582, 8.6203882], [77.4126877, 8.6206357], [77.4129899, 8.6211479], [77.4130158, 8.6215747], [77.412964, 8.6218308], [77.4128604, 8.6219161], [77.4126446, 8.6221039], [77.4125755, 8.6224112], [77.4124632, 8.6224966], [77.4122388, 8.6225307], [77.4119193, 8.622599], [77.4117035, 8.6227185], [77.4113581, 8.6227868], [77.4111941, 8.6228636], [77.4111509, 8.622949], [77.4111596, 8.6232136], [77.4110128, 8.6234782], [77.4108142, 8.6236489], [77.4107624, 8.6238367], [77.4109092, 8.6240928], [77.4110214, 8.6243745], [77.4109092, 8.6248184], [77.4107711, 8.6250744], [77.4104343, 8.6253391], [77.4098473, 8.6257829], [77.4093465, 8.6260646], [77.4090271, 8.6262695], [77.4089062, 8.6265], [77.4090012, 8.6266195], [77.4092602, 8.6266792], [77.4096573, 8.6269097], [77.4101322, 8.6270633], [77.4104084, 8.6270206], [77.4106157, 8.6270633], [77.410961, 8.6271145], [77.411315, 8.6270036], [77.4115135, 8.6270121], [77.4115394, 8.6271231], [77.4115394, 8.6273365], [77.4116085, 8.6275669], [77.4117035, 8.6278316], [77.4116517, 8.628045], [77.4117208, 8.6282157], [77.4119539, 8.6282584], [77.4122647, 8.6283522], [77.412515, 8.6283949], [77.4126273, 8.6285315], [77.4126964, 8.6287278], [77.4128, 8.6289668], [77.4130158, 8.6290266], [77.4132144, 8.6290095], [77.4133266, 8.6290778], [77.4134043, 8.6292571], [77.4135079, 8.6295217], [77.4134906, 8.6296753], [77.413318, 8.6299314], [77.4133093, 8.6300765], [77.4134734, 8.6303838], [77.4139137, 8.6309557], [77.4143022, 8.6312459], [77.4145094, 8.6312971], [77.4148548, 8.6313057], [77.4151742, 8.6313739], [77.4154591, 8.6314934], [77.4155627, 8.6317154], [77.41558, 8.6319885], [77.4159081, 8.6322019], [77.4162361, 8.6322275], [77.4164779, 8.6323044], [77.4167628, 8.6324324], [77.4170477, 8.6326287], [77.417393, 8.6329019], [77.417488, 8.633175], [77.4174794, 8.6335506], [77.4175225, 8.6338664], [77.4177902, 8.6339347], [77.4181269, 8.6338749], [77.4183773, 8.6338579], [77.4187226, 8.6338835], [77.4189385, 8.6340286], [77.4203544, 8.6349419], [77.4207602, 8.6350443], [77.4213213, 8.6350614], [77.4217099, 8.6350785], [77.4220293, 8.6351553], [77.4222842, 8.6352182], [77.4224586, 8.6352381], [77.4227537, 8.6352381], [77.4238671, 8.6356227], [77.423961, 8.6357288], [77.4239006, 8.6361466], [77.4238671, 8.6366174], [77.4239074, 8.6371943], [77.4242025, 8.6380829], [77.4242897, 8.6387527], [77.4243903, 8.6390046], [77.4252421, 8.6398667], [77.4253092, 8.6400524], [77.4252622, 8.6402049], [77.4250677, 8.6405431], [77.4241622, 8.6414648], [77.4238805, 8.641929], [77.4237061, 8.6425059], [77.423411, 8.6432817], [77.4233037, 8.6437791], [77.42325, 8.6441968], [77.4234244, 8.6447804], [77.4235519, 8.6450191], [77.4234714, 8.6452313], [77.4234043, 8.6454501], [77.4234781, 8.645596], [77.4234915, 8.6457485], [77.4234244, 8.6458612], [77.4235183, 8.6459607], [77.4236189, 8.6458944], [77.4238202, 8.6458082], [77.4247055, 8.6458214], [77.4250001, 8.6458861], [77.4250677, 8.645901], [77.4258082, 8.6465232]]}}, {"type": "Feature", "properties": {"id": 96184327, "name": "State Highway / District Road", "category": "highway", "type": "tertiary"}, "geometry": {"type": "LineString", "coordinates": [[77.4472964, 8.7037148], [77.4473502, 8.7042864], [77.4473546, 8.7043329], [77.4472802, 8.7047038], [77.4472254, 8.7049766], [77.4471811, 8.705061], [77.4470135, 8.7053802], [77.4470307, 8.7054913], [77.4470807, 8.7058144], [77.4470802, 8.7058816], [77.4470786, 8.7060826], [77.4470755, 8.7064631], [77.4471013, 8.7069536], [77.4485548, 8.7068269], [77.449153, 8.7067748], [77.4493287, 8.7068003], [77.4497732, 8.706785], [77.4501659, 8.7066726], [77.4504003, 8.7065413], [77.4507213, 8.7063614], [77.4510893, 8.706209], [77.4513072, 8.7061375], [77.4517628, 8.7059881], [77.4526466, 8.7057122], [77.4531172, 8.7056458], [77.4531892, 8.7056356], [77.4532963, 8.7056402], [77.4536213, 8.7056541], [77.4540615, 8.7056728], [77.4543396, 8.7056847], [77.454507, 8.7056918], [77.4546054, 8.7056995], [77.4554166, 8.7057633], [77.4554789, 8.7057625], [77.4558867, 8.705757], [77.4562448, 8.705725]]}}, {"type": "Feature", "properties": {"id": 96184328, "name": "Ambasamudram Travellers Bungalow Road", "category": "highway", "type": "secondary"}, "geometry": {"type": "LineString", "coordinates": [[77.4385668, 8.7064332], [77.4385896, 8.7065511], [77.4385535, 8.706693], [77.4384762, 8.7068551], [77.4382249, 8.707309], [77.4381197, 8.7074409], [77.4380702, 8.7075029], [77.437434, 8.7084709], [77.4372405, 8.7086975], [77.4370147, 8.7089638], [77.4367951, 8.7091979], [77.4356421, 8.7103852]]}}, {"type": "Feature", "properties": {"id": 96184329, "name": "State Highway / District Road", "category": "highway", "type": "tertiary"}, "geometry": {"type": "LineString", "coordinates": [[77.5180541, 8.7258027], [77.5175571, 8.7258186], [77.5169939, 8.7257974], [77.5163501, 8.725755], [77.5158673, 8.7258557], [77.5154328, 8.7259353], [77.5150788, 8.7259618], [77.514655, 8.7261474], [77.5143117, 8.7262958], [77.5140381, 8.7263807], [77.5134963, 8.7264867], [77.5127238, 8.726492], [77.5119728, 8.7265238], [77.5114149, 8.7265132], [77.5110662, 8.7266087], [77.5104546, 8.7265821], [77.5100577, 8.7266617], [77.5097734, 8.7263117], [77.5095266, 8.7262693], [77.5093442, 8.726089], [77.5091135, 8.7260996], [77.5089151, 8.7260148], [77.5086683, 8.7260625], [77.5079012, 8.7260625], [77.507177, 8.7260201], [77.5067961, 8.7258663], [77.506426, 8.7258239], [77.5060826, 8.7257974], [77.5055891, 8.725861], [77.5053424, 8.7264231], [77.5047576, 8.7264072], [77.5040281, 8.7264019], [77.5032878, 8.7264655], [77.5030196, 8.726614], [77.5025368, 8.72707], [77.5015229, 8.7272927], [77.5004259, 8.7273695], [77.5003374, 8.7269666], [77.5000638, 8.7258451], [77.4999994, 8.7257709], [77.4998841, 8.7257656], [77.4992269, 8.7258796], [77.4985321, 8.7260449], [77.4980012, 8.7261712], [77.4968183, 8.7264575], [77.4961933, 8.7266034], [77.4961048, 8.7265662], [77.4954638, 8.7259326], [77.4949193, 8.7250816], [77.4943909, 8.7240238], [77.494171, 8.723247], [77.4941495, 8.7230852], [77.4941602, 8.7225948], [77.4940181, 8.7216138], [77.493951, 8.7215131], [77.4938974, 8.7214733], [77.4937633, 8.7214733], [77.4931249, 8.721643], [77.4930578, 8.7216032], [77.492869, 8.7208912], [77.4928567, 8.720845], [77.4926099, 8.7198084], [77.492559, 8.71975], [77.4923524, 8.7196944], [77.4911588, 8.7195512], [77.4909845, 8.7194902], [77.4909577, 8.7194239], [77.4909979, 8.7191005], [77.4911937, 8.7174382], [77.4913332, 8.7170405], [77.4918026, 8.7163406], [77.4918991, 8.7161232], [77.4920225, 8.7151714], [77.4922693, 8.7146676], [77.4923792, 8.7145404], [77.4924919, 8.7144582], [77.4935675, 8.7138723], [77.4940503, 8.7135886], [77.4943158, 8.7134799], [77.494525, 8.7133723], [77.4945946, 8.7132949], [77.4948215, 8.7130426], [77.4951007, 8.7126254]]}}, {"type": "Feature", "properties": {"id": 96184330, "name": "State Highway / District Road", "category": "highway", "type": "tertiary"}, "geometry": {"type": "LineString", "coordinates": [[77.4131454, 8.6561015], [77.4138435, 8.6576948], [77.4147178, 8.6598787], [77.4150182, 8.6603339], [77.4155254, 8.6608023], [77.4168051, 8.6626381], [77.4180185, 8.6647658], [77.4192974, 8.6680567], [77.4204519, 8.6684129], [77.4216735, 8.6688567], [77.4234331, 8.6697105], [77.4241733, 8.6699438], [77.4247956, 8.670087], [77.4249029, 8.6705006], [77.4251926, 8.6709991], [77.4257934, 8.6716037], [77.426303, 8.6724469], [77.4270379, 8.6733643], [77.4273652, 8.6736772], [77.4281698, 8.6741385], [77.429108, 8.6752481], [77.4297845, 8.6756923], [77.4297845, 8.6760317], [77.4294276, 8.6786822], [77.4295515, 8.6791849], [77.4297055, 8.6799952], [77.4297484, 8.6802386], [77.4287496, 8.680266], [77.4276084, 8.6803451], [77.4267958, 8.6804539]]}}, {"type": "Feature", "properties": {"id": 96184331, "name": "State Highway / District Road", "category": "highway", "type": "tertiary"}, "geometry": {"type": "LineString", "coordinates": [[77.4739197, 8.6798311], [77.4733834, 8.6802113], [77.4719703, 8.6809347], [77.4716421, 8.6811683], [77.471024, 8.6816082], [77.4697664, 8.6826947], [77.4696704, 8.6827776], [77.4696235, 8.6828181], [77.4688219, 8.6836008], [77.4686015, 8.6838159], [77.468147, 8.6842059], [77.4672357, 8.6849879], [77.4669987, 8.6851913], [77.4665444, 8.6855812], [77.4662179, 8.6858614], [77.4655637, 8.6862791], [77.465504, 8.6865187], [77.464204, 8.6867356], [77.4640377, 8.6867634], [77.4639808, 8.6867957], [77.4638353, 8.6868782], [77.4635451, 8.6870427], [77.4627941, 8.6872742], [77.4624797, 8.6873923], [77.4620363, 8.6875589], [77.4619866, 8.6875776], [77.4616515, 8.6877094]]}}, {"type": "Feature", "properties": {"id": 96184334, "name": "Tiruchendur - Palayamkottai - Ambasamudram - Tenkasi - Courtalam - Shencottai Road", "category": "highway", "type": "primary"}, "geometry": {"type": "LineString", "coordinates": [[77.4359244, 8.7116278], [77.4355402, 8.7119733], [77.4346338, 8.7132614], [77.4342188, 8.7138697], [77.4338586, 8.7144523], [77.4334515, 8.7150205], [77.4317149, 8.7163545], [77.4313923, 8.7165941], [77.4311539, 8.7168542], [77.4300222, 8.718706], [77.4294609, 8.7195534], [77.4288562, 8.7212634], [77.4285671, 8.7219835], [77.4280598, 8.7228177], [77.4278042, 8.7233142], [77.4275381, 8.723831], [77.4273187, 8.7241204], [77.4270715, 8.7243893], [77.4260327, 8.7253021], [77.4258677, 8.7254206], [77.4243761, 8.7264916], [77.4225927, 8.728363], [77.4216627, 8.7294052], [77.4207737, 8.731067], [77.4204498, 8.7320111], [77.4198444, 8.7334615], [77.4196379, 8.7338717], [77.4195456, 8.734317], [77.4193699, 8.7348482], [77.4192274, 8.73515], [77.4187652, 8.7359823], [77.4184588, 8.7363869], [77.4178541, 8.7369502], [77.4172892, 8.7374993], [77.4165464, 8.7384818], [77.4161667, 8.739227], [77.4160773, 8.7396353], [77.4160801, 8.74013], [77.41585, 8.7407694], [77.4143458, 8.7418537], [77.4119039, 8.7435891], [77.4097351, 8.7460869], [77.4083296, 8.7476859], [77.407055, 8.748662], [77.4062782, 8.7494568], [77.4057691, 8.7502749], [77.4056238, 8.7514164], [77.4054205, 8.7521449], [77.4053325, 8.7527986], [77.4054118, 8.7529055], [77.405605, 8.7531661], [77.4061302, 8.7536751], [77.4065116, 8.7542827], [77.4067691, 8.7551331], [77.4065749, 8.7560625], [77.4057681, 8.7571529], [77.4057354, 8.7571971], [77.405289, 8.7574049], [77.4044886, 8.7577034], [77.4040514, 8.7580289], [77.4036909, 8.7583974], [77.4034452, 8.7589991], [77.4033187, 8.759672], [77.4033017, 8.7602342], [77.4033004, 8.7602768], [77.4033575, 8.7606516], [77.4033674, 8.7607163], [77.4033945, 8.7609889], [77.4034412, 8.7613008], [77.4034866, 8.7615542], [77.4035794, 8.7618064], [77.4036866, 8.7620211], [77.4039152, 8.7623914], [77.4041963, 8.7630901], [77.4042457, 8.7637285]]}}, {"type": "Feature", "properties": {"id": 96184338, "name": "State Highway / District Road", "category": "highway", "type": "tertiary"}, "geometry": {"type": "LineString", "coordinates": [[77.4475059, 8.6998999], [77.4475853, 8.6999425], [77.4479323, 8.7001891], [77.4481523, 8.7003455], [77.4483717, 8.7005015], [77.4489143, 8.70061], [77.4489547, 8.7006103], [77.4491566, 8.7006117], [77.4492285, 8.7006002], [77.4493249, 8.7005849], [77.4498397, 8.7005028], [77.4499515, 8.7005061], [77.450526, 8.7005233], [77.451295, 8.7005641], [77.4512613, 8.7009106], [77.4512535, 8.700991], [77.4513033, 8.7017435], [77.4513103, 8.7018492], [77.4514091, 8.7021885], [77.4514189, 8.7022222], [77.4515739, 8.7025491], [77.4516937, 8.7028747], [77.4517186, 8.7029425], [77.4517764, 8.7032476], [77.4518846, 8.7038181]]}}, {"type": "Feature", "properties": {"id": 96184339, "name": "State Highway / District Road", "category": "highway", "type": "tertiary"}, "geometry": {"type": "LineString", "coordinates": [[77.4562287, 8.7052009], [77.4579745, 8.7051767], [77.4584073, 8.7051192], [77.4585003, 8.7050727], [77.4585811, 8.7049942], [77.4586396, 8.7034769]]}}, {"type": "Feature", "properties": {"id": 102288277, "name": "Tirunelveli - Pottalpudur Road", "category": "highway", "type": "primary"}, "geometry": {"type": "LineString", "coordinates": [[77.6649443, 8.7260249], [77.6648212, 8.7259985], [77.6647329, 8.7259812], [77.6645018, 8.7259505], [77.6642685, 8.725925], [77.6637143, 8.7258463], [77.6636566, 8.7258215], [77.6636414, 8.725805], [77.6636276, 8.7257872], [77.6636081, 8.7257352], [77.6635945, 8.7256487], [77.6635868, 8.7251248], [77.6635541, 8.7246684], [77.6635576, 8.7244216], [77.6635423, 8.7240798], [77.6635364, 8.7237361], [77.6635163, 8.7236075], [77.6634814, 8.7235526], [77.6633781, 8.7235068], [77.6631957, 8.7234882], [77.6627073, 8.7235017], [77.6620648, 8.7235083], [77.6619759, 8.7234859], [77.6619045, 8.7234485], [77.6618852, 8.723413], [77.6618573, 8.7233464], [77.6618489, 8.7232995], [77.6618025, 8.7231538], [77.6617714, 8.7229675], [77.6617395, 8.7228816], [77.6617042, 8.7228498], [77.661652, 8.7228461], [77.6616015, 8.7228546], [77.6611792, 8.7229234], [77.6609872, 8.7229751], [77.6607616, 8.7230397], [77.6605796, 8.7230863], [77.660374, 8.7231055], [77.6602733, 8.7230903], [77.660216, 8.7230654], [77.6600029, 8.7229778], [77.6590886, 8.7226078], [77.6590127, 8.7225653], [77.6588859, 8.7224675], [77.658737, 8.7223408], [77.6584147, 8.7220857], [77.6580667, 8.721863], [77.6571334, 8.721486], [77.6570018, 8.7214295], [77.6568652, 8.7213601], [77.656326, 8.7211233], [77.6562217, 8.7210911], [77.6557818, 8.7209122], [77.6550305, 8.7206217], [77.6544893, 8.7203942], [77.6543686, 8.7203433], [77.6539434, 8.7201988], [77.6531999, 8.7199454], [77.6523737, 8.7196944], [77.6522771, 8.7196685], [77.6520956, 8.7196552], [77.6519925, 8.7196536], [77.6519305, 8.7196579], [77.6506253, 8.7197719], [77.6505234, 8.719774], [77.6503744, 8.7197525], [77.6502876, 8.7196944], [77.6502326, 8.7196128], [77.6502023, 8.7195192], [77.6501307, 8.7191535], [77.6501117, 8.7190371], [77.6500851, 8.7188221], [77.6500643, 8.7187088], [77.6500053, 8.7186577], [77.6499269, 8.7185909], [77.6494917, 8.7183283], [77.6490372, 8.7180695], [77.648281, 8.7176538], [77.6479797, 8.7174962], [77.6478267, 8.7173943], [77.6475453, 8.717286], [77.6472935, 8.7171885], [77.6471168, 8.7171308], [77.646697, 8.7169997], [77.6465849, 8.7169393], [77.6462572, 8.7167909], [77.6459636, 8.7165754], [77.6456853, 8.7163546], [77.6453968, 8.7161258], [77.6448475, 8.7156901], [77.6447363, 8.7156019], [77.6446191, 8.7155094], [77.6440092, 8.7150662], [77.6434212, 8.7146857], [77.6433585, 8.7146417], [77.6432788, 8.7145856], [77.6427582, 8.7142215], [77.6425731, 8.7140921], [77.6422477, 8.7138473], [77.6420074, 8.7136481], [77.6418824, 8.7135445], [77.6411178, 8.7129376], [77.6403581, 8.7124053], [77.6402701, 8.7123476], [77.6401367, 8.712249], [77.6400142, 8.7121612], [77.6395731, 8.7118504], [77.6395487, 8.7118332], [77.6393211, 8.7116725], [77.6392429, 8.7116172], [77.6385707, 8.711116], [77.6382775, 8.7109357], [77.6381589, 8.7108793], [77.6378845, 8.710784], [77.637533, 8.7106494], [77.6370643, 8.7105235], [77.6369515, 8.7105051], [77.6367415, 8.7104994], [77.636406, 8.7105308], [77.6354449, 8.7107864], [77.6352825, 8.7108101], [77.6350594, 8.7107862], [77.634598, 8.7106548], [77.6342376, 8.7105163], [77.6338971, 8.7103887], [77.6335837, 8.7102576], [77.6333814, 8.7102026], [77.6331104, 8.7101391], [77.6327103, 8.7100988], [77.6324074, 8.7100403], [77.6320797, 8.7099863], [77.6314938, 8.7099121], [77.6309819, 8.7098752], [77.6301006, 8.7097882], [77.6300302, 8.7097803], [77.6294718, 8.7097529], [77.6288234, 8.7096644], [77.6285711, 8.7096515], [77.6281901, 8.7096208], [77.6275648, 8.7096035], [77.6264608, 8.7095583], [77.6261859, 8.7095645], [77.6252317, 8.7095693], [77.625081, 8.7095678], [77.6236719, 8.7095303], [77.6232277, 8.7095345], [77.6227478, 8.7095235], [77.622525, 8.7094991], [77.6213143, 8.7093775], [77.620707, 8.7093278], [77.6175867, 8.7093212], [77.6171524, 8.7093262], [77.6166686, 8.7093279], [77.6154425, 8.7093321], [77.614979, 8.709284], [77.6145363, 8.7092026], [77.6127232, 8.7088329], [77.6123997, 8.7088005], [77.611488, 8.7087547], [77.61054, 8.7087071], [77.6092272, 8.7087359], [77.6084943, 8.708789], [77.6084368, 8.7087943], [77.6073217, 8.7088846], [77.6067491, 8.7088362], [77.6060765, 8.7087586], [77.6051806, 8.7086022], [77.6048686, 8.708549], [77.6048207, 8.7085473], [77.604534, 8.7085484], [77.6043281, 8.7085687], [77.6040609, 8.7086135], [77.6034914, 8.7087032], [77.6031416, 8.7087801], [77.6029838, 8.7088195], [77.6028889, 8.7088432], [77.6027451, 8.7088792], [77.6019685, 8.7090734], [77.6013845, 8.70923], [77.6007334, 8.7094634], [77.599976, 8.7095971], [77.5994931, 8.7096279], [77.598989, 8.7096561], [77.598495, 8.7096836], [77.596367, 8.7098721], [77.5958529, 8.7099279], [77.5953274, 8.7099624], [77.5950254, 8.7099892], [77.5945697, 8.7100218], [77.5945027, 8.7100243], [77.5940655, 8.7100342], [77.5933718, 8.7100031], [77.5924439, 8.70996], [77.5914059, 8.7098699], [77.5908989, 8.7098593], [77.590355, 8.7099118], [77.5902516, 8.7099402], [77.5897891, 8.7100675], [77.5897362, 8.7100804], [77.5890228, 8.7103954], [77.588683, 8.7104976], [77.5879726, 8.7106705], [77.5853454, 8.7110364], [77.5849794, 8.7110708], [77.5835234, 8.711179], [77.5831693, 8.7112175], [77.5827187, 8.7112528], [77.5818013, 8.7112691]]}}, {"type": "Feature", "properties": {"id": 180378454, "name": "Ambasamudram - Alangulam Road", "category": "highway", "type": "primary"}, "geometry": {"type": "LineString", "coordinates": [[77.4957629, 8.8668894], [77.4956288, 8.8665378], [77.4955896, 8.8664361], [77.4953536, 8.8653548], [77.4952465, 8.8649428], [77.4950049, 8.8640138], [77.4946294, 8.8625721], [77.4945099, 8.8620719], [77.4941734, 8.860664], [77.4939213, 8.8598], [77.4937666, 8.8592696], [77.4935672, 8.8585862], [77.4935552, 8.8585544], [77.4934814, 8.8583583], [77.4932507, 8.8579926], [77.4929342, 8.8574761], [77.4927572, 8.8571339], [77.4923012, 8.8554749], [77.4921939, 8.8552788], [77.4920169, 8.855019], [77.4917057, 8.8546427], [77.4915019, 8.854436], [77.4911103, 8.8539059], [77.4908202, 8.8534606], [77.4905578, 8.8530578], [77.4905233, 8.8530178], [77.4895653, 8.8519076], [77.4892864, 8.8515578], [77.4889163, 8.8512557], [77.4885729, 8.8509959], [77.4882189, 8.8505825], [77.4880633, 8.8503228], [77.4879024, 8.8498298], [77.4878058, 8.849639], [77.4877049, 8.8495307], [77.4876772, 8.849501], [77.4875905, 8.8494079], [77.4874947, 8.8493051], [77.4872426, 8.8487909], [77.4870119, 8.8480382], [77.4869788, 8.8479425], [77.486867, 8.8476195], [77.4865763, 8.8470555], [77.4864272, 8.8467661], [77.485939, 8.8457855], [77.485703, 8.8454038], [77.4854079, 8.8444974], [77.4850485, 8.8431458], [77.4847159, 8.8422818], [77.4843297, 8.8409407], [77.4840454, 8.8398752], [77.4839703, 8.8394883], [77.4838737, 8.8390218], [77.4838367, 8.8389451], [77.4835518, 8.8383539], [77.4833051, 8.8378769], [77.4832146, 8.8376198], [77.4831763, 8.8375111], [77.4831633, 8.8374606], [77.4830905, 8.8371772], [77.4827096, 8.836345], [77.4821303, 8.8350357], [77.4817923, 8.8345427], [77.4816475, 8.834283], [77.4813363, 8.8333606], [77.4811487, 8.8327694], [77.4810252, 8.83238], [77.4807409, 8.8316326], [77.4806264, 8.8308855], [77.4806068, 8.8307579], [77.4803385, 8.8287012], [77.4803171, 8.8284203], [77.4802044, 8.827975], [77.4801186, 8.8276198], [77.4800328, 8.8271693], [77.4800371, 8.8270905], [77.4800596, 8.8270261], [77.4806711, 8.8260455], [77.4807301, 8.8259129], [77.480757, 8.8257645], [77.4807496, 8.8256397], [77.4807355, 8.825526], [77.4807227, 8.8253643], [77.4806839, 8.8252602], [77.4806282, 8.8251655], [77.4803493, 8.824874], [77.4798236, 8.8243439], [77.4795285, 8.8240576], [77.4794827, 8.823993], [77.4794481, 8.8239198], [77.479373, 8.8237025], [77.4790725, 8.8228013], [77.4787024, 8.8216934], [77.4785069, 8.8211488], [77.4767993, 8.8163929], [77.4764479, 8.8154142], [77.4760625, 8.8143408], [77.4755106, 8.8128036], [77.4754194, 8.8123265], [77.4753765, 8.8117169], [77.4753443, 8.8112981], [77.47506, 8.8106089], [77.4748454, 8.8098986], [77.4747864, 8.8095434], [77.4745128, 8.8082446], [77.4742499, 8.8064316], [77.4741963, 8.8058644], [77.4738583, 8.8045921], [77.4737111, 8.8040998], [77.4736961, 8.8040496], [77.4735794, 8.8036591], [77.4734506, 8.8031372], [77.4734455, 8.8030792], [77.4734517, 8.8030071], [77.4734704, 8.8028411], [77.4735154, 8.802377], [77.473515, 8.8019468], [77.4732468, 8.8007063], [77.473177, 8.8001444], [77.473162, 8.7997403], [77.4731556, 8.7995665], [77.4731909, 8.799321], [77.4732575, 8.7990735], [77.4740407, 8.7979072], [77.4740523, 8.7978751], [77.4740568, 8.7978383], [77.4739066, 8.797568], [77.4724904, 8.7959405], [77.4717555, 8.7948696], [77.4715731, 8.79435], [77.471219, 8.7933852], [77.4707094, 8.7925847], [77.4701247, 8.7912753], [77.4692771, 8.7890858], [77.4690304, 8.7884896], [77.4689531, 8.7881515], [77.468746, 8.7872462], [77.4686334, 8.7861011], [77.468451, 8.7838585], [77.4683169, 8.7827187], [77.4680379, 8.7819659], [77.467362, 8.7806617], [77.4670026, 8.7800573], [77.4665842, 8.7790924], [77.4661336, 8.7780904], [77.4660102, 8.7777724], [77.4658331, 8.7767783], [77.4657618, 8.7763483], [77.4655328, 8.7749678], [77.4652914, 8.7736636], [77.4650821, 8.7716331], [77.4648944, 8.7697086], [77.4649856, 8.7686058], [77.4650178, 8.7676038], [77.4649105, 8.7666229], [77.4644384, 8.7646189], [77.4643526, 8.7633518], [77.4642453, 8.7621695], [77.4642238, 8.761565], [77.4640307, 8.7602873], [77.4640093, 8.7602078], [77.4631349, 8.7588028], [77.4623677, 8.7575462], [77.4620244, 8.756963], [77.4619601, 8.7567327], [77.4618098, 8.7560352], [77.4617372, 8.7558185], [77.4617117, 8.7557424], [77.4615524, 8.7554414], [77.4614558, 8.7546355], [77.4614157, 8.7542769], [77.4613755, 8.7541535], [77.4611661, 8.7535115], [77.4606726, 8.7526473], [77.4606243, 8.7525094], [77.4605828, 8.7522471], [77.4605887, 8.7521463], [77.4605975, 8.7519951], [77.4606672, 8.7515127], [77.4608925, 8.7501182], [77.4609194, 8.7492169], [77.4607906, 8.7480823], [77.4608121, 8.7471862], [77.4608925, 8.7462849], [77.460894, 8.7459093], [77.460865, 8.745793], [77.4608309, 8.7456561], [77.4608005, 8.7455475], [77.4608022, 8.7454624], [77.4608265, 8.745387], [77.4613646, 8.7445405], [77.4622551, 8.7434536], [77.4627379, 8.742987], [77.4631108, 8.7426479], [77.4634084, 8.7423773], [77.4638644, 8.7419425], [77.4646047, 8.7409722], [77.4650552, 8.7406096], [77.465316, 8.7404716], [77.4655838, 8.7403218], [77.4661979, 8.7394664], [77.4675444, 8.7379423], [77.4677062, 8.7377986], [77.4677945, 8.7377316], [77.4678877, 8.7376851], [77.4681806, 8.7376711], [77.4684583, 8.7376894], [77.4686903, 8.7377578], [77.4693885, 8.7379847], [77.4694311, 8.7379833], [77.469466, 8.7379667], [77.4695134, 8.7379101], [77.4695332, 8.7378529], [77.4696684, 8.7372208], [77.469772, 8.7365544], [77.4697116, 8.7355696], [77.4697009, 8.7347265], [77.4697063, 8.7329503], [77.4696312, 8.7325235], [77.4695292, 8.732383], [77.4692935, 8.7322679], [77.4690089, 8.7322133], [77.4679897, 8.732033], [77.4674479, 8.7319376], [77.4672118, 8.7318262], [77.4671415, 8.7317584], [77.4671059, 8.7316593], [77.4670938, 8.731524], [77.4671435, 8.7313525], [77.467244, 8.7312006], [77.4673352, 8.7310786]]}}, {"type": "Feature", "properties": {"id": 180379325, "name": "Tirunelveli - Pottalpudur Road", "category": "highway", "type": "primary"}, "geometry": {"type": "LineString", "coordinates": [[77.527906, 8.7341308], [77.5260532, 8.7350062], [77.5258886, 8.735084], [77.5252729, 8.7353749], [77.5248219, 8.735592], [77.5245923, 8.7357047], [77.5245402, 8.7357303], [77.5243375, 8.7358283], [77.5234095, 8.736243], [77.5231977, 8.7363512], [77.5225994, 8.7366406], [77.5221113, 8.7368235], [77.5214944, 8.7368845], [77.5205103, 8.7370064], [77.5182489, 8.7375128], [77.517294, 8.7376401], [77.5167361, 8.7377143], [77.5160763, 8.738051], [77.514982, 8.7390685], [77.5146816, 8.7395669], [77.5144884, 8.7400441], [77.5142481, 8.7402847], [77.5138337, 8.7406995], [77.512804, 8.7417301], [77.5101754, 8.7442009], [77.5100248, 8.744338], [77.509065, 8.7452115], [77.5076112, 8.7466187], [77.507387, 8.7469455], [77.5067529, 8.7478699], [77.5064235, 8.7483846], [77.5059993, 8.7490474], [77.5058711, 8.7492476], [77.5057552, 8.7494287], [77.5057364, 8.7495137], [77.5057006, 8.749676], [77.5055734, 8.7502521], [77.5054923, 8.7506195], [77.505326, 8.7508921], [77.5051275, 8.7508952], [77.5044355, 8.7507648], [77.5028798, 8.7508178], [77.5025289, 8.7508231], [77.5022558, 8.7508272], [77.5014744, 8.750839], [77.5005517, 8.7512102], [77.4997148, 8.7515177], [77.4996358, 8.7515141], [77.4992535, 8.7514965], [77.4983201, 8.751348], [77.4977944, 8.7511678], [77.4963889, 8.7511572], [77.4946937, 8.7512632], [77.4925694, 8.7513692], [77.4923602, 8.7513406], [77.4913571, 8.7512314], [77.490767, 8.751295], [77.4899623, 8.7513162], [77.4890235, 8.7514467], [77.4876395, 8.7517754], [77.487205, 8.751751], [77.4864482, 8.751751], [77.4860248, 8.751751], [77.4844828, 8.7520841], [77.4840615, 8.7521751], [77.4827043, 8.7525601], [77.4823073, 8.7525601], [77.4814597, 8.7523268], [77.481229, 8.752366], [77.4807141, 8.7528326], [77.4794938, 8.753735], [77.4791798, 8.7539672], [77.4773559, 8.755176], [77.4754247, 8.7563531], [77.4752316, 8.7565969], [77.4746845, 8.7570741], [77.4741051, 8.7575407], [77.4730751, 8.7584102], [77.4721095, 8.7589298], [77.4711386, 8.7591026], [77.4701301, 8.7593147], [77.4690894, 8.7593995], [77.4679253, 8.7595554], [77.4661121, 8.7598417], [77.4653933, 8.7599477], [77.4646293, 8.7601281], [77.4641809, 8.760234], [77.4640093, 8.7602078], [77.4630651, 8.7604143], [77.4609194, 8.7607642], [77.4595461, 8.760849], [77.4586127, 8.7607112], [77.4571964, 8.7607536], [77.4562255, 8.7609476], [77.4556897, 8.7611247], [77.4540904, 8.7620822], [77.4533233, 8.7626835], [77.4521271, 8.7630578], [77.4506089, 8.7637544], [77.4500296, 8.7641043], [77.4488387, 8.7644224], [77.4482486, 8.7645709], [77.4473908, 8.7649632], [77.4463979, 8.765486], [77.4449232, 8.766575], [77.4443701, 8.7669811], [77.4430674, 8.7675312], [77.4428557, 8.7676206], [77.442595, 8.7677307], [77.442123, 8.768017], [77.4417367, 8.768579], [77.4408618, 8.7695365], [77.4404648, 8.7701515], [77.4400786, 8.7706711], [77.4394408, 8.7712299], [77.4388413, 8.7717188], [77.4385658, 8.7719435], [77.4382118, 8.7723146], [77.4377826, 8.7734385], [77.4377157, 8.773556], [77.437531, 8.7738807], [77.4365488, 8.7747109], [77.435752, 8.7752362], [77.4345913, 8.7760014], [77.4343214, 8.7761538], [77.4333838, 8.7766831], [77.4331878, 8.776835], [77.4328366, 8.7771073], [77.4322417, 8.7775918], [77.4318877, 8.7778145], [77.4314955, 8.7783266], [77.430847, 8.7791187], [77.4301667, 8.7796937], [77.4297896, 8.7800125], [77.429208, 8.7806198], [77.4291733, 8.7806561], [77.4283662, 8.7811095], [77.427682, 8.7814938], [77.4268499, 8.7820483], [77.4255196, 8.7833419], [77.4250856, 8.7838689], [77.4245903, 8.7846468], [77.4242857, 8.7849323], [77.4233845, 8.7857806], [77.423127, 8.7859714], [77.4230578, 8.7861167], [77.4230739, 8.7864718], [77.4230696, 8.7865982], [77.4230455, 8.7866738], [77.4230093, 8.7867268], [77.4229543, 8.7867626], [77.4228819, 8.7867864], [77.4216094, 8.7868801], [77.420992, 8.7871802], [77.4193564, 8.7881737], [77.4191037, 8.7883465], [77.4183527, 8.7889402], [77.4173227, 8.7897991], [77.417194, 8.7899263], [77.4168244, 8.7914075], [77.4166468, 8.79175], [77.4166109, 8.7917833], [77.4161104, 8.7922483], [77.414861, 8.7931994], [77.4134925, 8.7944537], [77.4132994, 8.7946339], [77.4132517, 8.7947368], [77.4131776, 8.7950801], [77.4129241, 8.7953841], [77.4122656, 8.7954512], [77.4116045, 8.7951773], [77.411186, 8.7951561], [77.4101292, 8.7953629], [77.409169, 8.7953682], [77.4086916, 8.7954371], [77.4076941, 8.7956067], [77.4067607, 8.7957234], [77.4062832, 8.7957287], [77.4058916, 8.7956492], [77.4056704, 8.7956339], [77.4053552, 8.795612], [77.4045076, 8.7958029], [77.4038328, 8.7959177], [77.4026354, 8.7963542], [77.40182, 8.7966882], [77.4007804, 8.797015], [77.399906, 8.7972642], [77.3988374, 8.7975364], [77.3981829, 8.797722], [77.3968311, 8.7978651], [77.3959138, 8.7978916], [77.3954471, 8.7980188], [77.3943688, 8.7982892], [77.3932799, 8.7985225], [77.3928035, 8.7985259], [77.3925567, 8.7983828], [77.3921641, 8.798109], [77.3918647, 8.7981071], [77.3915954, 8.7982097], [77.3911126, 8.798374], [77.3903938, 8.7984642], [77.3900155, 8.7985366], [77.3895355, 8.7986285], [77.3890415, 8.7986888], [77.3886274, 8.7987394], [77.3885806, 8.7987451], [77.3881461, 8.7988299], [77.3880621, 8.7988364], [77.3875935, 8.7988729], [77.3873951, 8.7988883], [77.3869177, 8.7990049], [77.3863169, 8.7990791], [77.3859515, 8.7991419]]}}, {"type": "Feature", "properties": {"id": 181972238, "name": "Kadayam - Mukkudal Road", "category": "highway", "type": "primary"}, "geometry": {"type": "LineString", "coordinates": [[77.3796741, 8.8177261], [77.3799171, 8.8177977], [77.3803033, 8.8179356], [77.3805823, 8.8180204], [77.3806896, 8.8182006], [77.3808907, 8.8207212], [77.3809871, 8.8219692], [77.3810731, 8.8220782], [77.3812716, 8.8221167], [77.3813607, 8.8221331], [77.3815425, 8.8221047], [77.3821272, 8.8220385], [77.3821469, 8.8220368], [77.3826315, 8.8219961], [77.3838653, 8.8216356], [77.3844983, 8.8214342], [77.3849167, 8.821625], [77.3856999, 8.8220915], [77.3862257, 8.8225898], [77.3871162, 8.8229821], [77.3877921, 8.8232683], [77.3883285, 8.8232683], [77.3887148, 8.8235122], [77.3889079, 8.8235334], [77.3893263, 8.8234698], [77.3897233, 8.8235016], [77.3904442, 8.8235953], [77.3909463, 8.8236606], [77.3915472, 8.8238514], [77.3932638, 8.8243921], [77.3939397, 8.8244663], [77.3963537, 8.8246148], [77.3973407, 8.824795], [77.3986926, 8.8249434], [77.3995187, 8.8252297], [77.4004521, 8.8256219], [77.4016323, 8.8260248], [77.4033382, 8.8266503], [77.4045827, 8.8272016], [77.406353, 8.8277317], [77.4078335, 8.8280922], [77.4079294, 8.8281276], [77.4087213, 8.8283492], [77.4096998, 8.8281982], [77.4099321, 8.8282332], [77.4103757, 8.8285268], [77.4106761, 8.8289721], [77.4114486, 8.8304245], [77.4117705, 8.8309652], [77.4122962, 8.8320254], [77.4123498, 8.8322162], [77.4124748, 8.8324102], [77.4127418, 8.8326823], [77.4129242, 8.8328413], [77.4130794, 8.8329159], [77.4145922, 8.8332022], [77.4164912, 8.8332976], [77.4172636, 8.8333294], [77.4181434, 8.833552], [77.4189159, 8.8337216], [77.4190661, 8.8338488], [77.4191734, 8.8345167], [77.4192769, 8.8345729], [77.4201282, 8.8343577], [77.4202463, 8.8344213], [77.4203558, 8.834604], [77.4204179, 8.8347076], [77.4207291, 8.8348454], [77.4209436, 8.834962], [77.4220165, 8.8355451], [77.4221571, 8.8356799], [77.4223813, 8.8358949], [77.4234756, 8.8374004], [77.4235761, 8.837514], [77.4244031, 8.8384489], [77.4246665, 8.8387467], [77.4255099, 8.8396502], [77.4256108, 8.8397584], [77.4256858, 8.8398387], [77.4257026, 8.8398698], [77.4257799, 8.8400129], [77.4260088, 8.8404364], [77.4262759, 8.8409306], [77.4266192, 8.8410578], [77.426718, 8.8410709], [77.4278208, 8.8412169], [77.4282071, 8.8413865], [77.4283535, 8.8416335], [77.4291727, 8.8426268], [77.4295873, 8.8430329], [77.4302026, 8.8433689], [77.4307391, 8.8436234], [77.4326595, 8.8443018], [77.4329277, 8.8444503], [77.4336572, 8.8449752], [77.4337968, 8.8450757], [77.434135, 8.8453087], [77.4344743, 8.8455401], [77.4349772, 8.8459236], [77.4353742, 8.8461621], [77.4355029, 8.846231], [77.4361735, 8.8463052], [77.437005, 8.8463317], [77.4376219, 8.8462734], [77.4386143, 8.8461356], [77.4393707, 8.8461303], [77.4400359, 8.8461568], [77.4403095, 8.846178], [77.4409586, 8.8463211], [77.4420851, 8.8465967], [77.4427449, 8.8467134], [77.4430507, 8.846724], [77.4436944, 8.8464801], [77.4453091, 8.8457858], [77.4468004, 8.8450808], [77.44834, 8.8442751], [77.4484097, 8.844231], [77.449606, 8.8434747], [77.4496673, 8.8434157], [77.4498152, 8.8432733], [77.4502819, 8.8428068], [77.4506158, 8.8424657], [77.4508023, 8.8423032], [77.4509525, 8.8422396], [77.4515036, 8.8418773], [77.4521876, 8.841448], [77.4522188, 8.8414454], [77.4523579, 8.8414339], [77.4539941, 8.8415081], [77.4542623, 8.8414869], [77.4546325, 8.8413915], [77.4549597, 8.8412219], [77.4553084, 8.8409622], [77.4556624, 8.8406017], [77.456274, 8.8401088], [77.4568748, 8.8395575], [77.4575185, 8.8389214], [77.4580818, 8.8384019], [77.4587416, 8.837787], [77.4595624, 8.8369972], [77.4603348, 8.8362339], [77.4610644, 8.8355077], [77.4620675, 8.8344158], [77.4626952, 8.8337585], [77.4630224, 8.8334934], [77.4632048, 8.8333874], [77.4633657, 8.8333344], [77.4636769, 8.8332867], [77.4645083, 8.8331701], [77.4657851, 8.8330005], [77.4670243, 8.8328202], [77.4674802, 8.8327778], [77.4675489, 8.8327828], [77.4679457, 8.8328115], [77.4681401, 8.8328255], [77.4691754, 8.8329368], [77.4704146, 8.8330217], [77.4710261, 8.8330535], [77.4716108, 8.8331012], [77.4720614, 8.8331489], [77.4738424, 8.8331648], [77.4757629, 8.8331065], [77.47603, 8.8330937], [77.4770933, 8.8330429], [77.4784129, 8.8329103], [77.4792766, 8.832852], [77.4800759, 8.8328096], [77.4811487, 8.8327694], [77.4813861, 8.832829], [77.4820352, 8.8330834], [77.4822783, 8.8331761], [77.4829298, 8.8334245], [77.483298, 8.8335723], [77.4842722, 8.8339633], [77.4849307, 8.834156], [77.4857193, 8.8344264], [77.4865507, 8.8347497], [77.4877577, 8.835195], [77.4888521, 8.8356084], [77.4889661, 8.8356437], [77.490102, 8.8354971], [77.4919152, 8.8353964], [77.4927145, 8.8354017], [77.494415, 8.8356084], [77.49552, 8.8357039], [77.4972959, 8.836044], [77.4977079, 8.8360514], [77.4984385, 8.8358734], [77.4987145, 8.8358001], [77.4990189, 8.835743], [77.4991653, 8.8357055], [77.4992669, 8.8356319], [77.4993923, 8.8353386], [77.4995195, 8.8352184], [77.5001663, 8.8350391], [77.5008174, 8.8349356], [77.5010148, 8.8349468], [77.5015484, 8.8351801], [77.5017341, 8.8352321], [77.5019198, 8.835254], [77.5031214, 8.8352571], [77.504146, 8.8351261], [77.5044894, 8.835089], [77.5050794, 8.8349989], [77.5052834, 8.8349351], [77.505375, 8.8348828], [77.5054228, 8.8348238], [77.5054898, 8.8345971], [77.5056647, 8.8343636], [77.5057296, 8.8343404], [77.5058387, 8.8343015], [77.5064715, 8.8342941], [77.5070401, 8.834309], [77.5078622, 8.8340012], [77.5085674, 8.8336967], [77.5088533, 8.8334839], [77.5097682, 8.8331754], [77.5109467, 8.8327898], [77.5117412, 8.8323858], [77.5123444, 8.8320556], [77.5128646, 8.8318589], [77.5131094, 8.8317609], [77.5133366, 8.8315573], [77.5135005, 8.8313638], [77.5138012, 8.8311984], [77.5153247, 8.830626], [77.5151647, 8.8296391], [77.5148514, 8.8291329], [77.5145317, 8.8281018], [77.5138665, 8.826766], [77.5138691, 8.8266579], [77.5138986, 8.8265651], [77.5139295, 8.8264896], [77.5139845, 8.8264162], [77.514018, 8.8263954], [77.5153681, 8.825617], [77.516436, 8.8250013], [77.5177368, 8.8241373], [77.5179622, 8.8239332], [77.5180426, 8.8238166], [77.5183564, 8.8225311], [77.5185764, 8.82216], [77.5200784, 8.8174369], [77.5206846, 8.8156875], [77.5211793, 8.8145605], [77.521897, 8.8129257], [77.5219586, 8.8128117], [77.5220472, 8.8127136], [77.5221598, 8.8126368], [77.5223154, 8.8125705], [77.5235546, 8.8119657], [77.5237692, 8.8117218], [77.5241393, 8.8108953], [77.5255662, 8.8063894], [77.526784, 8.8021898], [77.5271541, 8.8009185], [77.527492, 8.8002081], [77.5282109, 8.7994183], [77.5286186, 8.799079], [77.5290853, 8.7984534], [77.5299489, 8.7968047], [77.5305263, 8.7957776], [77.5306688, 8.7955241], [77.5310755, 8.7948008], [77.531115, 8.7947061], [77.5313105, 8.7942378], [77.5311935, 8.7935391], [77.5310782, 8.7931574], [77.530774, 8.7925838], [77.5304049, 8.7919328], [77.5294018, 8.7893192], [77.5284308, 8.7867559], [77.5284228, 8.7866207], [77.5284442, 8.7865068], [77.5285971, 8.7864246], [77.5292033, 8.7861224], [77.5293133, 8.7860376], [77.529375, 8.7859103], [77.5293803, 8.7838693], [77.5293607, 8.7836799], [77.5293106, 8.783196], [77.5291771, 8.7819545], [77.5291229, 8.7814507], [77.529186, 8.7806146], [77.5292578, 8.779488], [77.5292657, 8.7790429], [77.5292562, 8.7786739], [77.529252, 8.7785533], [77.5292495, 8.7784638], [77.5292087, 8.7761068], [77.5291964, 8.7760288], [77.528713, 8.7729714], [77.5283021, 8.7718824], [77.5277603, 8.7703343], [77.5273419, 8.7689813], [77.5271621, 8.7683859], [77.5271541, 8.7680837], [77.5272238, 8.7673229], [77.5271916, 8.7666072], [77.5270799, 8.7639983], [77.5270297, 8.7628255], [77.5265213, 8.7587514], [77.5264432, 8.7580548], [77.5263709, 8.7573873], [77.5263021, 8.7569406], [77.5262689, 8.7567246], [77.5259525, 8.7555317], [77.5248045, 8.7520642], [77.5248152, 8.7515181], [77.5248893, 8.7513086], [77.5254649, 8.7496823], [77.525815, 8.748661], [77.5259297, 8.7483668], [77.5261409, 8.7476397], [77.5261972, 8.7473951], [77.5261912, 8.7472513], [77.5261758, 8.7471362], [77.5261141, 8.7470001], [77.5259013, 8.7466505], [77.5256789, 8.746285], [77.5253754, 8.7458502], [77.5252651, 8.7456708], [77.5250025, 8.7452779], [77.5249895, 8.7451757], [77.5248456, 8.7444809], [77.5245736, 8.7434931], [77.5246027, 8.7433495], [77.5251233, 8.7426738], [77.5251612, 8.7426246], [77.5252129, 8.7424791], [77.5252828, 8.7421042], [77.5253638, 8.7417531], [77.5253643, 8.7414875], [77.5253192, 8.7413304], [77.5250548, 8.7405674], [77.5249898, 8.740416], [77.5249523, 8.7403143], [77.5248469, 8.740028], [77.5248064, 8.7399008], [77.5246047, 8.7392678], [77.5244204, 8.7387339], [77.5242358, 8.7381993], [77.5241726, 8.7380767], [77.5238746, 8.7376267], [77.5238555, 8.7375976], [77.5236964, 8.7373555], [77.5235599, 8.7371548], [77.523423, 8.7369076], [77.5233104, 8.7366328], [77.5231977, 8.7363512]]}}, {"type": "Feature", "properties": {"id": 181974077, "name": "Cherai-Nellai Town Road", "category": "highway", "type": "primary"}, "geometry": {"type": "LineString", "coordinates": [[77.5653613, 8.6835085], [77.5653852, 8.6835695], [77.5654511, 8.6837379], [77.565697, 8.6842229], [77.5659275, 8.6847108], [77.5659857, 8.6848341], [77.5660242, 8.6849487], [77.5661437, 8.6853045], [77.5661814, 8.6854224], [77.5662119, 8.6856277], [77.5662363, 8.6860181], [77.5662419, 8.6863707], [77.5662477, 8.6867339], [77.5662651, 8.6870642], [77.5662652, 8.6871493], [77.5662651, 8.6873723], [77.566217, 8.6876643], [77.566198, 8.6877345], [77.5661791, 8.687767], [77.5661522, 8.6877974], [77.5661203, 8.6878159], [77.5660729, 8.6878241], [77.5657477, 8.6878259], [77.5655531, 8.6878214], [77.5654762, 8.6878239], [77.5654125, 8.6878523], [77.565355, 8.6879023], [77.56533, 8.6880022], [77.5653247, 8.688074], [77.5653209, 8.6881778], [77.5653106, 8.688461], [77.5653051, 8.6886105], [77.5652858, 8.6895155], [77.5652762, 8.6900731], [77.5652878, 8.6902982], [77.5653222, 8.6906048], [77.5655523, 8.6933196], [77.5658849, 8.6957377], [77.5660352, 8.6968437], [77.5661158, 8.698077], [77.5660866, 8.6987964], [77.5660788, 8.6988689], [77.5660633, 8.6989555], [77.5660458, 8.6990439]]}}, {"type": "Feature", "properties": {"id": 190119228, "name": "State Highway / District Road", "category": "highway", "type": "tertiary"}, "geometry": {"type": "LineString", "coordinates": [[77.4046846, 8.7107878], [77.4046984, 8.7111141], [77.4047174, 8.7115661], [77.4047289, 8.7118388], [77.4047374, 8.7120449], [77.4047489, 8.7123235], [77.4047542, 8.7124541], [77.4048701, 8.7129658], [77.4048848, 8.7131731], [77.404899, 8.7133736], [77.4049271, 8.7135607], [77.4049678, 8.7138316], [77.4050836, 8.7140927], [77.4052043, 8.7143234], [77.4053008, 8.7145077], [77.4053586, 8.7146797], [77.4054436, 8.7149327], [77.4054948, 8.7152059], [77.405418, 8.7153223], [77.4052582, 8.7153893]]}}, {"type": "Feature", "properties": {"id": 190119229, "name": "State Highway / District Road", "category": "highway", "type": "tertiary"}, "geometry": {"type": "LineString", "coordinates": [[77.404542, 8.7151602], [77.4033485, 8.7158453], [77.4031124, 8.7160892], [77.4022139, 8.7167297], [77.4019457, 8.7172388], [77.4010015, 8.7181084], [77.4002505, 8.7183523], [77.3995102, 8.719084], [77.3980913, 8.7198327], [77.3977829, 8.7206641], [77.3971257, 8.7208932], [77.3950256, 8.7219261], [77.3943711, 8.7233153], [77.3928235, 8.7259623], [77.3927866, 8.7259939], [77.3910425, 8.7274893], [77.3894654, 8.7283377], [77.3891885, 8.7285502], [77.3886287, 8.72898], [77.3883603, 8.7291861], [77.3872016, 8.7295678]]}}, {"type": "Feature", "properties": {"id": 190119231, "name": "State Highway / District Road", "category": "highway", "type": "tertiary"}, "geometry": {"type": "LineString", "coordinates": [[77.3860906, 8.7141925], [77.3861343, 8.7143919], [77.3861648, 8.7145622], [77.3861809, 8.714652], [77.3863193, 8.715402], [77.3864291, 8.7155484], [77.3866651, 8.7156385], [77.3867397, 8.7163293], [77.3867429, 8.7163586], [77.3864207, 8.7170376], [77.3863178, 8.7172544], [77.3860154, 8.7174782], [77.3860777, 8.7175887], [77.3862865, 8.7186015], [77.3864398, 8.7193449], [77.3869427, 8.7213936], [77.3872686, 8.7227215], [77.3872794, 8.7231881], [77.3872016, 8.7234808], [77.387097, 8.7237077], [77.3871694, 8.7239686], [77.3875771, 8.7243185], [77.3877156, 8.7245607], [77.3879955, 8.7250503], [77.3879896, 8.7251075], [77.3879584, 8.7254087], [77.3879445, 8.7255423], [77.3876629, 8.725888], [77.3871012, 8.7262243], [77.3866464, 8.7264967], [77.3867751, 8.7270482], [77.3869789, 8.7286919], [77.3870006, 8.7287771], [77.3872016, 8.7295678], [77.3875459, 8.7307591], [77.3875663, 8.7308298], [77.3876209, 8.7309726], [77.387712, 8.7312111], [77.3877487, 8.731307], [77.3877487, 8.7314236], [77.3874054, 8.7315933], [77.387688, 8.7324734], [77.3877595, 8.7326962], [77.3875878, 8.7329295], [77.387687, 8.7334745], [77.3886634, 8.7350228], [77.38924, 8.7379029], [77.3884847, 8.740107]]}}, {"type": "Feature", "properties": {"id": 190119232, "name": "Ambur - Papanasam Road", "category": "highway", "type": "secondary"}, "geometry": {"type": "LineString", "coordinates": [[77.3745981, 8.7154577], [77.374555, 8.7160934], [77.3746456, 8.716572], [77.3747392, 8.7170669], [77.3747643, 8.7171994], [77.374799, 8.717383], [77.3748991, 8.7175229], [77.3752952, 8.7180766], [77.3753205, 8.718172], [77.3755469, 8.7190266], [77.3755714, 8.719119], [77.3756732, 8.719453], [77.3757458, 8.7196912], [77.3758051, 8.7197606], [77.3759338, 8.7198031], [77.3763923, 8.7198078], [77.3765025, 8.71988], [77.3767115, 8.7200941], [77.3774598, 8.7206599], [77.3782215, 8.722012], [77.3786629, 8.7226335], [77.3793078, 8.7233896], [77.3801527, 8.7250291], [77.3804451, 8.7258923], [77.3805227, 8.7263482], [77.3805552, 8.7265391], [77.3806373, 8.7270216], [77.3809246, 8.7287098], [77.381011, 8.7292179], [77.3811934, 8.7295042], [77.3815046, 8.7297375], [77.3816944, 8.7302447], [77.3819015, 8.730798], [77.3818838, 8.7311529], [77.3818498, 8.7318371], [77.3818424, 8.7319845], [77.3818134, 8.732568], [77.3817965, 8.7329071], [77.3817406, 8.7340323], [77.3819874, 8.7356866], [77.3822878, 8.7365986], [77.382395, 8.7372985], [77.3825667, 8.7373515], [77.3830159, 8.7372843], [77.3851202, 8.7369697], [77.3855949, 8.7372285], [77.3863162, 8.738032], [77.3869286, 8.7382764], [77.3874698, 8.7386664], [77.3882255, 8.7391922], [77.3884847, 8.740107], [77.3886365, 8.7403472], [77.3887868, 8.7406097], [77.3888289, 8.7408484], [77.3888161, 8.7412422], [77.3888004, 8.7417093], [77.3889089, 8.742295], [77.389073, 8.7425729], [77.389217, 8.7427342], [77.3899495, 8.7435506], [77.3900871, 8.743704], [77.3907787, 8.7446194], [77.3913644, 8.7457288], [77.3925982, 8.7482844], [77.3932634, 8.7500871], [77.3937504, 8.7508542], [77.3939755, 8.7514488], [77.3954325, 8.7539894], [77.3955605, 8.7542314], [77.3956911, 8.7544389], [77.3959051, 8.7548134], [77.3972505, 8.7567412], [77.3978947, 8.7577501], [77.3981039, 8.7582829], [77.3983461, 8.7588995], [77.3984884, 8.7592619], [77.3985368, 8.7593852], [77.3989857, 8.7596069], [77.3990791, 8.759653], [77.3993152, 8.7597696], [77.3995889, 8.7600511], [77.3997392, 8.7602057], [77.399975, 8.7604482], [77.4005916, 8.760798], [77.4009824, 8.7610197], [77.4013003, 8.7612], [77.4016359, 8.7613904], [77.4023922, 8.7615674], [77.4026855, 8.7615489], [77.4034866, 8.7615542]]}}, {"type": "Feature", "properties": {"id": 190119235, "name": "State Highway / District Road", "category": "highway", "type": "tertiary"}, "geometry": {"type": "LineString", "coordinates": [[77.4168161, 8.7349027], [77.4167273, 8.7348913], [77.4166055, 8.7348987], [77.4164982, 8.7348669], [77.416403, 8.7347715], [77.416179, 8.7344785], [77.4160972, 8.7344401], [77.4160248, 8.7344242], [77.4159269, 8.7344229], [77.414713, 8.734185], [77.4136803, 8.7337036], [77.4130902, 8.733184], [77.4112234, 8.7327174], [77.409775, 8.7317312], [77.4095178, 8.7317625], [77.4084127, 8.732245], [77.4082196, 8.7322079], [77.4075542, 8.7311585], [77.4063796, 8.7299279], [77.4061918, 8.7299438], [77.4050707, 8.730315], [77.4043007, 8.7306962], [77.4043518, 8.730824], [77.4043411, 8.7309141], [77.4039495, 8.7309724], [77.4036362, 8.7311141], [77.4032575, 8.7312853], [77.4031415, 8.7313152], [77.4025601, 8.7314655], [77.4025011, 8.7314231], [77.4019325, 8.7297211], [77.4016696, 8.729106], [77.4013317, 8.728438], [77.4012887, 8.7282418], [77.4013638, 8.7281728], [77.4017119, 8.7282035], [77.402147, 8.7282418], [77.4016426, 8.7278075], [77.401428, 8.7274045], [77.4003873, 8.7261107], [77.399248, 8.7239763], [77.3978231, 8.7213068], [77.3977829, 8.7206641]]}}, {"type": "Feature", "properties": {"id": 190119237, "name": "State Highway / District Road", "category": "highway", "type": "tertiary"}, "geometry": {"type": "LineString", "coordinates": [[77.3901374, 8.7090219], [77.390844, 8.7098903], [77.3912391, 8.7112006], [77.3912517, 8.7112425], [77.391233, 8.7112582], [77.3910507, 8.711412], [77.3910344, 8.7116818], [77.3909434, 8.7118097], [77.3910317, 8.7121255], [77.3905947, 8.7122657], [77.390651, 8.7125017], [77.3901441, 8.7126793], [77.3898195, 8.7130319], [77.3897379, 8.7132865], [77.3896479, 8.7135675], [77.3896615, 8.7138677]]}}, {"type": "Feature", "properties": {"id": 190119239, "name": "State Highway / District Road", "category": "highway", "type": "tertiary"}, "geometry": {"type": "LineString", "coordinates": [[77.3954325, 8.7539894], [77.3952723, 8.7542162], [77.3943497, 8.7559128], [77.3942638, 8.7562946], [77.3936711, 8.7566509], [77.3927162, 8.7566827], [77.3919437, 8.7565448], [77.3882637, 8.7573401], [77.3858819, 8.7575522], [77.3844121, 8.7586444], [77.3844148, 8.7587971], [77.3845328, 8.7591258], [77.3844979, 8.759779], [77.3843611, 8.7600271], [77.3835084, 8.7605234], [77.3821724, 8.7613101], [77.3818769, 8.7614362], [77.3812668, 8.7616967], [77.3810364, 8.761795], [77.3801205, 8.762186], [77.3779023, 8.762678], [77.3763976, 8.7635433], [77.3760436, 8.7639144], [77.3747803, 8.7644276], [77.3725996, 8.7654731], [77.3713981, 8.7660554], [77.3698343, 8.7668134], [77.3669026, 8.7684633], [77.3660645, 8.7687342], [77.3657546, 8.7688344], [77.364907, 8.7692585], [77.3646522, 8.7691355], [77.3642955, 8.768951], [77.3633797, 8.7693614], [77.3625145, 8.7697569]]}}, {"type": "Feature", "properties": {"id": 190119246, "name": "State Highway / District Road", "category": "highway", "type": "tertiary"}, "geometry": {"type": "LineString", "coordinates": [[77.382395, 8.7372985], [77.3823414, 8.7377969], [77.3811746, 8.7390206], [77.3797665, 8.7412645], [77.3790898, 8.7421349], [77.3782001, 8.7432793], [77.3766363, 8.7444712], [77.3736832, 8.7464499], [77.3728035, 8.7473618], [77.371862, 8.7480129], [77.3715267, 8.7485707], [77.3705316, 8.7503988], [77.37025, 8.7519428], [77.3701534, 8.7539257], [77.3698021, 8.7574504], [77.3699389, 8.7606273], [77.370199, 8.7615328], [77.3704136, 8.7621054], [77.3706899, 8.7640946], [77.3713981, 8.7660554]]}}, {"type": "Feature", "properties": {"id": 190123768, "name": "State Highway / District Road", "category": "highway", "type": "tertiary"}, "geometry": {"type": "LineString", "coordinates": [[77.4141725, 8.6812222], [77.4140558, 8.681208], [77.4138627, 8.6811761], [77.4125645, 8.6814201], [77.4106119, 8.6812822], [77.4096463, 8.6804549], [77.4077929, 8.6804061], [77.4071921, 8.6807668], [77.4068139, 8.6817595], [77.4069239, 8.6822092], [77.4068461, 8.6825549], [77.4059583, 8.6835137], [77.404703, 8.6843409], [77.4044321, 8.6846867], [77.4040351, 8.6864154], [77.4033807, 8.6883775], [77.4028442, 8.689035], [77.4025009, 8.6891835], [77.4020422, 8.6889757], [77.4009908, 8.6893999], [77.399014, 8.6906153], [77.3985312, 8.6907638], [77.3975656, 8.6913047], [77.3969434, 8.692694], [77.3952294, 8.6940982], [77.3931883, 8.6950484], [77.3925043, 8.6954663], [77.3923541, 8.6960496], [77.3920644, 8.696495], [77.3913349, 8.6968228], [77.3904444, 8.6968556], [77.3887599, 8.6986373], [77.3875047, 8.699104], [77.3863781, 8.7000266], [77.3862279, 8.7004615], [77.3859382, 8.7005251], [77.3848654, 8.7013735], [77.3847903, 8.701925], [77.3845328, 8.7023492], [77.3840178, 8.7024234], [77.3831273, 8.7027734], [77.3824514, 8.7029961], [77.38131, 8.7037314], [77.3812497, 8.7037703], [77.380885, 8.7046293], [77.3800696, 8.7055838], [77.3795312, 8.7057898], [77.3787392, 8.7060929], [77.3782135, 8.7060982], [77.3772318, 8.7069625], [77.3767758, 8.7072276], [77.3767698, 8.707315]]}}, {"type": "Feature", "properties": {"id": 190123772, "name": "State Highway / District Road", "category": "highway", "type": "tertiary"}, "geometry": {"type": "LineString", "coordinates": [[77.5040153, 8.6522807], [77.5035278, 8.6528212], [77.5032226, 8.6531528], [77.5031624, 8.6532229], [77.5030295, 8.6533778], [77.5026602, 8.6537491], [77.5022283, 8.6541521], [77.5017616, 8.6545689], [77.5014786, 8.6548217], [77.5014523, 8.6548491], [77.5013144, 8.6549927], [77.5009616, 8.6553142], [77.5005607, 8.6556596], [77.5004578, 8.6557444], [77.5001802, 8.6559732], [77.4990284, 8.6569227], [77.4989851, 8.6569584], [77.4972381, 8.6584412], [77.4969631, 8.6586407], [77.4967808, 8.6587713], [77.496715, 8.6588184], [77.4962497, 8.6591114], [77.4958996, 8.6593427], [77.4957886, 8.6594056], [77.4956388, 8.6594905], [77.4954242, 8.6595906], [77.4950252, 8.6597398], [77.4940509, 8.6600659], [77.4936982, 8.6601793], [77.4934494, 8.6602443], [77.4934094, 8.6602499], [77.4932503, 8.6602721], [77.4930196, 8.6602754], [77.4927963, 8.6602834], [77.4926636, 8.6603145], [77.492457, 8.6603729], [77.4921272, 8.6605076], [77.4919977, 8.6605605], [77.4915089, 8.6607368], [77.4909443, 8.6609416], [77.4907699, 8.6610146], [77.490493, 8.6611133], [77.4901953, 8.6612048], [77.4899143, 8.6612883], [77.4895328, 8.6613705], [77.4888843, 8.6615038]]}}, {"type": "Feature", "properties": {"id": 190455706, "name": "State Highway / District Road", "category": "highway", "type": "tertiary"}, "geometry": {"type": "LineString", "coordinates": [[77.560297, 8.7733434], [77.5601735, 8.7723232], [77.5601365, 8.772039], [77.5601112, 8.771742], [77.5600859, 8.7715771], [77.5600334, 8.7713158], [77.5600219, 8.7712587], [77.5599093, 8.7707388], [77.559844, 8.7704929], [77.5597787, 8.770276], [77.5596299, 8.7697498], [77.5595529, 8.7694837], [77.5594839, 8.7693012], [77.5594138, 8.7691589], [77.5593464, 8.7690259], [77.5592082, 8.768744], [77.5591364, 8.7685447], [77.5591068, 8.768398], [77.5590979, 8.7682277], [77.559089, 8.7679116], [77.5590882, 8.7675073], [77.55909, 8.7667649], [77.559082, 8.7663315], [77.5590086, 8.7657846], [77.5589669, 8.7655129], [77.5589252, 8.7652477], [77.5588646, 8.7648812], [77.558827, 8.7645334], [77.5587922, 8.7640338], [77.5587793, 8.7637158], [77.5587451, 8.7633581], [77.5586901, 8.7629923], [77.5586708, 8.7629138], [77.5586323, 8.762828], [77.5585729, 8.7627398], [77.5584969, 8.7626546], [77.5584495, 8.7625787], [77.5584104, 8.762488], [77.5583709, 8.7623476], [77.5582994, 8.7620365], [77.5581834, 8.7615105], [77.558043, 8.760979], [77.5579088, 8.7605122], [77.5577527, 8.759992], [77.5575866, 8.7594685], [77.5569047, 8.7577161], [77.5567429, 8.7571337], [77.5562086, 8.7550474], [77.555986, 8.7540827], [77.5558031, 8.7532898], [77.5555797, 8.7525202], [77.5551252, 8.7510677], [77.5548638, 8.7504157], [77.5542832, 8.7491461], [77.5540245, 8.7485763], [77.5537987, 8.7479022], [77.5536336, 8.747033]]}}, {"type": "Feature", "properties": {"id": 190462859, "name": "State Highway / District Road", "category": "highway", "type": "tertiary"}, "geometry": {"type": "LineString", "coordinates": [[77.6311707, 8.7349647], [77.6308838, 8.734042], [77.63078, 8.7337149], [77.6307396, 8.7335878], [77.6306375, 8.7332414], [77.6305626, 8.7329874], [77.6304754, 8.7327239], [77.6303849, 8.7324453], [77.6303623, 8.7323763], [77.6303077, 8.7322086], [77.6302248, 8.7319544], [77.6301683, 8.7318683], [77.6301371, 8.7318335], [77.6300871, 8.7317987], [77.629928, 8.7317158], [77.6298222, 8.7316643], [77.6297748, 8.7316225], [77.6297228, 8.7315391], [77.6296582, 8.7313732], [77.629483, 8.7309122], [77.6292103, 8.7301567], [77.6287428, 8.7288518], [77.6287077, 8.728794], [77.6286446, 8.7287546], [77.6285103, 8.7287392], [77.6273146, 8.7285946], [77.6271953, 8.7285754], [77.6271547, 8.7285485], [77.6271218, 8.7284943], [77.6269547, 8.7280787], [77.6267178, 8.7275095], [77.6263145, 8.7265383], [77.6260941, 8.7260176], [77.6260125, 8.7258168], [77.6259073, 8.7255399], [77.6257531, 8.7251505], [77.6257202, 8.7250674], [77.6255825, 8.7247999], [77.6254458, 8.7245781], [77.6253925, 8.7244919], [77.6251441, 8.7240897], [77.6247891, 8.7235558], [77.6244081, 8.7229941], [77.6240948, 8.7224947], [77.6234385, 8.7214876], [77.623241, 8.7211699], [77.623202, 8.7211073], [77.6230663, 8.7208825], [77.6229034, 8.720581], [77.6227523, 8.7202312], [77.6227021, 8.7200473], [77.6226771, 8.7198849], [77.6226687, 8.7196491], [77.6226613, 8.7194398], [77.6226084, 8.7190209], [77.6226604, 8.718421], [77.6226658, 8.7181615], [77.6226952, 8.7175604], [77.6227062, 8.717164], [77.6227204, 8.7170441], [77.622678, 8.7150509], [77.6226833, 8.71481], [77.6226795, 8.7146301], [77.6226772, 8.7145004], [77.6226765, 8.7143553], [77.6226434, 8.7141125], [77.6226419, 8.7139678], [77.6226274, 8.7137807], [77.6226183, 8.7136468], [77.622608, 8.7134998], [77.6225633, 8.7132083], [77.6224944, 8.7127746], [77.6224251, 8.7125152], [77.6223203, 8.7121091], [77.6222811, 8.7119506], [77.6221794, 8.7116761], [77.6221173, 8.7115405], [77.6220731, 8.7114334], [77.6219613, 8.711137], [77.6219028, 8.7109723], [77.6218391, 8.7107862], [77.6218054, 8.7106878], [77.6217751, 8.7105994], [77.6215686, 8.7099793], [77.6214087, 8.7094893], [77.621366, 8.7094298], [77.6213143, 8.7093775], [77.6209941, 8.7086667], [77.6203508, 8.7072738], [77.6192935, 8.7049652], [77.6191959, 8.7047259], [77.6189592, 8.7037704], [77.6189044, 8.7035201]]}}, {"type": "Feature", "properties": {"id": 190462878, "name": "State Highway / District Road", "category": "highway", "type": "tertiary"}, "geometry": {"type": "LineString", "coordinates": [[77.5924069, 8.7889148], [77.5923481, 8.7886303], [77.5923278, 8.7885316], [77.5923102, 8.7882888], [77.5923378, 8.7879718], [77.5923983, 8.7876474], [77.5924626, 8.7874151], [77.5926651, 8.7869389], [77.5927233, 8.7867464], [77.5927658, 8.7864953], [77.5927876, 8.7862251], [77.5928064, 8.7859692], [77.5928569, 8.7857926], [77.5929307, 8.7856471], [77.5931397, 8.7853799], [77.5932266, 8.7852415], [77.5933801, 8.7849128], [77.5934713, 8.7846714], [77.5934966, 8.7845235], [77.5935079, 8.7844036], [77.5934948, 8.784294], [77.5934656, 8.7841851], [77.5934498, 8.7840815], [77.5934409, 8.783835], [77.5933777, 8.78349], [77.5932825, 8.7830787], [77.5932294, 8.7828676], [77.5931975, 8.7827844], [77.593154, 8.782739], [77.5930786, 8.7827101], [77.5928151, 8.7826413], [77.5925905, 8.7826002], [77.5922943, 8.7825531], [77.5922254, 8.7825074], [77.5921865, 8.7824592], [77.5921449, 8.7823435], [77.5920542, 8.7820131], [77.5919878, 8.7818335], [77.5919261, 8.7817127], [77.5918717, 8.781582], [77.5918435, 8.781494], [77.5918334, 8.7814603], [77.5918293, 8.7814156], [77.5918393, 8.7813222], [77.5919584, 8.7809367], [77.5920727, 8.780566], [77.5920801, 8.7805088], [77.5920967, 8.7803804], [77.5921038, 8.7801727], [77.5920833, 8.7797388], [77.5920778, 8.7796597], [77.5920434, 8.7791625], [77.592015, 8.7787822], [77.5919975, 8.778673], [77.5919772, 8.7785366], [77.5919482, 8.7783835], [77.5918791, 8.7778678], [77.5918607, 8.7777368], [77.5918374, 8.7775505], [77.5918218, 8.7773502], [77.591817, 8.7770594], [77.5918163, 8.7769169], [77.5918364, 8.7768351], [77.5918747, 8.7767471], [77.5919829, 8.7766398], [77.5921486, 8.7764984], [77.5926519, 8.7760406], [77.5928423, 8.7758347], [77.5933248, 8.7752695], [77.5933864, 8.775194], [77.5935011, 8.7750311], [77.5936337, 8.774754], [77.593738, 8.7743972], [77.5938358, 8.7739351], [77.5938867, 8.7736193], [77.5939051, 8.7734033], [77.5939018, 8.7728914], [77.5939028, 8.7727623], [77.593934, 8.7726606], [77.5940135, 8.7725902], [77.5941047, 8.7725477], [77.5943743, 8.7724587], [77.5946799, 8.772384], [77.595183, 8.7722774], [77.5953314, 8.772226], [77.5954163, 8.7721581], [77.5954879, 8.7720539], [77.59552, 8.7719115], [77.5955315, 8.7717424], [77.5955088, 8.7714967], [77.5954824, 8.7712405], [77.5954909, 8.7709905], [77.5955156, 8.7708617], [77.5956632, 8.7703996], [77.59578, 8.769893], [77.5958208, 8.7696913], [77.5958442, 8.7695325], [77.5958521, 8.7693565], [77.595833, 8.7692398], [77.5957935, 8.7690969], [77.5956654, 8.7687552], [77.5953993, 8.7681077], [77.5951103, 8.7674004], [77.5949299, 8.7669244], [77.5947223, 8.7663537], [77.5946399, 8.7660779], [77.5945691, 8.7658408], [77.5943055, 8.7648436], [77.5942217, 8.7646106], [77.5941052, 8.764417], [77.5939929, 8.7642853], [77.5936194, 8.7639177], [77.5934038, 8.7637055], [77.5932353, 8.7635242]]}}, {"type": "Feature", "properties": {"id": 190670898, "name": "State Highway / District Road", "category": "highway", "type": "tertiary"}, "geometry": {"type": "LineString", "coordinates": [[77.5502578, 8.7711926], [77.5483193, 8.7714073], [77.545323, 8.7717391], [77.5442559, 8.771848], [77.543744, 8.7719002], [77.541377, 8.7721638], [77.5412808, 8.7721612], [77.5411551, 8.7721307], [77.540939, 8.7719358], [77.5393185, 8.7700224], [77.5384574, 8.7693939], [77.5383669, 8.7693449], [77.5382756, 8.7693213], [77.538195, 8.7693291], [77.5374807, 8.7695813], [77.5363062, 8.7699961], [77.5356085, 8.7702502], [77.5355445, 8.7702601], [77.5354887, 8.7702431], [77.5354367, 8.7702033], [77.535007, 8.7697874], [77.5348559, 8.7696586], [77.5347883, 8.7696185], [77.534715, 8.7696141], [77.5340527, 8.7697637], [77.5323736, 8.7701843], [77.5297741, 8.7712685], [77.5283021, 8.7718824]]}}, {"type": "Feature", "properties": {"id": 190670900, "name": "State Highway / District Road", "category": "highway", "type": "tertiary"}, "geometry": {"type": "LineString", "coordinates": [[77.5251612, 8.7426246], [77.5253054, 8.7426525], [77.5254697, 8.7426425], [77.5258512, 8.742565], [77.5263273, 8.7424755], [77.5268818, 8.7423403], [77.5270634, 8.7423034], [77.5271005, 8.7423128], [77.5271645, 8.7423479], [77.5273212, 8.7424991], [77.5274947, 8.7426909], [77.5275886, 8.7427564], [77.5278179, 8.7429162], [77.5279105, 8.7429991], [77.527995, 8.7431091], [77.5281022, 8.7434332], [77.5281559, 8.7436459], [77.5282109, 8.7437566], [77.528347, 8.7439057], [77.5285203, 8.7440884], [77.5285962, 8.744225], [77.5288001, 8.7445135], [77.5288415, 8.7445551], [77.5288866, 8.7445944], [77.5289506, 8.7446525], [77.5290289, 8.7447196], [77.5290873, 8.7447762], [77.5291547, 8.7448285], [77.5292293, 8.7448512], [77.5293334, 8.7448453], [77.5294116, 8.7448395], [77.5294806, 8.7448379], [77.5295319, 8.7448455], [77.529556, 8.7448946], [77.5296249, 8.7451078], [77.5296798, 8.7453564], [77.5297232, 8.7455112], [77.5297773, 8.7457263], [77.5298357, 8.7459294], [77.5299215, 8.7462274], [77.530022, 8.7464865], [77.5300643, 8.7465568], [77.5301173, 8.7465998], [77.5301863, 8.7466197], [77.5302889, 8.7466085], [77.5304639, 8.7465656], [77.5305216, 8.7465515], [77.5306195, 8.7465389], [77.5306599, 8.7465339], [77.5306943, 8.7465295], [77.5307487, 8.7465371], [77.5307992, 8.7465552], [77.531054, 8.7467864], [77.5312793, 8.7469909], [77.5313202, 8.747028], [77.5314775, 8.7471562], [77.5316206, 8.7472719], [77.5317487, 8.7473556], [77.5318949, 8.747472], [77.5320045, 8.7475728], [77.5321199, 8.7477109], [77.5322533, 8.7478935], [77.5323333, 8.7480025], [77.5323733, 8.7480569], [77.5324498, 8.7481424], [77.5325527, 8.748209], [77.5326482, 8.7482479]]}}, {"type": "Feature", "properties": {"id": 190670901, "name": "State Highway / District Road", "category": "highway", "type": "tertiary"}, "geometry": {"type": "LineString", "coordinates": [[77.560297, 8.7733434], [77.5604305, 8.77332], [77.5605576, 8.7733029], [77.5609381, 8.7732668], [77.5611356, 8.7732489], [77.5613032, 8.7732409], [77.5614728, 8.7732349], [77.5615966, 8.7732162], [77.5616884, 8.7731957], [77.5618223, 8.7731505], [77.5619383, 8.7731002], [77.5620931, 8.7730136], [77.5625441, 8.7727623], [77.5631115, 8.7724365], [77.5632407, 8.7723623], [77.563496, 8.7722324], [77.563626, 8.7721962], [77.5648442, 8.7720478], [77.5653197, 8.7719689], [77.5658472, 8.7718663], [77.5662379, 8.7717561], [77.5665481, 8.7716448], [77.5667168, 8.771602], [77.5669782, 8.7715759], [77.5672785, 8.771558], [77.5674107, 8.7715706], [77.5676217, 8.7716244], [77.56786, 8.7717021], [77.5681018, 8.7717629], [77.5684017, 8.7718274], [77.568857, 8.7719125], [77.569342, 8.7720125], [77.5695128, 8.7720465], [77.5696536, 8.7720644], [77.5699272, 8.7720852], [77.5701324, 8.7720995], [77.5703025, 8.7720891], [77.570574, 8.7720523], [77.5706621, 8.7720569], [77.5707473, 8.7720845], [77.5708452, 8.7721399], [77.5711849, 8.7722709], [77.5712511, 8.7722758], [77.571294, 8.7722755], [77.5713584, 8.7722714], [77.5714434, 8.7722512], [77.5716802, 8.7721705], [77.572003, 8.7720702], [77.5720566, 8.772067], [77.5721137, 8.7720898], [77.572172, 8.7721026], [77.5722378, 8.7720976], [77.572295, 8.7720838], [77.572573, 8.7720098], [77.5727549, 8.7719784], [77.5728293, 8.7719724], [77.572925, 8.7719826], [77.5731536, 8.7720254], [77.5732497, 8.7720504], [77.5733496, 8.7720785], [77.5734633, 8.7721598], [77.5736571, 8.7723336], [77.5737226, 8.7724011], [77.573848, 8.7725375], [77.5738999, 8.7725832], [77.5739966, 8.7726308], [77.574953, 8.7729967], [77.5759349, 8.7733795], [77.5778822, 8.7741111], [77.5779691, 8.7741778], [77.5780293, 8.7742875], [77.5780893, 8.7744016], [77.5781658, 8.7745795], [77.5782588, 8.7747728], [77.5783477, 8.7749977], [77.5787837, 8.7759366], [77.579364, 8.7771913], [77.5802432, 8.7790571], [77.5806156, 8.7797322], [77.581078, 8.780594], [77.5811497, 8.7806719], [77.5812049, 8.7807318], [77.5815612, 8.7810474], [77.5820894, 8.7814896], [77.582505, 8.7818526], [77.5828686, 8.7821675], [77.5829658, 8.7822682], [77.5833777, 8.7827777], [77.5839211, 8.7834426], [77.5840848, 8.7836394], [77.5842451, 8.7838321], [77.5844793, 8.7841115], [77.5845926, 8.7842341], [77.5847969, 8.7844123], [77.5856954, 8.7850718], [77.5861893, 8.78539], [77.586487, 8.7855873], [77.5867634, 8.785794], [77.5869252, 8.7859471], [77.5872482, 8.7862805], [77.5876897, 8.7866791], [77.5878067, 8.7867914], [77.5879689, 8.7869876], [77.5881855, 8.7872855], [77.5886392, 8.7878927], [77.5886959, 8.7880016], [77.5887122, 8.7881053], [77.5887654, 8.7885724], [77.588817, 8.7887087], [77.5888577, 8.7887704], [77.5889464, 8.7888244], [77.5892951, 8.7889717], [77.5896217, 8.789088], [77.5897622, 8.7891183], [77.5899452, 8.7891391], [77.5901613, 8.7891617], [77.5905502, 8.7891973], [77.591131, 8.7892666], [77.5914735, 8.7893235], [77.5915567, 8.7893317]]}}, {"type": "Feature", "properties": {"id": 198420299, "name": "Thamirabarani River", "category": "waterway", "type": "canal"}, "geometry": {"type": "LineString", "coordinates": [[77.5687683, 8.7089945], [77.5706029, 8.7082309], [77.571472, 8.7082415], [77.5722015, 8.7082521], [77.5734353, 8.7084855], [77.5745833, 8.7088354], [77.5757184, 8.708538], [77.5765982, 8.7084637], [77.5777269, 8.7082203], [77.578553, 8.7081249], [77.5801494, 8.7081986], [77.5812867, 8.7080925], [77.5825521, 8.7081174], [77.5833788, 8.7079865], [77.5842586, 8.7080289], [77.585119, 8.7082203], [77.5865546, 8.7085486], [77.5876081, 8.7084112], [77.5886274, 8.7080294], [77.589432, 8.7076689], [77.5902474, 8.7076689], [77.5913755, 8.7076989], [77.5928738, 8.7077002], [77.5941527, 8.7075098], [77.5950601, 8.7071164], [77.5956869, 8.7071174], [77.5961191, 8.7071947], [77.5965133, 8.7073798], [77.5969933, 8.7076871], [77.5975302, 8.7079335], [77.5982843, 8.7078904], [77.598952, 8.7079317], [77.5996196, 8.7080385], [77.6001361, 8.7081263], [77.6008368, 8.707881], [77.6017359, 8.7075517], [77.6026708, 8.7071426], [77.6030939, 8.7067578], [77.6040716, 8.7056412], [77.6046306, 8.7049226], [77.6047999, 8.7045497], [77.6052264, 8.7042358], [77.6055923, 8.7040609], [77.6061019, 8.7035658], [77.6064183, 8.7029592], [77.6068633, 8.7023709], [77.607103, 8.7022855], [77.6082864, 8.7020409], [77.6085806, 8.7020409], [77.6088382, 8.7021918], [77.609335, 8.702784], [77.6101704, 8.7034198], [77.6108232, 8.7037966], [77.6111372, 8.7039776], [77.6113933, 8.7039613], [77.6116493, 8.7038823], [77.6120689, 8.7038387], [77.612896, 8.7040313], [77.613776, 8.7041455], [77.6150096, 8.7043571], [77.6157166, 8.7043847], [77.6169944, 8.7042434], [77.6178205, 8.7042116], [77.6180973, 8.704052], [77.6184943, 8.7036596], [77.619014, 8.7032202], [77.6201594, 8.7023981], [77.6205094, 8.7023626], [77.6208619, 8.7023908], [77.6213932, 8.7025571], [77.6219136, 8.70233], [77.6227858, 8.7017612], [77.6236656, 8.7014218], [77.624042, 8.7012589], [77.6243547, 8.7009508], [77.6244119, 8.7006672], [77.6243296, 8.7003492], [77.6243069, 8.6999522], [77.6243187, 8.6995764], [77.6243925, 8.6993106], [77.6245786, 8.699058], [77.624835, 8.6988871], [77.6250256, 8.6987952], [77.6252963, 8.6987873], [77.6256589, 8.6989187], [77.6261354, 8.6987604], [77.6268435, 8.6984104], [77.6270137, 8.6983554], [77.6272018, 8.6983157], [77.6273465, 8.6983914], [77.6273974, 8.698778], [77.6275615, 8.6989597], [77.6277725, 8.6989856], [77.6279271, 8.6988559], [77.6281402, 8.6987738], [77.6285611, 8.6988701], [77.62903, 8.6989614], [77.6293266, 8.6989232], [77.6295232, 8.6986957], [77.6298399, 8.6984741], [77.6301452, 8.6982854], [77.6308024, 8.6978696], [77.6315444, 8.6974711], [77.6317293, 8.6973768], [77.6319638, 8.6973745], [77.6323238, 8.697413], [77.6325154, 8.6975938], [77.6328273, 8.6978329], [77.6331392, 8.6978902], [77.6333374, 8.6978316], [77.6334423, 8.6977908], [77.6335861, 8.6977992], [77.6336748, 8.6978664], [77.6337453, 8.6979696], [77.6337718, 8.6983349], [77.6336464, 8.6988846], [77.6335996, 8.6994598], [77.6335147, 8.6998735], [77.6335039, 8.7004461], [77.6334765, 8.7008014], [77.6335546, 8.7011847], [77.6336786, 8.7015055], [77.6339138, 8.7017405], [77.6348448, 8.702475], [77.6354909, 8.7026314], [77.6363793, 8.7024824], [77.6371303, 8.7021854], [77.637744, 8.7020269], [77.6382268, 8.7018254], [77.639201, 8.7014324], [77.6406279, 8.7008491], [77.6417626, 8.7006111], [77.6422582, 8.7003844], [77.6435161, 8.7000119], [77.6445031, 8.6998846], [77.645576, 8.6997891], [77.6463464, 8.6996719], [77.6475051, 8.6993962], [77.6478291, 8.699418], [77.6481831, 8.6995982], [77.648932, 8.6998416], [77.6493719, 8.6999901], [77.6498783, 8.7000755], [77.6504362, 8.7000331], [77.6515391, 8.6997886], [77.6523331, 8.6994704], [77.6525047, 8.6992371], [77.6526335, 8.6986963], [77.6530841, 8.6981978], [77.6536334, 8.6981241], [77.6544246, 8.6983569], [77.6552078, 8.6987705], [77.6557577, 8.6990998], [77.6561734, 8.6993432], [77.6567313, 8.6998628], [77.6574824, 8.7007113], [77.6584077, 8.7014542], [77.6591561, 8.7020263], [77.6592521, 8.702333], [77.6592656, 8.7026169], [77.6592312, 8.7033944], [77.6591882, 8.7039247], [77.6592097, 8.704911], [77.6593384, 8.7056852], [77.6594565, 8.7061624], [77.6595235, 8.7067992], [77.6595391, 8.7068741], [77.6595262, 8.7069631], [77.6594645, 8.7071832], [77.6597676, 8.7086122], [77.6599312, 8.7097687], [77.6601968, 8.7114119], [77.6602719, 8.7124088], [77.6602182, 8.7130027], [77.6602182, 8.7135117], [77.6605937, 8.7146253], [77.6612509, 8.7170755], [77.6617202, 8.7178386], [77.6620826, 8.7181567], [77.6622969, 8.7184165], [77.6623399, 8.7186896], [77.6625144, 8.7193935]]}}, {"type": "Feature", "properties": {"id": 204002218, "name": "State Highway / District Road", "category": "highway", "type": "tertiary"}, "geometry": {"type": "LineString", "coordinates": [[77.6503744, 8.7197525], [77.6503178, 8.7197958], [77.6502802, 8.7198196], [77.6502185, 8.7198302], [77.6499812, 8.7198468], [77.6499382, 8.7198833], [77.6499012, 8.7199325], [77.6498831, 8.719968], [77.649847, 8.7205732], [77.6498082, 8.7206554], [77.6497532, 8.7207151], [77.6496633, 8.7207456], [77.6484744, 8.7208505], [77.6464178, 8.7210222], [77.6463367, 8.721029], [77.6462706, 8.7210438], [77.6462084, 8.7210748], [77.6461751, 8.7211192], [77.6461677, 8.7211697], [77.6461696, 8.7212257], [77.6462046, 8.7213975], [77.646514, 8.7227103], [77.6465608, 8.72292], [77.6466584, 8.7233245], [77.6467049, 8.7235112], [77.6467529, 8.7237352], [77.6467944, 8.7239337], [77.6468838, 8.7243388], [77.6469544, 8.7246216], [77.6469574, 8.7246711], [77.6469537, 8.7247075], [77.6469374, 8.7247384], [77.6469157, 8.724765], [77.6468803, 8.7247892], [77.6468223, 8.7248114], [77.6464849, 8.7249167], [77.6460473, 8.7250534], [77.6459911, 8.7250838], [77.6459403, 8.7251175], [77.6458656, 8.7251839], [77.6457257, 8.725323], [77.6454596, 8.7255871], [77.6454073, 8.7256378], [77.6449823, 8.7260526], [77.6449371, 8.7260968], [77.6447885, 8.726244], [77.6447277, 8.7263042], [77.6444177, 8.7266112], [77.6440371, 8.7269759], [77.6439106, 8.7270869], [77.6437783, 8.7271437], [77.6434919, 8.7272112], [77.6430949, 8.7273047], [77.6430258, 8.727321], [77.6427301, 8.7273906], [77.6424843, 8.7274485], [77.6423537, 8.7274912], [77.6423148, 8.7275173], [77.6423001, 8.7275461], [77.6422902, 8.7275886], [77.6422948, 8.7276381], [77.6423119, 8.7276973], [77.6423475, 8.7277889], [77.6425445, 8.7281849], [77.6427411, 8.7285753], [77.6427799, 8.7286505], [77.642969, 8.7289792], [77.6431056, 8.7292165], [77.6431593, 8.7293313], [77.6433565, 8.7297907], [77.6436001, 8.7303401], [77.6436249, 8.7303968], [77.6436618, 8.7305729], [77.6437275, 8.7308869], [77.6438125, 8.731367], [77.6438303, 8.7316016], [77.6438181, 8.7317422], [77.6437945, 8.7318718], [77.643773, 8.7319458], [77.6437417, 8.7320143], [77.6436595, 8.7320907], [77.6436032, 8.7321187], [77.643544, 8.7321396], [77.6423302, 8.7324525], [77.6409626, 8.7329123], [77.6403254, 8.7330776], [77.6397324, 8.7332014], [77.6384401, 8.7334278], [77.6371737, 8.7336799], [77.6370232, 8.7336957], [77.636826, 8.7337416], [77.6363873, 8.7338254], [77.6361534, 8.7338602], [77.6360515, 8.7338753], [77.6349896, 8.7339837], [77.6347062, 8.7340028], [77.6343887, 8.7340361], [77.6341172, 8.7340971], [77.6337777, 8.7341841], [77.6334561, 8.7342782], [77.6325978, 8.7345292], [77.6324863, 8.7345601], [77.6321368, 8.7346657], [77.6318551, 8.7347508], [77.6314594, 8.7348759], [77.6311707, 8.7349647], [77.6307387, 8.7351445], [77.630265, 8.7353417], [77.6301128, 8.7354051], [77.6298635, 8.7355089], [77.6292976, 8.7357445], [77.628756, 8.735989], [77.6284042, 8.736186], [77.6279303, 8.7365011], [77.6266667, 8.7374332], [77.6266278, 8.7374981], [77.6266144, 8.737579], [77.6266238, 8.7376598], [77.6266855, 8.737811], [77.6268545, 8.7382086], [77.62701, 8.7385188], [77.6270328, 8.7385771], [77.6270382, 8.7386527], [77.6270181, 8.7387176], [77.6269805, 8.7387574], [77.6267995, 8.7389005], [77.6266278, 8.7390344], [77.6264692, 8.7391573], [77.6263475, 8.7392702], [77.6258808, 8.7396201], [77.6253528, 8.739947], [77.6248616, 8.7402511], [77.6244325, 8.740495], [77.6242074, 8.7406183], [77.6236567, 8.7409199], [77.6232078, 8.7411657], [77.6224192, 8.7416111], [77.6218844, 8.7419266], [77.6216991, 8.7420304], [77.621416, 8.742189], [77.6213906, 8.74221], [77.6210153, 8.7425204], [77.6206362, 8.7428316], [77.6201661, 8.7432176], [77.6194382, 8.7438194], [77.6192005, 8.7440607], [77.6190198, 8.7443973], [77.6186005, 8.7448276], [77.6181829, 8.7452563], [77.618022, 8.7453994], [77.6179308, 8.7455161], [77.6179469, 8.7456751], [77.6180023, 8.7458213], [77.6181454, 8.7462053], [77.6185638, 8.7476793], [77.6186355, 8.7478525], [77.618596, 8.7478967], [77.6184994, 8.7479603], [77.6180005, 8.7481088], [77.6171905, 8.748358], [77.6163966, 8.7487344], [77.616057, 8.7489332], [77.6156133, 8.7492805], [77.6149734, 8.7496702], [77.6143015, 8.7501328], [77.6139493, 8.7503547], [77.6136812, 8.7504997], [77.6134032, 8.7506219], [77.6130328, 8.7507458], [77.6128572, 8.750817], [77.61253, 8.7509498], [77.6119548, 8.7512263], [77.6115344, 8.7515082], [77.6110635, 8.7519099], [77.6108045, 8.7520922], [77.6105939, 8.752216], [77.6096031, 8.7527861], [77.6089705, 8.7531405], [77.6083353, 8.7535454], [77.6080838, 8.7537312], [77.6070944, 8.754462], [77.606973, 8.7545617], [77.606864, 8.7546829], [77.6066775, 8.7548901], [77.6065275, 8.755], [77.6064295, 8.7550468], [77.6063748, 8.7550729], [77.6060281, 8.7552014], [77.6057391, 8.7553192], [77.6055495, 8.7553965], [77.6048597, 8.7557]]}}, {"type": "Feature", "properties": {"id": 204087642, "name": "Ambasamudram - Karumpuliyuthu Road", "category": "highway", "type": "secondary"}, "geometry": {"type": "LineString", "coordinates": [[77.5108713, 8.8071803], [77.5108792, 8.8071229], [77.5109443, 8.8066477], [77.5110451, 8.8059123], [77.5112468, 8.8046675], [77.5113026, 8.8043113], [77.5111846, 8.8036292], [77.5111717, 8.8035543], [77.5111309, 8.8027739], [77.511236, 8.8016882], [77.5111395, 8.8006704], [77.511216, 8.8002752], [77.5113755, 8.7994511], [77.5116888, 8.7985011], [77.5119785, 8.797558], [77.5120514, 8.7964718], [77.5119999, 8.7959888], [77.5118926, 8.795236], [77.5118819, 8.7948649], [77.5120622, 8.794118], [77.5121609, 8.7934018], [77.5123003, 8.7930837], [77.5125364, 8.7926914], [77.5128582, 8.7923203], [77.5135234, 8.7914933], [77.5140277, 8.7908041], [77.5141757, 8.790407], [77.5142744, 8.7897226], [77.5145354, 8.7891723], [77.5145834, 8.7890711], [77.5146693, 8.7882122], [77.5145212, 8.7866902], [77.5145856, 8.7843681], [77.5145963, 8.7833184], [77.5147787, 8.7829367], [77.5153259, 8.7819507], [77.5157443, 8.7815583], [77.5159803, 8.7811872], [77.5163322, 8.780419], [77.5163988, 8.7799785], [77.5163558, 8.7796392], [77.5164202, 8.7794801], [77.5165382, 8.7792893], [77.5165794, 8.7791252], [77.5166219, 8.7789558], [77.516549, 8.7786107], [77.5165384, 8.7785662], [77.5165182, 8.778482], [77.5164095, 8.7780275], [77.516363, 8.7778265], [77.5163237, 8.7776564], [77.5163578, 8.7773813], [77.5163966, 8.7770684], [77.516429, 8.7768153], [77.5165168, 8.7761295], [77.5165142, 8.7759058], [77.516506, 8.775207], [77.5162378, 8.7744966], [77.5157529, 8.7736436], [77.5153044, 8.77315], [77.514875, 8.7727256], [77.5140113, 8.7718933], [77.5136036, 8.7713737], [77.5133496, 8.7709875], [77.5132951, 8.7709061], [77.5131404, 8.7707065], [77.5127936, 8.7700112], [77.5125235, 8.7694765], [77.5121821, 8.7688766], [77.5118816, 8.7679329], [77.5115364, 8.7667938], [77.5113506, 8.7664484], [77.5108659, 8.7658554], [77.5102026, 8.7649851], [77.509734, 8.7643073], [77.5091243, 8.7634794], [77.5086747, 8.7627862], [77.5082714, 8.7621646], [77.5081515, 8.7618419], [77.5082159, 8.76172], [77.5091565, 8.7613481], [77.5108678, 8.7607914], [77.5116223, 8.7605165], [77.5116671, 8.7603248], [77.5115008, 8.7598901], [77.511077, 8.7587078], [77.5108909, 8.758122], [77.5107747, 8.7577489], [77.5107307, 8.757643], [77.5106235, 8.7573845], [77.5104957, 8.7570765], [77.5102619, 8.756513], [77.5102394, 8.7564326], [77.5101707, 8.7561865], [77.5100902, 8.755898], [77.5100317, 8.7554354], [77.5100151, 8.7553042], [77.5100338, 8.7552071], [77.5101009, 8.7548589], [77.5101009, 8.754752], [77.5101009, 8.7544604], [77.5101009, 8.7542226], [77.5100967, 8.7541296], [77.5100687, 8.7535016], [77.5100666, 8.7528606], [77.5101653, 8.7521867], [77.5103543, 8.7516432], [77.5102833, 8.7515504], [77.5097683, 8.7515398], [77.5089422, 8.7516141], [77.5086419, 8.7516029], [77.5083736, 8.7515929], [77.5073865, 8.7515717], [77.5068608, 8.751508], [77.5066888, 8.751485], [77.5064639, 8.751455], [77.5060454, 8.7511793], [77.5054553, 8.7509354], [77.505326, 8.7508921]]}}, {"type": "Feature", "properties": {"id": 204088175, "name": "State Highway / District Road", "category": "highway", "type": "tertiary"}, "geometry": {"type": "LineString", "coordinates": [[77.5069598, 8.7595308], [77.5072441, 8.7594315], [77.5077854, 8.7592202], [77.5086093, 8.7588907], [77.5089224, 8.7587826], [77.5092772, 8.7586601], [77.5095481, 8.7585275], [77.5099216, 8.7583971], [77.5099633, 8.7583825], [77.5103665, 8.7582652], [77.5104856, 8.7582306], [77.5108909, 8.758122]]}}, {"type": "Feature", "properties": {"id": 204088176, "name": "Ambasamudram - Karumpuliyuthu Road", "category": "highway", "type": "secondary"}, "geometry": {"type": "LineString", "coordinates": [[77.4593952, 8.7034075], [77.4596751, 8.7033734], [77.4598843, 8.7033734], [77.4602258, 8.7033318], [77.4605388, 8.703225], [77.4609475, 8.703135], [77.4611557, 8.7031348], [77.461499, 8.7031083], [77.4617171, 8.7031356], [77.4619335, 8.7031189], [77.4623252, 8.7031348], [77.462926, 8.7031295], [77.4635107, 8.7031189], [77.4640238, 8.7031568], [77.4643797, 8.7032621], [77.4645621, 8.7033628], [77.4648767, 8.7036075], [77.4651737, 8.7038348], [77.4651851, 8.7038445], [77.4654185, 8.7040424], [77.4658013, 8.7042961], [77.4660749, 8.7044658], [77.4662895, 8.7046726], [77.4664987, 8.7048211], [77.4667615, 8.7048741], [77.467078, 8.7048264], [77.4676788, 8.7048794], [77.467872, 8.7048688], [77.468139, 8.7048886], [77.4683011, 8.7049006], [77.4686358, 8.7049006], [77.4687356, 8.7049006], [77.4692828, 8.7049589], [77.4694526, 8.7049385], [77.4695384, 8.7050923], [77.4695618, 8.7053248], [77.4695993, 8.7056748], [77.4695971, 8.7057162], [77.4695671, 8.7062846], [77.469627, 8.7064711], [77.4696369, 8.706502], [77.4697495, 8.7065285], [77.4700373, 8.7064498], [77.4702699, 8.70638], [77.4705147, 8.7063914], [77.4706668, 8.7064331], [77.4708868, 8.7066876], [77.4709103, 8.7067182], [77.4711067, 8.7069739], [77.4712355, 8.7071065], [77.4714876, 8.707414], [77.4717451, 8.7077004], [77.4717962, 8.7077888], [77.4719167, 8.7079973], [77.4720436, 8.7083746], [77.4720275, 8.7089102], [77.472035, 8.7090071], [77.4720455, 8.7091427], [77.4721026, 8.7092813], [77.4722869, 8.7094078], [77.4725298, 8.7094509], [77.4727053, 8.709482], [77.4730808, 8.7095139], [77.4732256, 8.7095192], [77.4732739, 8.7096835], [77.4733705, 8.7098638], [77.4735153, 8.709954], [77.4738908, 8.710007], [77.4740625, 8.7100971], [77.4742342, 8.7102721], [77.4743736, 8.7104736], [77.4745614, 8.7104736], [77.4753821, 8.7105797], [77.4760312, 8.7105797], [77.4763888, 8.7106282], [77.4764711, 8.7106698], [77.4764746, 8.7110206], [77.4764853, 8.7116357], [77.47648, 8.7123144], [77.4764961, 8.7125689], [77.4766428, 8.712637], [77.4770183, 8.7126583], [77.4772597, 8.712706], [77.4778283, 8.7127325], [77.4778981, 8.7127855], [77.4779356, 8.7129552], [77.4779284, 8.713184], [77.4779034, 8.7133582], [77.4780483, 8.7134006], [77.4784452, 8.7134483], [77.4787403, 8.7134536], [77.4790997, 8.7134536], [77.4797434, 8.7135332], [77.4800688, 8.7135181], [77.4801492, 8.7135976], [77.4801457, 8.7138566], [77.4802638, 8.7140475], [77.4804086, 8.7140952], [77.4807573, 8.7141005], [77.4810684, 8.7140899], [77.4813581, 8.714143], [77.4819536, 8.7142013], [77.4823452, 8.7143763], [77.4825276, 8.7144293], [77.4828333, 8.7144611], [77.4829192, 8.7146573], [77.4829138, 8.7148853], [77.4829567, 8.7149754], [77.4831123, 8.7149967], [77.4834073, 8.7149914], [77.4836468, 8.7150346], [77.4838418, 8.7150868], [77.4838901, 8.7151557], [77.4838668, 8.7153845], [77.4837936, 8.7156383], [77.4837399, 8.7159246], [77.4837185, 8.7162374], [77.4837989, 8.7165026], [77.4839116, 8.7168896], [77.4838936, 8.7172033], [77.4838829, 8.7174578], [77.4838817, 8.7175651], [77.4838794, 8.7177645], [77.4836916, 8.717807], [77.4835951, 8.7178706], [77.483579, 8.7180562], [77.4836594, 8.7181304], [77.4838453, 8.7182213], [77.4838759, 8.7184326], [77.4838829, 8.7184812], [77.483933, 8.7188887], [77.4840242, 8.7191644], [77.4841101, 8.7193288], [77.4842924, 8.7196045], [77.4843622, 8.7198855], [77.4845392, 8.7199544], [77.4849737, 8.7201718], [77.48514, 8.7203362], [77.4852207, 8.7205568], [77.485301, 8.7207763], [77.4856587, 8.7212932], [77.4857194, 8.7213808], [77.4860788, 8.7218103], [77.4863953, 8.7220542], [77.4868172, 8.7222459], [77.4875575, 8.7226542], [77.4882246, 8.7230935], [77.4884981, 8.7233268], [77.4888093, 8.7239153], [77.4892384, 8.7246948], [77.4898178, 8.7257552], [77.4902416, 8.7264604], [77.4906707, 8.7272187], [77.4909711, 8.727855], [77.491116, 8.7282314]]}}, {"type": "Feature", "properties": {"id": 205332970, "name": "Manimuthaaru Pradhaana Kaalvaai", "category": "waterway", "type": "canal"}, "geometry": {"type": "LineString", "coordinates": [[77.4930882, 8.6244257], [77.4934176, 8.6246739], [77.4937932, 8.6248648], [77.4947158, 8.6248011], [77.4951021, 8.6247375], [77.4956922, 8.6249603], [77.4964003, 8.6251406], [77.4971942, 8.6249815], [77.4997369, 8.6248648], [77.5002412, 8.6247269], [77.5009278, 8.6243768], [77.5016145, 8.6235707], [77.5021616, 8.6231464], [77.5027839, 8.6228494], [77.5033633, 8.6227857], [77.5040821, 8.6229236], [77.5048546, 8.6233797], [77.5055841, 8.6237404], [77.5059597, 8.6238783], [77.5062601, 8.6238677], [77.5065605, 8.6237298], [77.5068609, 8.6235601], [77.5072471, 8.6234964], [77.5074295, 8.6234646], [77.5077621, 8.6235282], [77.5080089, 8.6236449], [77.5083629, 8.6238889], [77.5103477, 8.6248754], [77.513266, 8.6264347], [77.5143925, 8.6269439], [77.5153528, 8.627426], [77.5160394, 8.6278184], [77.5168011, 8.6286352], [77.5181852, 8.6297172], [77.5195638, 8.6304119], [77.5201003, 8.631059], [77.5205294, 8.632841], [77.5210229, 8.6346867], [77.5220905, 8.6356997], [77.5235013, 8.636649], [77.5243489, 8.6367445], [77.5261406, 8.6365642], [77.5272242, 8.6369991], [77.5286136, 8.6374711], [77.5296382, 8.6377946], [77.5305072, 8.6375824], [77.5312153, 8.6370309], [77.532535, 8.6365217], [77.5339673, 8.63623], [77.5353245, 8.6360126], [77.5372235, 8.6362141], [77.5380496, 8.6362565], [77.538696, 8.6361591], [77.539616, 8.6358654], [77.5399915, 8.6356758], [77.5419442, 8.6344003], [77.546858, 8.6309953], [77.5506023, 8.6285132], [77.5534133, 8.6265514], [77.5537137, 8.6258407], [77.5539605, 8.6249496], [77.5543682, 8.6238571], [77.554808, 8.6233373], [77.5554089, 8.6231252], [77.5561813, 8.6231358], [77.5589708, 8.6238465], [77.5614116, 8.6235754], [77.5631175, 8.6233315], [77.5642494, 8.6235176], [77.565215, 8.6238571], [77.5657354, 8.6239891], [77.5664596, 8.6240268], [77.5673769, 8.6233633], [77.5683478, 8.6223508], [77.569984, 8.6206371], [77.5711628, 8.6193218], [77.5721029, 8.6185108], [77.5734279, 8.6178898], [77.5741253, 8.6176352], [77.5752948, 8.6176564], [77.575917, 8.6174654], [77.5765071, 8.617073], [77.5770918, 8.6161771], [77.5776766, 8.6150787], [77.5784168, 8.6136679], [77.578846, 8.6129571], [77.5796238, 8.6122629], [77.5801925, 8.6118916], [77.5823114, 8.6108037], [77.583041, 8.6104006], [77.5836364, 8.6099716], [77.5838725, 8.6094518], [77.5839583, 8.6088789], [77.5837437, 8.6081258], [77.5831858, 8.6070331], [77.582644, 8.6059135], [77.5825796, 8.6053937], [77.5827513, 8.6048527], [77.5831483, 8.6040358], [77.5833092, 8.6033994], [77.5836606, 8.602721], [77.5840844, 8.6023544], [77.5845377, 8.6022065], [77.5859699, 8.6023067], [77.5869516, 8.6024186], [77.5874237, 8.6024186], [77.5884563, 8.6018904], [77.588915, 8.6016336], [77.5895587, 8.601265], [77.5903098, 8.6008805], [77.5906853, 8.600785], [77.591329, 8.6008062], [77.592021, 8.6008958], [77.5929169, 8.6009441], [77.5933407, 8.600864], [77.5937376, 8.6006625], [77.5940917, 8.6001639], [77.5941829, 8.5994377], [77.593979, 8.5985148], [77.5937537, 8.597698], [77.5936893, 8.596966], [77.5937591, 8.5963131], [77.594038, 8.5957296], [77.5941936, 8.5954384], [77.5944618, 8.5951944], [77.5949661, 8.5947595], [77.5954274, 8.5946428], [77.596039, 8.59442], [77.5971226, 8.5942291], [77.5974766, 8.5940805], [77.5978629, 8.5938259], [77.5981043, 8.59347], [77.5985173, 8.5924044], [77.5987802, 8.5913165], [77.5990913, 8.5903724], [77.5991718, 8.5895295], [77.5992522, 8.5883355], [77.5992308, 8.5874444], [77.5987963, 8.5864849], [77.5978146, 8.5851424], [77.5969134, 8.583933], [77.5964949, 8.5836253], [77.5957225, 8.5831373], [77.5953094, 8.5825385], [77.5951431, 8.5821401], [77.595127, 8.5816898], [77.5952558, 8.5809896], [77.5954113, 8.5806231], [77.5957493, 8.5798969], [77.5966612, 8.578836], [77.5975625, 8.577913], [77.5978521, 8.5775523], [77.597997, 8.5771858], [77.5979916, 8.5769476], [77.5980238, 8.5764809], [77.5977556, 8.5757276], [77.5969563, 8.5750853], [77.5965057, 8.5743532], [77.5962911, 8.5733348], [77.596216, 8.5727725], [77.5963233, 8.5722208], [77.596629, 8.5717174], [77.597364, 8.5712342], [77.5978736, 8.5709854], [77.5999979, 8.5696593], [77.6029322, 8.5682425], [77.6037101, 8.5677178], [77.604107, 8.5667206], [77.6042036, 8.5660734], [77.6036886, 8.5647473], [77.6029483, 8.5630922], [77.602208, 8.5615645], [77.601972, 8.5607794], [77.6019506, 8.5599519], [77.6023904, 8.5590077], [77.6027659, 8.5582968], [77.6031951, 8.5579573], [77.6040159, 8.5575483], [77.6048044, 8.557395], [77.6063601, 8.5579679], [77.6070038, 8.5580104], [77.6074437, 8.5578618], [77.6098953, 8.5571664], [77.6106463, 8.5566465], [77.6115099, 8.555793], [77.6116866, 8.555637]]}}, {"type": "Feature", "properties": {"id": 207729446, "name": "State Highway / District Road", "category": "highway", "type": "tertiary"}, "geometry": {"type": "LineString", "coordinates": [[77.3866651, 8.7156385], [77.387478, 8.7156077], [77.388178, 8.7155897], [77.3889559, 8.7155234], [77.3890194, 8.715518], [77.3890847, 8.7154786], [77.3889789, 8.7148114], [77.3888491, 8.713974]]}}, {"type": "Feature", "properties": {"id": 207732611, "name": "State Highway / District Road", "category": "highway", "type": "tertiary"}, "geometry": {"type": "LineString", "coordinates": [[77.3860154, 8.7174782], [77.3859335, 8.7175396], [77.3856183, 8.7179601], [77.3853127, 8.7183521], [77.3848858, 8.7185136], [77.3843678, 8.7187649], [77.3840652, 8.719083], [77.3839992, 8.7191523], [77.3834105, 8.7196438], [77.383039, 8.7199539], [77.3830238, 8.7199666], [77.3829933, 8.7200014], [77.3823996, 8.7206785], [77.3823262, 8.7207622], [77.3821746, 8.7210714], [77.3818513, 8.721329], [77.3817391, 8.7214595], [77.3813168, 8.7215703], [77.3804985, 8.7218573], [77.3798915, 8.7222487], [77.3795351, 8.7222911], [77.3789841, 8.7224737], [77.3786629, 8.7226335]]}}, {"type": "Feature", "properties": {"id": 207740443, "name": "State Highway / District Road", "category": "highway", "type": "tertiary"}, "geometry": {"type": "LineString", "coordinates": [[77.4052582, 8.7153893], [77.404542, 8.7151602], [77.4037025, 8.7145833], [77.4037025, 8.714297], [77.4037669, 8.7138091], [77.4035765, 8.713527], [77.403327, 8.7133849], [77.4026466, 8.7123594], [77.4022434, 8.7117518], [77.402222, 8.7115331], [77.4022112, 8.711423], [77.4016748, 8.7111791], [77.4015912, 8.7110217]]}}, {"type": "Feature", "properties": {"id": 207740477, "name": "State Highway / District Road", "category": "highway", "type": "tertiary"}, "geometry": {"type": "LineString", "coordinates": [[77.4153596, 8.7094871], [77.4153722, 8.7090807], [77.4153505, 8.7086425], [77.415307, 8.7081291], [77.4151966, 8.7075674], [77.4151007, 8.7071488], [77.4149596, 8.7068214], [77.414784, 8.7064457], [77.4146845, 8.706265], [77.4146718, 8.7061989], [77.4146917, 8.7061362], [77.4147424, 8.7060915], [77.4152473, 8.7057785], [77.415669, 8.7055209], [77.4157378, 8.7054529], [77.4157902, 8.705367], [77.4157902, 8.7052418], [77.4157667, 8.7048625], [77.4156111, 8.7038411], [77.4155966, 8.7037212], [77.4155984, 8.7036336], [77.4156835, 8.7033527], [77.4158156, 8.7030575], [77.4160128, 8.7027409], [77.4161377, 8.7025531], [77.416348, 8.7023604], [77.4163856, 8.7023259], [77.4168037, 8.7020182], [77.4169681, 8.7019085], [77.4178171, 8.701342], [77.4184886, 8.7009216], [77.4189283, 8.7005692], [77.4192758, 8.7002436]]}}, {"type": "Feature", "properties": {"id": 232728336, "name": "State Highway / District Road", "category": "highway", "type": "tertiary"}, "geometry": {"type": "LineString", "coordinates": [[77.5250025, 8.7452779], [77.5247213, 8.7452087], [77.5243619, 8.7449754], [77.5243239, 8.7449216], [77.5241919, 8.7447348], [77.5241326, 8.7446666], [77.5240069, 8.7445221], [77.5239094, 8.7444098], [77.5236854, 8.7441518], [77.5235362, 8.7439934], [77.5234586, 8.743911], [77.523331, 8.7436847], [77.5228894, 8.7429712], [77.5228744, 8.7429291], [77.52273, 8.7425234], [77.5225785, 8.742098], [77.5225487, 8.7420142], [77.5224732, 8.7417717], [77.5223771, 8.7414628], [77.5223658, 8.7414144], [77.5223002, 8.7411344], [77.5221169, 8.740352], [77.5221073, 8.74033], [77.5219893, 8.7400607], [77.5217656, 8.7395497], [77.5217199, 8.7394453], [77.5206256, 8.7372052], [77.5205103, 8.7370064]]}}, {"type": "Feature", "properties": {"id": 232728340, "name": "State Highway / District Road", "category": "highway", "type": "tertiary"}, "geometry": {"type": "LineString", "coordinates": [[77.5097454, 8.6991485], [77.5138815, 8.6990193]]}}, {"type": "Feature", "properties": {"id": 232728351, "name": "State Highway / District Road", "category": "highway", "type": "tertiary"}, "geometry": {"type": "LineString", "coordinates": [[77.5180519, 8.7260444], [77.5180541, 8.7258027], [77.5180592, 8.7252254], [77.5180635, 8.7248934], [77.5180707, 8.7243289], [77.5180886, 8.7229423], [77.5178759, 8.7199562], [77.5177146, 8.7185501], [77.5171646, 8.7173034], [77.5166074, 8.7163105], [77.5161747, 8.715216], [77.5159841, 8.7148246], [77.5159621, 8.7145202], [77.5161454, 8.7137809], [77.5158961, 8.7137157], [77.5147375, 8.7137157], [77.5147155, 8.7127372], [77.5146202, 8.7110701], [77.5146018, 8.7109753], [77.5145175, 8.710541], [77.5143562, 8.710396], [77.5142096, 8.7102221], [77.5138209, 8.7095118], [77.5134975, 8.7090494], [77.5134103, 8.7089247], [77.513292, 8.7088262], [77.5131139, 8.708678], [77.5129923, 8.7085768], [77.5128516, 8.7085768], [77.5125113, 8.7085768], [77.5124277, 8.7085768], [77.5123494, 8.7085578], [77.5119499, 8.7084606], [77.5115331, 8.7083593], [77.511465, 8.7083416], [77.5110218, 8.7082266], [77.5109465, 8.7082071]]}}, {"type": "Feature", "properties": {"id": 232728357, "name": "State Highway / District Road", "category": "highway", "type": "tertiary"}, "geometry": {"type": "LineString", "coordinates": [[77.5214839, 8.691971], [77.5215027, 8.6918464], [77.5215013, 8.6917377], [77.5214978, 8.6916884], [77.5214839, 8.6914911], [77.5214866, 8.691397], [77.5214937, 8.691144], [77.5215027, 8.6908256], [77.5215528, 8.6905641], [77.5216152, 8.6902388], [77.5216529, 8.6900421], [77.5216765, 8.6899478], [77.5217314, 8.6897284], [77.5217494, 8.6896563], [77.5218461, 8.6893912], [77.5219419, 8.6891285], [77.5220477, 8.6888311], [77.5220767, 8.6887495], [77.5221109, 8.6886025], [77.5221491, 8.688438], [77.5221574, 8.6884043], [77.5222161, 8.6881662], [77.5222617, 8.688094], [77.5223932, 8.6879607], [77.5225125, 8.6878175], [77.5225796, 8.6877141], [77.5226426, 8.6875736], [77.5226668, 8.6874675], [77.5226791, 8.6874076]]}}, {"type": "Feature", "properties": {"id": 232728561, "name": "State Highway / District Road", "category": "highway", "type": "secondary"}, "geometry": {"type": "LineString", "coordinates": [[77.5582745, 8.6783243], [77.5586608, 8.6785268], [77.5594577, 8.6789447], [77.5597977, 8.6790744], [77.5602645, 8.6792524], [77.560532, 8.6794648], [77.560637, 8.6798088], [77.5606536, 8.6798633], [77.5606805, 8.6799514], [77.5607214, 8.6800855], [77.5607395, 8.6801533], [77.5607801, 8.6802874], [77.560836, 8.6806662], [77.5608203, 8.6811116], [77.5607931, 8.6814971], [77.5607891, 8.6815539], [77.5607805, 8.68178], [77.5607819, 8.6818766], [77.56078, 8.6822578], [77.5607808, 8.6824092], [77.5607912, 8.6824866], [77.5608326, 8.6825357], [77.56089, 8.6825651], [77.5609747, 8.6825862], [77.5614181, 8.6825812], [77.5617113, 8.6825895], [77.5622256, 8.682604], [77.5622791, 8.6826049], [77.563266, 8.6826163], [77.5633119, 8.682619], [77.5634395, 8.6826266], [77.5638287, 8.682653], [77.5640185, 8.6826658], [77.5641554, 8.682693], [77.5643799, 8.682774], [77.5647051, 8.6829396], [77.5648311, 8.682982], [77.5649444, 8.6830038], [77.5650269, 8.6830065], [77.5650933, 8.6829879], [77.5651301, 8.6829607], [77.5651848, 8.6829224]]}}, {"type": "Feature", "properties": {"id": 440506306, "name": "State Highway / District Road", "category": "highway", "type": "tertiary"}, "geometry": {"type": "LineString", "coordinates": [[77.4220916, 8.6485797], [77.4214834, 8.648869], [77.420533, 8.6496064], [77.4186101, 8.6512835], [77.4172951, 8.6524033], [77.4167812, 8.6530971], [77.416201, 8.6538127], [77.4159192, 8.6540257], [77.415206, 8.6546057]]}}, {"type": "Feature", "properties": {"id": 462794128, "name": "State Highway / District Road", "category": "highway", "type": "tertiary"}, "geometry": {"type": "LineString", "coordinates": [[77.5513206, 8.7744905], [77.5512518, 8.7742349], [77.5510619, 8.7735291], [77.5509901, 8.7732247], [77.5508767, 8.7727202], [77.5506999, 8.7721637], [77.5506202, 8.7719876], [77.5505721, 8.77191], [77.5505165, 8.7718126], [77.5504252, 8.7716216], [77.5503912, 8.7715344], [77.5502578, 8.7711926]]}}, {"type": "Feature", "properties": {"id": 520201652, "name": "Cherai-Nellai Town Road", "category": "highway", "type": "primary"}, "geometry": {"type": "LineString", "coordinates": [[77.5665504, 8.7083377], [77.5669927, 8.7112979], [77.5669984, 8.7114012]]}}, {"type": "Feature", "properties": {"id": 520201653, "name": "Cherai-Nellai Town Road", "category": "highway", "type": "primary"}, "geometry": {"type": "LineString", "coordinates": [[77.5665235, 8.708021], [77.5665504, 8.7083377]]}}, {"type": "Feature", "properties": {"id": 520201660, "name": "Cherai-Nellai Town Road", "category": "highway", "type": "primary"}, "geometry": {"type": "LineString", "coordinates": [[77.5659482, 8.7032177], [77.5660669, 8.7035653], [77.566146, 8.7037966], [77.5661668, 8.7039194], [77.5662285, 8.7048261], [77.5662639, 8.7054762], [77.5664994, 8.7079192], [77.5665235, 8.708021]]}}, {"type": "Feature", "properties": {"id": 520201661, "name": "Cherai-Nellai Town Road", "category": "highway", "type": "primary"}, "geometry": {"type": "LineString", "coordinates": [[77.5660458, 8.6990439], [77.5659521, 8.6994852], [77.5659361, 8.6995977], [77.565798, 8.7021748], [77.5657967, 8.7023339], [77.5658134, 8.7024894], [77.5659482, 8.7032177]]}}, {"type": "Feature", "properties": {"id": 547118220, "name": "Kannadiyan Kaalvaai", "category": "waterway", "type": "canal"}, "geometry": {"type": "LineString", "coordinates": [[77.4924409, 8.7089515], [77.4928111, 8.7092591], [77.4929506, 8.7095666], [77.4931008, 8.7100226], [77.4934012, 8.7106324], [77.4936318, 8.7118679], [77.4939698, 8.7122391], [77.4942917, 8.712377], [77.4946028, 8.7124353], [77.4952036, 8.7124724], [77.4956274, 8.7124406], [77.4961531, 8.7123398], [77.4982667, 8.7117407], [77.499581, 8.7109718], [77.5003481, 8.7098795], [77.5005412, 8.7096462], [77.5009435, 8.709556], [77.5021076, 8.7097999], [77.5033951, 8.7104468], [77.5037277, 8.7105529], [77.5048864, 8.7106165], [77.5058091, 8.7104681], [77.5067103, 8.7100333], [77.5071609, 8.7099272], [77.5079656, 8.7103196], [77.5084162, 8.7108074], [77.5087702, 8.7108817], [77.5093496, 8.7106908], [77.5099397, 8.7103885], [77.5101435, 8.7100492], [77.5102562, 8.7095295], [77.5104654, 8.7088826], [77.5107604, 8.7083788], [77.510975, 8.7078963], [77.5114202, 8.7070214], [77.5121391, 8.7054412], [77.512536, 8.7047519], [77.5132978, 8.7044973], [77.5141132, 8.7042958], [77.5145638, 8.7039459], [77.514596, 8.7035535], [77.5145638, 8.7019945], [77.5146174, 8.7014642], [77.514832, 8.7012097], [77.5158191, 8.7006052], [77.5162375, 8.7005946], [77.5170958, 8.7009021], [77.517997, 8.7013794], [77.5184691, 8.701443], [77.5194669, 8.701093], [77.5198102, 8.7002128], [77.5201321, 8.6999795], [77.5207436, 8.6996719], [77.5211728, 8.6994598], [77.521323, 8.699131], [77.5210976, 8.6984735], [77.5209689, 8.6975084], [77.5212693, 8.6965009], [77.5211406, 8.6954722], [77.5212157, 8.6943427], [77.5213712, 8.69377], [77.5218326, 8.6933776], [77.5234151, 8.6922799], [77.5239086, 8.6919776], [77.5242895, 8.6909171], [77.5246786, 8.6903334], [77.5247348, 8.6902147], [77.5249754, 8.6894166], [77.5251286, 8.6891211], [77.526328, 8.6884459], [77.5271487, 8.68808], [77.5282538, 8.68773], [77.5296646, 8.6866801], [77.5305015, 8.6864096], [77.5313544, 8.6863884], [77.532202, 8.6861392], [77.5326955, 8.6857786], [77.5334251, 8.685471], [77.535308, 8.6851369], [77.5363111, 8.6849407], [77.5388968, 8.6841983]]}}, {"type": "Feature", "properties": {"id": 547118221, "name": "Kannadiyan Kaalvaai", "category": "waterway", "type": "canal"}, "geometry": {"type": "LineString", "coordinates": [[77.4906385, 8.6803696], [77.4906653, 8.6805287], [77.4903917, 8.6809317], [77.4903381, 8.6813719], [77.4905097, 8.6816688], [77.4907941, 8.6818862], [77.4914217, 8.6821726], [77.492221, 8.6830211], [77.4923766, 8.6833207], [77.4923873, 8.6836018], [77.4922183, 8.6841532], [77.4919689, 8.6846013], [77.4919259, 8.6850044], [77.4919689, 8.6852695], [77.4920761, 8.6855134], [77.4928164, 8.6859801], [77.4930337, 8.6861683], [77.4930927, 8.6863301], [77.4930766, 8.6864707], [77.4925482, 8.6881119], [77.49125, 8.6893845], [77.4908209, 8.6899679], [77.4904239, 8.6902436], [77.4898124, 8.6921738], [77.4892652, 8.6935632], [77.4892652, 8.6939662], [77.4903703, 8.6948782], [77.4907458, 8.6952919], [77.4919581, 8.6975084], [77.49228, 8.6984735], [77.4925268, 8.6990038], [77.4931598, 8.6997568], [77.4932241, 8.700181], [77.4929452, 8.7009552], [77.4930417, 8.7016975], [77.4930632, 8.7021536], [77.4916577, 8.7046458], [77.4911749, 8.7053139], [77.4915504, 8.7077319], [77.4918401, 8.708241], [77.4924409, 8.7089515]]}}, {"type": "Feature", "properties": {"id": 547118223, "name": "State Highway / District Road", "category": "highway", "type": "tertiary"}, "geometry": {"type": "LineString", "coordinates": [[77.4332238, 8.6514167], [77.4334699, 8.6515256], [77.4348283, 8.651732], [77.4351517, 8.6517812], [77.4357088, 8.6518658], [77.4365759, 8.6519976], [77.4382174, 8.652512], [77.439124, 8.6526393], [77.4399447, 8.6527295], [77.4401325, 8.6527295], [77.4402881, 8.652703], [77.440905, 8.6525545], [77.4411464, 8.6525704], [77.4413878, 8.6526711], [77.4421012, 8.6529947], [77.4422514, 8.6530583], [77.4425518, 8.6531007], [77.4431507, 8.6531104], [77.4448425, 8.6531378], [77.4459797, 8.6531325], [77.4468595, 8.6530212], [77.4472028, 8.6530212], [77.4474603, 8.6530636], [77.4477875, 8.6531856]]}}, {"type": "Feature", "properties": {"id": 548176493, "name": "Thamirabarani River", "category": "waterway", "type": "river"}, "geometry": {"type": "LineString", "coordinates": [[77.4188518, 8.519995], [77.4157619, 8.5200798], [77.4132728, 8.5197403], [77.4098395, 8.5201647], [77.4059772, 8.5216926], [77.4030589, 8.5234752], [77.3992824, 8.5248333], [77.394905, 8.5267856], [77.3897552, 8.5277193], [77.3860644, 8.530096], [77.3817729, 8.532897], [77.3785972, 8.5349342], [77.3755073, 8.5373108], [77.372798, 8.5388773], [77.372691, 8.5393637], [77.3731685, 8.5397987], [77.3731309, 8.5402656], [77.3733777, 8.5407802], [77.373206, 8.5413319], [77.373235, 8.541892], [77.3732999, 8.5426475], [77.3731792, 8.5427748], [77.3727339, 8.5426448], [77.3725301, 8.542674], [77.3723745, 8.5429074], [77.3725784, 8.543178], [77.373383, 8.5436979], [77.3740965, 8.5437562], [77.3745203, 8.5434644], [77.3749387, 8.5431302], [77.3750836, 8.5432841], [77.3752606, 8.5436872], [77.3750332, 8.5442133], [77.3745471, 8.5452363], [77.3740482, 8.5454113], [77.3737585, 8.5456554], [77.3735815, 8.5467322], [77.373206, 8.5468861], [77.3725891, 8.5470399], [77.3723048, 8.5474855], [77.3726267, 8.5482229], [77.3726267, 8.549374], [77.3722243, 8.5510875], [77.3725998, 8.5531086], [77.3725837, 8.553777], [77.3728144, 8.5539839], [77.3739785, 8.5541961], [77.3743004, 8.5543924], [77.3737854, 8.5553419], [77.3728841, 8.5565355], [77.3725784, 8.5596493], [77.3727876, 8.5611028], [77.3725998, 8.5626358], [77.3722887, 8.5630549], [77.3721814, 8.5643811], [77.3724174, 8.5656595], [77.3721278, 8.5670546], [77.3717469, 8.5676381], [77.3720849, 8.5686831], [77.3717684, 8.5692506], [77.3716235, 8.5709799], [77.3711461, 8.5718605], [77.3707437, 8.5740937], [77.3716557, 8.5758866], [77.3717844, 8.5774355], [77.3716342, 8.5785176], [77.3706686, 8.5800558], [77.370615, 8.5825913], [77.3705506, 8.5836628], [77.3700786, 8.5845327], [77.3703146, 8.5862407], [77.369864, 8.5882669], [77.3700142, 8.5889034], [77.3708081, 8.5895187], [77.3726427, 8.5905902], [77.3734259, 8.5913116], [77.3735011, 8.5926694], [77.372911, 8.5942289], [77.3730719, 8.5947699], [77.3741233, 8.5957246], [77.3746169, 8.596446], [77.3764729, 8.5970931], [77.3781574, 8.59826], [77.3789835, 8.5986525], [77.3802602, 8.5999998], [77.3811507, 8.6031186], [77.3815262, 8.6046886], [77.3820412, 8.6063646], [77.3835218, 8.6083165], [77.3841762, 8.6097486], [77.3850024, 8.6106927], [77.3858607, 8.6113398], [77.3892724, 8.6121566], [77.3904848, 8.6129522], [77.391504, 8.615742], [77.3920351, 8.6163467], [77.3926306, 8.616474], [77.3934513, 8.6162618], [77.3945403, 8.6171422], [77.3948353, 8.6177416], [77.3951518, 8.6184523], [77.3958975, 8.6194229], [77.3975766, 8.6209928], [77.4005055, 8.6228279], [77.4039841, 8.6266481]]}}, {"type": "Feature", "properties": {"id": 548176496, "name": "State Highway / District Road", "category": "highway", "type": "tertiary"}, "geometry": {"type": "LineString", "coordinates": [[77.4077856, 8.617427], [77.4078736, 8.6176249], [77.4078529, 8.6178273], [77.4077752, 8.6181432], [77.4077666, 8.6185102], [77.4078529, 8.618698], [77.4078097, 8.6189797], [77.407827, 8.619176], [77.4079133, 8.6193638], [77.4078443, 8.6196285], [77.4077925, 8.6198504], [77.4077925, 8.6201918], [77.4079651, 8.6204906], [77.4082241, 8.6206442], [77.4086904, 8.6206869], [77.409053, 8.6207211], [77.4095451, 8.6205589], [77.4102012, 8.6201833], [77.4106675, 8.6199784], [77.4112459, 8.6197821], [77.4116172, 8.6195602], [77.4118416, 8.6194236], [77.4119867, 8.6193858]]}}, {"type": "Feature", "properties": {"id": 548176527, "name": "State Highway / District Road", "category": "highway", "type": "tertiary"}, "geometry": {"type": "LineString", "coordinates": [[77.4293983, 8.5845725], [77.429431, 8.5845568], [77.4294674, 8.5845613], [77.4294926, 8.5845869], [77.4294975, 8.5846096], [77.4294928, 8.5846431], [77.4293951, 8.5847279], [77.4292788, 8.5848312], [77.4291354, 8.5851003], [77.4291323, 8.5852088], [77.4290845, 8.585384], [77.428768, 8.5858482], [77.4286687, 8.5860312], [77.428663, 8.5861079], [77.4286774, 8.5861727], [77.4287063, 8.5862248], [77.4288082, 8.5863547], [77.4288415, 8.586455], [77.4288431, 8.5865669], [77.4287921, 8.5868454], [77.4287723, 8.586895], [77.4287484, 8.5869256], [77.4287117, 8.5869355], [77.4286678, 8.5869425], [77.4286124, 8.5869196], [77.4284944, 8.5868056], [77.4284186, 8.5867089], [77.4284032, 8.5866968], [77.4281886, 8.5866014], [77.4278104, 8.5862752], [77.4276656, 8.5862831], [77.4274027, 8.5864449], [77.4271345, 8.5865404], [77.4269736, 8.5866836], [77.4267134, 8.5868295], [77.4263164, 8.5870151], [77.4262628, 8.5871], [77.4262682, 8.5872724], [77.4263594, 8.5875482], [77.4264023, 8.5877604], [77.4262923, 8.5879725], [77.426177, 8.5881555], [77.4262682, 8.588243], [77.4264291, 8.5883332], [77.4264076, 8.5884313], [77.4263057, 8.5885189], [77.4263138, 8.5887947], [77.4262011, 8.5892243], [77.4260241, 8.5896168], [77.4260375, 8.5900359], [77.4260724, 8.5901764], [77.4262789, 8.5903356], [77.4263406, 8.590439], [77.4262843, 8.5907016], [77.4262655, 8.5910119], [77.4263594, 8.5911736], [77.4265149, 8.5912797], [77.4268448, 8.591346], [77.4271238, 8.5914309], [77.4272847, 8.5916245], [77.4274322, 8.5917173], [77.42762, 8.5917545], [77.428017, 8.5916457], [77.4281779, 8.5914999], [77.4281698, 8.5914017], [77.4281752, 8.5912214], [77.4282825, 8.5911975], [77.4283576, 8.5912373], [77.4283496, 8.591346], [77.428312, 8.5914627], [77.4281698, 8.5916298], [77.4280411, 8.5917492], [77.4276254, 8.5919746], [77.427384, 8.5919719], [77.4271184, 8.5919693], [77.4268422, 8.5919746], [77.4265873, 8.592086], [77.4260589, 8.5924758], [77.4259195, 8.5926243], [77.4258336, 8.5928339], [77.425788, 8.5929346], [77.4256834, 8.5929983], [77.4255386, 8.5929691], [77.4254501, 8.5928683], [77.4253669, 8.5922], [77.425324, 8.5921045], [77.4248654, 8.5917385], [77.4247339, 8.5916988], [77.4245971, 8.591712], [77.4243745, 8.5917969], [77.4242243, 8.5917969], [77.4240312, 8.5919454], [77.4240339, 8.5920382], [77.4239802, 8.5923061], [77.4239346, 8.5924307], [77.4240124, 8.5926164], [77.4239561, 8.5928153], [77.4238676, 8.5929187], [77.4238354, 8.5930142], [77.4237925, 8.5931866], [77.4236932, 8.5934094], [77.4236315, 8.5937064], [77.4235538, 8.5938814], [77.4235323, 8.5940618], [77.423535, 8.5941917], [77.4234679, 8.5943509], [77.4233392, 8.5944861], [77.4232373, 8.5945604], [77.4232587, 8.5946744], [77.4232668, 8.5947407], [77.4232051, 8.5948415], [77.4230307, 8.5949105], [77.422969, 8.594998], [77.4230576, 8.5951704], [77.4230388, 8.5952977], [77.4228993, 8.5953242], [77.4226445, 8.5952897], [77.4225882, 8.5953958], [77.4225694, 8.5957246], [77.4224246, 8.5960243], [77.422151, 8.5963028], [77.4218854, 8.5964858], [77.4214965, 8.5964858], [77.4213275, 8.596454], [77.4211666, 8.5964646], [77.4211371, 8.596576], [77.4211156, 8.5967457], [77.4209842, 8.5968279], [77.4208045, 8.5968491], [77.420724, 8.5968889], [77.4207079, 8.5970242], [77.4206838, 8.5977959], [77.4205363, 8.5980213], [77.4197879, 8.5988249], [77.419627, 8.5989071], [77.4193481, 8.5989336], [77.4191308, 8.5990053], [77.4190798, 8.599228], [77.4190262, 8.5994137], [77.4190503, 8.5994985], [77.4191871, 8.5995569], [77.4193937, 8.5996152], [77.4195948, 8.599647], [77.419745, 8.5997346], [77.4199676, 8.5999865], [77.420024, 8.6001748], [77.4200401, 8.6004268], [77.4201071, 8.6005673], [77.4202305, 8.6008219], [77.4201822, 8.6009306], [77.4200883, 8.6010765], [77.4198899, 8.6011269], [77.4196753, 8.6011189], [77.4195197, 8.6010632], [77.4193561, 8.6010924], [77.4192408, 8.6012224], [77.4190986, 8.601294], [77.4190637, 8.6013735], [77.4190932, 8.6014054], [77.4191603, 8.6014186], [77.4192381, 8.6013921], [77.4193802, 8.6012595], [77.4194875, 8.6012356], [77.4196538, 8.6012701], [77.4197423, 8.6013894], [77.4198979, 8.6014557], [77.4200642, 8.6015459], [77.4201527, 8.6016228], [77.420091, 8.6016971], [77.4199864, 8.6016997], [77.4197906, 8.6016812], [77.41956, 8.6015698], [77.4194178, 8.6015592], [77.4193883, 8.601652], [77.419289, 8.6018695], [77.4192059, 8.6019199], [77.4189994, 8.6020233], [77.4188626, 8.6021957], [77.4187526, 8.6022805], [77.4186212, 8.6022567], [77.4185675, 8.6021824], [77.4184468, 8.6021267], [77.4181464, 8.602193], [77.4175751, 8.6022142], [77.4172989, 8.6022779], [77.4170896, 8.602323], [77.4169636, 8.602262], [77.4168241, 8.6022487], [77.4167168, 8.6023548], [77.4161991, 8.6031743], [77.4158505, 8.6034554], [77.4156332, 8.6036967], [77.4155956, 8.6038452], [77.4155614, 8.603953], [77.4155362, 8.6040616], [77.4155135, 8.6041206], [77.4154883, 8.6041706], [77.4154647, 8.6042215], [77.4154395, 8.60427], [77.4154254, 8.6043209], [77.4154097, 8.6043758], [77.4153972, 8.6044243], [77.4153945, 8.6044711], [77.4154228, 8.6045301], [77.4154409, 8.6045964], [77.415451, 8.6046664], [77.4154481, 8.6047337], [77.4153811, 8.604861], [77.4152496, 8.6049087], [77.4149063, 8.6049591], [77.4146435, 8.6050519], [77.4144691, 8.6051076], [77.4144294, 8.6051301], [77.4143882, 8.6051376], [77.4143577, 8.6051264], [77.4143364, 8.6051061], [77.4143344, 8.6050824], [77.41434, 8.6050572], [77.4143672, 8.6049617], [77.414394, 8.6048212], [77.4145254, 8.6041529], [77.4147186, 8.603771], [77.4146783, 8.603527], [77.4145898, 8.6033546], [77.4144852, 8.6033148], [77.4141794, 8.6032803], [77.4139541, 8.603291], [77.4137852, 8.6035721], [77.4134687, 8.6036914], [77.4131951, 8.6038983], [77.4130288, 8.6038956], [77.4129, 8.6037259], [77.4127927, 8.6037153], [77.4127606, 8.6037975], [77.4126855, 8.604121], [77.4125433, 8.6045003], [77.4124467, 8.6045772], [77.4122348, 8.6045931], [77.4117842, 8.6045931], [77.4116072, 8.6046435], [77.4115187, 8.6047947], [77.4113899, 8.60528], [77.4110278, 8.605524], [77.4108589, 8.605752], [77.4107972, 8.6058767], [77.410714, 8.6059509], [77.4105692, 8.6059085], [77.410427, 8.6058634], [77.4104002, 8.6059456], [77.4104217, 8.606057], [77.4104485, 8.6061923], [77.4104056, 8.6065397], [77.410427, 8.6066749], [77.4106926, 8.6069348], [77.4106899, 8.6070542], [77.4105853, 8.6071947], [77.4104163, 8.6072265], [77.4102795, 8.6071576], [77.410132, 8.606972], [77.4100006, 8.606972], [77.4099737, 8.6070595], [77.4099496, 8.6071629], [77.4093515, 8.6077994], [77.4090913, 8.607863], [77.4087211, 8.6081309], [77.4085066, 8.6082979], [77.4083939, 8.6083218], [77.4082732, 8.6081972], [77.4080721, 8.6081044], [77.407946, 8.6081309], [77.4078977, 8.6081945], [77.4078709, 8.6083457], [77.4077421, 8.6086533], [77.4073184, 8.6090272], [77.4070716, 8.6091174], [77.4068436, 8.6091254], [77.4065459, 8.6094118], [77.4060389, 8.6098308], [77.4059907, 8.6100164], [77.4057761, 8.6101809], [77.4055374, 8.6102631], [77.4052316, 8.6101994], [77.4050653, 8.6099342], [77.4049419, 8.6098653], [77.4048024, 8.6099183], [77.4048158, 8.6100589], [77.4048856, 8.6102551], [77.4048829, 8.6104805], [77.4047783, 8.6106397], [77.4046093, 8.6114299], [77.4045584, 8.6116686], [77.4044993, 8.6117959], [77.4043357, 8.6119285], [77.4042258, 8.6122812], [77.4041024, 8.6124165], [77.4029383, 8.6130105], [77.4027157, 8.6131219], [77.4024582, 8.6132121], [77.4022785, 8.6131564], [77.4020961, 8.612931], [77.4020264, 8.6128965], [77.4019191, 8.6129548], [77.4018279, 8.6131431], [77.4017903, 8.6135992], [77.4017957, 8.613761], [77.4018091, 8.6138459], [77.4017876, 8.6140978], [77.4015301, 8.6145407], [77.4012136, 8.6147502], [77.4010715, 8.6148377], [77.4008703, 8.6151904], [77.4008784, 8.6152647], [77.4009508, 8.6152991], [77.4010634, 8.6152514], [77.4011868, 8.615026], [77.4012753, 8.6150048], [77.4013585, 8.6150419], [77.4013424, 8.6152594], [77.4012431, 8.6156174], [77.401278, 8.6164421], [77.401219, 8.6168744], [77.4012753, 8.6169911], [77.401396, 8.6170945], [77.4017474, 8.6172722], [77.4019647, 8.6174923], [77.4020693, 8.6175666], [77.4024153, 8.6176965], [77.4025306, 8.6177442], [77.4027827, 8.6177708], [77.4033862, 8.6179829], [77.4040487, 8.6183277], [77.404148, 8.618325], [77.4043518, 8.6183064], [77.4045557, 8.6181632], [77.4047488, 8.6178556], [77.4049526, 8.6170866], [77.4051458, 8.6165376], [77.4053603, 8.6163414], [77.4058056, 8.6161822], [77.4063206, 8.6161027], [77.4065673, 8.616161], [77.4066746, 8.6163042], [77.4069858, 8.616946], [77.4071735, 8.6171104], [77.4074042, 8.6172165], [77.4077856, 8.617427]]}}, {"type": "Feature", "properties": {"id": 548612229, "name": "Cheranmahadevi - Panagudi Road", "category": "highway", "type": "primary"}, "geometry": {"type": "LineString", "coordinates": [[77.5646527, 8.5419738], [77.5646487, 8.5421124], [77.5646356, 8.5423451], [77.5646675, 8.5438411], [77.5646621, 8.5444803], [77.5646675, 8.5445533], [77.5646871, 8.5446296], [77.565051, 8.5456156], [77.5653246, 8.5464988], [77.5653722, 8.5467165], [77.5654215, 8.5478814], [77.5654614, 8.5480638], [77.5657403, 8.5487507], [77.5657723, 8.5488786], [77.5658691, 8.5499629], [77.5659496, 8.5508435], [77.5659451, 8.5511566], [77.5657873, 8.5529335], [77.5657135, 8.5532571], [77.5655369, 8.5536923], [77.5652415, 8.5541218], [77.5651181, 8.5544056], [77.5650529, 8.5546634], [77.564697, 8.5567424], [77.564367, 8.5588271], [77.564177, 8.5595694], [77.5642088, 8.5596785], [77.5644234, 8.5600207], [77.5646548, 8.5606527], [77.5647021, 8.5608508], [77.5647211, 8.5610657], [77.5647023, 8.5612885], [77.564638, 8.5615564], [77.564536, 8.5620364], [77.5645226, 8.5621956], [77.5645414, 8.5626411], [77.5645387, 8.5633944], [77.5643427, 8.5645948], [77.5638306, 8.5663119], [77.5634014, 8.5700516], [77.5632512, 8.5705609], [77.5625146, 8.5718739], [77.5621439, 8.5729677], [77.5620202, 8.574364], [77.5619638, 8.5750007], [77.561845, 8.575417], [77.5612396, 8.5765867], [77.5607729, 8.5774142], [77.5606783, 8.5777983], [77.5604188, 8.5795678], [77.5603223, 8.5806181], [77.5602472, 8.5809337], [77.5601533, 8.5812042], [77.56013, 8.5815145], [77.5601671, 8.5820918], [77.560156, 8.5821749], [77.5601184, 8.5822465], [77.5595091, 8.5829039], [77.5593674, 8.5838431], [77.5592658, 8.5846796], [77.5592548, 8.586787], [77.559392, 8.5889143], [77.5593997, 8.5890263], [77.5594119, 8.589203], [77.5594353, 8.5895415], [77.5596893, 8.5908925], [77.559979, 8.5921921], [77.5600535, 8.5925007], [77.5606066, 8.5947911], [77.560688, 8.5950818], [77.5607729, 8.5953852], [77.560907, 8.5956743], [77.5611002, 8.5959793], [77.5616227, 8.5966928], [77.5631413, 8.5987666], [77.5635356, 8.5995489], [77.5636134, 8.5997018], [77.5637582, 8.5999865], [77.5640291, 8.6004984], [77.5643483, 8.6013634], [77.5645672, 8.6021057], [77.5648084, 8.6029096], [77.5650409, 8.6034751], [77.5651855, 8.6037946], [77.5654892, 8.6042774], [77.5656356, 8.60451], [77.5657148, 8.6046359], [77.5661781, 8.605673], [77.5664582, 8.6062194], [77.5670591, 8.6070831], [77.5676586, 8.6082795], [77.5680377, 8.6091004], [77.5683395, 8.6098929], [77.5683605, 8.6099893], [77.5687945, 8.6119846], [77.5688221, 8.6123431], [77.568833, 8.6137896], [77.5689556, 8.6150695], [77.5689619, 8.6151234], [77.5691363, 8.6166209], [77.5692057, 8.6168267], [77.5692648, 8.6169593], [77.5693693, 8.6170919], [77.5697761, 8.6175441], [77.569905, 8.617679], [77.5712804, 8.6190463], [77.5713341, 8.6190994]]}}, {"type": "Feature", "properties": {"id": 548623423, "name": "State Highway / District Road", "category": "highway", "type": "tertiary"}, "geometry": {"type": "LineString", "coordinates": [[77.5833678, 8.6076535], [77.5836039, 8.6076522]]}}, {"type": "Feature", "properties": {"id": 548623424, "name": "State Highway / District Road", "category": "highway", "type": "tertiary"}, "geometry": {"type": "LineString", "coordinates": [[77.5836039, 8.6076522], [77.583676, 8.607647], [77.584253, 8.6076058], [77.5843817, 8.6076323], [77.5846204, 8.6077622], [77.5848699, 8.6078604], [77.5851703, 8.608473], [77.5854412, 8.6089742], [77.5856021, 8.6092447], [77.5858006, 8.6092447], [77.5863612, 8.6090644], [77.5873589, 8.6088283], [77.5881341, 8.6086294], [77.5886089, 8.6085685], [77.5887188, 8.6085711], [77.5893572, 8.608717], [77.589899, 8.6088177], [77.5908834, 8.6089318], [77.5910336, 8.6090113], [77.5910845, 8.6090856], [77.5911328, 8.6092394], [77.5912428, 8.6094516], [77.5913796, 8.6095762], [77.5915191, 8.6096346], [77.5917175, 8.6096849], [77.5918785, 8.6096849], [77.5922808, 8.6096054], [77.5925973, 8.6095842], [77.5927824, 8.6096239], [77.5929782, 8.6097009], [77.5932249, 8.6098228], [77.5935629, 8.6102259], [77.5937667, 8.6107245], [77.5939089, 8.6110772], [77.5940028, 8.611186], [77.5941235, 8.611231], [77.5942898, 8.6112417], [77.5956336, 8.6107457], [77.5976559, 8.6100642], [77.5989193, 8.6095099], [77.5991821, 8.6093084], [77.599217, 8.6092076], [77.5991902, 8.6090352], [77.5987932, 8.6079187], [77.5984874, 8.6073698], [77.5982702, 8.6069454], [77.5981683, 8.6065635], [77.5981092, 8.6058979], [77.5980771, 8.6055876], [77.5981039, 8.6055293], [77.5983587, 8.6053436], [77.5998473, 8.6046514], [77.6007861, 8.6042802], [77.6009524, 8.6044154], [77.6012501, 8.604975], [77.6013869, 8.605028], [77.6014915, 8.6050068], [77.6020387, 8.6047549], [77.602433, 8.604731], [77.6035112, 8.6050439], [77.6049677, 8.6052561], [77.6055658, 8.6053569], [77.6060244, 8.6052932], [77.6064616, 8.6053516], [77.6072797, 8.6057414], [77.6076874, 8.6058979], [77.6078269, 8.6058979], [77.6085538, 8.6057335], [77.6094818, 8.605638], [77.6100933, 8.6055001], [77.6112145, 8.6061047], [77.611413, 8.6060729], [77.6126951, 8.6055319], [77.6129955, 8.6054683], [77.6137572, 8.6050546], [77.6144526, 8.6047706]]}}, {"type": "Feature", "properties": {"id": 548623425, "name": "State Highway / District Road", "category": "highway", "type": "tertiary"}, "geometry": {"type": "LineString", "coordinates": [[77.5697761, 8.6175441], [77.5701821, 8.6170362], [77.5712335, 8.6162406], [77.5735295, 8.6148351], [77.5749993, 8.6139864], [77.5763753, 8.6132359], [77.576614, 8.6131802], [77.5768501, 8.6130742], [77.5770784, 8.6128859], [77.577416, 8.6126074], [77.5777727, 8.6121645], [77.5779283, 8.6116686], [77.5781998, 8.6111671], [77.5783145, 8.6109552], [77.5784276, 8.6107826], [77.5785318, 8.6106237], [77.5793257, 8.6096584], [77.579758, 8.6093596], [77.5802679, 8.609007], [77.5808063, 8.6086348], [77.5808936, 8.6085961], [77.5815439, 8.6083082], [77.5817826, 8.6082025], [77.5823298, 8.6079665], [77.5826195, 8.6077835], [77.5828475, 8.6077172], [77.5833064, 8.607661], [77.5833678, 8.6076535]]}}, {"type": "Feature", "properties": {"id": 548623426, "name": "Cheranmahadevi - Panagudi Road", "category": "highway", "type": "primary"}, "geometry": {"type": "LineString", "coordinates": [[77.5713341, 8.6190994], [77.5714065, 8.619171]]}}, {"type": "Feature", "properties": {"id": 548623427, "name": "Cheranmahadevi - Panagudi Road", "category": "highway", "type": "primary"}, "geometry": {"type": "LineString", "coordinates": [[77.5714065, 8.619171], [77.5714538, 8.6192231], [77.5727946, 8.6207011], [77.5728984, 8.6209026], [77.5729179, 8.621327], [77.5730413, 8.6218892], [77.5730091, 8.6220695], [77.5728375, 8.6229977], [77.5726819, 8.62365], [77.5726068, 8.6238834], [77.5726443, 8.6249176], [77.5723386, 8.6269861], [77.5723203, 8.6272551], [77.5723064, 8.6274581], [77.5725263, 8.6285772], [77.5724673, 8.6295531], [77.5723171, 8.6311972], [77.5721991, 8.631945], [77.5721937, 8.6326027], [77.5722688, 8.6350795], [77.5721723, 8.6364796], [77.5722152, 8.6369729], [77.5724598, 8.6382643], [77.5727141, 8.6404149], [77.5730782, 8.6437898], [77.5729573, 8.6453459], [77.5727536, 8.6461046], [77.5725649, 8.6472402], [77.5717701, 8.6483715], [77.5701803, 8.6520108], [77.569515, 8.6536788], [77.5681903, 8.6586252], [77.567785, 8.6606144], [77.5676716, 8.6612741]]}}, {"type": "Feature", "properties": {"id": 548623428, "name": "State Highway / District Road", "category": "highway", "type": "secondary"}, "geometry": {"type": "LineString", "coordinates": [[77.5815117, 8.6411627], [77.5815225, 8.6409532], [77.581796, 8.6396671], [77.582134, 8.6381211], [77.5821716, 8.637482], [77.5822735, 8.6350477], [77.5823486, 8.6341779], [77.5823379, 8.6318708], [77.5823539, 8.6300675], [77.5822198, 8.6293356], [77.58178, 8.6270338], [77.5812435, 8.6250927], [77.5809807, 8.6243926], [77.5808519, 8.6241168], [77.5807849, 8.6238091], [77.5807875, 8.6237137], [77.5808519, 8.6236315], [77.5816083, 8.6230613], [77.5819033, 8.622873], [77.5821072, 8.6225495], [77.5822252, 8.6224805], [77.5829199, 8.6221119], [77.5829628, 8.6220112], [77.5829762, 8.620656], [77.5829118, 8.6199718], [77.5829896, 8.619102], [77.5827187, 8.6179325], [77.5826061, 8.6174578], [77.5827241, 8.6168824], [77.5827107, 8.6158428], [77.5826651, 8.6155909], [77.5825819, 8.6154344], [77.5822628, 8.6148218], [77.582067, 8.6144054], [77.5819516, 8.6140713], [77.58145, 8.6131139], [77.5812757, 8.6128328], [77.5812328, 8.6124297], [77.5813079, 8.6117455], [77.5812972, 8.6116023], [77.5812274, 8.6114856]]}}, {"type": "Feature", "properties": {"id": 548623429, "name": "State Highway / District Road", "category": "highway", "type": "secondary"}, "geometry": {"type": "LineString", "coordinates": [[77.5835368, 8.659478], [77.5835368, 8.6600189]]}}, {"type": "Feature", "properties": {"id": 548623431, "name": "State Highway / District Road", "category": "highway", "type": "secondary"}, "geometry": {"type": "LineString", "coordinates": [[77.5724598, 8.6382643], [77.5725639, 8.6383306], [77.5726444, 8.638442], [77.5731432, 8.6391155], [77.5733954, 8.639211], [77.5736797, 8.639211], [77.5750422, 8.6390253], [77.5767159, 8.638198], [77.5768447, 8.6381556], [77.5769949, 8.6381874], [77.577408, 8.6385639], [77.5787544, 8.6407914], [77.5792909, 8.64164], [77.579366, 8.6416877], [77.579602, 8.6416877], [77.5800902, 8.6414703], [77.5806802, 8.6412528], [77.5811899, 8.6411574], [77.5815117, 8.6411627], [77.5818309, 8.641343], [77.582185, 8.641701], [77.5822547, 8.6418309], [77.5823808, 8.6420033], [77.5825149, 8.6421889], [77.5828367, 8.6430481], [77.5829065, 8.643414], [77.5829521, 8.6447187], [77.5830245, 8.6459676], [77.5831345, 8.6472192], [77.5832927, 8.6485292], [77.5834429, 8.6497331], [77.5836199, 8.6510828], [77.5837728, 8.6524325], [77.5837629, 8.6526707], [77.5837085, 8.6539784], [77.5836629, 8.6553759], [77.5836655, 8.6566407], [77.5835609, 8.6587249], [77.5835368, 8.659478]]}}, {"type": "Feature", "properties": {"id": 548623435, "name": "State Highway / District Road", "category": "highway", "type": "tertiary"}, "geometry": {"type": "LineString", "coordinates": [[77.6093289, 8.6502873], [77.6094228, 8.6507778]]}}, {"type": "Feature", "properties": {"id": 548623436, "name": "State Highway / District Road", "category": "highway", "type": "tertiary"}, "geometry": {"type": "LineString", "coordinates": [[77.6094228, 8.6507778], [77.609467, 8.6509076], [77.6101148, 8.6528462], [77.610599, 8.6542515], [77.6107465, 8.6545671], [77.6109543, 8.6550988], [77.6110616, 8.6554488], [77.6113272, 8.6562204], [77.6114465, 8.6566805], [77.6115713, 8.6572771], [77.6116194, 8.6574344], [77.6116544, 8.6575489], [77.6121587, 8.65877], [77.6122552, 8.6593003], [77.6124172, 8.6596922], [77.6125073, 8.6599102], [77.6126624, 8.6605567], [77.6127007, 8.6607165], [77.6128208, 8.6612173]]}}, {"type": "Feature", "properties": {"id": 548623438, "name": "State Highway / District Road", "category": "highway", "type": "tertiary"}, "geometry": {"type": "LineString", "coordinates": [[77.5886089, 8.6085685], [77.5886813, 8.6087859], [77.5889951, 8.6104646], [77.5891077, 8.6106131], [77.589258, 8.6107935], [77.5893545, 8.6114034], [77.5896656, 8.612809], [77.5898695, 8.6135356], [77.5904167, 8.6145433], [77.5905454, 8.6153018], [77.5905991, 8.6157473], [77.5908941, 8.6165111], [77.5910014, 8.6172748], [77.5910336, 8.6184152], [77.5913984, 8.6198843], [77.5922406, 8.622165], [77.5924551, 8.6225203], [77.5929969, 8.6236659], [77.5931472, 8.6241539], [77.5930184, 8.6256814], [77.5930881, 8.6259625], [77.5933135, 8.6264239], [77.5936246, 8.6273096], [77.593866, 8.6276703], [77.5941181, 8.6279514], [77.5945044, 8.6289325], [77.594794, 8.629203], [77.5951803, 8.6293834], [77.5963604, 8.6296592], [77.5973743, 8.6298978], [77.5977606, 8.6300463], [77.598238, 8.6303221], [77.5993538, 8.6313298], [77.5995415, 8.6314571], [77.5998044, 8.6315791], [77.6004803, 8.6317753], [77.6012903, 8.6319716], [77.6014566, 8.6320988], [77.6019394, 8.6332816], [77.6023149, 8.6336104], [77.6029587, 8.6339286], [77.6041228, 8.6348461], [77.6048469, 8.6355674], [77.60607, 8.6370948], [77.606408, 8.6373918], [77.6068264, 8.6380654], [77.6070732, 8.6387283], [77.6071697, 8.639089], [77.6071054, 8.6395928], [77.6070464, 8.6402929], [77.6071603, 8.6407015], [77.607277, 8.6411202], [77.6080227, 8.643125], [77.6082802, 8.6447638], [77.6084948, 8.6458987], [77.609109, 8.6486193], [77.6091653, 8.6488686], [77.6092809, 8.6498712], [77.6093289, 8.6502873]]}}, {"type": "Feature", "properties": {"id": 548623448, "name": "State Highway / District Road", "category": "highway", "type": "tertiary"}, "geometry": {"type": "LineString", "coordinates": [[77.6062471, 8.5847714], [77.6062691, 8.5848322], [77.6069927, 8.5868295], [77.6071566, 8.5872134], [77.6076901, 8.5884632], [77.6086718, 8.5902984], [77.6095515, 8.5919852], [77.6108175, 8.5946373], [77.6119119, 8.5969234], [77.6122981, 8.5981964], [77.6128936, 8.6000104], [77.614004, 8.6034103], [77.6144526, 8.6047706], [77.6151252, 8.6068102], [77.6154041, 8.60733], [77.6172173, 8.6097592], [77.6187891, 8.6117959], [77.6199424, 8.6133181], [77.6214015, 8.6151268]]}}, {"type": "Feature", "properties": {"id": 548634366, "name": "State Highway / District Road", "category": "highway", "type": "tertiary"}, "geometry": {"type": "LineString", "coordinates": [[77.4474137, 8.6998418], [77.4475059, 8.6998999]]}}, {"type": "Feature", "properties": {"id": 548634367, "name": "State Highway / District Road", "category": "highway", "type": "tertiary"}, "geometry": {"type": "LineString", "coordinates": [[77.438882, 8.7012933], [77.4405409, 8.700545], [77.4405809, 8.700527], [77.4413949, 8.7001183], [77.4418019, 8.6999459], [77.4425771, 8.6995245], [77.4427871, 8.699391], [77.4430293, 8.6992371], [77.4436107, 8.6989561], [77.4444246, 8.6987518], [77.4450965, 8.6986943], [77.4455602, 8.6988313], [77.4455939, 8.6988412], [77.4460036, 8.6990343], [77.4462349, 8.6991432], [77.4462851, 8.6991669], [77.4469296, 8.6995184], [77.4472287, 8.6996815], [77.4474137, 8.6998418]]}}, {"type": "Feature", "properties": {"id": 548634432, "name": "State Highway / District Road", "category": "highway", "type": "tertiary"}, "geometry": {"type": "LineString", "coordinates": [[77.6142638, 8.6743931], [77.6139021, 8.6743743], [77.6138588, 8.6743746], [77.613485, 8.6743687], [77.6134359, 8.6743477], [77.6133975, 8.6743066], [77.6133818, 8.6742618], [77.6133321, 8.6740298], [77.6133268, 8.6739145], [77.6133138, 8.67278], [77.6133259, 8.6725804], [77.6133302, 8.6725006], [77.6133604, 8.6719333], [77.6133849, 8.6714751], [77.6133973, 8.671386], [77.6134123, 8.6713364], [77.613435, 8.6712874], [77.6134836, 8.6712369], [77.6135485, 8.671222], [77.6136761, 8.6712099], [77.6139089, 8.6711983], [77.6142702, 8.6711883], [77.6146719, 8.6711772], [77.6147131, 8.6711785], [77.6158542, 8.6711617]]}}, {"type": "Feature", "properties": {"id": 548634436, "name": "State Highway / District Road", "category": "highway", "type": "tertiary"}, "geometry": {"type": "LineString", "coordinates": [[77.6145262, 8.6885881], [77.614392, 8.6882221]]}}, {"type": "Feature", "properties": {"id": 548634444, "name": "State Highway / District Road", "category": "highway", "type": "tertiary"}, "geometry": {"type": "LineString", "coordinates": [[77.5847818, 8.6700662], [77.5857322, 8.6700432], [77.5863021, 8.6700151], [77.586565, 8.6700021], [77.5869184, 8.6700098], [77.5876624, 8.6700253], [77.5886376, 8.6700331], [77.5888546, 8.6700222], [77.5888564, 8.6711146], [77.5888573, 8.6715591], [77.5888631, 8.6716372], [77.5888861, 8.6716808], [77.588913, 8.6717153], [77.5889709, 8.6717599], [77.5890326, 8.6717893], [77.5890815, 8.6718064], [77.5891305, 8.6718175], [77.5892432, 8.6718297], [77.5893699, 8.6718133], [77.5894491, 8.6717972], [77.5894886, 8.6717893], [77.5895292, 8.6717905], [77.5895752, 8.6718147]]}}, {"type": "Feature", "properties": {"id": 548634457, "name": "Kannadiyan Kaalvaai", "category": "waterway", "type": "canal"}, "geometry": {"type": "LineString", "coordinates": [[77.5388968, 8.6841983], [77.5408602, 8.6830635], [77.5418365, 8.6831165], [77.5420725, 8.6833658], [77.5421584, 8.6836839], [77.54255, 8.6838961], [77.5433332, 8.6838112], [77.5437891, 8.6838324], [77.5446796, 8.6838165]]}}, {"type": "Feature", "properties": {"id": 548634472, "name": "State Highway / District Road", "category": "highway", "type": "tertiary"}, "geometry": {"type": "LineString", "coordinates": [[77.5262327, 8.6850632], [77.5263663, 8.6831796], [77.526409, 8.6829984], [77.5264602, 8.682814], [77.5266225, 8.6824315], [77.5266648, 8.6822869], [77.5266868, 8.6821877], [77.5267001, 8.6821006], [77.5267528, 8.6816371], [77.5267634, 8.6814784], [77.5267387, 8.6811632], [77.5267088, 8.6795529], [77.5268134, 8.6784724], [77.5268215, 8.6780151], [77.5267638, 8.6772965], [77.5267754, 8.6767783], [77.5267464, 8.6762333], [77.5267598, 8.6759893], [77.5267169, 8.6758382], [77.5266471, 8.6757586], [77.5265184, 8.6756817], [77.5264822, 8.6756459], [77.5264701, 8.6755995], [77.5264835, 8.6755173]]}}, {"type": "Feature", "properties": {"id": 548634475, "name": "State Highway / District Road", "category": "highway", "type": "tertiary"}, "geometry": {"type": "LineString", "coordinates": [[77.4878031, 8.6615536], [77.4878463, 8.6613235], [77.4878436, 8.6610928], [77.4877739, 8.6602655], [77.4877202, 8.6593798], [77.4876291, 8.6588018], [77.4874198, 8.6576032], [77.4873286, 8.6569987], [77.4873555, 8.6565903], [77.487328, 8.6564827], [77.487283, 8.6563066], [77.4871221, 8.6556861], [77.4870604, 8.6544849], [77.4869692, 8.6539307], [77.4866286, 8.6523927], [77.486473, 8.6518306]]}}, {"type": "Feature", "properties": {"id": 548634476, "name": "State Highway / District Road", "category": "highway", "type": "tertiary"}, "geometry": {"type": "LineString", "coordinates": [[77.4867622, 8.6649751], [77.4864648, 8.6658927], [77.4862824, 8.6682261], [77.4856628, 8.6701501], [77.4847696, 8.6716307], [77.4837074, 8.6740701], [77.4826927, 8.6761054], [77.4824786, 8.6765349], [77.4822269, 8.6770398], [77.4822083, 8.6771881], [77.4821947, 8.6776868], [77.4821972, 8.6782906]]}}, {"type": "Feature", "properties": {"id": 548634488, "name": "Tiruchendur - Palayamkottai - Ambasamudram - Tenkasi - Courtalam - Shencottai Road", "category": "highway", "type": "primary"}, "geometry": {"type": "LineString", "coordinates": [[77.4620596, 8.6896497], [77.4621722, 8.6899625]]}}, {"type": "Feature", "properties": {"id": 548634489, "name": "Tiruchendur - Palayamkottai - Ambasamudram - Tenkasi - Courtalam - Shencottai Road", "category": "highway", "type": "primary"}, "geometry": {"type": "LineString", "coordinates": [[77.4621722, 8.6899625], [77.4622741, 8.6902881], [77.4622734, 8.6912425], [77.4621355, 8.6922593], [77.4621761, 8.6928817]]}}, {"type": "Feature", "properties": {"id": 548634492, "name": "State Highway / District Road", "category": "highway", "type": "tertiary"}, "geometry": {"type": "LineString", "coordinates": [[77.4265873, 8.6817775], [77.426405, 8.683029]]}}, {"type": "Feature", "properties": {"id": 548634493, "name": "State Highway / District Road", "category": "highway", "type": "tertiary"}, "geometry": {"type": "LineString", "coordinates": [[77.4267958, 8.6804539], [77.4265873, 8.6817775]]}}, {"type": "Feature", "properties": {"id": 548678197, "name": "Tiruchendur - Palayamkottai - Ambasamudram - Tenkasi - Courtalam - Shencottai Road", "category": "highway", "type": "primary"}, "geometry": {"type": "LineString", "coordinates": [[77.5647868, 8.675109], [77.5648485, 8.6751109], [77.564994, 8.6750527], [77.5650924, 8.6750057]]}}, {"type": "Feature", "properties": {"id": 548678198, "name": "Tiruchendur - Palayamkottai - Ambasamudram - Tenkasi - Courtalam - Shencottai Road", "category": "highway", "type": "primary"}, "geometry": {"type": "LineString", "coordinates": [[77.5650586, 8.6749284], [77.5649464, 8.6749943], [77.5648263, 8.67506], [77.5647868, 8.675109]]}}, {"type": "Feature", "properties": {"id": 548678199, "name": "Tiruchendur - Palayamkottai - Ambasamudram - Tenkasi - Courtalam - Shencottai Road", "category": "highway", "type": "primary"}, "geometry": {"type": "LineString", "coordinates": [[77.5652436, 8.674957], [77.5653723, 8.6748983], [77.5654835, 8.6748439], [77.5655419, 8.6747961]]}}, {"type": "Feature", "properties": {"id": 548678200, "name": "Tiruchendur - Palayamkottai - Ambasamudram - Tenkasi - Courtalam - Shencottai Road", "category": "highway", "type": "primary"}, "geometry": {"type": "LineString", "coordinates": [[77.5655419, 8.6747961], [77.5654666, 8.6747872], [77.5653722, 8.674812], [77.5652783, 8.6748425], [77.5652126, 8.6748654]]}}, {"type": "Feature", "properties": {"id": 548678201, "name": "Cheranmahadevi - Panagudi Road", "category": "highway", "type": "primary"}, "geometry": {"type": "LineString", "coordinates": [[77.5651963, 8.6748527], [77.5651878, 8.6747424], [77.5651832, 8.6746734], [77.5651771, 8.6746271], [77.5651581, 8.6745883]]}}, {"type": "Feature", "properties": {"id": 548678202, "name": "Cheranmahadevi - Panagudi Road", "category": "highway", "type": "primary"}, "geometry": {"type": "LineString", "coordinates": [[77.5651581, 8.6745883], [77.5651308, 8.6746297], [77.5651201, 8.6746801], [77.5651074, 8.6747623], [77.5650917, 8.6748646]]}}, {"type": "Feature", "properties": {"id": 548678203, "name": "Cheranmahadevi - Panagudi Road", "category": "highway", "type": "primary"}, "geometry": {"type": "LineString", "coordinates": [[77.5651051, 8.675313], [77.5651389, 8.6752562], [77.5651512, 8.6752084], [77.5651825, 8.6750242]]}}, {"type": "Feature", "properties": {"id": 548678204, "name": "Cheranmahadevi - Panagudi Road", "category": "highway", "type": "primary"}, "geometry": {"type": "LineString", "coordinates": [[77.5651097, 8.6750193], [77.5650837, 8.6752124], [77.5650819, 8.6752528], [77.5651051, 8.675313]]}}, {"type": "Feature", "properties": {"id": 548678206, "name": "State Highway / District Road", "category": "highway", "type": "tertiary"}, "geometry": {"type": "LineString", "coordinates": [[77.4057681, 8.7571529], [77.4061033, 8.7572786], [77.4064788, 8.7573714], [77.4069026, 8.7572786], [77.4080425, 8.7565708], [77.4093246, 8.7558551], [77.4106255, 8.7552878], [77.411752, 8.754914], [77.4129403, 8.7545455], [77.4136001, 8.7542407], [77.4143404, 8.7536601], [77.4147427, 8.7534454], [77.4156252, 8.7530769], [77.4160302, 8.7529576], [77.416411, 8.7528966], [77.4179023, 8.7527614], [77.4181652, 8.7527588], [77.418353, 8.75278], [77.4191335, 8.7529443], [77.4195868, 8.7529576], [77.4203968, 8.7528781], [77.4211881, 8.7528224], [77.4214214, 8.7528197], [77.4214751, 8.75322], [77.4214992, 8.7532412], [77.4217325, 8.7532015], [77.4222127, 8.7528887], [77.4224675, 8.7528012], [77.4229208, 8.7527323]]}}, {"type": "Feature", "properties": {"id": 548684152, "name": "State Highway / District Road", "category": "highway", "type": "tertiary"}, "geometry": {"type": "LineString", "coordinates": [[77.4212444, 8.7777513], [77.421377, 8.7781109], [77.4214321, 8.7782602], [77.4221188, 8.778976], [77.4226391, 8.7789548], [77.4232292, 8.7791509], [77.4239695, 8.7797606], [77.4247581, 8.7803544], [77.4248654, 8.7806088], [77.4248439, 8.780805], [77.4247205, 8.7812132], [77.4249995, 8.7824644], [77.4252033, 8.7830263], [77.4255196, 8.7833419]]}}, {"type": "Feature", "properties": {"id": 548684160, "name": "State Highway / District Road", "category": "highway", "type": "tertiary"}, "geometry": {"type": "LineString", "coordinates": [[77.4658331, 8.7767783], [77.4651146, 8.7769401], [77.4646318, 8.7771125], [77.4640229, 8.7775604], [77.463972, 8.7776135], [77.4632075, 8.7790025], [77.4625343, 8.7801847], [77.4618155, 8.7815021], [77.4610323, 8.7827082], [77.4609196, 8.7827851], [77.4598414, 8.7831668], [77.4595436, 8.783302], [77.4595048, 8.7833523], [77.4594659, 8.7834027], [77.4591869, 8.7842165], [77.4590394, 8.7844975], [77.4589643, 8.7845452], [77.4584704, 8.7847368], [77.4581033, 8.7848792], [77.4575078, 8.7851045], [77.4573301, 8.7851396], [77.4571726, 8.7851708], [77.4563169, 8.7852874], [77.4561989, 8.7853351], [77.4561462, 8.7853748], [77.4560947, 8.7854135], [77.4556598, 8.7857407], [77.4555824, 8.7858149], [77.4551985, 8.7861834], [77.4548712, 8.7862841], [77.4547479, 8.7862947], [77.454198, 8.7863636], [77.4539164, 8.7864272], [77.4535274, 8.7866764], [77.4534389, 8.7867029], [77.452676, 8.78663], [77.4526343, 8.786626], [77.4525243, 8.7865545], [77.4524385, 8.7864644], [77.4523902, 8.7856214], [77.4523339, 8.7854438], [77.4521944, 8.7853192], [77.4519986, 8.785245], [77.4514702, 8.7852927], [77.4514085, 8.7852795], [77.4513495, 8.7852106], [77.4509445, 8.7845055], [77.4509016, 8.7843915], [77.4506173, 8.7834266], [77.4505341, 8.7833895], [77.4501827, 8.7834027], [77.4501237, 8.7833709], [77.4500728, 8.7832649], [77.4500003, 8.7832225], [77.4497911, 8.7832172], [77.4496436, 8.7832729], [77.4495175, 8.7835406], [77.4493566, 8.7837155], [77.4489784, 8.7839647], [77.4484042, 8.7842329], [77.4483427, 8.7842616], [77.4475676, 8.7845929], [77.4474817, 8.7846141], [77.4473315, 8.7846088], [77.4472564, 8.7845479], [77.4471974, 8.7844392], [77.4470714, 8.7841874], [77.4469963, 8.7841582], [77.4468836, 8.7841715], [77.4465296, 8.7843517], [77.4463418, 8.7843517], [77.4462284, 8.7843432], [77.4461299, 8.7843358], [77.4457705, 8.7844842], [77.4449417, 8.784805], [77.4446279, 8.7849826], [77.4437159, 8.7857301], [77.443445, 8.7858732], [77.4430373, 8.7860853], [77.4416962, 8.7866366], [77.4405831, 8.7872251], [77.440052, 8.7874292], [77.4394378, 8.7875936], [77.4384266, 8.7878586], [77.4378942, 8.7879745], [77.4370989, 8.7881476], [77.4360287, 8.7883888], [77.4346313, 8.788744], [77.4339876, 8.7889176], [77.433828, 8.7889759], [77.4334645, 8.7883928], [77.433199, 8.7878798], [77.4330246, 8.7874239], [77.4328196, 8.7870993], [77.4324453, 8.7865068], [77.4320215, 8.7858441], [77.4319008, 8.7857221], [77.431756, 8.785693], [77.431646, 8.7856744], [77.4315655, 8.7855923], [77.431477, 8.7854889], [77.431308, 8.785412], [77.431139, 8.7853431], [77.4308977, 8.7851363], [77.4307099, 8.784805], [77.4303746, 8.7840495], [77.4303344, 8.7839143], [77.4303317, 8.7837818], [77.4305516, 8.7832331], [77.4305785, 8.7830237], [77.4305624, 8.7829574], [77.4305275, 8.7829283], [77.4304122, 8.782923], [77.4301493, 8.7829866], [77.4300474, 8.7829892], [77.4299803, 8.782968], [77.4299133, 8.7828911], [77.4296451, 8.782035], [77.4295764, 8.781753], [77.4294493, 8.7812318], [77.429208, 8.7806198]]}}, {"type": "Feature", "properties": {"id": 548684165, "name": "State Highway / District Road", "category": "highway", "type": "tertiary"}, "geometry": {"type": "LineString", "coordinates": [[77.4457866, 8.7366405], [77.4458617, 8.7379554], [77.4457866, 8.7380827], [77.4457008, 8.7381993], [77.4457222, 8.7382842], [77.4459368, 8.7384591], [77.446146, 8.7386341], [77.4464035, 8.7390689], [77.4465913, 8.7396733], [77.4465322, 8.7400498], [77.4462587, 8.7406383], [77.4463284, 8.7415821], [77.4462855, 8.74172], [77.4459368, 8.7418949], [77.4458671, 8.7420116], [77.4458671, 8.7421971], [77.4459207, 8.7422502], [77.4462426, 8.7422873], [77.4464893, 8.7424622], [77.4466449, 8.7426372], [77.4471438, 8.7428599], [77.448045, 8.7433954], [77.4483347, 8.743634], [77.4485171, 8.74374], [77.4490267, 8.7438408], [77.4494022, 8.7440476], [77.4496382, 8.7440794], [77.4497724, 8.7440741], [77.4499279, 8.7438726], [77.450003, 8.743809], [77.4501318, 8.7438196], [77.450915, 8.7440158], [77.4514568, 8.7440158], [77.4528623, 8.7449542], [77.4530393, 8.7450178], [77.4533558, 8.7450125], [77.4535753, 8.7450902], [77.4537152, 8.7451398], [77.4540478, 8.745389], [77.4551368, 8.7462055], [77.4556786, 8.746635], [77.4559253, 8.7467834], [77.4561077, 8.746863], [77.4561936, 8.7468524], [77.4562365, 8.7467622], [77.4563223, 8.7467145], [77.4577063, 8.7465395], [77.4585432, 8.7464547], [77.4588972, 8.7464918], [77.4595678, 8.7463434], [77.4597877, 8.7461525], [77.4602061, 8.7458132], [77.4606299, 8.7454818], [77.4608022, 8.7454624]]}}, {"type": "Feature", "properties": {"id": 548684166, "name": "State Highway / District Road", "category": "highway", "type": "tertiary"}, "geometry": {"type": "LineString", "coordinates": [[77.4457651, 8.7358717], [77.4457866, 8.7366405]]}}, {"type": "Feature", "properties": {"id": 548684167, "name": "State Highway / District Road", "category": "highway", "type": "tertiary"}, "geometry": {"type": "LineString", "coordinates": [[77.4458617, 8.7331543], [77.4457759, 8.7340848], [77.445749, 8.7349862], [77.4457571, 8.7354332], [77.4457651, 8.7358717]]}}, {"type": "Feature", "properties": {"id": 548684170, "name": "Cherai-Nellai Town Road", "category": "highway", "type": "primary"}, "geometry": {"type": "LineString", "coordinates": [[77.5652732, 8.6832645], [77.5653613, 8.6835085]]}}, {"type": "Feature", "properties": {"id": 548684171, "name": "Cheranmahadevi - Panagudi Road", "category": "highway", "type": "primary"}, "geometry": {"type": "LineString", "coordinates": [[77.5651051, 8.675313], [77.5650466, 8.6757805], [77.5649757, 8.6768125], [77.5649547, 8.6771188], [77.5649344, 8.6774491], [77.5648949, 8.6780544], [77.5648905, 8.6781425], [77.5648791, 8.6783703], [77.5648659, 8.6786006], [77.5648443, 8.6788988], [77.5648257, 8.6791562], [77.5648231, 8.6792204], [77.5648128, 8.6794782], [77.5647737, 8.6801606], [77.5647819, 8.6803894], [77.5648108, 8.6807087], [77.5648238, 8.6811523], [77.56483, 8.6812131], [77.564892, 8.6814774], [77.5649228, 8.6815998], [77.5650322, 8.6821646], [77.565174, 8.6828492], [77.5651848, 8.6829224]]}}, {"type": "Feature", "properties": {"id": 548684174, "name": "Kannadiyan Kaalvaai", "category": "waterway", "type": "canal"}, "geometry": {"type": "LineString", "coordinates": [[77.5446796, 8.6838165], [77.5450122, 8.6837105], [77.5455201, 8.6831248], [77.546246, 8.6822415], [77.5465786, 8.6821779], [77.5475335, 8.6822468], [77.5480109, 8.6824059], [77.5486118, 8.6834506], [77.5489263, 8.6836181], [77.5490254, 8.6836132], [77.5492682, 8.6836013], [77.5494754, 8.6834294], [77.5495977, 8.6823562], [77.5494694, 8.6812136], [77.549291, 8.68067], [77.5493892, 8.6803546], [77.5495951, 8.6801153], [77.5500166, 8.6798727], [77.5501362, 8.6791774], [77.5503391, 8.6789325], [77.5506562, 8.6788645], [77.5512252, 8.6792526], [77.551446, 8.6794369], [77.5514328, 8.6799201], [77.5516837, 8.6803612], [77.5522542, 8.6808999], [77.5523883, 8.6811173], [77.5523078, 8.681812], [77.5525278, 8.6823105], [77.5532627, 8.6828461], [77.5536221, 8.6829627], [77.5541693, 8.682915], [77.5546935, 8.6822919], [77.5548465, 8.681881], [77.5548993, 8.6805953], [77.5548648, 8.6801518], [77.555069, 8.679262], [77.5556486, 8.6783099], [77.5558773, 8.678254], [77.5561089, 8.6781282], [77.55683, 8.6783332], [77.5580692, 8.6786779], [77.5585691, 8.6789157], [77.5588209, 8.679831], [77.5590931, 8.6814869], [77.5594422, 8.6822565], [77.5593683, 8.6835327], [77.5594546, 8.6838759], [77.5595734, 8.6840367], [77.5601667, 8.68414], [77.5613201, 8.6841718], [77.5620657, 8.6839809], [77.5623822, 8.6838907], [77.5638038, 8.6838801], [77.5641096, 8.6839067], [77.5645012, 8.6838377], [77.5650376, 8.6835514], [77.565515, 8.6832067], [77.5656921, 8.6825544], [77.565735, 8.6816582], [77.565456, 8.6812393], [77.5652254, 8.6807726], [77.565144, 8.6804826], [77.5652146, 8.6802794], [77.5656813, 8.6800991], [77.5665772, 8.6801416], [77.5678325, 8.6803272], [77.5686318, 8.6804067], [77.5692916, 8.680237], [77.5699997, 8.6797969], [77.5700962, 8.6795476], [77.5701016, 8.6790385], [77.5697315, 8.6771136], [77.5697744, 8.6757083], [77.569989, 8.675162], [77.5711477, 8.6740166], [77.572065, 8.6735923], [77.572816, 8.6732529], [77.5742483, 8.6733113], [77.5752836, 8.6730938], [77.5755572, 8.6729348], [77.5756323, 8.6727385], [77.5754929, 8.6716037], [77.5752193, 8.6709408], [77.57523, 8.6706756], [77.5760508, 8.6698377], [77.5763297, 8.6696203], [77.5771075, 8.6694877], [77.578057, 8.669562], [77.5782636, 8.6695819], [77.5783722, 8.669672], [77.5784218, 8.6697874], [77.5784433, 8.6702885], [77.5786471, 8.6705961], [77.5788724, 8.6711158], [77.5789636, 8.6716249], [77.5791031, 8.6718423], [77.5793767, 8.6719961], [77.5799024, 8.6721764], [77.5802913, 8.6722149], [77.5804912, 8.6722069], [77.5806481, 8.6721406], [77.5810611, 8.6718251], [77.5812542, 8.6717044], [77.5814353, 8.6716527], [77.5816096, 8.6716302], [77.5818028, 8.6716355], [77.5819905, 8.6716898], [77.5821005, 8.6718238], [77.5822158, 8.6720703], [77.5822654, 8.6723474], [77.58224, 8.6727319], [77.5821219, 8.6732596], [77.5821139, 8.6734293], [77.5821421, 8.6735976], [77.5826739, 8.6752029], [77.5826589, 8.675317], [77.5826161, 8.6754081], [77.5825755, 8.6754599], [77.582409, 8.6756338], [77.5823946, 8.6757294], [77.5824142, 8.6758355], [77.5824972, 8.6759845], [77.5825802, 8.6761072], [77.5827555, 8.6761447], [77.5830252, 8.676023], [77.5840545, 8.6754749], [77.5844246, 8.6752363], [77.5847921, 8.6748173], [77.5852615, 8.6746556], [77.5855619, 8.6744382], [77.5859132, 8.6739662], [77.5865167, 8.673709], [77.5867233, 8.6735658], [77.5868788, 8.6735075], [77.5872946, 8.6734995], [77.5876647, 8.6733563], [77.5879839, 8.6729162], [77.5883192, 8.6726245], [77.5888127, 8.6724283], [77.5894216, 8.672012], [77.5897327, 8.6717416], [77.5900546, 8.6716222], [77.5913801, 8.6714413], [77.5973453, 8.6688322], [77.5980266, 8.6680791], [77.600521, 8.6669283], [77.6032891, 8.6653056], [77.6049413, 8.6639374], [77.6058533, 8.6635873], [77.6067438, 8.6631313], [77.6072158, 8.6631101], [77.6077201, 8.6625797], [77.6082136, 8.6625267], [77.6084175, 8.6623464], [77.6092758, 8.6625055], [77.6103808, 8.6622827], [77.6110246, 8.6624312], [77.6114752, 8.6623358], [77.6119472, 8.66241], [77.6120223, 8.6626222], [77.612076, 8.6634601], [77.6120653, 8.6637252], [77.612194, 8.6639055], [77.6124837, 8.6640116], [77.612709, 8.6644465], [77.6132669, 8.6650192], [77.6148977, 8.6683072], [77.6153114, 8.6681515], [77.6157292, 8.6679943], [77.6161529, 8.6676125], [77.6162549, 8.6674109], [77.6165553, 8.6671299], [77.6167135, 8.6669443], [77.6168262, 8.6667056], [77.6171051, 8.6666314], [77.6173867, 8.6667076], [77.6175557, 8.6667533], [77.6178508, 8.6668249], [77.6181297, 8.6670052], [77.6186394, 8.6670371], [77.6191758, 8.6670371], [77.6194708, 8.6672121], [77.6200609, 8.6672121], [77.6207261, 8.6671113], [77.6208602, 8.667281], [77.6209139, 8.6673287], [77.621048, 8.667334], [77.6213323, 8.6676787], [77.6213001, 8.6680924], [77.6213484, 8.6682568], [77.6214718, 8.668331], [77.6218312, 8.6683045], [77.6226788, 8.6683151], [77.623124, 8.668453], [77.6237141, 8.6683363], [77.6253985, 8.6684212], [77.6256399, 8.6682939], [77.6265143, 8.6682727], [77.6266806, 8.6683841], [77.6296418, 8.6709084], [77.6332681, 8.675872], [77.6337295, 8.6772932], [77.6377313, 8.677569], [77.6377581, 8.6784546], [77.6385092, 8.6786773], [77.6386057, 8.678916], [77.6388578, 8.679022], [77.6390456, 8.6794144], [77.6398181, 8.6797114], [77.639684, 8.6802894], [77.6394748, 8.680597], [77.6395338, 8.6808409], [77.6397644, 8.6809576], [77.6397376, 8.6811432], [77.6392387, 8.6819068], [77.6393943, 8.6822197], [77.6393085, 8.6825697], [77.6394211, 8.68275], [77.6395713, 8.6827765], [77.6402204, 8.6825591], [77.640215, 8.6828455], [77.6401829, 8.6832326], [77.6404994, 8.6832379], [77.6406227, 8.683906], [77.6408753, 8.6841695]]}}, {"type": "Feature", "properties": {"id": 548684178, "name": "State Highway / District Road", "category": "highway", "type": "tertiary"}, "geometry": {"type": "LineString", "coordinates": [[77.4562606, 8.7145642], [77.4561131, 8.7149089], [77.4560856, 8.7151387], [77.4559709, 8.7160967], [77.4559693, 8.7162078], [77.4559656, 8.7164731], [77.4559495, 8.7174567], [77.4558288, 8.7189573], [77.4557269, 8.7193285], [77.4554694, 8.7198057], [77.4540102, 8.7219903], [77.4531251, 8.7232576], [77.4527764, 8.7242597], [77.4528784, 8.7251293], [77.4529749, 8.7260519], [77.4528408, 8.7265185], [77.4527711, 8.726667], [77.4526906, 8.72672], [77.4525404, 8.7267624], [77.4520951, 8.7268101], [77.4515104, 8.7268738], [77.4510598, 8.7270753], [77.450636, 8.7274835], [77.4500674, 8.7279501], [77.4494237, 8.7283054], [77.4490213, 8.7284698], [77.4488926, 8.7285758], [77.4486941, 8.728947], [77.4485493, 8.7290583], [77.4480987, 8.7291909], [77.4474603, 8.7293393], [77.4473637, 8.7293977], [77.4473473, 8.7295135], [77.4472625, 8.7301132], [77.4472254, 8.7303757], [77.4471223, 8.731105], [77.4470018, 8.7317618], [77.4469131, 8.732245], [77.4467622, 8.7327586], [77.4466342, 8.7331941], [77.4465591, 8.7332577], [77.4458617, 8.7331543]]}}, {"type": "Feature", "properties": {"id": 548697215, "name": "Tirunelveli - Pottalpudur Road", "category": "highway", "type": "primary"}, "geometry": {"type": "LineString", "coordinates": [[77.5282593, 8.7339464], [77.527906, 8.7341308]]}}, {"type": "Feature", "properties": {"id": 548697239, "name": "Thamirabarani River", "category": "waterway", "type": "stream"}, "geometry": {"type": "LineString", "coordinates": [[77.5260489, 8.7263937], [77.5281894, 8.7277328], [77.5306785, 8.7281781], [77.5311613, 8.7281039], [77.5323746, 8.7273685], [77.5326219, 8.7270773], [77.5328565, 8.7268314], [77.5345302, 8.7253785], [77.5348949, 8.7252301], [77.5360215, 8.7254315], [77.536425, 8.7253953], [77.5369091, 8.7252777], [77.5372444, 8.725136], [77.5378883, 8.7249437], [77.5385427, 8.7242226], [77.5386715, 8.7233318], [77.5392616, 8.721932], [77.5401306, 8.7191959], [77.5409889, 8.7183582], [77.5417828, 8.7184112], [77.5422013, 8.718496], [77.5425446, 8.7184324], [77.543824, 8.7175031], [77.5440828, 8.7172195], [77.5443041, 8.7162584], [77.5445509, 8.7160039], [77.544862, 8.7158872], [77.5455058, 8.7159615], [77.5459993, 8.7159084], [77.5467905, 8.7153464], [77.547095, 8.715003], [77.5474852, 8.7141639], [77.5483381, 8.7134958], [77.5493788, 8.7131829], [77.5504517, 8.712483], [77.5507522, 8.7124406], [77.5512189, 8.7129337], [77.5520235, 8.7128436], [77.5528336, 8.7122974], [77.553134, 8.712255], [77.5533324, 8.7122232], [77.5540727, 8.7119316], [77.5546682, 8.7115392], [77.5556767, 8.7108392], [77.5560683, 8.7106483], [77.556991, 8.7102135], [77.558037, 8.7095136], [77.5588149, 8.7093598], [77.5596839, 8.7091265], [77.5600165, 8.7089038], [77.5601023, 8.7087023], [77.560038, 8.7085485], [77.5597268, 8.7084372], [77.5595981, 8.7083258], [77.5595713, 8.7081826], [77.5597429, 8.7079493], [77.5603598, 8.7079334], [77.5609821, 8.7083417], [77.561422, 8.7083205], [77.5616848, 8.7081031], [77.5618994, 8.7077001], [77.5625378, 8.7074456], [77.562806, 8.707663], [77.5631332, 8.7080925], [77.56338, 8.7082887], [77.5641847, 8.7082569], [77.5645065, 8.7080236], [77.5646782, 8.7079069], [77.5649035, 8.7078645], [77.5653863, 8.7080501], [77.56625, 8.7081455], [77.5669688, 8.7081986], [77.5680256, 8.7085909], [77.5684816, 8.7089568], [77.5687683, 8.7089945]]}}, {"type": "Feature", "properties": {"id": 548697247, "name": "State Highway / District Road", "category": "highway", "type": "tertiary"}, "geometry": {"type": "LineString", "coordinates": [[77.5197038, 8.7309426], [77.5189465, 8.7293494], [77.5178837, 8.7271435], [77.5177953, 8.7268634], [77.5177897, 8.7266117], [77.5178212, 8.7264316], [77.5179492, 8.7262111], [77.5180519, 8.7260444]]}}, {"type": "Feature", "properties": {"id": 548697248, "name": "State Highway / District Road", "category": "highway", "type": "tertiary"}, "geometry": {"type": "LineString", "coordinates": [[77.5205103, 8.7370064], [77.5198814, 8.7356434], [77.5195661, 8.7348244], [77.5196248, 8.734752], [77.5198008, 8.7346505], [77.5200207, 8.7345563], [77.5200867, 8.7343026], [77.5201417, 8.7328045], [77.5201564, 8.7322174], [77.5199401, 8.731547], [77.5197038, 8.7309426]]}}, {"type": "Feature", "properties": {"id": 548701101, "name": "State Highway / District Road", "category": "highway", "type": "secondary_link"}, "geometry": {"type": "LineString", "coordinates": [[77.4413284, 8.7056216], [77.4414333, 8.7058389]]}}, {"type": "Feature", "properties": {"id": 548703708, "name": "Tiruchendur - Palayamkottai - Ambasamudram - Tenkasi - Courtalam - Shencottai Road", "category": "highway", "type": "primary"}, "geometry": {"type": "LineString", "coordinates": [[77.4000013, 8.7701673], [77.3994219, 8.770716]]}}, {"type": "Feature", "properties": {"id": 548703716, "name": "Ambasamudram - Karumpuliyuthu Road", "category": "highway", "type": "secondary"}, "geometry": {"type": "LineString", "coordinates": [[77.491116, 8.7282314], [77.4916631, 8.7297108]]}}, {"type": "Feature", "properties": {"id": 548703718, "name": "Ambasamudram - Alangulam Road", "category": "highway", "type": "primary"}, "geometry": {"type": "LineString", "coordinates": [[77.4673352, 8.7310786], [77.4681399, 8.7301215]]}}, {"type": "Feature", "properties": {"id": 548703719, "name": "Ambasamudram - Alangulam Road", "category": "highway", "type": "primary"}, "geometry": {"type": "LineString", "coordinates": [[77.4681399, 8.7301215], [77.4683008, 8.729875], [77.4683062, 8.7297318], [77.4680648, 8.7294508], [77.4666325, 8.7280828], [77.4664179, 8.7279025], [77.4661979, 8.7276003], [77.4660048, 8.7272371], [77.4654147, 8.7264391], [77.4651787, 8.7259062], [77.4651572, 8.7257975], [77.465227, 8.7254264], [77.4651959, 8.7250056], [77.4651841, 8.7248457], [77.4650553, 8.7242492], [77.4647442, 8.723825], [77.4643132, 8.7231566], [77.4641595, 8.7229183], [77.4638927, 8.7225684], [77.4638483, 8.7225101], [77.4636286, 8.7224357], [77.4630598, 8.7223563], [77.4622658, 8.7223245], [77.4617144, 8.7224457], [77.4611929, 8.7225604], [77.4608905, 8.722625], [77.4603615, 8.7227381], [77.4603255, 8.7227433], [77.4601603, 8.7227672], [77.4599245, 8.7226876], [77.4597445, 8.722526], [77.4590901, 8.7216193], [77.4583042, 8.7206383], [77.4578321, 8.719949], [77.4575636, 8.7195721]]}}, {"type": "Feature", "properties": {"id": 548703720, "name": "Gadananathi", "category": "waterway", "type": "river"}, "geometry": {"type": "LineString", "coordinates": [[77.3499995, 8.7879302], [77.3502731, 8.7878295], [77.350595, 8.7875909], [77.3516679, 8.7868699], [77.3525369, 8.7870608], [77.3535132, 8.7870184], [77.3537815, 8.7865836], [77.3532397, 8.7861966], [77.3531699, 8.785693], [77.3538512, 8.7852636], [77.3559916, 8.7838057], [77.3564315, 8.7827878], [77.3563135, 8.7818123], [77.3569894, 8.78142], [77.3575795, 8.7804657], [77.3573756, 8.7797553], [77.358073, 8.7788434], [77.3594355, 8.7777301], [77.3600042, 8.7764683], [77.36112, 8.7755458], [77.3611522, 8.7742946], [77.3615813, 8.7735312], [77.3620963, 8.7735206], [77.3629761, 8.7735842], [77.3635447, 8.7733404], [77.3638344, 8.7729798], [77.364285, 8.7728526], [77.3649287, 8.772842], [77.3655188, 8.7725769], [77.3672891, 8.7707531], [77.3677182, 8.7700003], [77.3689306, 8.769661], [77.3700142, 8.7690036], [77.3709905, 8.7687173], [77.3717576, 8.7688286], [77.3731202, 8.7693057], [77.3747563, 8.7696398], [77.3765051, 8.7697564], [77.3778248, 8.7696186], [77.3793375, 8.7684098], [77.3799276, 8.7684098], [77.3815477, 8.7683568], [77.3820519, 8.7679538], [77.3822129, 8.7670525], [77.3820948, 8.7663951], [77.3815262, 8.7650697], [77.3815691, 8.7647728], [77.3819232, 8.7644547], [77.383275, 8.7640623], [77.38482, 8.7639404], [77.3857802, 8.7637813], [77.3861289, 8.7635269], [77.3863488, 8.7631875], [77.3867029, 8.7630126], [77.387808, 8.7631663], [77.3887521, 8.763792], [77.3891222, 8.7644335], [77.3892832, 8.7650803], [77.3894334, 8.7652818], [77.3902917, 8.7657801], [77.3916221, 8.7655044], [77.3923623, 8.7653984], [77.3933816, 8.7657695], [77.3957419, 8.7680069], [77.3964715, 8.7689294], [77.3967397, 8.7693641], [77.3974156, 8.7695019], [77.3987031, 8.7694171], [77.399497, 8.7701805], [77.4000013, 8.770891], [77.4007577, 8.7715325], [77.4019539, 8.7715431], [77.4033862, 8.7712568], [77.4043035, 8.7709016], [77.4056286, 8.770557], [77.4062508, 8.7705782], [77.4084932, 8.7716173], [77.4093836, 8.772174], [77.4104887, 8.7722217], [77.4108535, 8.7721104], [77.411052, 8.7717021], [77.4113846, 8.770891], [77.4119317, 8.7699791], [77.4128008, 8.7694012], [77.4135679, 8.768818], [77.4145335, 8.7685794], [77.4156868, 8.7691043], [77.416411, 8.7695709], [77.4169367, 8.7697299], [77.418074, 8.7695549], [77.4198335, 8.7690566], [77.421121, 8.7680228], [77.421459, 8.7672275], [77.4214697, 8.7662149], [77.4217433, 8.7657536], [77.4223602, 8.7655893], [77.4228322, 8.7653242], [77.4236798, 8.7645607], [77.4237656, 8.7637973], [77.4233901, 8.7629702], [77.4221885, 8.7618356], [77.4219632, 8.7611251], [77.4221671, 8.7602344], [77.4226928, 8.7594816], [77.4245381, 8.7587499], [77.425257, 8.757838], [77.4265981, 8.756046], [77.428422, 8.7548689], [77.4314904, 8.7523664], [77.4324345, 8.7519423], [77.4352777, 8.7509243], [77.4362755, 8.7502775], [77.4368012, 8.7491746], [77.4372733, 8.7472235], [77.4379599, 8.7451557], [77.4393654, 8.7431939], [77.44017, 8.7423032], [77.4400842, 8.7414549], [77.4405992, 8.7402672], [77.4418008, 8.7388568], [77.4447834, 8.7367996], [77.4462533, 8.7363012], [77.4480557, 8.7367359], [77.4501908, 8.7368208], [77.4541175, 8.7360467], [77.4564457, 8.7356861], [77.4588919, 8.7349862], [77.4607372, 8.7341591], [77.4613166, 8.7331411], [77.4613166, 8.7319534], [77.4637413, 8.7292386], [77.4648464, 8.7287296], [77.4655223, 8.7286978], [77.466681, 8.7290583], [77.4673998, 8.7302672], [77.4681938, 8.7309141], [77.4691808, 8.7312747], [77.4702001, 8.7313383], [77.4718308, 8.7305111], [77.4757147, 8.7265026], [77.4765515, 8.7260466], [77.4785149, 8.7254528], [77.4803817, 8.725633], [77.4815404, 8.7266829], [77.4836755, 8.728825], [77.4865186, 8.72979], [77.4891043, 8.7301294], [77.4905634, 8.7296628], [77.4918723, 8.7287296], [77.4943399, 8.7275949], [77.4950051, 8.7278812], [77.4954128, 8.7279661]]}}, {"type": "Feature", "properties": {"id": 548711523, "name": "Ambasamudram - Papanasam - Upper Dam Road", "category": "highway", "type": "primary"}, "geometry": {"type": "LineString", "coordinates": [[77.3843813, 8.7145342], [77.3843106, 8.7145515], [77.3836414, 8.714739], [77.3827674, 8.7149271], [77.3816738, 8.7151634], [77.3810904, 8.7152737], [77.3801154, 8.7153676], [77.3796004, 8.7153676], [77.3790023, 8.7152721], [77.3787394, 8.7152615], [77.3783371, 8.715296], [77.3776022, 8.7154047], [77.3772052, 8.7153967], [77.3768726, 8.7153331], [77.3766071, 8.7152456], [77.3763174, 8.7152138], [77.3759258, 8.7152324], [77.3746195, 8.7151237], [77.3737183, 8.7148957], [77.3733669, 8.7148506], [77.3728332, 8.7149619], [77.3721787, 8.7150998], [77.3716611, 8.7152615], [77.3712158, 8.71541], [77.3709047, 8.7154232], [77.3707437, 8.7153278], [77.3705263, 8.7151122], [77.369467, 8.7138829], [77.3692739, 8.7138041], [77.3681876, 8.7137613], [77.3673695, 8.7137291]]}}, {"type": "Feature", "properties": {"id": 549148358, "name": "Thamirabarani River", "category": "waterway", "type": "stream"}, "geometry": {"type": "LineString", "coordinates": [[77.3731202, 8.7693057], [77.3735869, 8.7690195], [77.3743272, 8.7687809], [77.375266, 8.76815], [77.3754591, 8.767201], [77.375797, 8.7671533], [77.3763174, 8.7667662], [77.3766822, 8.7667662], [77.3768753, 8.7665966], [77.3769879, 8.7663368], [77.3772186, 8.7661724], [77.3773098, 8.765971], [77.377165, 8.7654461], [77.3777604, 8.7646402], [77.3780286, 8.7638715], [77.3782378, 8.7636965], [77.3788547, 8.7635216], [77.3801637, 8.7637866], [77.3810273, 8.7635799], [77.3817891, 8.7637336], [77.3824972, 8.763564], [77.3838115, 8.7627475], [77.3842889, 8.7627952], [77.3848361, 8.7625725], [77.3851526, 8.7623658], [77.3855013, 8.7622279], [77.3856032, 8.7619575], [77.3856622, 8.7614008], [77.3857748, 8.7610721], [77.3855603, 8.7598368], [77.3857427, 8.7589567], [77.3858821, 8.7589143], [77.387293, 8.75884], [77.3874593, 8.758962], [77.3878777, 8.7593543], [77.3883873, 8.759402], [77.3889881, 8.7591051], [77.3898143, 8.7582834], [77.3902756, 8.7573873], [77.3904687, 8.7572601], [77.3920888, 8.7569844], [77.3927754, 8.7570321], [77.3932475, 8.757451], [77.3940039, 8.7576922], [77.3950553, 8.7574669], [77.3959619, 8.7570692], [77.3969597, 8.7568306], [77.3970616, 8.7568731], [77.3976946, 8.7580448], [77.3976946, 8.7582038], [77.3972654, 8.7584583], [77.3969811, 8.7590574], [77.3967719, 8.7593066], [77.3966271, 8.7600648], [77.3967987, 8.7602981], [77.3970079, 8.7606851], [77.3977321, 8.7608441], [77.3978555, 8.7609873], [77.398349, 8.761088], [77.3983973, 8.7612365], [77.3983115, 8.7616712], [77.397657, 8.7625248], [77.3979682, 8.7635004], [77.3983008, 8.7638026], [77.3984778, 8.7639669], [77.3993844, 8.7640517], [77.3998457, 8.7639934], [77.4000496, 8.7639934], [77.4005806, 8.7639139], [77.4008971, 8.7640464], [77.4025387, 8.7639987], [77.403118, 8.763898], [77.403397, 8.7639404], [77.4044913, 8.7638397], [77.4046951, 8.763792], [77.4047166, 8.7630232], [77.4047273, 8.7627475], [77.4051726, 8.7623658], [77.4054462, 8.7622226], [77.4056071, 8.761878], [77.4059719, 8.7616235], [77.4062723, 8.7610721], [77.4062937, 8.7607381], [77.4064708, 8.7606374], [77.4067229, 8.7606003]]}}, {"type": "Feature", "properties": {"id": 549229946, "name": "Thamirabarani River", "category": "waterway", "type": "canal"}, "geometry": {"type": "LineString", "coordinates": [[77.399615, 8.6906493], [77.3998967, 8.6906227], [77.4001837, 8.6905193], [77.4004653, 8.6902038], [77.4006852, 8.6899281], [77.4008784, 8.6897054], [77.4012217, 8.6897054], [77.4013665, 8.6895542], [77.4013987, 8.6894243], [77.4015516, 8.6894217], [77.4020317, 8.6893845], [77.402477, 8.6893156], [77.4028337, 8.6893819], [77.4030644, 8.6893209], [77.4032253, 8.6893209], [77.403354, 8.6892361], [77.4034345, 8.6890584], [77.4038315, 8.6887933], [77.4039656, 8.6887031], [77.4043465, 8.6882948], [77.4045262, 8.6879581], [77.4045315, 8.6877645], [77.404494, 8.6872873], [77.4044833, 8.6868789], [77.4045235, 8.6863301], [77.4045664, 8.6855718], [77.4046656, 8.6851714], [77.4047703, 8.6848691], [77.4048641, 8.6847604], [77.4050572, 8.6846994], [77.4055079, 8.6845138], [77.4059558, 8.684376], [77.4063528, 8.6842089], [77.4066773, 8.6840445], [77.4074042, 8.6835328], [77.4080265, 8.6831404], [77.4083886, 8.6829362], [77.4087238, 8.6828699], [77.4092683, 8.6827453], [77.4095365, 8.6827559], [77.4100703, 8.6826074], [77.410537, 8.6827321], [77.4106792, 8.6827294], [77.4110466, 8.6826393], [77.4115267, 8.6825968], [77.4120685, 8.6824775], [77.4135867, 8.6821991], [77.413694, 8.6820931], [77.4141459, 8.681515], [77.4142867, 8.6813347], [77.414327, 8.681108], [77.414327, 8.6806904], [77.4143538, 8.6799082], [77.4142358, 8.6793647], [77.4145201, 8.6788052], [77.4147561, 8.6786382], [77.4151906, 8.6787151], [77.4158022, 8.6786647], [77.4160865, 8.6787018], [77.4166015, 8.6784207], [77.4172184, 8.677787], [77.417551, 8.6771613], [77.4179479, 8.6768723], [77.4182001, 8.6765514], [77.4186748, 8.6764613], [77.4188492, 8.6764745], [77.4197075, 8.6761564], [77.4205926, 8.6762014], [77.4206892, 8.6762916], [77.4213544, 8.6764427], [77.4214616, 8.6763976], [77.4218211, 8.6762359], [77.4219149, 8.6760423]]}}, {"type": "Feature", "properties": {"id": 549229947, "name": "Thamirabarani River", "category": "waterway", "type": "canal"}, "geometry": {"type": "LineString", "coordinates": [[77.3685145, 8.7080517], [77.3689053, 8.7078609], [77.3694, 8.7077293], [77.3698023, 8.7076603], [77.3701215, 8.7075304], [77.3702046, 8.7074376], [77.3706365, 8.7072467], [77.3708671, 8.7072626], [77.3713231, 8.707032], [77.3713955, 8.7066714], [77.3716235, 8.7063453], [77.3718864, 8.7062445], [77.3722994, 8.7062764], [77.3727554, 8.706104], [77.3731336, 8.705929], [77.3734742, 8.705929], [77.3740402, 8.7058309], [77.3742789, 8.7062684], [77.3742923, 8.7065945], [77.3741609, 8.7068862], [77.3742172, 8.7070267], [77.3743674, 8.7071858], [77.3744318, 8.7074376], [77.3746571, 8.7074827], [77.3748824, 8.7076285], [77.375223, 8.7076232], [77.3753384, 8.7075569], [77.3757729, 8.7072467], [77.3758721, 8.7072467], [77.3764193, 8.7074058], [77.3765668, 8.7073926], [77.3768431, 8.7073422], [77.3773447, 8.7070665], [77.3778382, 8.706515], [77.3782727, 8.7062127], [77.378718, 8.7062445], [77.3791686, 8.7060218], [77.3794073, 8.7059768], [77.3795307, 8.7060033], [77.3797318, 8.7059343], [77.3801851, 8.7056401], [77.380625, 8.7050859], [77.3810729, 8.7047598], [77.381207, 8.7043913], [77.3813814, 8.7039353], [77.3814377, 8.703747], [77.3818937, 8.7035057], [77.3821056, 8.7033811], [77.3822692, 8.703169], [77.3826233, 8.7030709], [77.3828378, 8.7030736], [77.383562, 8.7027024], [77.3838732, 8.7025804], [77.3841333, 8.702591], [77.3843345, 8.7025884], [77.3847234, 8.7024081], [77.3848709, 8.7022145], [77.3850158, 8.7018407], [77.3849809, 8.70161], [77.3850185, 8.7014934], [77.3854047, 8.7013264], [77.3859358, 8.7012097], [77.386381, 8.7011222], [77.3866546, 8.7010506], [77.3869309, 8.7009048], [77.3869765, 8.7006184], [77.3870543, 8.7004382], [77.3874727, 8.7003294], [77.3878267, 8.7001969], [77.3882505, 8.700059], [77.3884463, 8.6997488], [77.3887548, 8.6995287], [77.3889586, 8.6990382], [77.3890123, 8.6987174], [77.3893583, 8.6983781], [77.3899645, 8.6981103], [77.3911285, 8.6980175], [77.3915175, 8.6980758], [77.3921853, 8.6975137], [77.3921773, 8.6973414], [77.3921478, 8.6971823], [77.3924482, 8.696538], [77.3925689, 8.6963232], [77.3925877, 8.6958036], [77.3926145, 8.6956392], [77.3929685, 8.695443], [77.3931938, 8.6955915], [77.3933628, 8.6956127], [77.3938537, 8.6954589], [77.3943445, 8.6953581], [77.3946851, 8.6954006], [77.3955327, 8.6951964], [77.3957661, 8.695154], [77.395927, 8.69504], [77.3967022, 8.6944461], [77.3967907, 8.6942923], [77.3968497, 8.6941093], [77.3970401, 8.6938972], [77.3970669, 8.693587], [77.3970965, 8.6934147], [77.3973191, 8.6931389], [77.3973003, 8.692903], [77.3972493, 8.6924893], [77.3974344, 8.6920519], [77.3975605, 8.6916038], [77.397708, 8.6913917], [77.3978662, 8.6913333], [77.3980674, 8.6913042], [77.3984537, 8.6910284], [77.3986843, 8.6909648], [77.3988801, 8.6909224], [77.3992395, 8.6907023], [77.399615, 8.6906493]]}}, {"type": "Feature", "properties": {"id": 549229948, "name": "Thamirabarani River", "category": "waterway", "type": "canal"}, "geometry": {"type": "LineString", "coordinates": [[77.3685145, 8.7080517], [77.3682654, 8.7085909], [77.3679542, 8.7091795], [77.3677719, 8.7094288], [77.3676968, 8.7095984], [77.367509, 8.7097893], [77.3671979, 8.7099484], [77.3670101, 8.7101393], [77.3666882, 8.7107809], [77.3663396, 8.7110142], [77.365374, 8.7114702], [77.3651594, 8.7117142], [77.3651057, 8.7119156], [77.3651916, 8.7125732], [77.3653364, 8.7127853], [77.3655778, 8.7128701], [77.3662806, 8.7125042], [77.3667419, 8.7125307], [77.3672891, 8.7126527], [77.3675412, 8.7128383], [77.3675734, 8.7130345], [77.3674232, 8.713395], [77.3669887, 8.7141586], [77.3667043, 8.714657], [77.3660874, 8.7150547], [77.365787, 8.7156168], [77.3655724, 8.7158925], [77.3653364, 8.7161629], [77.3650414, 8.7163432], [77.3643279, 8.7166455], [77.3638397, 8.7170379], [77.3636466, 8.7172022], [77.363475, 8.7177431], [77.363137, 8.7179764], [77.3628956, 8.7181885], [77.3625684, 8.7183741], [77.362445, 8.7184165], [77.362327, 8.7184006], [77.362048, 8.71804], [77.3617423, 8.7177643], [77.3616081, 8.7173984], [77.3607391, 8.7170113], [77.3603743, 8.7165871], [77.3603368, 8.716322], [77.3601061, 8.7162637], [77.3597789, 8.7163008], [77.3592532, 8.7167356], [77.3589742, 8.7177431], [77.359103, 8.7179021], [77.3594141, 8.7180506], [77.3594248, 8.7182256], [77.3591888, 8.7184854], [77.3591727, 8.7186127], [77.3593497, 8.7201557], [77.3591781, 8.7206011], [77.3588347, 8.720845], [77.3585343, 8.7212692], [77.3581964, 8.7217517], [77.3580998, 8.7221176], [77.357955, 8.7223668], [77.3577404, 8.7232576], [77.3577082, 8.7245779], [77.3577619, 8.7249172], [77.3582876, 8.7253944], [77.3588186, 8.7254581], [77.3591405, 8.725405], [77.3603475, 8.7250551], [77.3606157, 8.7250286], [77.3608464, 8.7248218], [77.3612434, 8.7234432], [77.3617154, 8.7233265], [77.362166, 8.7229394], [77.3633462, 8.7223244], [77.3636413, 8.7219797], [77.3639309, 8.721879], [77.3641509, 8.7218949], [77.3646337, 8.7220062], [77.3651057, 8.7218684], [77.3652345, 8.7217782], [77.3653686, 8.7214442], [77.366479, 8.7205215], [77.3668384, 8.7203519], [77.3672247, 8.7201027], [77.3678148, 8.7200761], [77.3683619, 8.7201292], [77.3685712, 8.719986], [77.3687696, 8.7199171], [77.3690754, 8.7200549], [77.3691451, 8.7202246], [77.3689681, 8.7206965], [77.368952, 8.7209404], [77.3692095, 8.7212056], [77.3695528, 8.721248], [77.3703307, 8.7208662], [77.3710388, 8.7204632], [77.3714572, 8.7204049], [77.3721063, 8.7203731], [77.3724925, 8.7201186], [77.3724496, 8.7195724], [77.3723316, 8.7192278], [77.3716128, 8.7188195], [77.3711836, 8.7185066], [77.3709422, 8.7182574], [77.3708028, 8.717478], [77.3708564, 8.7172818], [77.3712158, 8.717128], [77.3714197, 8.7168841], [77.3720151, 8.7165871], [77.3728734, 8.7163008], [77.3734313, 8.7161258], [77.3743406, 8.7154047], [77.3748609, 8.7153464], [77.3765534, 8.7154312], [77.3768806, 8.7156698], [77.3769611, 8.7162213], [77.3770362, 8.7163963], [77.3775887, 8.7166296], [77.3780018, 8.716725], [77.3786187, 8.7170166], [77.3793215, 8.7169901], [77.380448, 8.7166826], [77.381258, 8.7163273], [77.3818803, 8.7161682], [77.3826098, 8.7162319], [77.3832536, 8.7162425], [77.3840958, 8.7162319], [77.3845303, 8.716147], [77.3846322, 8.7159455], [77.3845142, 8.7149275], [77.3845625, 8.7143813], [77.3848736, 8.714042], [77.384997, 8.7138511], [77.3857212, 8.7134852], [77.3862201, 8.7132784], [77.3877114, 8.7134216], [77.3881513, 8.7133526], [77.388559, 8.7132254], [77.3887092, 8.7126633], [77.3887682, 8.7119581], [77.3884141, 8.7109824], [77.3882586, 8.7106908], [77.3881298, 8.7104362], [77.3883712, 8.7101764], [77.3892403, 8.7098477], [77.3898518, 8.7091848], [77.3900265, 8.7090088], [77.3910534, 8.7087606], [77.3914343, 8.7087765], [77.3923945, 8.7090258], [77.3931563, 8.7094022], [77.3938858, 8.7096143], [77.3943633, 8.7098424], [77.3947334, 8.710134], [77.3950821, 8.7102719], [77.3954201, 8.7102772], [77.3961174, 8.7098636], [77.3971474, 8.7094447], [77.3984349, 8.7089144], [77.3987406, 8.7088985], [77.3991215, 8.7091], [77.3994648, 8.7091795], [77.3997223, 8.7091265], [77.4000013, 8.7087606], [77.4004358, 8.7083311], [77.4011171, 8.7080925], [77.401514, 8.708066], [77.4018788, 8.7077903], [77.4018788, 8.7074138], [77.4017447, 8.7068888], [77.4020559, 8.7062896], [77.4023133, 8.7059715], [77.4022973, 8.7056109], [77.4021417, 8.7051973], [77.4021792, 8.7048102], [77.4023563, 8.7045504], [77.4028337, 8.7043966], [77.4034023, 8.7044814], [77.4049312, 8.7049269], [77.4056661, 8.7050806], [77.4078011, 8.7048208], [77.409507, 8.7038822], [77.4103707, 8.703686], [77.4118191, 8.7033467], [77.4130154, 8.7026467], [77.4133372, 8.7023339], [77.4135894, 8.701671], [77.4138951, 8.7012521], [77.4143511, 8.7010506], [77.4151933, 8.7005999], [77.4167168, 8.7005256], [77.4173015, 8.7004461], [77.4177951, 8.7005522], [77.4186748, 8.7000802], [77.4192917, 8.7000961], [77.4194419, 8.7004514], [77.4194902, 8.700759], [77.4200749, 8.7013688], [77.4206704, 8.7016339], [77.4208152, 8.7018354], [77.4211371, 8.7018831], [77.4216682, 8.7029225], [77.4218076, 8.7031823], [77.4218023, 8.7034368], [77.4228591, 8.7038504], [77.4234277, 8.7044708], [77.4237603, 8.7045875], [77.4241573, 8.7044602], [77.4247956, 8.7043383], [77.4251068, 8.7042428], [77.425257, 8.7042587], [77.4252784, 8.7044761], [77.4252409, 8.7048102], [77.4253106, 8.7050382], [77.4250746, 8.7056109], [77.4247849, 8.7057541], [77.4245596, 8.7059609], [77.4236798, 8.7063745], [77.4236798, 8.7065388], [77.4244362, 8.7071911], [77.4247366, 8.7073661], [77.4251872, 8.7074721], [77.4256003, 8.7078168], [77.4258739, 8.707838], [77.4261099, 8.7077531], [77.4267214, 8.7074191], [77.4274027, 8.7072123], [77.4279445, 8.7072017], [77.4290603, 8.7069153], [77.4301708, 8.7066608], [77.4312705, 8.7065972], [77.4317747, 8.7064222], [77.4322039, 8.7061305], [77.4325257, 8.7061836], [77.4327886, 8.7062472], [77.4335128, 8.7069365], [77.4343657, 8.7078592], [77.4349666, 8.7091318], [77.4353957, 8.7098636], [77.4355352, 8.7101181], [77.4357015, 8.7109612], [77.4361467, 8.7117566], [77.4363077, 8.7126474], [77.4362594, 8.714885], [77.4361092, 8.7157334], [77.4359697, 8.7161258]]}}, {"type": "Feature", "properties": {"id": 549306386, "name": "State Highway / District Road", "category": "highway", "type": "tertiary"}, "geometry": {"type": "LineString", "coordinates": [[77.4024931, 8.7850701], [77.4031154, 8.7850701], [77.403456, 8.7850303], [77.403928, 8.7849031], [77.4046844, 8.7846274], [77.4060684, 8.7835141], [77.4071735, 8.7827082], [77.4072647, 8.7825174], [77.4081123, 8.7812397], [77.4093676, 8.7799674], [77.4100278, 8.7790617], [77.4100864, 8.7789813], [77.4109554, 8.7788805], [77.4123126, 8.7785889], [77.4127632, 8.7786208], [77.4132407, 8.7786897], [77.4142384, 8.7787321], [77.4149305, 8.778642], [77.4153757, 8.7786367], [77.4179399, 8.7781012], [77.4185568, 8.7779262], [77.419091, 8.7779222], [77.4192595, 8.7779209], [77.419962, 8.777902], [77.4204397, 8.7778891], [77.4209386, 8.7778732], [77.4209924, 8.7778518], [77.4212444, 8.7777513]]}}, {"type": "Feature", "properties": {"id": 549306392, "name": "Thamirabarani River", "category": "waterway", "type": "canal"}, "geometry": {"type": "LineString", "coordinates": [[77.3537815, 8.7865836], [77.3540711, 8.7857884], [77.3542321, 8.78564], [77.354967, 8.7852371], [77.3557985, 8.7845691], [77.3562437, 8.7841609], [77.356689, 8.7835459], [77.35744, 8.7827719], [77.3574668, 8.7824432], [77.3575526, 8.7823477], [77.3579657, 8.7820933], [77.3581856, 8.7816957], [77.3588723, 8.7809057], [77.3595482, 8.7802536], [77.3598754, 8.7801105], [77.3599935, 8.7799674], [77.3604977, 8.7794584], [77.3606372, 8.7788646], [77.3608679, 8.7786897], [77.361415, 8.7786526], [77.3635983, 8.7783981], [77.3640007, 8.7782019], [77.3647141, 8.7775869], [77.3651111, 8.7774491], [77.3654115, 8.7771734], [77.3655456, 8.7767334], [77.3657066, 8.7765054], [77.3662698, 8.7759647], [77.36664, 8.7757102], [77.3667312, 8.7753762], [77.3670584, 8.7751906], [77.3673534, 8.7750051], [77.3679811, 8.774512], [77.3689896, 8.7743265], [77.3694938, 8.7743318], [77.3695904, 8.7742363], [77.3695743, 8.7739288], [77.3698479, 8.7736584], [77.3701107, 8.7736107], [77.3704112, 8.7733085], [77.3706633, 8.7731972], [77.3714787, 8.7732555], [77.371763, 8.7733563], [77.3722458, 8.7733669], [77.3724818, 8.7735259], [77.3727715, 8.7735842], [77.3734635, 8.7734464], [77.3736405, 8.7732873], [77.3739999, 8.7730859], [77.3741823, 8.7729851], [77.3742413, 8.7727519], [77.3744184, 8.7725875], [77.3747456, 8.7725557], [77.3751587, 8.7722482], [77.3756897, 8.7722535], [77.375915, 8.7723436], [77.3762369, 8.7726193], [77.376709, 8.7726882], [77.3774117, 8.7722959], [77.3775136, 8.7719195], [77.3778623, 8.7713257], [77.3779964, 8.7711455], [77.378431, 8.7710553], [77.3786133, 8.770891], [77.3792946, 8.7707372], [77.3795414, 8.770557], [77.3798472, 8.7706312], [77.3801154, 8.7709546], [77.3801529, 8.7711455], [77.3803675, 8.7731283], [77.3808181, 8.7737751], [77.3815209, 8.7742257], [77.3816389, 8.7742628], [77.3819017, 8.7742257], [77.3825455, 8.7738122], [77.382921, 8.7736903], [77.3830068, 8.7734623], [77.3829532, 8.7731071], [77.3831731, 8.7727678], [77.3831624, 8.7723914], [77.3831677, 8.7722164], [77.3835325, 8.7716438], [77.3839349, 8.7708698], [77.3842353, 8.7705146], [77.3849165, 8.7701699], [77.3852652, 8.7700798], [77.3856994, 8.7701418], [77.3857105, 8.7701434], [77.3857583, 8.7701769], [77.3858392, 8.7702336], [77.3859762, 8.7703429]]}}, {"type": "Feature", "properties": {"id": 549376621, "name": "State Highway / District Road", "category": "highway", "type": "tertiary"}, "geometry": {"type": "LineString", "coordinates": [[77.6189044, 8.7035201], [77.6187379, 8.7032503]]}}, {"type": "Feature", "properties": {"id": 549376622, "name": "State Highway / District Road", "category": "highway", "type": "tertiary"}, "geometry": {"type": "LineString", "coordinates": [[77.6187379, 8.7032503], [77.6186451, 8.7030359], [77.6185486, 8.7028354], [77.6184142, 8.7025251], [77.6183777, 8.7024451], [77.6183294, 8.7023334], [77.6183018, 8.7022364], [77.6182575, 8.7019147], [77.6182456, 8.7018288], [77.6182222, 8.701398], [77.6182135, 8.7012291], [77.6181971, 8.7009768], [77.6181723, 8.7005554], [77.6181334, 8.70014], [77.6180663, 8.6999499], [77.61801, 8.6997779], [77.6179739, 8.6996886], [77.6179078, 8.6995508], [77.6178423, 8.6993836], [77.6177667, 8.6991736], [77.6175458, 8.6986026], [77.6173268, 8.6980634], [77.6172571, 8.6977946], [77.6172771, 8.6972728], [77.6172933, 8.6966256], [77.6172855, 8.696121], [77.617309, 8.6955054], [77.6172938, 8.6953297], [77.6172426, 8.6951617], [77.6171453, 8.6949659], [77.6169564, 8.6946294], [77.6167434, 8.6942727], [77.6163633, 8.6935179], [77.6161626, 8.6931772], [77.6160364, 8.6929981], [77.6159718, 8.6929277], [77.6159392, 8.6928688], [77.6159293, 8.6928037], [77.6157305, 8.6919457], [77.6156817, 8.6918821], [77.6156249, 8.6918538], [77.6155134, 8.6918618], [77.6153333, 8.691894], [77.6148315, 8.6920893]]}}, {"type": "Feature", "properties": {"id": 550411955, "name": "State Highway / District Road", "category": "highway", "type": "tertiary"}, "geometry": {"type": "LineString", "coordinates": [[77.5513206, 8.7744905], [77.5522954, 8.7743072], [77.5531942, 8.7741572], [77.553445, 8.7741267], [77.5537042, 8.7741086], [77.5550809, 8.7739927], [77.5556886, 8.7739059], [77.5573856, 8.7737007], [77.5601948, 8.7733611], [77.560297, 8.7733434]]}}, {"type": "Feature", "properties": {"id": 550411958, "name": "State Highway / District Road", "category": "highway", "type": "tertiary"}, "geometry": {"type": "LineString", "coordinates": [[77.5902456, 8.7639221], [77.5897254, 8.7638801], [77.5893599, 8.763866], [77.5892233, 8.7638775], [77.5891402, 8.7638923], [77.5890511, 8.7639202], [77.5888895, 8.7639861], [77.5887073, 8.7640513], [77.5885549, 8.7640989], [77.5883159, 8.7641735], [77.5880973, 8.7642449], [77.5879572, 8.7642947], [77.5878057, 8.7643485], [77.5866119, 8.7647442], [77.5864551, 8.7647888], [77.5862179, 8.7648232], [77.5860601, 8.7648398], [77.5858948, 8.7648928], [77.5855404, 8.7650589], [77.5852883, 8.7651606], [77.5850362, 8.7652445], [77.5848247, 8.7653072], [77.5845302, 8.7653627], [77.5841296, 8.7654406], [77.5838997, 8.7654972], [77.5836951, 8.7655573], [77.5832267, 8.7657036], [77.5830674, 8.7657534], [77.582479, 8.7659179], [77.5816068, 8.7661192], [77.5806929, 8.7663151], [77.5799801, 8.7664527], [77.5795752, 8.7665308], [77.5793177, 8.7665805], [77.578643, 8.7666804], [77.5782712, 8.7667206], [77.5780312, 8.7667409], [77.5774944, 8.7667872], [77.5770131, 8.7668313], [77.5762472, 8.7668916], [77.5755679, 8.7669674], [77.5749309, 8.767032], [77.5741893, 8.7671001], [77.5736368, 8.7671584], [77.5734876, 8.7671778], [77.5733673, 8.7672115], [77.5732133, 8.7672967], [77.5730457, 8.767433], [77.5729113, 8.7675743], [77.5728094, 8.7676977], [77.572654, 8.7678912], [77.5725079, 8.7680259], [77.5723794, 8.7681181], [77.5718875, 8.7684032], [77.5718048, 8.7684554], [77.571539, 8.7686203], [77.5711559, 8.7688531], [77.5706532, 8.7691545], [77.5702014, 8.769416], [77.5698903, 8.7696151], [77.5697517, 8.7697431], [77.5696456, 8.7698782], [77.5696055, 8.7699911], [77.5695834, 8.7700933], [77.5695853, 8.7703262], [77.5696174, 8.7710636], [77.5696519, 8.7717521], [77.5696536, 8.7720644]]}}, {"type": "Feature", "properties": {"id": 620616357, "name": "State Highway / District Road", "category": "highway", "type": "tertiary"}, "geometry": {"type": "LineString", "coordinates": [[77.6329531, 8.6987338], [77.6328123, 8.6987196], [77.6327444, 8.698715], [77.632585, 8.6987225], [77.6324337, 8.6987339], [77.6322949, 8.6987463], [77.6320302, 8.6987811], [77.6318834, 8.6988077], [77.6317445, 8.6988363], [77.6314868, 8.69889], [77.6314234, 8.6989036], [77.6313476, 8.6989214], [77.631304, 8.6989417], [77.6309332, 8.6991109], [77.6307073, 8.6991985], [77.6305626, 8.6992592], [77.6305046, 8.6992774], [77.6304173, 8.6993101], [77.6303213, 8.6993399], [77.6302486, 8.6993563], [77.630142, 8.6993655], [77.6299819, 8.6993746], [77.629817, 8.6994252], [77.6296999, 8.6994749], [77.6295849, 8.6995366], [77.6290789, 8.6998736], [77.6286435, 8.700162], [77.6284987, 8.7002191], [77.6282788, 8.7003691], [77.6280723, 8.7005296], [77.6279766, 8.7006153], [77.6276145, 8.7007777], [77.6274458, 8.7008541], [77.6268878, 8.7011068], [77.6262387, 8.7013704], [77.6255378, 8.701712], [77.6254792, 8.7017406], [77.6251384, 8.7019543], [77.6248171, 8.7021515], [77.6245247, 8.7023541], [77.6242866, 8.7025472], [77.623888, 8.702856], [77.6236651, 8.7030124], [77.6235222, 8.7031016], [77.6232493, 8.7032424], [77.6226959, 8.703506], [77.6226003, 8.7035521], [77.6223925, 8.7036523], [77.6219254, 8.7038308], [77.6211964, 8.7041361], [77.6211265, 8.7041654], [77.6201528, 8.704567], [77.6192935, 8.7049652]]}}, {"type": "Feature", "properties": {"id": 679533242, "name": "State Highway / District Road", "category": "highway", "type": "tertiary"}, "geometry": {"type": "LineString", "coordinates": [[77.6168937, 8.647002], [77.6168525, 8.6456123], [77.6169437, 8.643475], [77.6168418, 8.6424249], [77.6164663, 8.6402664], [77.6159674, 8.6383094], [77.615608, 8.6372858], [77.6148999, 8.6355356], [77.6141059, 8.6339021], [77.6134998, 8.6331861], [77.6134998, 8.6330853], [77.6136553, 8.6328095], [77.6147282, 8.6314518], [77.6151681, 8.6308896], [77.6152807, 8.6306456], [77.6152164, 8.6304229], [77.6143312, 8.628853], [77.6142937, 8.6287098], [77.6143849, 8.6285348], [77.6150769, 8.6281476], [77.6162624, 8.6269012], [77.6171744, 8.62653], [77.6174641, 8.626339], [77.617861, 8.6253101], [77.618773, 8.6229393], [77.6191002, 8.6222657], [77.6194221, 8.6214702], [77.6196938, 8.6204483], [77.6199424, 8.6195131], [77.6206613, 8.6170786], [77.6209134, 8.6159966], [77.6214015, 8.6151268], [77.6220882, 8.6141509], [77.6232898, 8.6127984], [77.6244324, 8.6113186], [77.6251996, 8.6100191], [77.6256502, 8.6090193], [77.6258996, 8.6084703], [77.6260927, 8.6081362], [77.6264441, 8.6077304]]}}, {"type": "Feature", "properties": {"id": 679533244, "name": "State Highway / District Road", "category": "highway", "type": "tertiary"}, "geometry": {"type": "LineString", "coordinates": [[77.6169062, 8.6474208], [77.6168937, 8.647002]]}}, {"type": "Feature", "properties": {"id": 679534432, "name": "State Highway / District Road", "category": "highway", "type": "tertiary"}, "geometry": {"type": "LineString", "coordinates": [[77.5264835, 8.6755173], [77.526631, 8.6750401]]}}, {"type": "Feature", "properties": {"id": 679534433, "name": "State Highway / District Road", "category": "highway", "type": "tertiary"}, "geometry": {"type": "LineString", "coordinates": [[77.526631, 8.6750401], [77.5266927, 8.6748969], [77.5268269, 8.6743242], [77.5268778, 8.6738468], [77.5270066, 8.6733882], [77.5271272, 8.6729745], [77.5272614, 8.6715162], [77.5275242, 8.6696521], [77.527653, 8.6671968], [77.5278139, 8.6661361], [77.5279695, 8.6652717], [77.5279212, 8.6643914], [77.5277281, 8.6634209], [77.5277549, 8.6620315], [77.5279158, 8.6609655], [77.5282484, 8.65982], [77.5286293, 8.6581866], [77.5286293, 8.6577836], [77.5283933, 8.6568343], [77.5282243, 8.6564339], [77.5280955, 8.6563331], [77.5276422, 8.6560971], [77.5268698, 8.6556012], [77.5267518, 8.6554103], [77.5265662, 8.6547798], [77.5264138, 8.6542622], [77.5261563, 8.6537849], [77.525813, 8.65335], [77.5255179, 8.6531113], [77.5249493, 8.6519446], [77.5247991, 8.6518067], [77.5246435, 8.651812], [77.5243704, 8.6519142], [77.5237369, 8.6521514], [77.5234795, 8.6521355], [77.5220954, 8.6518703], [77.5217253, 8.6519393], [77.5181472, 8.6532704], [77.516554, 8.6538087], [77.5150761, 8.6542303], [77.5146241, 8.6543755], [77.5144498, 8.6544259], [77.5143338, 8.6544332], [77.5142279, 8.6544232], [77.5140139, 8.6543835], [77.5137377, 8.6543225], [77.5136713, 8.6542966], [77.5136083, 8.6542343], [77.5135794, 8.6541952], [77.5135372, 8.6541674], [77.5134286, 8.6541674], [77.5128184, 8.6542681], [77.5125387, 8.654351], [77.5122216, 8.6544544], [77.5118414, 8.6545452], [77.5116771, 8.6545671], [77.5114793, 8.6545644], [77.5111225, 8.6544637], [77.5099182, 8.6540792], [77.5085074, 8.6536629], [77.5069517, 8.6531644], [77.5058587, 8.6528428], [77.5049642, 8.6525691], [77.5040153, 8.6522807]]}}, {"type": "Feature", "properties": {"id": 679534434, "name": "Cheranmahadevi - Panagudi Road", "category": "highway", "type": "primary"}, "geometry": {"type": "LineString", "coordinates": [[77.5676116, 8.661827], [77.5674846, 8.6622306], [77.5672013, 8.6632611], [77.5671327, 8.663574], [77.5667676, 8.6652399], [77.5662446, 8.6668627], [77.5659735, 8.6684389], [77.5657287, 8.6706351], [77.5657006, 8.6708872], [77.5656562, 8.671285], [77.5656414, 8.6714175], [77.5656361, 8.6714789], [77.5656071, 8.6717509], [77.5655918, 8.6718456], [77.565506, 8.6722289], [77.5654447, 8.6725843], [77.5653898, 8.6729025], [77.5653212, 8.6733002], [77.5651851, 8.6743784], [77.5651581, 8.6745883]]}}, {"type": "Feature", "properties": {"id": 679534435, "name": "Cheranmahadevi - Panagudi Road", "category": "highway", "type": "primary"}, "geometry": {"type": "LineString", "coordinates": [[77.5676716, 8.6612741], [77.5676116, 8.661827]]}}, {"type": "Feature", "properties": {"id": 679539765, "name": "State Highway / District Road", "category": "highway", "type": "tertiary"}, "geometry": {"type": "LineString", "coordinates": [[77.4951007, 8.7126254], [77.4951301, 8.7124749], [77.4951783, 8.7122286]]}}, {"type": "Feature", "properties": {"id": 679539768, "name": "State Highway / District Road", "category": "highway", "type": "tertiary"}, "geometry": {"type": "LineString", "coordinates": [[77.4951783, 8.7122286], [77.495186, 8.7121937], [77.4953176, 8.711598], [77.4955504, 8.7101851], [77.4957263, 8.7097425], [77.4959581, 8.7091593], [77.4965634, 8.7077917], [77.4968105, 8.7067293], [77.497107, 8.7056913], [77.4972676, 8.7054593], [77.4975394, 8.7052517], [77.4976258, 8.7048853], [77.4981548, 8.70294], [77.4986759, 8.7027727], [77.5006649, 8.7022476], [77.501332, 8.701979], [77.5023887, 8.7016505], [77.5030186, 8.7015656], [77.5036792, 8.7014766], [77.5038713, 8.7014487], [77.5047278, 8.7013244], [77.5066563, 8.700701], [77.5087608, 8.6997732], [77.5097454, 8.6991485], [77.5104669, 8.6986907], [77.5118772, 8.6975529], [77.5125829, 8.6971765], [77.5133186, 8.6967841], [77.5134356, 8.6967199], [77.513909, 8.6964603], [77.5140483, 8.6963479], [77.5145786, 8.696196], [77.5146555, 8.6961696], [77.5151079, 8.6960145], [77.5155267, 8.6959043], [77.5159681, 8.695734], [77.5161664, 8.695653], [77.5162392, 8.6956233], [77.5164832, 8.6955238], [77.5169188, 8.6953687], [77.5170999, 8.6951892], [77.517179, 8.6951593], [77.5172783, 8.6951302], [77.5176537, 8.6949392], [77.518025, 8.6946448], [77.5183418, 8.6943507], [77.518437, 8.6942624], [77.5186422, 8.6940719], [77.5190015, 8.69384], [77.5195661, 8.6936008], [77.5199375, 8.693198], [77.5200941, 8.6930282], [77.5205273, 8.6926145], [77.520698, 8.6924496], [77.5209676, 8.692264], [77.5212787, 8.692146], [77.5214128, 8.6920558], [77.5214839, 8.691971]]}}, {"type": "Feature", "properties": {"id": 796736855, "name": "State Highway / District Road", "category": "highway", "type": "tertiary"}, "geometry": {"type": "LineString", "coordinates": [[77.6145262, 8.6885881], [77.6145332, 8.6886341], [77.6145111, 8.6886694], [77.6141678, 8.6888918], [77.614051, 8.6889473], [77.613905, 8.6889979], [77.6137639, 8.6890177], [77.6133388, 8.6890371], [77.6130445, 8.6890015], [77.612652, 8.6889078], [77.6121419, 8.6887267], [77.612047, 8.6886782], [77.6119522, 8.6886298], [77.6118116, 8.6886104], [77.6116415, 8.688591], [77.6114584, 8.6885522], [77.6108338, 8.6883388], [77.6106964, 8.6882903], [77.6105263, 8.6882289], [77.6103105, 8.6881901], [77.6100096, 8.6881578], [77.60982, 8.6881254], [77.6096205, 8.688064], [77.6094733, 8.688022], [77.6089762, 8.6879638], [77.6088421, 8.687967], [77.6087244, 8.6879994], [77.6086296, 8.6880382], [77.6084334, 8.688106], [77.608175, 8.6881707], [77.607933, 8.6881966], [77.6077531, 8.6882063], [77.6075536, 8.6882386], [77.6073239, 8.6882946], [77.6072245, 8.688328], [77.6071783, 8.6883328], [77.6071414, 8.6883252], [77.6071173, 8.6883186], [77.6070801, 8.688293], [77.6070573, 8.6882595], [77.6070451, 8.6881815]]}}, {"type": "Feature", "properties": {"id": 796944804, "name": "State Highway / District Road", "category": "highway", "type": "tertiary"}, "geometry": {"type": "LineString", "coordinates": [[77.614392, 8.6882221], [77.6138952, 8.6870858], [77.6137936, 8.6868365], [77.6137346, 8.6865775], [77.6137187, 8.6863231], [77.6137164, 8.6860894], [77.6137857, 8.6844122], [77.6139471, 8.6806146], [77.6140646, 8.6776051], [77.614138, 8.6765202], [77.614, 8.6764546], [77.6139289, 8.6764069], [77.6138712, 8.6763234], [77.6138458, 8.6762226], [77.613837, 8.6760356], [77.6138433, 8.6758931], [77.6138565, 8.6758116], [77.6139048, 8.6756844], [77.6140203, 8.6754566], [77.6141945, 8.6751488], [77.6142233, 8.6750805], [77.6142427, 8.6750029], [77.6142575, 8.6748482], [77.6142638, 8.6743931]]}}, {"type": "Feature", "properties": {"id": 797380507, "name": "Tiruchendur - Palayamkottai - Ambasamudram - Tenkasi - Courtalam - Shencottai Road", "category": "highway", "type": "primary"}, "geometry": {"type": "LineString", "coordinates": [[77.6197077, 8.6603489], [77.6200004, 8.6603243], [77.6204391, 8.6602967], [77.6206774, 8.6602774], [77.6209308, 8.660284], [77.6218106, 8.6602244], [77.6221861, 8.6601833], [77.6224168, 8.6601448], [77.622942, 8.6600176], [77.6238236, 8.6598014], [77.6245102, 8.6596662], [77.6253819, 8.6594859], [77.6267246, 8.6591745], [77.627841, 8.6589196], [77.6287548, 8.6587711], [77.6294857, 8.6588107], [77.630022, 8.6589074], [77.6316005, 8.6592628], [77.6318922, 8.659244], [77.6322542, 8.6591992], [77.6325052, 8.6591927], [77.6329346, 8.6592426], [77.6332234, 8.6592831], [77.6355348, 8.6606203], [77.6358303, 8.6607857], [77.636006, 8.6608738], [77.6361593, 8.6609067], [77.6364563, 8.6609533], [77.6367072, 8.6609565], [77.6373017, 8.660947], [77.6378198, 8.6609067], [77.6387438, 8.6607931], [77.6395336, 8.6607458], [77.6396956, 8.6607721], [77.6398188, 8.6608062], [77.6399279, 8.6608426], [77.6402328, 8.6609875], [77.6406074, 8.6611937], [77.6422187, 8.662306], [77.6430062, 8.6627837], [77.6432025, 8.662919], [77.6433502, 8.6630604], [77.6435564, 8.6632417], [77.6435918, 8.663279], [77.6450812, 8.6648482], [77.6451346, 8.6648893], [77.6451913, 8.6649205], [77.6453596, 8.6650014], [77.6456991, 8.6650966], [77.6464345, 8.6652589], [77.6470959, 8.6653977], [77.6473128, 8.6654493], [77.6476612, 8.6655213], [77.6476887, 8.6655228], [77.649448, 8.6658902], [77.6525572, 8.666727], [77.6531387, 8.6669429], [77.6545054, 8.6671418], [77.6548205, 8.6671988], [77.6556614, 8.6673698], [77.6558371, 8.6673983], [77.6559846, 8.6674109], [77.6562501, 8.6673963], [77.6567765, 8.6673201], [77.6571856, 8.6672883], [77.6574732, 8.6672823], [77.65772, 8.6673035], [77.658115, 8.667334], [77.6583939, 8.6674447], [77.6586286, 8.6675594], [77.6588539, 8.6677079], [77.6592904, 8.6680241], [77.6595613, 8.668203], [77.6597987, 8.6683356], [77.6601186, 8.6684788], [77.6609809, 8.6688242], [77.6613577, 8.6689548], [77.6617017, 8.6690363], [77.6624239, 8.6691762], [77.6635934, 8.6692902], [77.6650377, 8.6694228], [77.6692629, 8.669794], [77.6698338, 8.6698294], [77.6701078, 8.6698311], [77.6711559, 8.6697907], [77.6717392, 8.6697768]]}}, {"type": "Feature", "properties": {"id": 797395778, "name": "Tirunelveli - Pottalpudur Road", "category": "highway", "type": "primary"}, "geometry": {"type": "LineString", "coordinates": [[77.5387017, 8.7259306], [77.5372056, 8.7268612], [77.5342941, 8.7286978], [77.5328989, 8.7295577], [77.5320646, 8.7299917], [77.5319604, 8.7300549], [77.5319217, 8.7300827], [77.5318913, 8.7301226], [77.5318682, 8.7301549], [77.5318403, 8.7302699], [77.5318323, 8.7303649], [77.5318392, 8.7305035], [77.5318439, 8.7306393], [77.5319119, 8.7318037], [77.5319162, 8.7319749], [77.5319073, 8.7320859], [77.5318897, 8.7321301], [77.5318727, 8.7321588], [77.531795, 8.7322317], [77.5317506, 8.7322682], [77.5316349, 8.7323366], [77.5296324, 8.7332571], [77.5288653, 8.7336387], [77.5287837, 8.7336784], [77.5284033, 8.733861], [77.5282593, 8.7339464]]}}, {"type": "Feature", "properties": {"id": 797395779, "name": "Tirunelveli - Pottalpudur Road", "category": "highway", "type": "primary"}, "geometry": {"type": "LineString", "coordinates": [[77.5388002, 8.725873], [77.5387017, 8.7259306]]}}, {"type": "Feature", "properties": {"id": 797477702, "name": "State Highway / District Road", "category": "highway", "type": "tertiary"}, "geometry": {"type": "LineString", "coordinates": [[77.5326482, 8.7482479], [77.5328578, 8.748323]]}}, {"type": "Feature", "properties": {"id": 797477703, "name": "State Highway / District Road", "category": "highway", "type": "tertiary"}, "geometry": {"type": "LineString", "coordinates": [[77.5328578, 8.748323], [77.532955, 8.7483445], [77.5330586, 8.7483419], [77.5331673, 8.748315], [77.5332323, 8.7483117], [77.5332846, 8.7483472], [77.5333198, 8.7483979], [77.5335567, 8.7489214], [77.5336277, 8.7491263], [77.53375, 8.7494562], [77.5338232, 8.7496432], [77.5339756, 8.7500137], [77.5340435, 8.7501968], [77.5341331, 8.7504109], [77.5342261, 8.7505755], [77.5344146, 8.750924], [77.5345008, 8.751093], [77.5345262, 8.7511452], [77.5345491, 8.7512175], [77.5345714, 8.7512818], [77.534575, 8.7513386], [77.5345943, 8.751498], [77.5346276, 8.7516447], [77.5346617, 8.7517771], [77.5347183, 8.7519225], [77.5347582, 8.7520993], [77.5347932, 8.7522261], [77.5348114, 8.7522756], [77.5348804, 8.7526554], [77.5349772, 8.7528947], [77.5350415, 8.7530634], [77.5351148, 8.7531845], [77.5351963, 8.7532926], [77.5353464, 8.7534949], [77.5354709, 8.7536817], [77.5356788, 8.7539285], [77.5358508, 8.7541352], [77.5361894, 8.7544598], [77.5365495, 8.7548229], [77.5366335, 8.7548956], [77.5366953, 8.7549489], [77.5369712, 8.7553296], [77.5372034, 8.7556136], [77.5376201, 8.7561639], [77.5377958, 8.7564052], [77.5378833, 8.7565566], [77.538011, 8.7567935], [77.538239, 8.7572727], [77.5383999, 8.7576153], [77.5386722, 8.7580865], [77.5389732, 8.7586445], [77.5391623, 8.7589931], [77.5393367, 8.7592602], [77.539501, 8.7594902], [77.5396572, 8.7596711], [77.539971, 8.7599972], [77.540248, 8.7602497], [77.5404578, 8.760422], [77.5406329, 8.760532], [77.5408132, 8.7606334], [77.5409099, 8.7606706], [77.5411753, 8.7607726], [77.5417446, 8.760976], [77.5422999, 8.7611941], [77.5428269, 8.761424], [77.5432326, 8.7615957], [77.5433986, 8.7616682], [77.5435058, 8.7617226], [77.5436242, 8.7618084], [77.5437295, 8.7618952], [77.5439008, 8.7620364], [77.5440339, 8.7621484], [77.5441271, 8.7622388], [77.5442485, 8.7623923], [77.5444959, 8.7627594], [77.5448024, 8.7632127], [77.5451611, 8.7637986], [77.5453395, 8.7640411], [77.5455527, 8.7643069], [77.545888, 8.7646747], [77.5461287, 8.7649524], [77.5465149, 8.7654004], [77.5467369, 8.7656429], [77.5470479, 8.76591], [77.5473399, 8.7661852], [77.5476221, 8.7664442], [77.5479456, 8.7667221], [77.5482122, 8.7669415], [77.5484585, 8.7671665], [77.5486285, 8.7673481], [77.5487221, 8.76748], [77.5488217, 8.7676456], [77.5489182, 8.7678193], [77.5490201, 8.7680546], [77.5491683, 8.7684403], [77.5493316, 8.7688055], [77.5494952, 8.7691298], [77.5495948, 8.769327], [77.549697, 8.7695284], [77.5497567, 8.7696597], [77.5498728, 8.7700245], [77.5499757, 8.7704532], [77.5500571, 8.7706892], [77.5502309, 8.7711256], [77.5502578, 8.7711926]]}}, {"type": "Feature", "properties": {"id": 797769216, "name": "State Highway / District Road", "category": "highway", "type": "tertiary"}, "geometry": {"type": "LineString", "coordinates": [[77.6156447, 8.6679861], [77.6156343, 8.6679487], [77.6154287, 8.6672104], [77.6153508, 8.6668028], [77.6153373, 8.6667271], [77.6153391, 8.6666443], [77.6154406, 8.665649], [77.6155345, 8.6650427], [77.6155424, 8.6649994], [77.615654, 8.6645407], [77.615725, 8.664101], [77.6157416, 8.6640269], [77.6158264, 8.6635638], [77.6158575, 8.6633595], [77.6159785, 8.6625647], [77.616023, 8.6623633], [77.6160676, 8.6621619], [77.616118, 8.6619618], [77.6161848, 8.6616969], [77.6162588, 8.6614191], [77.6164726, 8.6606165]]}}, {"type": "Feature", "properties": {"id": 797769237, "name": "State Highway / District Road", "category": "highway", "type": "tertiary"}, "geometry": {"type": "LineString", "coordinates": [[77.6164726, 8.6606165], [77.616742, 8.6598026], [77.6171961, 8.658507], [77.6174382, 8.6577502], [77.6175152, 8.6575184], [77.6175873, 8.6572566], [77.6176607, 8.656813], [77.6177394, 8.6560991], [77.6178238, 8.655334], [77.6178319, 8.6549917], [77.6178108, 8.6546809], [77.6177594, 8.65435], [77.6176186, 8.6538026], [77.6174577, 8.6532751], [77.6171916, 8.6526079], [77.617152, 8.6524318], [77.6171423, 8.6522318], [77.6171662, 8.65198], [77.6171799, 8.6518041], [77.6171829, 8.6515962], [77.6171669, 8.6513038], [77.6171507, 8.6511642], [77.6171363, 8.6510258], [77.6170914, 8.6507106], [77.6170852, 8.650634], [77.6170538, 8.6498421], [77.6170462, 8.6496641], [77.6170196, 8.649437], [77.6169819, 8.6492463], [77.6169053, 8.6489915], [77.6168763, 8.6488362], [77.6168699, 8.6487002], [77.6168928, 8.6477061], [77.6169017, 8.6475163], [77.6169062, 8.6474208]]}}, {"type": "Feature", "properties": {"id": 797839225, "name": "State Highway / District Road", "category": "highway", "type": "tertiary"}, "geometry": {"type": "LineString", "coordinates": [[77.6156785, 8.6681074], [77.6156447, 8.6679861]]}}, {"type": "Feature", "properties": {"id": 798196177, "name": "State Highway / District Road", "category": "highway", "type": "tertiary"}, "geometry": {"type": "LineString", "coordinates": [[77.6070451, 8.6881815], [77.6070291, 8.6879399]]}}, {"type": "Feature", "properties": {"id": 798231655, "name": "State Highway / District Road", "category": "highway", "type": "tertiary"}, "geometry": {"type": "LineString", "coordinates": [[77.5536336, 8.747033], [77.5531632, 8.7441286], [77.5530737, 8.7435572], [77.5528626, 8.7429128], [77.5524782, 8.7416615], [77.5516324, 8.7393498], [77.5512685, 8.738284], [77.5509475, 8.7372607], [77.5504129, 8.7354262], [77.550242, 8.7348378], [77.5500462, 8.7341883], [77.5495017, 8.7328919], [77.5492309, 8.7321787], [77.5488902, 8.7309194], [77.5487132, 8.729859], [77.5485523, 8.7292651], [77.5480212, 8.7275976], [77.5475733, 8.7265411], [77.5473828, 8.7260148], [77.5473292, 8.7257815], [77.5472559, 8.7255216], [77.5471988, 8.7253941], [77.5469032, 8.7249702], [77.5467557, 8.7247316], [77.5463895, 8.7239257], [77.5461683, 8.7234352], [77.5460342, 8.7231939], [77.5458665, 8.7229447], [77.5457337, 8.7227379], [77.5456048, 8.7224896], [77.5454947, 8.7222035], [77.5454836, 8.7221712], [77.5454721, 8.7221427], [77.5454573, 8.7221258], [77.5454343, 8.7221254], [77.5454013, 8.7221343], [77.5451606, 8.7222245], [77.545135, 8.7222263], [77.5451244, 8.7222188], [77.5451158, 8.7222055], [77.5451002, 8.7221648], [77.545049, 8.7219979], [77.5449408, 8.7216831]]}}, {"type": "Feature", "properties": {"id": 798269741, "name": "State Highway / District Road", "category": "highway", "type": "tertiary"}, "geometry": {"type": "LineString", "coordinates": [[77.5903251, 8.7639198], [77.5902456, 8.7639221]]}}, {"type": "Feature", "properties": {"id": 798269742, "name": "State Highway / District Road", "category": "highway", "type": "tertiary"}, "geometry": {"type": "LineString", "coordinates": [[77.5932353, 8.7635242], [77.5928242, 8.763597], [77.5925158, 8.7636527], [77.5924119, 8.7636714], [77.5917578, 8.7637494], [77.5915153, 8.7637779], [77.5914657, 8.7637837], [77.5911248, 8.7638236], [77.5908361, 8.7638609], [77.5906746, 8.7638818], [77.5903684, 8.7639159], [77.5903251, 8.7639198]]}}, {"type": "Feature", "properties": {"id": 798315891, "name": "State Highway / District Road", "category": "highway", "type": "tertiary"}, "geometry": {"type": "LineString", "coordinates": [[77.5895752, 8.6718147], [77.5896897, 8.6719087]]}}, {"type": "Feature", "properties": {"id": 798315892, "name": "State Highway / District Road", "category": "highway", "type": "tertiary"}, "geometry": {"type": "LineString", "coordinates": [[77.5896897, 8.6719087], [77.5897873, 8.672014], [77.5898639, 8.6721063], [77.5899466, 8.6722343], [77.5900223, 8.6724212], [77.5901267, 8.6726793], [77.5903874, 8.6733231], [77.5907983, 8.6743379], [77.5908136, 8.6743757], [77.5909002, 8.6745193], [77.591077, 8.6747402], [77.5911705, 8.6749151], [77.5912168, 8.6751651], [77.591424, 8.676973], [77.591483, 8.6772796], [77.5914729, 8.6774444], [77.5915004, 8.6780238], [77.5915534, 8.6783918], [77.591691, 8.6787982], [77.5918711, 8.6791785], [77.5924149, 8.6802639], [77.5925341, 8.6804311], [77.5928596, 8.6807954], [77.5931581, 8.6812583], [77.5932954, 8.6816565], [77.5933442, 8.6818738], [77.5933816, 8.6821658], [77.5934958, 8.6832054], [77.5935523, 8.683448], [77.5936714, 8.6837242], [77.5937922, 8.6839265], [77.5938816, 8.6840554], [77.5939368, 8.6841274], [77.5940001, 8.6841771], [77.5942764, 8.6843223], [77.5943407, 8.68437], [77.5943924, 8.6844217], [77.5944314, 8.6844734], [77.5944665, 8.6845495], [77.5945746, 8.6850921], [77.594594, 8.6851671]]}}, {"type": "Feature", "properties": {"id": 798636340, "name": "Tirunelveli - Pottalpudur Road", "category": "highway", "type": "primary"}, "geometry": {"type": "LineString", "coordinates": [[77.5809939, 8.7112835], [77.5802774, 8.7112962], [77.5770802, 8.7112962], [77.5736269, 8.7112207], [77.5725997, 8.7111686], [77.5716624, 8.7111842], [77.5702352, 8.7111478], [77.5693984, 8.7112326], [77.5669984, 8.7114012], [77.5668982, 8.7114122], [77.566354, 8.7114718], [77.5662326, 8.7114842], [77.5654051, 8.7116467], [77.5639806, 8.711993], [77.5611103, 8.7126378], [77.560134, 8.7128612], [77.5587285, 8.7132224], [77.5585676, 8.7132767], [77.5584121, 8.7133377], [77.5558752, 8.7146496], [77.5556142, 8.7148121], [77.5553188, 8.7149961], [77.5549547, 8.7152228], [77.5547056, 8.7153934], [77.5543408, 8.7156432], [77.5542416, 8.7157111], [77.5541315, 8.7157865], [77.5539622, 8.7159112], [77.5538976, 8.7159467], [77.5537933, 8.7160181], [77.5527868, 8.7166558], [77.5500624, 8.7179774], [77.5493052, 8.7183752], [77.5491074, 8.7184944], [77.5489558, 8.7185857], [77.5487353, 8.7187186], [77.5482118, 8.719034], [77.5477574, 8.7193077], [77.5474692, 8.7194813], [77.546896, 8.7198619], [77.5463817, 8.7201094], [77.5463175, 8.7201441], [77.5462965, 8.7201669], [77.5462782, 8.7202], [77.5462817, 8.720258], [77.5462968, 8.7203158], [77.5464051, 8.7206472], [77.5465089, 8.7210517], [77.5465089, 8.7211114], [77.5464955, 8.7211539], [77.5464378, 8.7212082], [77.5456729, 8.7214598], [77.5455781, 8.721491], [77.5449408, 8.7216831], [77.5444695, 8.7218289], [77.5441819, 8.7219284], [77.5440817, 8.7219653], [77.5440102, 8.722007], [77.5439305, 8.7220639], [77.5438319, 8.7221696], [77.5437373, 8.7222544], [77.5422764, 8.7233596], [77.5414181, 8.7240609], [77.5406268, 8.7246627], [77.5396693, 8.7253255], [77.5393595, 8.7255363], [77.5388002, 8.725873]]}}, {"type": "Feature", "properties": {"id": 799071316, "name": "Tiruchendur - Palayamkottai - Ambasamudram - Tenkasi - Courtalam - Shencottai Road", "category": "highway", "type": "primary"}, "geometry": {"type": "LineString", "coordinates": [[77.619414, 8.660364], [77.6197077, 8.6603489]]}}, {"type": "Feature", "properties": {"id": 799178139, "name": "State Highway / District Road", "category": "highway", "type": "tertiary"}, "geometry": {"type": "LineString", "coordinates": [[77.6070291, 8.6879399], [77.6070102, 8.6878819], [77.6069941, 8.6878573], [77.6069713, 8.6878355], [77.6069153, 8.6878189], [77.6068455, 8.6878172], [77.6067566, 8.6878396], [77.6066977, 8.6878726], [77.6065958, 8.6879309], [77.6062578, 8.688212], [77.6061418, 8.6882941], [77.605938, 8.6883776], [77.6046431, 8.6889066], [77.6036561, 8.6895324], [77.6023579, 8.6899831], [77.6018751, 8.6901263], [77.6018054, 8.6901051], [77.6017249, 8.6900362], [77.601676, 8.6899677], [77.6016271, 8.6898777], [77.6015693, 8.6897551], [77.6015373, 8.6896114], [77.6015244, 8.6895774], [77.6014977, 8.6895345], [77.6014797, 8.6895081], [77.601467, 8.6895062], [77.6014566, 8.6895067], [77.6014379, 8.6895105], [77.6012029, 8.68957], [77.6011163, 8.6895802], [77.6010586, 8.6895727], [77.6010195, 8.6895506], [77.6009916, 8.689522], [77.6009647, 8.6894472], [77.6009475, 8.689362], [77.6009342, 8.6892728], [77.6008482, 8.6886039], [77.6007872, 8.6883782], [77.6007771, 8.6882764], [77.6007757, 8.6881695], [77.6007744, 8.6880516], [77.6007823, 8.6879403], [77.6007856, 8.6878459], [77.600784, 8.6877908], [77.6007743, 8.68775], [77.6007538, 8.6877093], [77.6007288, 8.6876698], [77.600713, 8.6876091], [77.6007128, 8.6875087], [77.600675, 8.6868467], [77.6006756, 8.6867562], [77.6006677, 8.6866564], [77.6006096, 8.6861361], [77.6005489, 8.6856142], [77.6004078, 8.6845543], [77.5992892, 8.6846448], [77.5985814, 8.6847027], [77.5981629, 8.6847684], [77.5975138, 8.6848824], [77.5966922, 8.6850021], [77.596631, 8.6850194], [77.5965168, 8.6850711], [77.5964515, 8.6850975], [77.5963969, 8.685096], [77.5962101, 8.6850912], [77.59606, 8.6850945], [77.5958198, 8.6851049], [77.5953686, 8.6851275], [77.5949822, 8.685146], [77.5947325, 8.6851558], [77.594594, 8.6851671]]}}, {"type": "Feature", "properties": {"id": 799184547, "name": "Tirunelveli - Pottalpudur Road", "category": "highway", "type": "primary"}, "geometry": {"type": "LineString", "coordinates": [[77.5818013, 8.7112691], [77.5809939, 8.7112835]]}}, {"type": "Feature", "properties": {"id": 799584862, "name": "Tiruchendur - Palayamkottai - Ambasamudram - Tenkasi - Courtalam - Shencottai Road", "category": "highway", "type": "primary"}, "geometry": {"type": "LineString", "coordinates": [[77.4912366, 8.6802078], [77.4910564, 8.6798511]]}}, {"type": "Feature", "properties": {"id": 799591335, "name": "State Highway / District Road", "category": "highway", "type": "tertiary"}, "geometry": {"type": "LineString", "coordinates": [[77.6048597, 8.7557], [77.6042613, 8.7559291], [77.6040556, 8.7560062], [77.6040044, 8.756022], [77.6036664, 8.7561206], [77.6033903, 8.7562015], [77.6032211, 8.7562653], [77.6031422, 8.7563037], [77.6028344, 8.7565191], [77.6026388, 8.7566974], [77.6024361, 8.7568622], [77.6020641, 8.7571128], [77.6015478, 8.7574259], [77.6009318, 8.7577975], [77.6006272, 8.7579944], [77.6002354, 8.7582653], [77.599553, 8.7588143], [77.5987585, 8.7594683], [77.5980077, 8.7601532], [77.59729, 8.7608011], [77.5969788, 8.7610688], [77.5963118, 8.7616426], [77.5962485, 8.7616969], [77.5961952, 8.7617691], [77.596161, 8.7618722], [77.5960418, 8.7625492], [77.5960232, 8.762749], [77.5960215, 8.7628953], [77.5960369, 8.7631124], [77.5960253, 8.7632417], [77.5959918, 8.763314], [77.5959259, 8.7633676], [77.595654, 8.7635002], [77.5953337, 8.7636355], [77.5952044, 8.7636658], [77.5950703, 8.7636798], [77.5949228, 8.7636751], [77.5943479, 8.7636195], [77.5938719, 8.7635531], [77.5935896, 8.7635214], [77.5933751, 8.7635108], [77.5932353, 8.7635242]]}}, {"type": "Feature", "properties": {"id": 801299345, "name": "State Highway / District Road", "category": "highway", "type": "tertiary_link"}, "geometry": {"type": "LineString", "coordinates": [[77.5647479, 8.6831589], [77.5647654, 8.6831139], [77.5647694, 8.6830675], [77.564764, 8.6830303], [77.5647499, 8.6829919], [77.5647051, 8.6829396]]}}, {"type": "Feature", "properties": {"id": 802203048, "name": "State Highway / District Road", "category": "highway", "type": "tertiary"}, "geometry": {"type": "LineString", "coordinates": [[77.6158542, 8.6711617], [77.6158802, 8.6719887], [77.6158894, 8.6722819], [77.615892, 8.6723667], [77.6158814, 8.6725885], [77.6158012, 8.674115], [77.6157896, 8.6742134], [77.6157602, 8.6742838], [77.6157056, 8.6743368], [77.6156294, 8.674357], [77.6155472, 8.6743598], [77.6147119, 8.6743675], [77.6142638, 8.6743931]]}}, {"type": "Feature", "properties": {"id": 802203049, "name": "State Highway / District Road", "category": "highway", "type": "tertiary"}, "geometry": {"type": "LineString", "coordinates": [[77.6156785, 8.6681074], [77.6156878, 8.6681408], [77.6156938, 8.6681656], [77.6157102, 8.668239], [77.615712, 8.6683184], [77.6157131, 8.6683817], [77.6157219, 8.668881], [77.615728, 8.669437], [77.6157295, 8.6695814], [77.6157236, 8.669713], [77.6157154, 8.6698722], [77.6157045, 8.670008], [77.6156992, 8.6701271], [77.6157023, 8.6702012], [77.6157144, 8.6702708], [77.6157895, 8.6705684], [77.6158215, 8.6707144], [77.6158394, 8.6708715]]}}, {"type": "Feature", "properties": {"id": 802449048, "name": "State Highway / District Road", "category": "highway", "type": "tertiary"}, "geometry": {"type": "LineString", "coordinates": [[77.584597, 8.6672092], [77.5846311, 8.6673691], [77.5846464, 8.6676485], [77.5846526, 8.6677616], [77.5846561, 8.6681559], [77.584658, 8.6683714], [77.5847183, 8.6691976], [77.584752, 8.6696589], [77.5847635, 8.6698167], [77.5847818, 8.6700662]]}}, {"type": "Feature", "properties": {"id": 802449051, "name": "State Highway / District Road", "category": "highway", "type": "secondary"}, "geometry": {"type": "LineString", "coordinates": [[77.5835368, 8.6600189], [77.5835395, 8.6610822], [77.5835797, 8.6622356], [77.5836192, 8.6626673], [77.583636, 8.6628508], [77.5838265, 8.6641103], [77.5838907, 8.6648527], [77.5838962, 8.6649164], [77.5840267, 8.66559], [77.5840652, 8.6657888], [77.5841801, 8.6660833], [77.5842898, 8.6663644], [77.5844595, 8.6667991], [77.5844942, 8.6668949], [77.5845443, 8.6670333], [77.584597, 8.6672092]]}}, {"type": "Feature", "properties": {"id": 809950820, "name": "Tiruchendur - Palayamkottai - Ambasamudram - Tenkasi - Courtalam - Shencottai Road", "category": "highway", "type": "primary"}, "geometry": {"type": "LineString", "coordinates": [[77.5651607, 8.6748426], [77.565124, 8.6748468], [77.5650917, 8.6748646], [77.5650687, 8.6748932], [77.5650586, 8.6749284], [77.5650628, 8.6749647], [77.5650808, 8.6749966], [77.5650924, 8.6750057], [77.5651097, 8.6750193], [77.5651453, 8.6750294], [77.5651825, 8.6750242], [77.5652143, 8.6750074], [77.5652373, 8.6749788], [77.5652436, 8.674957], [77.5652475, 8.6749436], [77.5652432, 8.6749073], [77.5652253, 8.6748754], [77.5652126, 8.6748654], [77.5651963, 8.6748527], [77.5651607, 8.6748426]]}}, {"type": "Feature", "properties": {"id": 809950821, "name": "Tiruchendur - Palayamkottai - Ambasamudram - Tenkasi - Courtalam - Shencottai Road", "category": "highway", "type": "primary"}, "geometry": {"type": "LineString", "coordinates": [[77.530071, 8.6820387], [77.529957, 8.6821859]]}}, {"type": "Feature", "properties": {"id": 829826396, "name": "Manimuthar River", "category": "waterway", "type": "river"}, "geometry": {"type": "LineString", "coordinates": [[77.4671968, 8.4878861], [77.4673247, 8.488332], [77.4678075, 8.4889899], [77.4682259, 8.4889263], [77.4683761, 8.4887671], [77.468977, 8.4887565], [77.4691164, 8.48847], [77.4689984, 8.4880031], [77.4693954, 8.4879713], [77.4701249, 8.4883108], [77.4711442, 8.4883002], [77.4711978, 8.4886292], [77.4706399, 8.4891491], [77.4707043, 8.4893826], [77.4712729, 8.489807], [77.4715519, 8.4916852], [77.4711656, 8.4952187], [77.4709725, 8.4967255], [77.4698996, 8.4968847], [77.4694598, 8.4976487], [77.4684619, 8.4975426], [77.466402, 8.4995375], [77.4641704, 8.501405], [77.4624109, 8.5024661], [77.4584627, 8.5041638], [77.455759, 8.5064558], [77.4505662, 8.5087477], [77.4480772, 8.5095117], [77.4465322, 8.5105303], [77.4470472, 8.5130769], [77.4463176, 8.5142228], [77.4470472, 8.5205254], [77.4476266, 8.5230719], [77.4476051, 8.5241542], [77.4477768, 8.5247271], [77.4471116, 8.5256184], [77.4469185, 8.5269765], [77.4464679, 8.5280163], [77.4461031, 8.5291198], [77.4462104, 8.5297988], [77.4472618, 8.5321277], [77.4473315, 8.5327113], [77.4477446, 8.5330667], [77.4480396, 8.5337405], [77.4479753, 8.5342444], [77.4472296, 8.5347272], [77.4463284, 8.5356343], [77.4453092, 8.5365256], [77.4449766, 8.5371197], [77.4448478, 8.5375866], [77.4450517, 8.5384035], [77.4454701, 8.5387643], [77.4457061, 8.5388704], [77.4457598, 8.5395919], [77.4449229, 8.5404194], [77.4444079, 8.5413107], [77.4435711, 8.5422231], [77.4431419, 8.542361], [77.44223, 8.5426369], [77.4418974, 8.5431674], [77.4418759, 8.543804], [77.442069, 8.5444936], [77.4421334, 8.5454591], [77.4418974, 8.5464033], [77.4414039, 8.546849], [77.4413288, 8.5471142], [77.4413717, 8.5474007], [77.4413717, 8.5483449], [77.4416184, 8.5491194], [77.4420047, 8.5496075], [77.4427557, 8.5501061], [77.4430775, 8.5508064], [77.4431848, 8.5512732], [77.443099, 8.5518567], [77.4433458, 8.5531829], [77.4435496, 8.555135], [77.4433458, 8.5554851], [77.4429059, 8.5556443], [77.4409318, 8.5567689], [77.440567, 8.5574479], [77.4407387, 8.5583179], [77.4407601, 8.559103], [77.4404383, 8.5597926], [77.439934, 8.5608429], [77.4397194, 8.5613415], [77.4388933, 8.5615113], [77.438271, 8.5618614], [77.4377882, 8.5623176], [77.4376809, 8.5629647], [77.4376488, 8.5632618], [77.4370479, 8.5640257], [77.4359107, 8.5648956], [77.4355781, 8.565564], [77.4345589, 8.5669962], [77.4334645, 8.5679935], [77.4331856, 8.5686618], [77.4331427, 8.5692029], [77.4333036, 8.5700835], [77.4335182, 8.5704336], [77.4335933, 8.571155], [77.4335503, 8.5723007], [77.4337971, 8.5732237], [77.4338722, 8.574465], [77.434237, 8.5753137], [77.4348807, 8.5755895], [77.4352884, 8.5758547], [77.435857, 8.5768626], [77.4361896, 8.5772657], [77.4364471, 8.5777643], [77.4364149, 8.5784539], [77.4359858, 8.5789207], [77.4357605, 8.5792814], [77.4359965, 8.579833], [77.436533, 8.5810424], [77.4367261, 8.581923], [77.4368226, 8.5831218], [77.4367154, 8.5841402], [77.4368977, 8.5850631], [77.4369514, 8.5860285], [77.4369192, 8.5869196], [77.4374235, 8.5879593], [77.4377561, 8.5888504], [77.4377775, 8.5896672], [77.438035, 8.590622], [77.4383139, 8.5912691], [77.4383891, 8.591651], [77.4383676, 8.5920542], [77.438153, 8.5921921], [77.4376809, 8.5921284], [77.4369514, 8.5921602], [77.4362862, 8.5918526], [77.4355459, 8.5916723], [77.4349773, 8.5918844], [77.4345696, 8.5922557], [77.4342585, 8.5927967], [77.4340439, 8.5932423], [77.4341833, 8.5938258], [77.4345159, 8.5943031], [77.4348056, 8.5948229], [77.4346876, 8.5954488], [77.4342906, 8.5957989], [77.433958, 8.5965521], [77.433325, 8.5972735], [77.4327135, 8.597719], [77.4321663, 8.5982494], [77.4321985, 8.5985889], [77.4324453, 8.5994057], [77.4326062, 8.600265], [77.4323594, 8.6011561], [77.4319947, 8.6015698], [77.4309647, 8.6019729], [77.430042, 8.6022063], [77.4297094, 8.6025139], [77.4293232, 8.6029276], [77.4290657, 8.6034899], [77.4288082, 8.6037763], [77.4287009, 8.6049538], [77.4285293, 8.6058555], [77.428143, 8.6066829], [77.4273276, 8.6072557], [77.4265015, 8.60768], [77.4253428, 8.6081786], [77.4237764, 8.6087408], [77.4232292, 8.6091758], [77.4229717, 8.6097486], [77.4226069, 8.610873], [77.422328, 8.6116156], [77.4219203, 8.6121248], [77.4213409, 8.6126127], [77.4208796, 8.6127506], [77.4195599, 8.6129734], [77.4188089, 8.6133235], [77.4179506, 8.6135674], [77.4170172, 8.613822], [77.4157834, 8.6138432], [77.4150753, 8.6140024], [77.4144101, 8.6142676], [77.4142277, 8.6146919], [77.414217, 8.6150313], [77.4140882, 8.6157102], [77.4141526, 8.6164315], [77.4137664, 8.6169619], [77.4133694, 8.6172802], [77.4126613, 8.6178848], [77.4124789, 8.6183621], [77.4122107, 8.6188077], [77.411921, 8.6197358], [77.4111271, 8.6202927], [77.410301, 8.6207754], [77.4100542, 8.6209769], [77.4091583, 8.6216876], [77.4039841, 8.6266481], [77.4054832, 8.6343626], [77.4105162, 8.650381], [77.413305, 8.6540553], [77.4134982, 8.6542834], [77.4140507, 8.6545485], [77.4145496, 8.6547342], [77.4154401, 8.6566115], [77.4176502, 8.6584995], [77.4203753, 8.6604935], [77.4225211, 8.6616603], [77.4235703, 8.6617595], [77.4249458, 8.6621906], [77.4252468, 8.6627742], [77.4253751, 8.6643808], [77.4262762, 8.6661149], [77.4267697, 8.667218], [77.4280786, 8.6680665], [77.4289799, 8.6680453], [77.4293952, 8.6683127], [77.4304216, 8.669877], [77.4311685, 8.6704847], [77.4322605, 8.670934], [77.4330139, 8.6714393], [77.4336576, 8.6721605], [77.4340224, 8.6731999], [77.4340653, 8.6752363], [77.4347734, 8.6780575], [77.4345588, 8.6796272], [77.434185, 8.6818415], [77.4347252, 8.6830847], [77.4349022, 8.6836892], [77.4345491, 8.68448]]}}, {"type": "Feature", "properties": {"id": 829826402, "name": "Thamirabarani River", "category": "waterway", "type": "canal"}, "geometry": {"type": "LineString", "coordinates": [[77.6059895, 8.6888513], [77.6067352, 8.6881437], [77.6075935, 8.68808], [77.6084947, 8.6879316], [77.6092887, 8.6878891], [77.6105761, 8.6881861], [77.6129579, 8.6888755], [77.6138163, 8.6888118], [77.6142239, 8.6885255], [77.6148033, 8.6882709], [77.6156616, 8.6880058], [77.6164985, 8.6879528], [77.6183116, 8.6879634], [77.6194167, 8.6878149], [77.6197171, 8.6876664], [77.6203072, 8.6866589], [77.621026, 8.6863619], [77.6228821, 8.6854922], [77.6231494, 8.6854152], [77.6239121, 8.6851953], [77.625972, 8.6841877], [77.6274955, 8.6835089], [77.6281392, 8.6833499], [77.628268, 8.6834771], [77.6281392, 8.6839332], [77.6283109, 8.6843362], [77.6291692, 8.6851104], [77.630564, 8.6850256], [77.6312077, 8.6851847], [77.6325381, 8.6851953], [77.632817, 8.6850786], [77.6331389, 8.6848241], [77.6333105, 8.6844847], [77.6340938, 8.6843574], [77.6353598, 8.6843468], [77.6361215, 8.6845483], [77.6370335, 8.6849938], [77.6375055, 8.685121], [77.6381063, 8.6848453], [77.6391363, 8.6848135], [77.6396727, 8.6847498], [77.6401595, 8.6842394], [77.6407389, 8.6841758], [77.6408753, 8.6841695], [77.6425628, 8.684091], [77.6442419, 8.6838046], [77.6448695, 8.6836932], [77.6473586, 8.6822668], [77.6484744, 8.6815456], [77.648925, 8.6814713], [77.6497833, 8.6814077], [77.6505129, 8.6815562], [77.65106, 8.6815137], [77.6517145, 8.6810789], [77.6522617, 8.6808456], [77.6539139, 8.6798168], [77.6556413, 8.6793819], [77.656285, 8.6789683], [77.6576905, 8.6780986], [77.6586239, 8.6778335], [77.6595962, 8.6776863], [77.6622248, 8.6767317], [77.6665378, 8.675162], [77.6690268, 8.6741439], [77.6732755, 8.6719802], [77.673887, 8.67189], [77.6742142, 8.6718317]]}}, {"type": "Feature", "properties": {"id": 1005839595, "name": "Tiruchendur - Palayamkottai - Ambasamudram - Tenkasi - Courtalam - Shencottai Road", "category": "highway", "type": "primary"}, "geometry": {"type": "LineString", "coordinates": [[77.404246, 8.7639023], [77.4041706, 8.7643387], [77.4039013, 8.7648715], [77.4029839, 8.7663327], [77.4019749, 8.7682911], [77.4016155, 8.7687672], [77.4010726, 8.7691776], [77.4000013, 8.7701673]]}}, {"type": "Feature", "properties": {"id": 1005839596, "name": "Tiruchendur - Palayamkottai - Ambasamudram - Tenkasi - Courtalam - Shencottai Road", "category": "highway", "type": "primary"}, "geometry": {"type": "LineString", "coordinates": [[77.4042457, 8.7637285], [77.404246, 8.7639023]]}}, {"type": "Feature", "properties": {"id": 1005839607, "name": "Ambasamudram - Papanasam - Upper Dam Road", "category": "highway", "type": "primary"}, "geometry": {"type": "LineString", "coordinates": [[77.4417546, 8.7054222], [77.4413284, 8.7056216], [77.4411947, 8.7056071], [77.4409363, 8.7055663], [77.4408635, 8.705569], [77.4402773, 8.705693], [77.4401346, 8.7057517], [77.4394576, 8.7060304], [77.4387742, 8.7063795], [77.4385668, 8.7064332], [77.437655, 8.706669], [77.4374536, 8.7067211], [77.4367851, 8.7068358], [77.4361868, 8.7068273], [77.4360161, 8.7068095], [77.4352035, 8.7067249], [77.43408, 8.7066078], [77.433524, 8.706635], [77.4332615, 8.7066478]]}}, {"type": "Feature", "properties": {"id": 1005839608, "name": "Ambasamudram - Papanasam - Upper Dam Road", "category": "highway", "type": "primary"}, "geometry": {"type": "LineString", "coordinates": [[77.4332615, 8.7066478], [77.4332159, 8.7066501], [77.4331626, 8.7066527]]}}, {"type": "Feature", "properties": {"id": 1005859901, "name": "State Highway / District Road", "category": "highway", "type": "tertiary"}, "geometry": {"type": "LineString", "coordinates": [[77.3898623, 8.7084427], [77.3899412, 8.7086409], [77.3900501, 8.7089146]]}}, {"type": "Feature", "properties": {"id": 1005859902, "name": "State Highway / District Road", "category": "highway", "type": "tertiary"}, "geometry": {"type": "LineString", "coordinates": [[77.3900501, 8.7089146], [77.3901374, 8.7090219]]}}, {"type": "Feature", "properties": {"id": 1005859904, "name": "Ambasamudram - Papanasam - Upper Dam Road", "category": "highway", "type": "primary"}, "geometry": {"type": "LineString", "coordinates": [[77.3845791, 8.7145007], [77.3843813, 8.7145342]]}}, {"type": "Feature", "properties": {"id": 1005859909, "name": "State Highway / District Road", "category": "highway", "type": "tertiary"}, "geometry": {"type": "LineString", "coordinates": [[77.3786815, 8.7102295], [77.3791254, 8.7108175], [77.3802144, 8.7115545], [77.3817486, 8.7121219], [77.382336, 8.7125416], [77.3825801, 8.7125408], [77.3830817, 8.7122552], [77.3832185, 8.7122597], [77.3833767, 8.712462], [77.3837844, 8.7132839], [77.3841465, 8.7138982], [77.3843106, 8.7145515]]}}, {"type": "Feature", "properties": {"id": 1033000562, "name": "Thamirabarani River", "category": "waterway", "type": "canal"}, "geometry": {"type": "LineString", "coordinates": [[77.4155869, 8.6855199], [77.4166042, 8.6857733], [77.4169421, 8.6857043], [77.4182725, 8.6849938], [77.4185568, 8.6846332], [77.4188411, 8.6843097], [77.4190825, 8.6839226], [77.4194634, 8.6834983], [77.4200535, 8.6831059], [77.4207187, 8.6827877], [77.4212927, 8.6827347], [77.421636, 8.6828196], [77.4225587, 8.6833021], [77.4229664, 8.6833127], [77.4240392, 8.6840286], [77.4244362, 8.6840233], [77.4246508, 8.6840764], [77.4249083, 8.6840286], [77.425155, 8.6836415], [77.4252731, 8.6836203], [77.4254984, 8.6837476], [77.4256861, 8.6836945], [77.4261099, 8.683615], [77.4268073, 8.6835355], [77.4269682, 8.6836309], [77.4273062, 8.6838112], [77.4274993, 8.6838006], [77.4277031, 8.6837741], [77.4287277, 8.6841029], [77.4290442, 8.684368], [77.4292749, 8.6844635], [77.4296826, 8.6846119], [77.429983, 8.6848824], [77.4301708, 8.6852748], [77.4302512, 8.6856672], [77.4303907, 8.6857998], [77.4307501, 8.6858687], [77.4309272, 8.6858793], [77.431131, 8.6857998], [77.4312007, 8.6855293], [77.4313348, 8.6853756], [77.4314636, 8.6853809], [77.4315119, 8.6855453], [77.4316996, 8.6856248], [77.4319035, 8.6858369], [77.4320912, 8.6858952], [77.4322146, 8.6858104], [77.4323916, 8.6856619], [77.4325794, 8.6856672], [77.4327618, 8.6858634], [77.4327618, 8.6859695], [77.4328744, 8.686224], [77.4330622, 8.686293], [77.4332714, 8.6864892], [77.4333894, 8.6865263], [77.4335879, 8.6867172], [77.4337971, 8.6867755], [77.4340922, 8.6867331], [77.4343121, 8.6867331], [77.4345213, 8.6866907], [77.4346822, 8.6867755], [77.434929, 8.6872634], [77.4350846, 8.6873376], [77.4354976, 8.6874013], [77.4356854, 8.6875179], [77.4359, 8.6878414], [77.4361789, 8.6880429], [77.4363345, 8.6882232], [77.436592, 8.688552], [77.4366778, 8.6885679], [77.437107, 8.68843], [77.4373215, 8.6884884], [77.4374932, 8.6886687], [77.4376917, 8.6891512], [77.4377614, 8.689358], [77.4377721, 8.6895436], [77.4378955, 8.6896921], [77.4384052, 8.6900898], [77.4386144, 8.6903444], [77.4389738, 8.6905406], [77.4393868, 8.6904981], [77.43958, 8.6906148], [77.4396658, 8.6908322], [77.4397087, 8.6910761], [77.4397945, 8.6914739], [77.4397677, 8.6917761], [77.4397463, 8.6920678], [77.4398321, 8.6924496], [77.440213, 8.6932397], [77.4405026, 8.6935897]]}}, {"type": "Feature", "properties": {"id": 1046069611, "name": "State Highway / District Road", "category": "highway", "type": "tertiary"}, "geometry": {"type": "LineString", "coordinates": [[77.4170085, 8.7349484], [77.4168161, 8.7349027]]}}, {"type": "Feature", "properties": {"id": 1046069612, "name": "State Highway / District Road", "category": "highway", "type": "tertiary"}, "geometry": {"type": "LineString", "coordinates": [[77.4192274, 8.73515], [77.4190769, 8.7350716], [77.4180794, 8.7353998], [77.4180002, 8.7353932], [77.4179278, 8.7353746], [77.4178796, 8.7353044], [77.4177133, 8.7351373], [77.4175979, 8.7350962], [77.4174973, 8.7350843], [77.4173874, 8.7350684], [77.4170883, 8.7349716], [77.4170085, 8.7349484]]}}, {"type": "Feature", "properties": {"id": 1049972079, "name": "Cherai-Nellai Town Road", "category": "highway", "type": "primary"}, "geometry": {"type": "LineString", "coordinates": [[77.5651848, 8.6829224], [77.5652334, 8.6831187], [77.5652732, 8.6832645]]}}, {"type": "Feature", "properties": {"id": 1058481092, "name": "State Highway / District Road", "category": "highway", "type": "tertiary"}, "geometry": {"type": "LineString", "coordinates": [[77.4144731, 8.6550934], [77.4137256, 8.6556317], [77.4131454, 8.6561015]]}}, {"type": "Feature", "properties": {"id": 1058481093, "name": "State Highway / District Road", "category": "highway", "type": "tertiary"}, "geometry": {"type": "LineString", "coordinates": [[77.415206, 8.6546057], [77.4144731, 8.6550934]]}}, {"type": "Feature", "properties": {"id": 1058481094, "name": "State Highway / District Road", "category": "highway", "type": "tertiary"}, "geometry": {"type": "LineString", "coordinates": [[77.4119867, 8.6193858], [77.4126014, 8.6192614]]}}, {"type": "Feature", "properties": {"id": 1078660037, "name": "State Highway / District Road", "category": "highway", "type": "tertiary"}, "geometry": {"type": "LineString", "coordinates": [[77.4852083, 8.7791721], [77.4852315, 8.7792999], [77.4854139, 8.7797108], [77.4856362, 8.7799514], [77.485843, 8.7801269], [77.4858754, 8.7801589], [77.4861233, 8.7804038], [77.4861435, 8.7804238], [77.4864331, 8.7807525], [77.4864886, 8.780792], [77.4867496, 8.7810335], [77.4869951, 8.7813408], [77.4871117, 8.7814868], [77.4878171, 8.7826823], [77.4879876, 8.7830058], [77.4882222, 8.783451], [77.4889759, 8.7845882], [77.4899093, 8.7859586], [77.490435, 8.7865948], [77.4908641, 8.7870852], [77.491186, 8.7875596], [77.491583, 8.7882382], [77.4922803, 8.7893621], [77.4929026, 8.79038], [77.4932942, 8.7909737], [77.4938682, 8.7915356], [77.4946406, 8.792262], [77.495204, 8.7927656], [77.4960032, 8.7936404], [77.496486, 8.7940697], [77.4966121, 8.794592], [77.4967059, 8.7950823], [77.4968884, 8.7955939], [77.4967757, 8.7959676], [77.4964324, 8.7970809], [77.4964109, 8.7973778], [77.496511, 8.7980529], [77.496647, 8.7989703], [77.4969259, 8.8004414], [77.497226, 8.8015547], [77.4974758, 8.8027342], [77.4978915, 8.8047566], [77.4981597, 8.8059653], [77.4981597, 8.806612], [77.498178, 8.8066903], [77.4982563, 8.8070255], [77.498546, 8.8077783], [77.4988571, 8.8080539], [77.4993399, 8.8085204], [77.4997583, 8.8087643], [77.5000265, 8.8090717], [77.5006703, 8.8094004], [77.5012282, 8.8098563], [77.5014857, 8.8108423], [77.5016409, 8.8112187], [77.5017002, 8.811277], [77.5018179, 8.811277], [77.5021449, 8.8111685], [77.5025529, 8.8110332], [77.502698, 8.811012], [77.5033471, 8.8114466], [77.5036797, 8.8114519], [77.5037791, 8.8114588], [77.5038246, 8.811462], [77.5040606, 8.8114785], [77.5042909, 8.8115527], [77.5055519, 8.8114467], [77.505863, 8.8115103], [77.506142, 8.8115845], [77.5063781, 8.8115951], [77.507172, 8.8118813], [77.5073755, 8.8119344], [77.5074777, 8.8120722], [77.5076065, 8.812544], [77.507692, 8.8126023], [77.5078371, 8.8125599], [77.5088135, 8.8121782], [77.5089315, 8.8125387], [77.509189, 8.8127083], [77.5098217, 8.8129681], [77.5099987, 8.813029], [77.5101945, 8.812984], [77.5105057, 8.8129044], [77.5107229, 8.8129177], [77.5113184, 8.8130847], [77.5114694, 8.8131839], [77.511549, 8.8132729], [77.5116643, 8.813302], [77.5118334, 8.8132729], [77.5120273, 8.8132157], [77.5121775, 8.8131892]]}}, {"type": "Feature", "properties": {"id": 1093416897, "name": "State Highway / District Road", "category": "highway", "type": "tertiary"}, "geometry": {"type": "LineString", "coordinates": [[77.4736977, 8.6809948], [77.4737084, 8.6809153], [77.473923, 8.6801782], [77.4739197, 8.6798311]]}}, {"type": "Feature", "properties": {"id": 1134637309, "name": "Ambasamudram - Karumpuliyuthu Road", "category": "highway", "type": "secondary"}, "geometry": {"type": "LineString", "coordinates": [[77.4916631, 8.7297108], [77.4919957, 8.7304319], [77.4921674, 8.7306917], [77.4922145, 8.7307395], [77.4923552, 8.7308826], [77.492761, 8.7313446], [77.4931813, 8.7316567], [77.4936568, 8.7319703], [77.494045, 8.7321657], [77.4945278, 8.7322823], [77.4953646, 8.7324467], [77.4962068, 8.7325846], [77.4978591, 8.7328126], [77.4980951, 8.7328497], [77.4981702, 8.7329345], [77.4981951, 8.733211], [77.4981815, 8.7335844], [77.4981702, 8.7338942], [77.4982077, 8.7345888], [77.4982507, 8.735066], [77.498374, 8.7356599], [77.4984921, 8.7359462], [77.4986905, 8.7363173], [77.4988032, 8.7365188], [77.4989051, 8.7368422], [77.4989158, 8.7371922], [77.4989534, 8.7374414], [77.4990875, 8.7379557], [77.4992109, 8.7384223], [77.4992753, 8.7386662], [77.4993592, 8.7396797], [77.4993986, 8.7406121], [77.4994523, 8.7412589], [77.4994791, 8.7414233], [77.4996221, 8.7418801], [77.4996991, 8.742383], [77.4998814, 8.7435123], [77.499978, 8.7441804], [77.5000316, 8.7447318], [77.5001121, 8.7456384], [77.5001175, 8.7459937], [77.500214, 8.7466564], [77.500375, 8.74707], [77.5006842, 8.7474843], [77.5007862, 8.7478184], [77.5009597, 8.7480933], [77.5013137, 8.748528], [77.5017858, 8.7491272], [77.5020522, 8.7497271], [77.502301, 8.7502913], [77.5023652, 8.7504368], [77.5025289, 8.7508231]]}}, {"type": "Feature", "properties": {"id": 1134637310, "name": "State Highway / District Road", "category": "highway", "type": "tertiary"}, "geometry": {"type": "LineString", "coordinates": [[77.5103543, 8.7516432], [77.5106374, 8.7514338], [77.5111931, 8.751323], [77.5117639, 8.7513702], [77.5127188, 8.7511157], [77.5134269, 8.7510309], [77.5150362, 8.7507339], [77.5163451, 8.7505643], [77.5178235, 8.7502732], [77.5183514, 8.7502674], [77.5202182, 8.75049], [77.5208405, 8.75049], [77.5209687, 8.7504233], [77.5212482, 8.750278], [77.522761, 8.7496841], [77.5230539, 8.7495415], [77.5234205, 8.7494453], [77.5237424, 8.7492968], [77.524252, 8.7490742], [77.5248456, 8.7488576], [77.5253713, 8.7487409], [77.525815, 8.748661], [77.5266485, 8.7485788], [77.5269784, 8.7485583], [77.5272989, 8.7485146], [77.527716, 8.7484529], [77.5280499, 8.7484005], [77.5285602, 8.748272], [77.5287619, 8.7481905], [77.5289371, 8.7481242], [77.5290754, 8.7480802], [77.5292572, 8.7480293], [77.5294702, 8.7479711], [77.5298195, 8.7479141], [77.5302058, 8.7478418], [77.5305954, 8.7477782], [77.5308341, 8.7477382], [77.5309943, 8.7477113], [77.5311667, 8.7476805], [77.5313175, 8.7476536], [77.5316099, 8.7475655], [77.5318949, 8.747472]]}}, {"type": "Feature", "properties": {"id": 1176646056, "name": "Kottapuli Aaru", "category": "waterway", "type": "river"}, "geometry": {"type": "LineString", "coordinates": [[77.4632801, 8.6255037], [77.4638487, 8.6266918], [77.4653722, 8.6271055], [77.4666704, 8.6279329], [77.4670459, 8.6292906], [77.4681188, 8.6297573], [77.4685051, 8.6300119], [77.4685198, 8.6300186], [77.4691059, 8.6302877], [77.469696, 8.6309347], [77.4690522, 8.6313909], [77.4688698, 8.6328547], [77.4700071, 8.6339472], [77.4702217, 8.6347322], [77.4697067, 8.6368218], [77.4705757, 8.6386674], [77.4707474, 8.6411813], [77.4708439, 8.6424594], [77.4705328, 8.6431436], [77.4704898, 8.6433914], [77.4706722, 8.6435437], [77.4707849, 8.644602], [77.4711283, 8.6451324], [77.4721153, 8.6455991], [77.4747761, 8.6475083], [77.4757174, 8.648761], [77.4758998, 8.6497369], [77.4759213, 8.650002], [77.4763719, 8.650893], [77.4795798, 8.6518688], [77.4824911, 8.6516973], [77.4838169, 8.6516413], [77.4872976, 8.6515913], [77.4876624, 8.6516549], [77.4887997, 8.6525459], [77.4886387, 8.6530921], [77.48851, 8.6544286], [77.4887138, 8.6549165], [77.4884778, 8.6560726], [77.4881059, 8.6571289], [77.4881917, 8.6579563], [77.4883832, 8.6589748], [77.488814, 8.6612655], [77.4885994, 8.6619019], [77.4887496, 8.6627504], [77.4876446, 8.6648186], [77.487597, 8.6651281], [77.4874622, 8.6660066], [77.4869686, 8.6670672], [77.4871296, 8.669793], [77.4878605, 8.6714779], [77.489565, 8.6733249], [77.4905521, 8.6754673], [77.490316, 8.6769734], [77.488909, 8.6774444], [77.4887587, 8.6776406], [77.4888768, 8.6781444], [77.4887319, 8.6783459], [77.4886246, 8.6787913], [77.4892576, 8.6788603], [77.4895514, 8.6799624], [77.489599, 8.6801413], [77.4888285, 8.6807746], [77.4888178, 8.6813792], [77.4891074, 8.6821852], [77.4891289, 8.6831079], [77.4888821, 8.6842746], [77.4889465, 8.6850064], [77.4893757, 8.685473], [77.490073, 8.6856533], [77.4908348, 8.6862367], [77.4914356, 8.6869154], [77.4914249, 8.6878063], [77.4911352, 8.6884002], [77.4895366, 8.6898002], [77.4887534, 8.6906486], [77.4888607, 8.690988], [77.4890538, 8.6911365], [77.4890753, 8.6918471], [77.4887963, 8.6922395], [77.4876805, 8.6926425], [77.487187, 8.6929076], [77.4870046, 8.693894], [77.4860819, 8.6948485], [77.4851056, 8.6952939], [77.4844297, 8.6953151], [77.4836465, 8.6957287], [77.4836679, 8.696365], [77.4837108, 8.6972559], [77.4833139, 8.6980195], [77.4824556, 8.6988255], [77.4823268, 8.6991932], [77.482155, 8.699673]]}}, {"type": "Feature", "properties": {"id": 1176646058, "name": "Kannadiyan Kaalvaai", "category": "waterway", "type": "canal"}, "geometry": {"type": "LineString", "coordinates": [[77.4346016, 8.6845931], [77.4364364, 8.6842195], [77.4376058, 8.6846544], [77.4406367, 8.6850786], [77.4423909, 8.6853862], [77.443378, 8.6851847], [77.4440002, 8.6849407], [77.4445474, 8.6846862], [77.4450087, 8.684665], [77.4456203, 8.6844529], [77.4458456, 8.6845589], [77.4466395, 8.6852907], [77.4483669, 8.6862134], [77.4495792, 8.6870831], [77.450341, 8.6874967], [77.450856, 8.687327], [77.4512207, 8.687327], [77.4524063, 8.6879793], [77.4536616, 8.688255], [77.4541819, 8.6881065], [77.4551958, 8.6876691], [77.455759, 8.6876134], [77.4565262, 8.6877672], [77.4568373, 8.6878732], [77.4569875, 8.6880535], [77.4571538, 8.6892679], [77.4572825, 8.690058], [77.4580657, 8.690689], [77.4583662, 8.6907633], [77.4587631, 8.6907474], [77.4592352, 8.6907315], [77.4598843, 8.6906095], [77.4604958, 8.6905671], [77.461043, 8.6905512], [77.4614292, 8.6904239], [77.4617511, 8.6902807], [77.4619925, 8.6899466], [77.4625128, 8.6896444], [77.4632263, 8.6896444], [77.4640846, 8.6897504], [77.4647981, 8.6897133], [77.4655867, 8.689602], [77.466166, 8.689708], [77.4665362, 8.689883], [77.4671048, 8.6899785], [77.4674052, 8.6897769], [77.468242, 8.6891671], [77.469449, 8.6885626], [77.4707472, 8.6882073], [77.47123, 8.6879952], [77.4715304, 8.687852], [77.471745, 8.6876399], [77.4722815, 8.6865634], [77.4729949, 8.6849566], [77.4730647, 8.6845165], [77.4737889, 8.6836786], [77.4749261, 8.6829468], [77.4754465, 8.6821249], [77.4760312, 8.6810802], [77.4770987, 8.6800726], [77.4777317, 8.6798128], [77.4788207, 8.6793832], [77.4794215, 8.6793832], [77.4817228, 8.6797332], [77.4824202, 8.6799241], [77.4832356, 8.6801044], [77.4840617, 8.6798923], [77.4859071, 8.6791923], [77.4875271, 8.6792135], [77.4895514, 8.6799624], [77.4906385, 8.6803696]]}}, {"type": "Feature", "properties": {"id": 1176646060, "name": "Thamirabarani River", "category": "waterway", "type": "canal"}, "geometry": {"type": "LineString", "coordinates": [[77.6173867, 8.6667076], [77.6177971, 8.6669787], [77.6179581, 8.6674454], [77.617824, 8.6678856], [77.6178508, 8.6680924], [77.6179071, 8.6682117], [77.6181566, 8.6683841], [77.6184087, 8.6686943], [77.6175826, 8.669511], [77.6168208, 8.6705716], [77.6162629, 8.6706671]]}}, {"type": "Feature", "properties": {"id": 1176646061, "name": "Thamirabarani River", "category": "waterway", "type": "canal"}, "geometry": {"type": "LineString", "coordinates": [[77.6153114, 8.6681515], [77.6154261, 8.6683814], [77.6152973, 8.6687208], [77.6153402, 8.6690178], [77.6152866, 8.6692246], [77.6154261, 8.6697973], [77.6156353, 8.6706405], [77.6156836, 8.6709004], [77.61622, 8.671033], [77.6165526, 8.67238], [77.616853, 8.6749732], [77.6200073, 8.6744747], [77.6213806, 8.6710913], [77.6223676, 8.6705928], [77.6233225, 8.6705663], [77.6234083, 8.6707943], [77.6236014, 8.670789], [77.6237302, 8.6706352], [77.6243471, 8.6704337], [77.6248728, 8.6705557], [77.6249318, 8.6709746], [77.6256185, 8.6725656], [77.6257043, 8.6736474], [77.6252108, 8.6752383], [77.6235424, 8.6767391], [77.6231669, 8.6777838], [77.6228182, 8.6778686], [77.6228665, 8.6784201], [77.6230167, 8.6790671], [77.6230596, 8.6797724], [77.623124, 8.6810557], [77.6230865, 8.681236], [77.6230435, 8.6813474], [77.622829, 8.6814057], [77.6228772, 8.681639], [77.6229845, 8.6819572], [77.6228665, 8.6828799], [77.6230275, 8.6834526], [77.6230114, 8.6840254], [77.6228772, 8.6846776], [77.6230918, 8.6847625], [77.6231494, 8.6854152]]}}, {"type": "Feature", "properties": {"id": 1176646062, "name": "Thamirabarani River", "category": "waterway", "type": "canal"}, "geometry": {"type": "LineString", "coordinates": [[77.6165553, 8.6671299], [77.6165821, 8.6668064], [77.616743, 8.6665624], [77.6173599, 8.6661541], [77.6174243, 8.6658836], [77.6174082, 8.6658147], [77.6178481, 8.6656344], [77.61795, 8.6652791], [77.6187654, 8.6650192], [77.6190873, 8.6647116], [77.6196827, 8.6645631], [77.6205357, 8.6648283], [77.6206215, 8.6651518]]}}, {"type": "Feature", "properties": {"id": 1176646067, "name": "State Highway / District Road", "category": "highway", "type": "tertiary"}, "geometry": {"type": "LineString", "coordinates": [[77.5107522, 8.7081419], [77.5105579, 8.7080766], [77.5105868, 8.7079424], [77.5106045, 8.7078603], [77.5107334, 8.7074151], [77.5112278, 8.7057076], [77.5110664, 8.7045407], [77.51068, 8.7029417], [77.5106531, 8.7028244], [77.5106645, 8.7027428], [77.5107034, 8.7026494], [77.5107514, 8.7025984], [77.512841, 8.7003802], [77.5138006, 8.6992886], [77.5138785, 8.6992], [77.5139167, 8.6991496], [77.5139362, 8.6991058], [77.5139295, 8.699078], [77.5139207, 8.6990502], [77.5138815, 8.6990193]]}}, {"type": "Feature", "properties": {"id": 1176646068, "name": "State Highway / District Road", "category": "highway", "type": "tertiary"}, "geometry": {"type": "LineString", "coordinates": [[77.5109465, 8.7082071], [77.5107522, 8.7081419]]}}, {"type": "Feature", "properties": {"id": 1176646070, "name": "Thamirabarani River", "category": "waterway", "type": "river"}, "geometry": {"type": "LineString", "coordinates": [[77.508319, 8.6338998], [77.5071174, 8.6352999], [77.5050789, 8.6362758], [77.5032765, 8.637782], [77.5029117, 8.6397337], [77.5029975, 8.6408156], [77.5022036, 8.6433401], [77.501238, 8.6442099], [77.5007874, 8.644019], [77.500208, 8.6441675], [77.5000149, 8.6456524], [77.4993283, 8.6466495], [77.4989849, 8.6480284], [77.4986845, 8.6497467], [77.4979764, 8.6510831], [77.4969679, 8.6518468], [77.4966031, 8.6536287], [77.493878, 8.6550925], [77.4903589, 8.6577229], [77.4883832, 8.6589748]]}}, {"type": "Feature", "properties": {"id": 1176646073, "name": "Vandal Odai", "category": "waterway", "type": "river"}, "geometry": {"type": "LineString", "coordinates": [[77.4934533, 8.6160463], [77.4963072, 8.6148477], [77.4962965, 8.6152722], [77.4956849, 8.6170541], [77.4963501, 8.6179663], [77.4963286, 8.6188362], [77.495642, 8.6193666], [77.4956849, 8.6201091], [77.4949339, 8.6217002], [77.495127, 8.6227398], [77.4945047, 8.6232489], [77.494097, 8.6239703], [77.4933246, 8.62414], [77.4928972, 8.6244751], [77.4927023, 8.6246279], [77.4922329, 8.6258372], [77.4918681, 8.6277359], [77.4917286, 8.6302605], [77.4931127, 8.631544], [77.493295, 8.6325729], [77.4933487, 8.6334321], [77.4925762, 8.6341958], [77.4915677, 8.6345989], [77.4912029, 8.6352671], [77.4909347, 8.6360945], [77.4917501, 8.6365506], [77.4924582, 8.6369855], [77.4931985, 8.6377174], [77.4930268, 8.6381841], [77.4935204, 8.6391281], [77.493338, 8.6394039], [77.4934774, 8.639913], [77.4932414, 8.6430845], [77.4935525, 8.6435406], [77.4935955, 8.644124], [77.4928444, 8.6457045], [77.4914497, 8.6473167], [77.4914068, 8.6477092], [77.4918252, 8.6483668], [77.4916535, 8.6494275], [77.4887997, 8.6525459]]}}, {"type": "Feature", "properties": {"id": 1176646080, "name": "Manimuthaaru Pradhaana Kaalvaai", "category": "waterway", "type": "canal"}, "geometry": {"type": "LineString", "coordinates": [[77.4237879, 8.6453279], [77.4239323, 8.6454157], [77.4242649, 8.6456173], [77.4248443, 8.645543], [77.4251125, 8.64549], [77.4252842, 8.6455112], [77.4261747, 8.6457233], [77.427269, 8.6458612], [77.4280308, 8.6457446], [77.428417, 8.6456597], [77.4292699, 8.6453574], [77.4297849, 8.6451559], [77.4301765, 8.6450657], [77.4309275, 8.6451718], [77.4313138, 8.6452991], [77.4318747, 8.6456672], [77.433658, 8.6466408], [77.4349562, 8.6473727], [77.4354712, 8.6474258], [77.4359325, 8.6472879], [77.4363402, 8.6472985], [77.4369411, 8.6477227], [77.4374721, 8.6484069], [77.4379925, 8.649282], [77.4387272, 8.649732], [77.439929, 8.6503798], [77.4423645, 8.6506874], [77.4441669, 8.6508146], [77.4449222, 8.6510762], [77.4455295, 8.6509525], [77.4468491, 8.650401], [77.4487374, 8.6497752], [77.4497566, 8.6495206], [77.450336, 8.6491175], [77.4512587, 8.6487463], [77.4519868, 8.6480711], [77.4522994, 8.6477811], [77.4526629, 8.6472315], [77.4528069, 8.6467429], [77.4529753, 8.6461688], [77.4533401, 8.6454582], [77.4536298, 8.6450975], [77.4540911, 8.6447581], [77.4545149, 8.6443604], [77.4549762, 8.6436497], [77.4558023, 8.6419314], [77.457476, 8.6383143], [77.4577872, 8.6377097], [77.4583022, 8.6372642], [77.4598203, 8.6358164], [77.4608556, 8.6350685], [77.461553, 8.6345064], [77.462819, 8.6339972], [77.4644498, 8.6332123], [77.4660484, 8.6320667], [77.4675612, 8.6309635], [77.468162, 8.6302953], [77.4682221, 8.630202]]}}, {"type": "Feature", "properties": {"id": 1176646081, "name": "Manimuthaaru Pradhaana Kaalvaai", "category": "waterway", "type": "canal"}, "geometry": {"type": "LineString", "coordinates": [[77.4929061, 8.6242886], [77.4930882, 8.6244257]]}}, {"type": "Feature", "properties": {"id": 1176646084, "name": "Thamirabarani River", "category": "waterway", "type": "stream"}, "geometry": {"type": "LineString", "coordinates": [[77.4863686, 8.6363886], [77.4858966, 8.6373857], [77.4864974, 8.6391253], [77.4853869, 8.6406686], [77.485344, 8.6411883], [77.4857625, 8.6418831], [77.4857249, 8.6427529], [77.4858429, 8.6433256], [77.4859931, 8.6437871], [77.486315, 8.644031], [77.4867441, 8.6439355], [77.4872269, 8.6438825], [77.4873557, 8.6439143], [77.4877285, 8.6443333], [77.4877795, 8.6446144], [77.4882891, 8.645516], [77.4886431, 8.6466934], [77.488389, 8.6487313], [77.4880396, 8.6493424], [77.4872162, 8.6508406], [77.4872976, 8.6515913]]}}, {"type": "Feature", "properties": {"id": 1176646090, "name": "Thamirabarani River", "category": "waterway", "type": "stream"}, "geometry": {"type": "LineString", "coordinates": [[77.4622581, 8.6352159], [77.4623439, 8.6363084], [77.4620006, 8.636563], [77.4616251, 8.63721], [77.4620972, 8.6386314], [77.4624834, 8.6414316], [77.4628911, 8.6430121], [77.4640391, 8.6441683], [77.4640498, 8.6445819], [77.4641142, 8.645282], [77.4648598, 8.6473821], [77.4651173, 8.6474246], [77.4653856, 8.6472708], [77.465863, 8.6472496], [77.4679658, 8.6473875], [77.468749, 8.6477587], [77.4694303, 8.6474352], [77.4695376, 8.6466821], [77.4701422, 8.646981], [77.4702457, 8.6470321], [77.4702135, 8.6476579], [77.470868, 8.6480928], [77.4719301, 8.6481352], [77.4727455, 8.6482095], [77.4731961, 8.648358], [77.4731425, 8.6486974], [77.4737004, 8.6492171], [77.4744192, 8.649355], [77.4754277, 8.6494929], [77.4758998, 8.6497369]]}}, {"type": "Feature", "properties": {"id": 1176646091, "name": "Thamirabarani River", "category": "waterway", "type": "canal"}, "geometry": {"type": "LineString", "coordinates": [[77.4190102, 8.6444122], [77.4204854, 8.6467139], [77.4208045, 8.6469594], [77.4211398, 8.6472018], [77.4217943, 8.6479019], [77.4236557, 8.6475147], [77.4248896, 8.6470746], [77.4260805, 8.6471647], [77.4269173, 8.6476102], [77.4277434, 8.649058], [77.4282852, 8.6499755], [77.4287895, 8.650543], [77.4302754, 8.6510945], [77.4311284, 8.6522719], [77.4320081, 8.6527174], [77.4332259, 8.6530886], [77.4357042, 8.6534068], [77.438998, 8.6531894], [77.4399689, 8.6533379], [77.442973, 8.654616], [77.445446, 8.6542023], [77.4477044, 8.6534917], [77.4480692, 8.6528977], [77.4490773, 8.6523008], [77.4490992, 8.6522878]]}}, {"type": "Feature", "properties": {"id": 1176646092, "name": "State Highway / District Road", "category": "highway", "type": "tertiary"}, "geometry": {"type": "LineString", "coordinates": [[77.4479485, 8.6532598], [77.4483874, 8.6534523], [77.4492305, 8.653822], [77.4497777, 8.6541879], [77.4505395, 8.6548986], [77.4507648, 8.6552645], [77.4511886, 8.6567494], [77.4517196, 8.6586586], [77.451853, 8.6589865]]}}, {"type": "Feature", "properties": {"id": 1176646093, "name": "State Highway / District Road", "category": "highway", "type": "tertiary"}, "geometry": {"type": "LineString", "coordinates": [[77.4477875, 8.6531856], [77.4479485, 8.6532598]]}}, {"type": "Feature", "properties": {"id": 1176646094, "name": "State Highway / District Road", "category": "highway", "type": "tertiary"}, "geometry": {"type": "LineString", "coordinates": [[77.4258082, 8.6465232], [77.4255723, 8.6465255], [77.4253955, 8.6466074], [77.4253071, 8.6467713], [77.4252276, 8.6470383]]}}, {"type": "Feature", "properties": {"id": 1176646095, "name": "State Highway / District Road", "category": "highway", "type": "tertiary"}, "geometry": {"type": "LineString", "coordinates": [[77.4252276, 8.6470383], [77.4251934, 8.6471533]]}}, {"type": "Feature", "properties": {"id": 1176646096, "name": "State Highway / District Road", "category": "highway", "type": "secondary"}, "geometry": {"type": "LineString", "coordinates": [[77.4258082, 8.6465232], [77.426417, 8.6470442], [77.4270192, 8.6475322], [77.4277474, 8.6480811], [77.4286138, 8.6486207], [77.4288253, 8.6487746], [77.4290572, 8.6489434], [77.429897, 8.6495547], [77.4299797, 8.6496062], [77.4300781, 8.6496674], [77.4313189, 8.6502377], [77.4313824, 8.650264], [77.4323163, 8.6506509], [77.4324051, 8.6506877], [77.4326679, 8.6508627], [77.4332238, 8.6514167], [77.4339098, 8.6520957], [77.4345934, 8.652784], [77.4346509, 8.652849], [77.4347453, 8.6529559], [77.4349475, 8.6531846], [77.4349907, 8.6533022]]}}, {"type": "Feature", "properties": {"id": 1176646097, "name": "State Highway / District Road", "category": "highway", "type": "secondary"}, "geometry": {"type": "LineString", "coordinates": [[77.4349907, 8.6533022], [77.4350173, 8.6534272]]}}, {"type": "Feature", "properties": {"id": 1176646098, "name": "Thamirabarani River", "category": "waterway", "type": "canal"}, "geometry": {"type": "LineString", "coordinates": [[77.4490992, 8.6522878], [77.4492736, 8.652117], [77.4509366, 8.6510033], [77.4510439, 8.6505472], [77.4566121, 8.6492213], [77.45923, 8.6491577], [77.4639614, 8.6446922], [77.4640498, 8.6445819], [77.4648519, 8.6437482], [77.4654903, 8.6435414], [77.467341, 8.6435467], [77.4679418, 8.6436527], [77.4698193, 8.6434565], [77.4703826, 8.6430216], [77.4705328, 8.6431436], [77.4710156, 8.6436156], [77.4709566, 8.6439232], [77.4712409, 8.6442891], [77.473215, 8.6449627], [77.4754681, 8.6445331], [77.4793734, 8.6453074]]}}, {"type": "Feature", "properties": {"id": 1176646099, "name": "Thamirabarani River", "category": "waterway", "type": "canal"}, "geometry": {"type": "LineString", "coordinates": [[77.4490992, 8.6522878], [77.4507059, 8.6518306], [77.4521329, 8.6510139], [77.4522401, 8.6511836], [77.4536242, 8.6510775], [77.4543215, 8.650876], [77.4552657, 8.6510033], [77.4556412, 8.6507275], [77.4562742, 8.6507912], [77.4567033, 8.6509715], [77.4608339, 8.6504942], [77.4629153, 8.6504093], [77.4636449, 8.650526], [77.4645461, 8.6508336], [77.4646963, 8.6511942], [77.4650182, 8.6511147], [77.4652167, 8.6512154], [77.4657263, 8.6512472], [77.4663164, 8.6508972], [77.4696745, 8.6519579], [77.4705918, 8.6517192], [77.4711819, 8.6517829], [77.4731238, 8.6516291], [77.4743308, 8.6510669], [77.4754037, 8.6512366], [77.4760421, 8.6517882], [77.4766268, 8.6519844], [77.4776648, 8.6520878], [77.4777909, 8.6520693], [77.4778552, 8.6521647], [77.4790756, 8.6521488], [77.479419, 8.6522284], [77.480406, 8.6521382], [77.4812751, 8.6534216]]}}, {"type": "Feature", "properties": {"id": 1176646100, "name": "Thamirabarani River", "category": "waterway", "type": "canal"}, "geometry": {"type": "LineString", "coordinates": [[77.4646963, 8.6511942], [77.4648009, 8.6513321], [77.4648009, 8.651767], [77.465037, 8.6527216], [77.4701975, 8.6528117], [77.4701653, 8.6530663], [77.4717747, 8.6542012], [77.4738775, 8.654827], [77.4749075, 8.6541906], [77.4750792, 8.6540739], [77.4760555, 8.6542649]]}}, {"type": "Feature", "properties": {"id": 1176646101, "name": "Thamirabarani River", "category": "waterway", "type": "canal"}, "geometry": {"type": "LineString", "coordinates": [[77.465037, 8.6527216], [77.4655949, 8.6536815], [77.4662171, 8.6541482], [77.4670218, 8.6543497], [77.4669467, 8.655124], [77.4674939, 8.6557922], [77.4676977, 8.6568105], [77.4686419, 8.6573726], [77.4718283, 8.6575423], [77.4738453, 8.6569483], [77.477182, 8.657362], [77.4802505, 8.6575317], [77.4813877, 8.6572453], [77.4824713, 8.6580302], [77.4827717, 8.6579029], [77.4837588, 8.6607349], [77.483673, 8.6611591], [77.4838768, 8.6616364], [77.4838768, 8.6623471], [77.4841987, 8.6625698], [77.4848639, 8.663482], [77.4853467, 8.6647547], [77.4858831, 8.6649032], [77.4862908, 8.6648078], [77.487597, 8.6651281]]}}, {"type": "Feature", "properties": {"id": 1176646102, "name": "Thamirabarani River", "category": "waterway", "type": "canal"}, "geometry": {"type": "LineString", "coordinates": [[77.4686419, 8.6573726], [77.4688779, 8.659006], [77.4698328, 8.6595257], [77.470455, 8.6595682], [77.4709164, 8.6602788], [77.4708413, 8.6613607], [77.4725579, 8.6632062], [77.472928, 8.6631638], [77.4730729, 8.6632327], [77.4731426, 8.6634448], [77.473384, 8.6638479]]}}, {"type": "Feature", "properties": {"id": 1176646103, "name": "Thamirabarani River", "category": "waterway", "type": "canal"}, "geometry": {"type": "LineString", "coordinates": [[77.4490992, 8.6522878], [77.4492763, 8.6523901], [77.4503438, 8.6523636], [77.4520792, 8.6518677], [77.4525084, 8.651995], [77.4543215, 8.6536921], [77.4561884, 8.6539042], [77.4576046, 8.6545512], [77.4580874, 8.6548907], [77.4580444, 8.6556543], [77.4578728, 8.6562377], [77.4580981, 8.6587727], [77.4599756, 8.6595788], [77.4609627, 8.6602894], [77.4612416, 8.6617849], [77.4610914, 8.6622198], [77.4614669, 8.6630789], [77.4621214, 8.6629516], [77.4630763, 8.6622198], [77.4645354, 8.6630577], [77.4635913, 8.6646911], [77.4636127, 8.6657305]]}}, {"type": "Feature", "properties": {"id": 1176646105, "name": "Manimuthaaru Pradhaana Kaalvaai", "category": "waterway", "type": "canal"}, "geometry": {"type": "LineString", "coordinates": [[77.4685041, 8.6297647], [77.4686716, 8.629505], [77.4689666, 8.6290012], [77.4698142, 8.6285026], [77.4711017, 8.628248], [77.4747387, 8.6275586], [77.4772761, 8.6271183], [77.4788693, 8.6270605], [77.4807201, 8.6269274], [77.4812619, 8.6268696], [77.4819914, 8.6264241], [77.4834291, 8.6255861], [77.4847166, 8.6250875], [77.4867765, 8.6245572], [77.4877957, 8.6242496], [77.4883644, 8.6239631], [77.4894051, 8.6234646], [77.4901293, 8.6232572], [77.4908427, 8.6231358], [77.4909822, 8.6231358], [77.4915937, 8.6233585], [77.4923769, 8.6238359], [77.4927417, 8.6241647], [77.4929061, 8.6242886]]}}, {"type": "Feature", "properties": {"id": 1176646106, "name": "Manimuthaaru Pradhaana Kaalvaai", "category": "waterway", "type": "canal"}, "geometry": {"type": "LineString", "coordinates": [[77.4682221, 8.630202], [77.4685041, 8.6297647]]}}, {"type": "Feature", "properties": {"id": 1176646111, "name": "State Highway / District Road", "category": "highway", "type": "tertiary"}, "geometry": {"type": "LineString", "coordinates": [[77.4886322, 8.6615509], [77.4884496, 8.6615653], [77.4881058, 8.6615681], [77.4878031, 8.6615536]]}}, {"type": "Feature", "properties": {"id": 1176646112, "name": "State Highway / District Road", "category": "highway", "type": "tertiary"}, "geometry": {"type": "LineString", "coordinates": [[77.4888843, 8.6615038], [77.4886322, 8.6615509]]}}, {"type": "Feature", "properties": {"id": 1176646113, "name": "Tiruchendur - Palayamkottai - Ambasamudram - Tenkasi - Courtalam - Shencottai Road", "category": "highway", "type": "primary"}, "geometry": {"type": "LineString", "coordinates": [[77.4910564, 8.6798511], [77.4910353, 8.6798094], [77.4908772, 8.6795901], [77.4906156, 8.6793337], [77.4905661, 8.6792851], [77.49009, 8.6789692], [77.4896648, 8.6787522], [77.4893625, 8.6786811]]}}, {"type": "Feature", "properties": {"id": 1176646114, "name": "Tiruchendur - Palayamkottai - Ambasamudram - Tenkasi - Courtalam - Shencottai Road", "category": "highway", "type": "primary"}, "geometry": {"type": "LineString", "coordinates": [[77.4893625, 8.6786811], [77.4880086, 8.6785311]]}}, {"type": "Feature", "properties": {"id": 1176646136, "name": "Manimuthaaru Pradhaana Kaalvaai", "category": "waterway", "type": "canal"}, "geometry": {"type": "LineString", "coordinates": [[77.4105162, 8.650381], [77.4190102, 8.6444122], [77.4231219, 8.6449229], [77.4233227, 8.645045]]}}, {"type": "Feature", "properties": {"id": 1176646137, "name": "Manimuthaaru Pradhaana Kaalvaai", "category": "waterway", "type": "canal"}, "geometry": {"type": "LineString", "coordinates": [[77.4233227, 8.645045], [77.4237879, 8.6453279]]}}, {"type": "Feature", "properties": {"id": 1176646142, "name": "State Highway / District Road", "category": "highway", "type": "tertiary"}, "geometry": {"type": "LineString", "coordinates": [[77.4878031, 8.6615536], [77.4876288, 8.6620057], [77.4870872, 8.6639724], [77.4867948, 8.6648745]]}}, {"type": "Feature", "properties": {"id": 1176646143, "name": "State Highway / District Road", "category": "highway", "type": "tertiary"}, "geometry": {"type": "LineString", "coordinates": [[77.4867948, 8.6648745], [77.4867622, 8.6649751]]}}, {"type": "Feature", "properties": {"id": 1196983546, "name": "State Highway / District Road", "category": "highway", "type": "tertiary"}, "geometry": {"type": "LineString", "coordinates": [[77.4238243, 8.6804243], [77.4225853, 8.6804019], [77.4224029, 8.680211], [77.422081, 8.680211], [77.4212227, 8.6804761], [77.4203966, 8.6804443], [77.4172745, 8.6808155], [77.4154291, 8.681261], [77.4150107, 8.6813246], [77.4144352, 8.6812543]]}}, {"type": "Feature", "properties": {"id": 1196983547, "name": "State Highway / District Road", "category": "highway", "type": "tertiary"}, "geometry": {"type": "LineString", "coordinates": [[77.4144352, 8.6812543], [77.4141725, 8.6812222]]}}, {"type": "Feature", "properties": {"id": 1390672799, "name": "Tiruchendur - Palayamkottai - Ambasamudram - Tenkasi - Courtalam - Shencottai Road", "category": "highway", "type": "primary"}, "geometry": {"type": "LineString", "coordinates": [[77.4624121, 8.694566], [77.4624109, 8.6947192], [77.4624097, 8.6949932], [77.4618283, 8.6988476], [77.4598707, 8.7020849], [77.4597703, 8.7023773], [77.4594949, 8.703345], [77.4593952, 8.7034075], [77.4593375, 8.7034436], [77.4586396, 8.7034769], [77.4575943, 8.7035217], [77.4565077, 8.7035703], [77.4560399, 8.7037008], [77.4556091, 8.7037376], [77.4550681, 8.7037838], [77.4545552, 8.7037692], [77.4538205, 8.7037482], [77.4537269, 8.7037516], [77.4531189, 8.7037735], [77.4526837, 8.7037892], [77.4525931, 8.7037925], [77.4518846, 8.7038181], [77.4503106, 8.703875], [77.4501858, 8.7038347], [77.4497433, 8.7036514], [77.4491871, 8.7035706], [77.448799, 8.7035903], [77.4485565, 8.7036104], [77.448467, 8.7036178], [77.4472964, 8.7037148], [77.4465077, 8.7037801], [77.4464706, 8.7037935], [77.4454485, 8.7041643], [77.4446777, 8.704427], [77.4438946, 8.7046939], [77.4423882, 8.7051496], [77.4417546, 8.7054222], [77.4416339, 8.7055788], [77.4414333, 8.7058389], [77.4407319, 8.7067486], [77.4406069, 8.7069107], [77.439663, 8.7079024], [77.4380002, 8.709581], [77.4371966, 8.7103903], [77.4362118, 8.7113693], [77.4361243, 8.711448]]}}, {"type": "Feature", "properties": {"id": 1390672800, "name": "Tiruchendur - Palayamkottai - Ambasamudram - Tenkasi - Courtalam - Shencottai Road", "category": "highway", "type": "primary"}, "geometry": {"type": "LineString", "coordinates": [[77.4361243, 8.711448], [77.4359244, 8.7116278]]}}, {"type": "Feature", "properties": {"id": 1390672851, "name": "State Highway / District Road", "category": "highway", "type": "tertiary"}, "geometry": {"type": "LineString", "coordinates": [[77.4194392, 8.7001293], [77.4194432, 8.7001264], [77.4195545, 8.7000486], [77.4198531, 8.6998822], [77.4204042, 8.6995867], [77.4204503, 8.699562], [77.4206657, 8.6994815], [77.4210331, 8.6992167], [77.4216104, 8.6988017], [77.4219017, 8.6986175], [77.4221298, 8.6985405], [77.4223798, 8.6984906], [77.4227128, 8.6983886], [77.4230422, 8.6982401], [77.423606, 8.6978528], [77.4240134, 8.6976559], [77.4241953, 8.697568], [77.4247533, 8.6972857], [77.4253845, 8.6970035], [77.4258507, 8.6967265], [77.4263065, 8.6964468], [77.4267675, 8.6961431], [77.427328, 8.6957003], [77.4276786, 8.6955159]]}}, {"type": "Feature", "properties": {"id": 1390672852, "name": "State Highway / District Road", "category": "highway", "type": "tertiary"}, "geometry": {"type": "LineString", "coordinates": [[77.4192758, 8.7002436], [77.4194392, 8.7001293]]}}, {"type": "Feature", "properties": {"id": 1390672924, "name": "Thamirabarani River", "category": "waterway", "type": "canal"}, "geometry": {"type": "LineString", "coordinates": [[77.3860403, 8.7703939], [77.386145, 8.7704774], [77.3865098, 8.7708221], [77.3869228, 8.7708698], [77.3873895, 8.7708433], [77.3878455, 8.7707478], [77.3881406, 8.7707107], [77.3884302, 8.7708061], [77.3889399, 8.7713045], [77.3889935, 8.771453], [77.388972, 8.7717658], [77.3886448, 8.7720361], [77.3885858, 8.7722376], [77.3885643, 8.7725557], [77.3883015, 8.7729639], [77.3872125, 8.7737168], [77.3870516, 8.773897], [77.3869604, 8.7740826], [77.3871159, 8.7741992], [77.387352, 8.775408], [77.3876095, 8.7755246], [77.3877114, 8.7758427]]}}, {"type": "Feature", "properties": {"id": 1390672925, "name": "Thamirabarani River", "category": "waterway", "type": "canal"}, "geometry": {"type": "LineString", "coordinates": [[77.3859762, 8.7703429], [77.3860403, 8.7703939]]}}, {"type": "Feature", "properties": {"id": 1408717314, "name": "Ambasamudram Travellers Bungalow Road", "category": "highway", "type": "secondary"}, "geometry": {"type": "LineString", "coordinates": [[77.4355486, 8.7104886], [77.4353658, 8.7106895], [77.435189, 8.7109705], [77.4350641, 8.7111071], [77.434864, 8.7112279], [77.4345547, 8.711339], [77.4339642, 8.7116128], [77.4338642, 8.7116638]]}}, {"type": "Feature", "properties": {"id": 1408717315, "name": "Ambasamudram Travellers Bungalow Road", "category": "highway", "type": "secondary"}, "geometry": {"type": "LineString", "coordinates": [[77.4356421, 8.7103852], [77.4355486, 8.7104886]]}}, {"type": "Feature", "properties": {"id": 1408717374, "name": "State Highway / District Road", "category": "highway", "type": "tertiary"}, "geometry": {"type": "LineString", "coordinates": [[77.426405, 8.683029], [77.4263165, 8.6835239]]}}, {"type": "Feature", "properties": {"id": 1408717375, "name": "State Highway / District Road", "category": "highway", "type": "tertiary"}, "geometry": {"type": "LineString", "coordinates": [[77.4263165, 8.6835239], [77.4262985, 8.6836312]]}}, {"type": "Feature", "properties": {"id": 1415634541, "name": "State Highway / District Road", "category": "highway", "type": "tertiary"}, "geometry": {"type": "LineString", "coordinates": [[77.6158442, 8.6710161], [77.6158542, 8.6711617]]}}, {"type": "Feature", "properties": {"id": 1415634542, "name": "State Highway / District Road", "category": "highway", "type": "tertiary"}, "geometry": {"type": "LineString", "coordinates": [[77.6158394, 8.6708715], [77.6158442, 8.6710161]]}}]}