{
"type": "FeatureCollection",
"name": "training_labels",
"crs": { "type": "name", "properties": { "name": "urn:ogc:def:crs:EPSG::32643" } },
"features": [
{ "type": "Feature", "properties": { "parcel_id": "PARCEL_0001", "crop_class": 1, "crop_name": "Paddy", "taluk": "Ambasamudram", "area_m2": 8069.53, "area_ha": 0.807, "source": "reference_interpretation" }, "geometry": { "type": "Polygon", "coordinates": [ [ [ 769356.925870875944383, 963385.754192646127194 ], [ 769448.852281286730431, 963366.507551616989076 ], [ 769431.245079964515753, 963282.411484543001279 ], [ 769339.318669553729706, 963301.658125572139397 ], [ 769356.925870875944383, 963385.754192646127194 ] ] ] } },
{ "type": "Feature", "properties": { "parcel_id": "PARCEL_0002", "crop_class": 1, "crop_name": "Paddy", "taluk": "Ambasamudram", "area_m2": 4738.44, "area_ha": 0.4738, "source": "reference_interpretation" }, "geometry": { "type": "Polygon", "coordinates": [ [ [ 768950.730536333401687, 964724.35864867165219 ], [ 769039.563225379330106, 964750.090131628909148 ], [ 769053.81811558699701, 964700.878034863970242 ], [ 768964.985426541068591, 964675.146551906713285 ], [ 768950.730536333401687, 964724.35864867165219 ] ] ] } },
{ "type": "Feature", "properties": { "parcel_id": "PARCEL_0003", "crop_class": 1, "crop_name": "Paddy", "taluk": "Ambasamudram", "area_m2": 3715.74, "area_ha": 0.3716, "source": "reference_interpretation" }, "geometry": { "type": "Polygon", "coordinates": [ [ [ 767628.275571654783562, 964184.932864895323291 ], [ 767688.765411065891385, 964177.795198710169643 ], [ 767681.61663897940889, 964117.211239710915834 ], [ 767621.126799568301067, 964124.348905896069482 ], [ 767628.275571654783562, 964184.932864895323291 ] ] ] } },
{ "type": "Feature", "properties": { "parcel_id": "PARCEL_0004", "crop_class": 1, "crop_name": "Paddy", "taluk": "Ambasamudram", "area_m2": 5850.73, "area_ha": 0.5851, "source": "reference_interpretation" }, "geometry": { "type": "Polygon", "coordinates": [ [ [ 763773.766074643586762, 964690.029547772253864 ], [ 763839.667511074454524, 964675.548270166502334 ], [ 763821.057479659444652, 964590.857689980301075 ], [ 763755.156043228576891, 964605.338967586052604 ], [ 763773.766074643586762, 964690.029547772253864 ] ] ] } },
{ "type": "Feature", "properties": { "parcel_id": "PARCEL_0005", "crop_class": 1, "crop_name": "Paddy", "taluk": "Ambasamudram", "area_m2": 7512.88, "area_ha": 0.7513, "source": "reference_interpretation" }, "geometry": { "type": "Polygon", "coordinates": [ [ [ 766836.203061535372399, 961859.937349464162253 ], [ 766912.314628399093635, 961846.071972273173742 ], [ 766894.910266588325612, 961750.533767331042327 ], [ 766818.798699724604376, 961764.399144522030838 ], [ 766836.203061535372399, 961859.937349464162253 ] ] ] } },
{ "type": "Feature", "properties": { "parcel_id": "PARCEL_0006", "crop_class": 1, "crop_name": "Paddy", "taluk": "Ambasamudram", "area_m2": 4563.58, "area_ha": 0.4564, "source": "reference_interpretation" }, "geometry": { "type": "Polygon", "coordinates": [ [ [ 773089.688663903973065, 964020.647783477557823 ], [ 773141.447596298181452, 964010.280387432547286 ], [ 773124.468247832148336, 963925.511469033546746 ], [ 773072.709315437939949, 963935.878865078557283 ], [ 773089.688663903973065, 964020.647783477557823 ] ] ] } },
{ "type": "Feature", "properties": { "parcel_id": "PARCEL_0007", "crop_class": 1, "crop_name": "Paddy", "taluk": "Ambasamudram", "area_m2": 6957.36, "area_ha": 0.6957, "source": "reference_interpretation" }, "geometry": { "type": "Polygon", "coordinates": [ [ [ 767383.078886825358495, 963197.430098860175349 ], [ 767471.801530914148316, 963176.957678645965643 ], [ 767454.621829466894269, 963102.504901636042632 ], [ 767365.899185378104448, 963122.977321850252338 ], [ 767383.078886825358495, 963197.430098860175349 ] ] ] } },
{ "type": "Feature", "properties": { "parcel_id": "PARCEL_0008", "crop_class": 1, "crop_name": "Paddy", "taluk": "Ambasamudram", "area_m2": 6851.43, "area_ha": 0.6851, "source": "reference_interpretation" }, "geometry": { "type": "Polygon", "coordinates": [ [ [ 767484.211095153121278, 963520.884431082056835 ], [ 767588.273593694204465, 963531.064202540321276 ], [ 767594.653211013879627, 963465.84869934967719 ], [ 767490.59071247279644, 963455.66892789141275 ], [ 767484.211095153121278, 963520.884431082056835 ] ] ] } },
{ "type": "Feature", "properties": { "parcel_id": "PARCEL_0009", "crop_class": 1, "crop_name": "Paddy", "taluk": "Ambasamudram", "area_m2": 5058.52, "area_ha": 0.5059, "source": "reference_interpretation" }, "geometry": { "type": "Polygon", "coordinates": [ [ [ 768827.692769571440294, 961166.225945175858214 ], [ 768907.23048980301246, 961189.248204030562192 ], [ 768924.216172445565462, 961130.565757512580603 ], [ 768844.678452213993296, 961107.543498657876626 ], [ 768827.692769571440294, 961166.225945175858214 ] ] ] } },
{ "type": "Feature", "properties": { "parcel_id": "PARCEL_0010", "crop_class": 1, "crop_name": "Paddy", "taluk": "Ambasamudram", "area_m2": 5824.78, "area_ha": 0.5825, "source": "reference_interpretation" }, "geometry": { "type": "Polygon", "coordinates": [ [ [ 768846.782931319787167, 964594.861070622806437 ], [ 768950.34818056889344, 964575.757350126164965 ], [ 768940.315006474149413, 964521.36542285385076 ], [ 768836.74975722504314, 964540.469143350492232 ], [ 768846.782931319787167, 964594.861070622806437 ] ] ] } },
{ "type": "Feature", "properties": { "parcel_id": "PARCEL_0011", "crop_class": 1, "crop_name": "Paddy", "taluk": "Ambasamudram", "area_m2": 4859.76, "area_ha": 0.486, "source": "reference_interpretation" }, "geometry": { "type": "Polygon", "coordinates": [ [ [ 768249.389184426749125, 963163.98928719968535 ], [ 768321.288184553850442, 963178.357642941875383 ], [ 768334.276998975547031, 963113.361843385966495 ], [ 768262.377998848445714, 963098.993487643776461 ], [ 768249.389184426749125, 963163.98928719968535 ] ] ] } },
{ "type": "Feature", "properties": { "parcel_id": "PARCEL_0012", "crop_class": 1, "crop_name": "Paddy", "taluk": "Ambasamudram", "area_m2": 4826.19, "area_ha": 0.4826, "source": "reference_interpretation" }, "geometry": { "type": "Polygon", "coordinates": [ [ [ 766030.104738145251758, 962464.595043621608056 ], [ 766111.313055189442821, 962479.483101958525367 ], [ 766121.854111353983171, 962421.985917865415104 ], [ 766040.645794309792109, 962407.097859528497793 ], [ 766030.104738145251758, 962464.595043621608056 ] ] ] } },
{ "type": "Feature", "properties": { "parcel_id": "PARCEL_0013", "crop_class": 1, "crop_name": "Paddy", "taluk": "Ambasamudram", "area_m2": 4979.16, "area_ha": 0.4979, "source": "reference_interpretation" }, "geometry": { "type": "Polygon", "coordinates": [ [ [ 767250.444892118102871, 964279.979489718796685 ], [ 767300.389054939732887, 964286.2103067105636 ], [ 767312.635906780487858, 964188.043603499187157 ], [ 767262.691743958857842, 964181.812786507420242 ], [ 767250.444892118102871, 964279.979489718796685 ] ] ] } },
{ "type": "Feature", "properties": { "parcel_id": "PARCEL_0014", "crop_class": 1, "crop_name": "Paddy", "taluk": "Ambasamudram", "area_m2": 3893.08, "area_ha": 0.3893, "source": "reference_interpretation" }, "geometry": { "type": "Polygon", "coordinates": [ [ [ 770091.464424598962069, 964447.02442974166479 ], [ 770144.467485826928169, 964434.587355789612047 ], [ 770128.131963792489842, 964364.970283645787276 ], [ 770075.128902564523742, 964377.407357597840019 ], [ 770091.464424598962069, 964447.02442974166479 ] ] ] } },
{ "type": "Feature", "properties": { "parcel_id": "PARCEL_0015", "crop_class": 1, "crop_name": "Paddy", "taluk": "Ambasamudram", "area_m2": 3759.08, "area_ha": 0.3759, "source": "reference_interpretation" }, "geometry": { "type": "Polygon", "coordinates": [ [ [ 769064.61658340098802, 964701.340651374077424 ], [ 769134.021717066760175, 964693.435451805824414 ], [ 769127.931769651942886, 964639.967653719475493 ], [ 769058.526635986170731, 964647.872853287728503 ], [ 769064.61658340098802, 964701.340651374077424 ] ] ] } },
{ "type": "Feature", "properties": { "parcel_id": "PARCEL_0016", "crop_class": 1, "crop_name": "Paddy", "taluk": "Ambasamudram", "area_m2": 9110.65, "area_ha": 0.9111, "source": "reference_interpretation" }, "geometry": { "type": "Polygon", "coordinates": [ [ [ 770580.229287278954871, 962474.495286912540905 ], [ 770668.470471980166622, 962473.02407786285039 ], [ 770666.749553643516265, 962369.805658393888734 ], [ 770578.508368942304514, 962371.276867443579249 ], [ 770580.229287278954871, 962474.495286912540905 ] ] ] } },
{ "type": "Feature", "properties": { "parcel_id": "PARCEL_0017", "crop_class": 1, "crop_name": "Paddy", "taluk": "Ambasamudram", "area_m2": 8003.43, "area_ha": 0.8003, "source": "reference_interpretation" }, "geometry": { "type": "Polygon", "coordinates": [ [ [ 769096.979787227232009, 962759.401924353907816 ], [ 769191.365582933649421, 962774.883844948722981 ], [ 769204.909902944229543, 962692.310664593824185 ], [ 769110.524107237812132, 962676.828743999009021 ], [ 769096.979787227232009, 962759.401924353907816 ] ] ] } },
{ "type": "Feature", "properties": { "parcel_id": "PARCEL_0018", "crop_class": 1, "crop_name": "Paddy", "taluk": "Ambasamudram", "area_m2": 3898.0, "area_ha": 0.3898, "source": "reference_interpretation" }, "geometry": { "type": "Polygon", "coordinates": [ [ [ 774539.354318831115961, 962429.401240898761898 ], [ 774612.922749076737091, 962411.766589161474258 ], [ 774600.912194225005805, 962361.660826939623803 ], [ 774527.343763979384676, 962379.295478676911443 ], [ 774539.354318831115961, 962429.401240898761898 ] ] ] } },
{ "type": "Feature", "properties": { "parcel_id": "PARCEL_0019", "crop_class": 1, "crop_name": "Paddy", "taluk": "Ambasamudram", "area_m2": 5544.32, "area_ha": 0.5544, "source": "reference_interpretation" }, "geometry": { "type": "Polygon", "coordinates": [ [ [ 768613.531748090754263, 963171.914594409056008 ], [ 768680.344400702160783, 963188.586612754268572 ], [ 768699.83769756660331, 963110.467764472821727 ], [ 768633.02504495519679, 963093.795746127609164 ], [ 768613.531748090754263, 963171.914594409056008 ] ] ] } },
{ "type": "Feature", "properties": { "parcel_id": "PARCEL_0020", "crop_class": 1, "crop_name": "Paddy", "taluk": "Ambasamudram", "area_m2": 6075.38, "area_ha": 0.6075, "source": "reference_interpretation" }, "geometry": { "type": "Polygon", "coordinates": [ [ [ 767499.911876481375657, 961748.747313143801875 ], [ 767592.190689379232936, 961724.809589691576548 ], [ 767576.188890294055454, 961663.123396901763044 ], [ 767483.910077396198176, 961687.061120353988372 ], [ 767499.911876481375657, 961748.747313143801875 ] ] ] } },
{ "type": "Feature", "properties": { "parcel_id": "PARCEL_0021", "crop_class": 1, "crop_name": "Paddy", "taluk": "Ambasamudram", "area_m2": 10418.16, "area_ha": 1.0418, "source": "reference_interpretation" }, "geometry": { "type": "Polygon", "coordinates": [ [ [ 766988.052562382421456, 962942.748507081181742 ], [ 767093.495742780971341, 962951.206487375660799 ], [ 767101.370467202155851, 962853.034588315873407 ], [ 766995.927286803605966, 962844.57660802139435 ], [ 766988.052562382421456, 962942.748507081181742 ] ] ] } },
{ "type": "Feature", "properties": { "parcel_id": "PARCEL_0022", "crop_class": 1, "crop_name": "Paddy", "taluk": "Ambasamudram", "area_m2": 6336.88, "area_ha": 0.6337, "source": "reference_interpretation" }, "geometry": { "type": "Polygon", "coordinates": [ [ [ 768930.999693456222303, 963928.455632258555852 ], [ 768992.176848698989488, 963929.900008408003487 ], [ 768994.621038746437989, 963826.37531781301368 ], [ 768933.443883503670804, 963824.930941663566045 ], [ 768930.999693456222303, 963928.455632258555852 ] ] ] } },
{ "type": "Feature", "properties": { "parcel_id": "PARCEL_0023", "crop_class": 1, "crop_name": "Paddy", "taluk": "Ambasamudram", "area_m2": 4815.6, "area_ha": 0.4816, "source": "reference_interpretation" }, "geometry": { "type": "Polygon", "coordinates": [ [ [ 767197.872801744029857, 963137.894204199779779 ], [ 767260.39326355943922, 963149.970578141976148 ], [ 767274.736060297465883, 963075.716643965570256 ], [ 767212.215598482056521, 963063.640270023373887 ], [ 767197.872801744029857, 963137.894204199779779 ] ] ] } },
{ "type": "Feature", "properties": { "parcel_id": "PARCEL_0024", "crop_class": 1, "crop_name": "Paddy", "taluk": "Ambasamudram", "area_m2": 3621.76, "area_ha": 0.3622, "source": "reference_interpretation" }, "geometry": { "type": "Polygon", "coordinates": [ [ [ 763691.95177148655057, 963946.161972249625251 ], [ 763754.977905703010038, 963940.00177463516593 ], [ 763749.414457284845412, 963883.081093083368614 ], [ 763686.388323068385944, 963889.241290697827935 ], [ 763691.95177148655057, 963946.161972249625251 ] ] ] } },
{ "type": "Feature", "properties": { "parcel_id": "PARCEL_0025", "crop_class": 1, "crop_name": "Paddy", "taluk": "Ambasamudram", "area_m2": 7478.42, "area_ha": 0.7478, "source": "reference_interpretation" }, "geometry": { "type": "Polygon", "coordinates": [ [ [ 768173.02473612932954, 964034.112709722598083 ], [ 768253.880755733349361, 964027.482085513067432 ], [ 768246.346701873117127, 963935.609346632263623 ], [ 768165.490682269097306, 963942.239970841794275 ], [ 768173.02473612932954, 964034.112709722598083 ] ] ] } },
{ "type": "Feature", "properties": { "parcel_id": "PARCEL_0026", "crop_class": 1, "crop_name": "Paddy", "taluk": "Ambasamudram", "area_m2": 4565.68, "area_ha": 0.4566, "source": "reference_interpretation" }, "geometry": { "type": "Polygon", "coordinates": [ [ [ 768443.089018620434217, 961533.386585556203499 ], [ 768508.531385149690323, 961514.71932951011695 ], [ 768490.128085137694143, 961450.202321667224169 ], [ 768424.685718608438037, 961468.869577713310719 ], [ 768443.089018620434217, 961533.386585556203499 ] ] ] } },
{ "type": "Feature", "properties": { "parcel_id": "PARCEL_0027", "crop_class": 1, "crop_name": "Paddy", "taluk": "Ambasamudram", "area_m2": 3542.02, "area_ha": 0.3542, "source": "reference_interpretation" }, "geometry": { "type": "Polygon", "coordinates": [ [ [ 768574.572218199493363, 966481.816594708478078 ], [ 768626.076092999894172, 966494.691516480408609 ], [ 768642.256537588313222, 966429.964475256158039 ], [ 768590.752662787912413, 966417.089553484227508 ], [ 768574.572218199493363, 966481.816594708478078 ] ] ] } },
{ "type": "Feature", "properties": { "parcel_id": "PARCEL_0028", "crop_class": 1, "crop_name": "Paddy", "taluk": "Ambasamudram", "area_m2": 8662.06, "area_ha": 0.8662, "source": "reference_interpretation" }, "geometry": { "type": "Polygon", "coordinates": [ [ [ 767434.726037178188562, 963054.236620557960123 ], [ 767513.144566718488932, 963042.002193609252572 ], [ 767496.3208154134918, 962934.167650626273826 ], [ 767417.902285873191431, 962946.402077574981377 ], [ 767434.726037178188562, 963054.236620557960123 ] ] ] } },
{ "type": "Feature", "properties": { "parcel_id": "PARCEL_0029", "crop_class": 1, "crop_name": "Paddy", "taluk": "Ambasamudram", "area_m2": 6020.55, "area_ha": 0.6021, "source": "reference_interpretation" }, "geometry": { "type": "Polygon", "coordinates": [ [ [ 770528.765426367986947, 964451.564933124929667 ], [ 770592.821587822865695, 964446.472663302207366 ], [ 770585.396705886116251, 964353.074345323257148 ], [ 770521.340544431237504, 964358.166615145979449 ], [ 770528.765426367986947, 964451.564933124929667 ] ] ] } },
{ "type": "Feature", "properties": { "parcel_id": "PARCEL_0030", "crop_class": 1, "crop_name": "Paddy", "taluk": "Ambasamudram", "area_m2": 4552.34, "area_ha": 0.4552, "source": "reference_interpretation" }, "geometry": { "type": "Polygon", "coordinates": [ [ [ 770983.587760567432269, 965189.733197176712565 ], [ 771064.077442917507142, 965206.148293374688365 ], [ 771075.151340594049543, 965151.848611203837208 ], [ 770994.661658243974671, 965135.433515005861409 ], [ 770983.587760567432269, 965189.733197176712565 ] ] ] } },
{ "type": "Feature", "properties": { "parcel_id": "PARCEL_0031", "crop_class": 1, "crop_name": "Paddy", "taluk": "Ambasamudram", "area_m2": 4481.74, "area_ha": 0.4482, "source": "reference_interpretation" }, "geometry": { "type": "Polygon", "coordinates": [ [ [ 766686.416596529190429, 962860.138750230777077 ], [ 766738.565740009187721, 962865.715764434891753 ], [ 766747.652633000281639, 962780.746698722592555 ], [ 766695.503489520284347, 962775.169684518477879 ], [ 766686.416596529190429, 962860.138750230777077 ] ] ] } },
{ "type": "Feature", "properties": { "parcel_id": "PARCEL_0032", "crop_class": 1, "crop_name": "Paddy", "taluk": "Ambasamudram", "area_m2": 5641.07, "area_ha": 0.5641, "source": "reference_interpretation" }, "geometry": { "type": "Polygon", "coordinates": [ [ [ 768493.880971618462354, 963111.036762607167475 ], [ 768556.260855782078579, 963098.691483623930253 ], [ 768539.038673046045005, 963011.668924994650297 ], [ 768476.65878888242878, 963024.014203977887519 ], [ 768493.880971618462354, 963111.036762607167475 ] ] ] } },
{ "type": "Feature", "properties": { "parcel_id": "PARCEL_0033", "crop_class": 1, "crop_name": "Paddy", "taluk": "Ambasamudram", "area_m2": 6186.5, "area_ha": 0.6187, "source": "reference_interpretation" }, "geometry": { "type": "Polygon", "coordinates": [ [ [ 766794.948956510866992, 965393.970722780097276 ], [ 766900.670236039324664, 965383.858450741739944 ], [ 766895.123800247325562, 965325.871849261922762 ], [ 766789.402520718867891, 965335.984121300280094 ], [ 766794.948956510866992, 965393.970722780097276 ] ] ] } },
{ "type": "Feature", "properties": { "parcel_id": "PARCEL_0034", "crop_class": 1, "crop_name": "Paddy", "taluk": "Ambasamudram", "area_m2": 8873.29, "area_ha": 0.8873, "source": "reference_interpretation" }, "geometry": { "type": "Polygon", "coordinates": [ [ [ 767811.444285514065996, 964215.352156961685978 ], [ 767900.994189187185839, 964218.319178365753032 ], [ 767904.273621720494702, 964119.340159519924782 ], [ 767814.723718047374859, 964116.373138115857728 ], [ 767811.444285514065996, 964215.352156961685978 ] ] ] } },
{ "type": "Feature", "properties": { "parcel_id": "PARCEL_0035", "crop_class": 1, "crop_name": "Paddy", "taluk": "Ambasamudram", "area_m2": 5771.68, "area_ha": 0.5772, "source": "reference_interpretation" }, "geometry": { "type": "Polygon", "coordinates": [ [ [ 765567.182028064504266, 963765.372714409139007 ], [ 765621.171666076639667, 963778.59923494560644 ], [ 765645.878327514976263, 963677.748546068323776 ], [ 765591.888689502840862, 963664.522025531856343 ], [ 765567.182028064504266, 963765.372714409139007 ] ] ] } },
{ "type": "Feature", "properties": { "parcel_id": "PARCEL_0036", "crop_class": 1, "crop_name": "Paddy", "taluk": "Ambasamudram", "area_m2": 6638.13, "area_ha": 0.6638, "source": "reference_interpretation" }, "geometry": { "type": "Polygon", "coordinates": [ [ [ 765862.410745897097513, 964965.956770626362413 ], [ 765931.358814635546878, 964982.702863965183496 ], [ 765953.440042441245168, 964891.788644046289846 ], [ 765884.491973702795804, 964875.042550707468763 ], [ 765862.410745897097513, 964965.956770626362413 ] ] ] } },
{ "type": "Feature", "properties": { "parcel_id": "PARCEL_0037", "crop_class": 1, "crop_name": "Paddy", "taluk": "Ambasamudram", "area_m2": 4872.99, "area_ha": 0.4873, "source": "reference_interpretation" }, "geometry": { "type": "Polygon", "coordinates": [ [ [ 768913.084961678949185, 963951.621123145334423 ], [ 768999.788759560673498, 963933.772369839018211 ], [ 768988.689299566322006, 963879.85457964730449 ], [ 768901.985501684597693, 963897.703332953620702 ], [ 768913.084961678949185, 963951.621123145334423 ] ] ] } },
{ "type": "Feature", "properties": { "parcel_id": "PARCEL_0038", "crop_class": 1, "crop_name": "Paddy", "taluk": "Ambasamudram", "area_m2": 2835.37, "area_ha": 0.2835, "source": "reference_interpretation" }, "geometry": { "type": "Polygon", "coordinates": [ [ [ 768879.417751565342769, 964542.31540921179112 ], [ 768929.72651890409179, 964547.266646156669594 ], [ 768935.220018630614504, 964491.448028972255997 ], [ 768884.911251291865483, 964486.496792027377523 ], [ 768879.417751565342769, 964542.31540921179112 ] ] ] } },
{ "type": "Feature", "properties": { "parcel_id": "PARCEL_0039", "crop_class": 1, "crop_name": "Paddy", "taluk": "Ambasamudram", "area_m2": 5655.07, "area_ha": 0.5655, "source": "reference_interpretation" }, "geometry": { "type": "Polygon", "coordinates": [ [ [ 771810.167560451664031, 964094.413454580353573 ], [ 771898.564036516007036, 964105.72818473353982 ], [ 771906.620679669547826, 964042.785555607872084 ], [ 771818.224203605204821, 964031.470825454685837 ], [ 771810.167560451664031, 964094.413454580353573 ] ] ] } },
{ "type": "Feature", "properties": { "parcel_id": "PARCEL_0040", "crop_class": 1, "crop_name": "Paddy", "taluk": "Ambasamudram", "area_m2": 8434.18, "area_ha": 0.8434, "source": "reference_interpretation" }, "geometry": { "type": "Polygon", "coordinates": [ [ [ 767092.265019668964669, 962177.143953953171149 ], [ 767184.981262802844867, 962196.860561023466289 ], [ 767203.489051540847868, 962109.828718557488173 ], [ 767110.77280840696767, 962090.112111487193033 ], [ 767092.265019668964669, 962177.143953953171149 ] ] ] } },
{ "type": "Feature", "properties": { "parcel_id": "PARCEL_0041", "crop_class": 1, "crop_name": "Paddy", "taluk": "Ambasamudram", "area_m2": 4008.18, "area_ha": 0.4008, "source": "reference_interpretation" }, "geometry": { "type": "Polygon", "coordinates": [ [ [ 769957.232849592459388, 965815.731010859715752 ], [ 770012.302304304786958, 965807.921169099514373 ], [ 770002.183726387680508, 965736.572147509665228 ], [ 769947.114271675352938, 965744.381989269866608 ], [ 769957.232849592459388, 965815.731010859715752 ] ] ] } },
{ "type": "Feature", "properties": { "parcel_id": "PARCEL_0042", "crop_class": 1, "crop_name": "Paddy", "taluk": "Ambasamudram", "area_m2": 8583.74, "area_ha": 0.8584, "source": "reference_interpretation" }, "geometry": { "type": "Polygon", "coordinates": [ [ [ 770037.600998749374412, 963261.261353080626577 ], [ 770125.469206318608485, 963261.400383183266968 ], [ 770125.623774737934582, 963163.711827254155651 ], [ 770037.755567168700509, 963163.57279715151526 ], [ 770037.600998749374412, 963261.261353080626577 ] ] ] } },
{ "type": "Feature", "properties": { "parcel_id": "PARCEL_0043", "crop_class": 1, "crop_name": "Paddy", "taluk": "Ambasamudram", "area_m2": 5760.88, "area_ha": 0.5761, "source": "reference_interpretation" }, "geometry": { "type": "Polygon", "coordinates": [ [ [ 767999.148563150432892, 966814.520543397287838 ], [ 768060.330022855312563, 966806.426206945558079 ], [ 768048.086837192880921, 966713.885456417803653 ], [ 767986.90537748800125, 966721.979792869533412 ], [ 767999.148563150432892, 966814.520543397287838 ] ] ] } },
{ "type": "Feature", "properties": { "parcel_id": "PARCEL_0044", "crop_class": 1, "crop_name": "Paddy", "taluk": "Ambasamudram", "area_m2": 6452.34, "area_ha": 0.6452, "source": "reference_interpretation" }, "geometry": { "type": "Polygon", "coordinates": [ [ [ 768532.053529225406237, 963378.371733790030703 ], [ 768590.445441366522573, 963394.680448235943913 ], [ 768619.074702866724692, 963292.175905175274238 ], [ 768560.682790725608356, 963275.867190729361027 ], [ 768532.053529225406237, 963378.371733790030703 ] ] ] } },
{ "type": "Feature", "properties": { "parcel_id": "PARCEL_0045", "crop_class": 1, "crop_name": "Paddy", "taluk": "Ambasamudram", "area_m2": 5382.98, "area_ha": 0.5383, "source": "reference_interpretation" }, "geometry": { "type": "Polygon", "coordinates": [ [ [ 768074.603480488061905, 964410.697973148198798 ], [ 768125.483606193913147, 964408.504215522436425 ], [ 768120.930492338957265, 964302.903212672797963 ], [ 768070.050366633106023, 964305.096970298560336 ], [ 768074.603480488061905, 964410.697973148198798 ] ] ] } },
{ "type": "Feature", "properties": { "parcel_id": "PARCEL_0046", "crop_class": 1, "crop_name": "Paddy", "taluk": "Ambasamudram", "area_m2": 7388.68, "area_ha": 0.7389, "source": "reference_interpretation" }, "geometry": { "type": "Polygon", "coordinates": [ [ [ 767654.775210320949554, 964486.69643271737732 ], [ 767727.440458027180284, 964478.682127664098516 ], [ 767716.360753238201141, 964378.223075051326305 ], [ 767643.695505531970412, 964386.237380104605108 ], [ 767654.775210320949554, 964486.69643271737732 ] ] ] } },
{ "type": "Feature", "properties": { "parcel_id": "PARCEL_0047", "crop_class": 1, "crop_name": "Paddy", "taluk": "Ambasamudram", "area_m2": 9742.28, "area_ha": 0.9742, "source": "reference_interpretation" }, "geometry": { "type": "Polygon", "coordinates": [ [ [ 768830.402878330321983, 962048.72298153094016 ], [ 768936.478373551974073, 962053.184673890704289 ], [ 768940.334600538481027, 961961.50394956022501 ], [ 768834.259105316828936, 961957.042257200460881 ], [ 768830.402878330321983, 962048.72298153094016 ] ] ] } },
{ "type": "Feature", "properties": { "parcel_id": "PARCEL_0048", "crop_class": 1, "crop_name": "Paddy", "taluk": "Ambasamudram", "area_m2": 6389.7, "area_ha": 0.639, "source": "reference_interpretation" }, "geometry": { "type": "Polygon", "coordinates": [ [ [ 768860.697237128973939, 962557.874899932998233 ], [ 768970.093851964105852, 962559.078069593640976 ], [ 768970.73616547358688, 962500.676560730091296 ], [ 768861.339550638454966, 962499.473391069448553 ], [ 768860.697237128973939, 962557.874899932998233 ] ] ] } },
{ "type": "Feature", "properties": { "parcel_id": "PARCEL_0049", "crop_class": 1, "crop_name": "Paddy", "taluk": "Ambasamudram", "area_m2": 8461.21, "area_ha": 0.8461, "source": "reference_interpretation" }, "geometry": { "type": "Polygon", "coordinates": [ [ [ 769102.149558763601817, 964222.718229764024727 ], [ 769193.644393031601794, 964214.986403089365922 ], [ 769185.884938490227796, 964123.164633519831114 ], [ 769094.390104222227819, 964130.896460194489919 ], [ 769102.149558763601817, 964222.718229764024727 ] ] ] } },
{ "type": "Feature", "properties": { "parcel_id": "PARCEL_0050", "crop_class": 1, "crop_name": "Paddy", "taluk": "Ambasamudram", "area_m2": 10060.29, "area_ha": 1.006, "source": "reference_interpretation" }, "geometry": { "type": "Polygon", "coordinates": [ [ [ 770068.904893660917878, 962812.667286667041481 ], [ 770164.496198208304122, 962836.866547545418143 ], [ 770189.534162182593718, 962737.962219370063394 ], [ 770093.942857635207474, 962713.762958491686732 ], [ 770068.904893660917878, 962812.667286667041481 ] ] ] } },
{ "type": "Feature", "properties": { "parcel_id": "PARCEL_0052", "crop_class": 1, "crop_name": "Paddy", "taluk": "Ambasamudram", "area_m2": 5097.74, "area_ha": 0.5098, "source": "reference_interpretation" }, "geometry": { "type": "Polygon", "coordinates": [ [ [ 768892.778815886355005, 963755.089765742886811 ], [ 768960.983400162192993, 963738.137708680238575 ], [ 768943.487353548756801, 963667.74444718263112 ], [ 768875.282769272918813, 963684.696504245279357 ], [ 768892.778815886355005, 963755.089765742886811 ] ] ] } },
{ "type": "Feature", "properties": { "parcel_id": "PARCEL_0053", "crop_class": 1, "crop_name": "Paddy", "taluk": "Ambasamudram", "area_m2": 6434.28, "area_ha": 0.6434, "source": "reference_interpretation" }, "geometry": { "type": "Polygon", "coordinates": [ [ [ 767592.969257368356921, 963644.167406327789649 ], [ 767670.266810104134493, 963634.213015236193314 ], [ 767659.721970446757041, 963552.330528199439868 ], [ 767582.424417710979469, 963562.284919291036204 ], [ 767592.969257368356921, 963644.167406327789649 ] ] ] } },
{ "type": "Feature", "properties": { "parcel_id": "PARCEL_0054", "crop_class": 1, "crop_name": "Paddy", "taluk": "Ambasamudram", "area_m2": 5190.45, "area_ha": 0.519, "source": "reference_interpretation" }, "geometry": { "type": "Polygon", "coordinates": [ [ [ 767731.976538233226165, 963647.930348095018417 ], [ 767784.033733056858182, 963643.553226493299007 ], [ 767775.708962363190949, 963544.546562002971768 ], [ 767723.651767539558932, 963548.923683604691178 ], [ 767731.976538233226165, 963647.930348095018417 ] ] ] } },
{ "type": "Feature", "properties": { "parcel_id": "PARCEL_0055", "crop_class": 1, "crop_name": "Paddy", "taluk": "Ambasamudram", "area_m2": 6055.69, "area_ha": 0.6056, "source": "reference_interpretation" }, "geometry": { "type": "Polygon", "coordinates": [ [ [ 768565.416264647967182, 962234.551984217367135 ], [ 768661.354489914956503, 962241.638768378528766 ], [ 768665.991804095800035, 962178.860548752243631 ], [ 768570.053578828810714, 962171.773764591081999 ], [ 768565.416264647967182, 962234.551984217367135 ] ] ] } },
{ "type": "Feature", "properties": { "parcel_id": "PARCEL_0056", "crop_class": 1, "crop_name": "Paddy", "taluk": "Ambasamudram", "area_m2": 8256.76, "area_ha": 0.8257, "source": "reference_interpretation" }, "geometry": { "type": "Polygon", "coordinates": [ [ [ 772744.751751816715114, 965744.558253669063561 ], [ 772829.425160799291916, 965769.412508552777581 ], [ 772855.777694796095602, 965679.634766300325282 ], [ 772771.1042858135188, 965654.780511416611262 ], [ 772744.751751816715114, 965744.558253669063561 ] ] ] } },
{ "type": "Feature", "properties": { "parcel_id": "PARCEL_0057", "crop_class": 1, "crop_name": "Paddy", "taluk": "Ambasamudram", "area_m2": 6473.36, "area_ha": 0.6473, "source": "reference_interpretation" }, "geometry": { "type": "Polygon", "coordinates": [ [ [ 764807.13317846483551, 963758.636492955265567 ], [ 764904.778851143317297, 963755.059388059657067 ], [ 764902.353509567677975, 963688.853862491436303 ], [ 764804.707836889196187, 963692.430967387044802 ], [ 764807.13317846483551, 963758.636492955265567 ] ] ] } },
{ "type": "Feature", "properties": { "parcel_id": "PARCEL_0058", "crop_class": 1, "crop_name": "Paddy", "taluk": "Ambasamudram", "area_m2": 3586.79, "area_ha": 0.3587, "source": "reference_interpretation" }, "geometry": { "type": "Polygon", "coordinates": [ [ [ 767085.298277559108101, 965527.430917677236721 ], [ 767145.019050918635912, 965518.413907823851332 ], [ 767136.153042516554706, 965459.693235782440752 ], [ 767076.432269157026894, 965468.710245635826141 ], [ 767085.298277559108101, 965527.430917677236721 ] ] ] } },
{ "type": "Feature", "properties": { "parcel_id": "PARCEL_0059", "crop_class": 1, "crop_name": "Paddy", "taluk": "Ambasamudram", "area_m2": 5985.72, "area_ha": 0.5986, "source": "reference_interpretation" }, "geometry": { "type": "Polygon", "coordinates": [ [ [ 771625.667835682979785, 964006.062793838558719 ], [ 771711.962978844414465, 964030.217101973481476 ], [ 771729.967429329059087, 963965.89331246772781 ], [ 771643.672286167624407, 963941.739004332805052 ], [ 771625.667835682979785, 964006.062793838558719 ] ] ] } },
{ "type": "Feature", "properties": { "parcel_id": "PARCEL_0060", "crop_class": 1, "crop_name": "Paddy", "taluk": "Ambasamudram", "area_m2": 6518.0, "area_ha": 0.6518, "source": "reference_interpretation" }, "geometry": { "type": "Polygon", "coordinates": [ [ [ 769141.944980378495529, 965525.31616725330241 ], [ 769227.656922303372994, 965512.242695417953655 ], [ 769216.321575278881937, 965437.926200297428295 ], [ 769130.609633354004472, 965450.99967213277705 ], [ 769141.944980378495529, 965525.31616725330241 ] ] ] } },
{ "type": "Feature", "properties": { "parcel_id": "PARCEL_0061", "crop_class": 1, "crop_name": "Paddy", "taluk": "Cheranmahadevi", "area_m2": 2897.41, "area_ha": 0.2897, "source": "reference_interpretation" }, "geometry": { "type": "Polygon", "coordinates": [ [ [ 782763.608883262611926, 960685.070865148794837 ], [ 782812.597069534705952, 960671.386408323305659 ], [ 782797.271253809332848, 960616.522417366155423 ], [ 782748.283067537238821, 960630.206874191644602 ], [ 782763.608883262611926, 960685.070865148794837 ] ] ] } },
{ "type": "Feature", "properties": { "parcel_id": "PARCEL_0062", "crop_class": 1, "crop_name": "Paddy", "taluk": "Cheranmahadevi", "area_m2": 4441.5, "area_ha": 0.4441, "source": "reference_interpretation" }, "geometry": { "type": "Polygon", "coordinates": [ [ [ 780045.395630887011066, 963786.594879080541432 ], [ 780101.258603367721662, 963785.705636539729312 ], [ 780099.993308769073337, 963706.218754052883014 ], [ 780044.130336288362741, 963707.107996593695134 ], [ 780045.395630887011066, 963786.594879080541432 ] ] ] } },
{ "type": "Feature", "properties": { "parcel_id": "PARCEL_0063", "crop_class": 1, "crop_name": "Paddy", "taluk": "Cheranmahadevi", "area_m2": 6426.57, "area_ha": 0.6427, "source": "reference_interpretation" }, "geometry": { "type": "Polygon", "coordinates": [ [ [ 780005.023417488322593, 960043.000779382069595 ], [ 780078.691035256604664, 960048.985107477172278 ], [ 780085.731237496365793, 959962.319583902251907 ], [ 780012.063619728083722, 959956.335255807149224 ], [ 780005.023417488322593, 960043.000779382069595 ] ] ] } },
{ "type": "Feature", "properties": { "parcel_id": "PARCEL_0064", "crop_class": 1, "crop_name": "Paddy", "taluk": "Cheranmahadevi", "area_m2": 7020.6, "area_ha": 0.7021, "source": "reference_interpretation" }, "geometry": { "type": "Polygon", "coordinates": [ [ [ 780217.569272843888029, 960971.090546610299498 ], [ 780303.125722701428458, 960989.674832036718726 ], [ 780320.146999613149092, 960911.314002378843725 ], [ 780234.590549755608663, 960892.729716952424496 ], [ 780217.569272843888029, 960971.090546610299498 ] ] ] } },
{ "type": "Feature", "properties": { "parcel_id": "PARCEL_0065", "crop_class": 1, "crop_name": "Paddy", "taluk": "Cheranmahadevi", "area_m2": 4802.17, "area_ha": 0.4802, "source": "reference_interpretation" }, "geometry": { "type": "Polygon", "coordinates": [ [ [ 778719.663354209857062, 962104.622698171413504 ], [ 778771.723569663939998, 962089.421571092330851 ], [ 778746.905502017587423, 962004.42564006044995 ], [ 778694.845286563504487, 962019.626767139532603 ], [ 778719.663354209857062, 962104.622698171413504 ] ] ] } },
{ "type": "Feature", "properties": { "parcel_id": "PARCEL_0066", "crop_class": 1, "crop_name": "Paddy", "taluk": "Cheranmahadevi", "area_m2": 6195.11, "area_ha": 0.6195, "source": "reference_interpretation" }, "geometry": { "type": "Polygon", "coordinates": [ [ [ 781619.638120584655553, 961684.194441480678506 ], [ 781703.854374159360304, 961691.452651105239056 ], [ 781710.147587848594412, 961618.433145296876319 ], [ 781625.931334273889661, 961611.174935672315769 ], [ 781619.638120584655553, 961684.194441480678506 ] ] ] } },
{ "type": "Feature", "properties": { "parcel_id": "PARCEL_0067", "crop_class": 1, "crop_name": "Paddy", "taluk": "Cheranmahadevi", "area_m2": 7791.31, "area_ha": 0.7791, "source": "reference_interpretation" }, "geometry": { "type": "Polygon", "coordinates": [ [ [ 784278.247254690737464, 959178.139978670631535 ], [ 784380.684158678748645, 959207.232092794380151 ], [ 784400.672894071904011, 959136.84930247545708 ], [ 784298.23599008389283, 959107.757188351708464 ], [ 784278.247254690737464, 959178.139978670631535 ] ] ] } },
{ "type": "Feature", "properties": { "parcel_id": "PARCEL_0068", "crop_class": 1, "crop_name": "Paddy", "taluk": "Cheranmahadevi", "area_m2": 6961.73, "area_ha": 0.6962, "source": "reference_interpretation" }, "geometry": { "type": "Polygon", "coordinates": [ [ [ 779605.461628240998834, 961807.172384546604007 ], [ 779671.791041131829843, 961787.664786101318896 ], [ 779643.380413970444351, 961691.063442539190874 ], [ 779577.051001079613343, 961710.571040984475985 ], [ 779605.461628240998834, 961807.172384546604007 ] ] ] } },
{ "type": "Feature", "properties": { "parcel_id": "PARCEL_0069", "crop_class": 1, "crop_name": "Paddy", "taluk": "Cheranmahadevi", "area_m2": 5241.09, "area_ha": 0.5241, "source": "reference_interpretation" }, "geometry": { "type": "Polygon", "coordinates": [ [ [ 779407.136169233592227, 962563.081129939178936 ], [ 779464.055289674550295, 962567.493524903315119 ], [ 779471.150705767329782, 962475.963902911287732 ], [ 779414.231585326371714, 962471.551507947151549 ], [ 779407.136169233592227, 962563.081129939178936 ] ] ] } },
{ "type": "Feature", "properties": { "parcel_id": "PARCEL_0070", "crop_class": 1, "crop_name": "Paddy", "taluk": "Cheranmahadevi", "area_m2": 6572.34, "area_ha": 0.6572, "source": "reference_interpretation" }, "geometry": { "type": "Polygon", "coordinates": [ [ [ 781109.872954231104814, 962239.857559921802022 ], [ 781206.248274253797717, 962220.96901702915784 ], [ 781193.377128761843778, 962155.296361763845198 ], [ 781097.001808739150874, 962174.18490465648938 ], [ 781109.872954231104814, 962239.857559921802022 ] ] ] } },
{ "type": "Feature", "properties": { "parcel_id": "PARCEL_0071", "crop_class": 1, "crop_name": "Paddy", "taluk": "Cheranmahadevi", "area_m2": 8180.69, "area_ha": 0.8181, "source": "reference_interpretation" }, "geometry": { "type": "Polygon", "coordinates": [ [ [ 781793.442017227993347, 962273.910102564957924 ], [ 781902.549852332682349, 962265.515298126614653 ], [ 781896.814961215830408, 962190.978534475318156 ], [ 781787.707126111141406, 962199.373338913661428 ], [ 781793.442017227993347, 962273.910102564957924 ] ] ] } },
{ "type": "Feature", "properties": { "parcel_id": "PARCEL_0072", "crop_class": 1, "crop_name": "Paddy", "taluk": "Cheranmahadevi", "area_m2": 10743.82, "area_ha": 1.0744, "source": "reference_interpretation" }, "geometry": { "type": "Polygon", "coordinates": [ [ [ 779244.721970670623705, 962947.285126878647134 ], [ 779350.471366541227326, 962942.777095866622403 ], [ 779346.148207877064124, 962841.364435713505372 ], [ 779240.398812006460503, 962845.872466725530103 ], [ 779244.721970670623705, 962947.285126878647134 ] ] ] } },
{ "type": "Feature", "properties": { "parcel_id": "PARCEL_0073", "crop_class": 1, "crop_name": "Paddy", "taluk": "Cheranmahadevi", "area_m2": 5852.1, "area_ha": 0.5852, "source": "reference_interpretation" }, "geometry": { "type": "Polygon", "coordinates": [ [ [ 781957.491736511816271, 962528.199356753262691 ], [ 782013.678889630245976, 962528.376426852424629 ], [ 782014.007119845016859, 962424.223769648349844 ], [ 781957.819966726587154, 962424.046699549187906 ], [ 781957.491736511816271, 962528.199356753262691 ] ] ] } },
{ "type": "Feature", "properties": { "parcel_id": "PARCEL_0074", "crop_class": 1, "crop_name": "Paddy", "taluk": "Cheranmahadevi", "area_m2": 7608.92, "area_ha": 0.7609, "source": "reference_interpretation" }, "geometry": { "type": "Polygon", "coordinates": [ [ [ 779519.224068366456777, 962689.084133232943714 ], [ 779618.519692447036505, 962659.074450138956308 ], [ 779597.298794719856232, 962588.859037441434339 ], [ 779498.003170639276505, 962618.868720535421744 ], [ 779519.224068366456777, 962689.084133232943714 ] ] ] } },
{ "type": "Feature", "properties": { "parcel_id": "PARCEL_0075", "crop_class": 1, "crop_name": "Paddy", "taluk": "Cheranmahadevi", "area_m2": 9034.55, "area_ha": 0.9035, "source": "reference_interpretation" }, "geometry": { "type": "Polygon", "coordinates": [ [ [ 781026.813683326239698, 961381.670502141467296 ], [ 781133.515413715853356, 961390.128505784436129 ], [ 781140.185185632086359, 961305.986167376046069 ], [ 781033.483455242472701, 961297.528163733077236 ], [ 781026.813683326239698, 961381.670502141467296 ] ] ] } },
{ "type": "Feature", "properties": { "parcel_id": "PARCEL_0076", "crop_class": 1, "crop_name": "Paddy", "taluk": "Cheranmahadevi", "area_m2": 6299.27, "area_ha": 0.6299, "source": "reference_interpretation" }, "geometry": { "type": "Polygon", "coordinates": [ [ [ 777233.043196622165851, 961003.27189687313512 ], [ 777301.965276508242823, 961013.788909594295546 ], [ 777315.594442891073413, 960924.471674831118435 ], [ 777246.672363004996441, 960913.954662109958008 ], [ 777233.043196622165851, 961003.27189687313512 ] ] ] } },
{ "type": "Feature", "properties": { "parcel_id": "PARCEL_0077", "crop_class": 1, "crop_name": "Paddy", "taluk": "Cheranmahadevi", "area_m2": 4419.22, "area_ha": 0.4419, "source": "reference_interpretation" }, "geometry": { "type": "Polygon", "coordinates": [ [ [ 781607.101461489801295, 962299.728713771793991 ], [ 781660.63066817924846, 962285.175107994349673 ], [ 781639.72987989790272, 962208.300508462591097 ], [ 781586.200673208455555, 962222.854114240035415 ], [ 781607.101461489801295, 962299.728713771793991 ] ] ] } },
{ "type": "Feature", "properties": { "parcel_id": "PARCEL_0078", "crop_class": 1, "crop_name": "Paddy", "taluk": "Cheranmahadevi", "area_m2": 7337.29, "area_ha": 0.7337, "source": "reference_interpretation" }, "geometry": { "type": "Polygon", "coordinates": [ [ [ 776695.784885259345174, 963670.870309061603621 ], [ 776796.333520889980718, 963647.352988906437531 ], [ 776780.151219671592116, 963578.16533069848083 ], [ 776679.602584040956572, 963601.682650853646919 ], [ 776695.784885259345174, 963670.870309061603621 ] ] ] } },
{ "type": "Feature", "properties": { "parcel_id": "PARCEL_0079", "crop_class": 1, "crop_name": "Paddy", "taluk": "Cheranmahadevi", "area_m2": 4883.08, "area_ha": 0.4883, "source": "reference_interpretation" }, "geometry": { "type": "Polygon", "coordinates": [ [ [ 781208.001874248846434, 960861.449938217643648 ], [ 781292.397435590741225, 960839.941928746411577 ], [ 781278.551361143472604, 960785.611135052749887 ], [ 781194.155799801577814, 960807.119144523981959 ], [ 781208.001874248846434, 960861.449938217643648 ] ] ] } },
{ "type": "Feature", "properties": { "parcel_id": "PARCEL_0080", "crop_class": 1, "crop_name": "Paddy", "taluk": "Cheranmahadevi", "area_m2": 9173.86, "area_ha": 0.9174, "source": "reference_interpretation" }, "geometry": { "type": "Polygon", "coordinates": [ [ [ 779683.436598204309121, 961801.667373329866678 ], [ 779779.631519926944748, 961776.982729603070766 ], [ 779756.671136946417391, 961687.50717273610644 ], [ 779660.476215223781765, 961712.191816462902352 ], [ 779683.436598204309121, 961801.667373329866678 ] ] ] } },
{ "type": "Feature", "properties": { "parcel_id": "PARCEL_0081", "crop_class": 1, "crop_name": "Paddy", "taluk": "Cheranmahadevi", "area_m2": 10551.87, "area_ha": 1.0552, "source": "reference_interpretation" }, "geometry": { "type": "Polygon", "coordinates": [ [ [ 777830.792193186003715, 959848.008718915400095 ], [ 777925.390671478351578, 959876.403095116023906 ], [ 777956.104177423520014, 959774.078222580836155 ], [ 777861.50569913117215, 959745.683846380212344 ], [ 777830.792193186003715, 959848.008718915400095 ] ] ] } },
{ "type": "Feature", "properties": { "parcel_id": "PARCEL_0082", "crop_class": 1, "crop_name": "Paddy", "taluk": "Cheranmahadevi", "area_m2": 5315.56, "area_ha": 0.5316, "source": "reference_interpretation" }, "geometry": { "type": "Polygon", "coordinates": [ [ [ 779275.20975308935158, 963179.454736605868675 ], [ 779330.186023922869936, 963181.382034275797196 ], [ 779333.571451014839113, 963084.81254238972906 ], [ 779278.595180181320757, 963082.885244719800539 ], [ 779275.20975308935158, 963179.454736605868675 ] ] ] } },
{ "type": "Feature", "properties": { "parcel_id": "PARCEL_0083", "crop_class": 1, "crop_name": "Paddy", "taluk": "Cheranmahadevi", "area_m2": 4508.67, "area_ha": 0.4509, "source": "reference_interpretation" }, "geometry": { "type": "Polygon", "coordinates": [ [ [ 782028.156840784824453, 961354.344293329515494 ], [ 782082.410357182961889, 961337.965819025062956 ], [ 782059.417802742333151, 961261.803234758204781 ], [ 782005.164286344195716, 961278.181709062657319 ], [ 782028.156840784824453, 961354.344293329515494 ] ] ] } },
{ "type": "Feature", "properties": { "parcel_id": "PARCEL_0084", "crop_class": 1, "crop_name": "Paddy", "taluk": "Cheranmahadevi", "area_m2": 3259.3, "area_ha": 0.3259, "source": "reference_interpretation" }, "geometry": { "type": "Polygon", "coordinates": [ [ [ 779240.782780795474537, 961468.023105631931685 ], [ 779297.683065672055818, 961473.130824161344208 ], [ 779302.783855171990581, 961416.307729082065634 ], [ 779245.883570295409299, 961411.200010552653112 ], [ 779240.782780795474537, 961468.023105631931685 ] ] ] } },
{ "type": "Feature", "properties": { "parcel_id": "PARCEL_0085", "crop_class": 1, "crop_name": "Paddy", "taluk": "Cheranmahadevi", "area_m2": 7809.61, "area_ha": 0.781, "source": "reference_interpretation" }, "geometry": { "type": "Polygon", "coordinates": [ [ [ 781386.050591272185557, 963382.140162493102252 ], [ 781492.891727536101826, 963368.327105639735237 ], [ 781483.596859996090643, 963296.433228712994605 ], [ 781376.755723732174374, 963310.246285566361621 ], [ 781386.050591272185557, 963382.140162493102252 ] ] ] } },
{ "type": "Feature", "properties": { "parcel_id": "PARCEL_0086", "crop_class": 1, "crop_name": "Paddy", "taluk": "Cheranmahadevi", "area_m2": 5468.28, "area_ha": 0.5468, "source": "reference_interpretation" }, "geometry": { "type": "Polygon", "coordinates": [ [ [ 779823.412254649098031, 962058.580557371024042 ], [ 779926.950036986381747, 962088.569462704239413 ], [ 779941.063293478800915, 962039.84293325827457 ], [ 779837.5255111415172, 962009.854027925059199 ], [ 779823.412254649098031, 962058.580557371024042 ] ] ] } },
{ "type": "Feature", "properties": { "parcel_id": "PARCEL_0087", "crop_class": 1, "crop_name": "Paddy", "taluk": "Cheranmahadevi", "area_m2": 4530.09, "area_ha": 0.453, "source": "reference_interpretation" }, "geometry": { "type": "Polygon", "coordinates": [ [ [ 780865.660378044005483, 961547.525500494986773 ], [ 780917.944651604397222, 961562.649636349640787 ], [ 780941.072556473547593, 961482.696261381264776 ], [ 780888.788282913155854, 961467.572125526610762 ], [ 780865.660378044005483, 961547.525500494986773 ] ] ] } },
{ "type": "Feature", "properties": { "parcel_id": "PARCEL_0088", "crop_class": 1, "crop_name": "Paddy", "taluk": "Cheranmahadevi", "area_m2": 7089.36, "area_ha": 0.7089, "source": "reference_interpretation" }, "geometry": { "type": "Polygon", "coordinates": [ [ [ 784547.678028098773211, 962022.487736457958817 ], [ 784639.154378829989582, 962029.502567063784227 ], [ 784645.062643143115565, 961952.456307661952451 ], [ 784553.586292411899194, 961945.441477056127042 ], [ 784547.678028098773211, 962022.487736457958817 ] ] ] } },
{ "type": "Feature", "properties": { "parcel_id": "PARCEL_0089", "crop_class": 1, "crop_name": "Paddy", "taluk": "Cheranmahadevi", "area_m2": 3525.2, "area_ha": 0.3525, "source": "reference_interpretation" }, "geometry": { "type": "Polygon", "coordinates": [ [ [ 782035.846122252871282, 961745.187783146393485 ], [ 782086.659187205252238, 961759.264219369157217 ], [ 782104.508169941487722, 961694.833030625595711 ], [ 782053.695104989106767, 961680.756594402831979 ], [ 782035.846122252871282, 961745.187783146393485 ] ] ] } },
{ "type": "Feature", "properties": { "parcel_id": "PARCEL_0090", "crop_class": 1, "crop_name": "Paddy", "taluk": "Cheranmahadevi", "area_m2": 5811.79, "area_ha": 0.5812, "source": "reference_interpretation" }, "geometry": { "type": "Polygon", "coordinates": [ [ [ 780263.678768829558976, 962712.422644004342146 ], [ 780349.364310697070323, 962696.198727043694817 ], [ 780336.966262904112227, 962630.719259550212882 ], [ 780251.28072103660088, 962646.943176510860212 ], [ 780263.678768829558976, 962712.422644004342146 ] ] ] } },
{ "type": "Feature", "properties": { "parcel_id": "PARCEL_0091", "crop_class": 1, "crop_name": "Paddy", "taluk": "Cheranmahadevi", "area_m2": 4647.51, "area_ha": 0.4648, "source": "reference_interpretation" }, "geometry": { "type": "Polygon", "coordinates": [ [ [ 776628.513364415732212, 960883.389172295690514 ], [ 776710.111864850739948, 960907.263372653280385 ], [ 776725.462028069072403, 960854.798775670467876 ], [ 776643.863527634064667, 960830.924575312878005 ], [ 776628.513364415732212, 960883.389172295690514 ] ] ] } },
{ "type": "Feature", "properties": { "parcel_id": "PARCEL_0092", "crop_class": 1, "crop_name": "Paddy", "taluk": "Cheranmahadevi", "area_m2": 9001.61, "area_ha": 0.9002, "source": "reference_interpretation" }, "geometry": { "type": "Polygon", "coordinates": [ [ [ 777017.879615121055394, 961989.518424491165206 ], [ 777114.689348644344136, 961969.649100995622575 ], [ 777096.376923447707668, 961880.42507664160803 ], [ 776999.567189924418926, 961900.29440013715066 ], [ 777017.879615121055394, 961989.518424491165206 ] ] ] } },
{ "type": "Feature", "properties": { "parcel_id": "PARCEL_0093", "crop_class": 1, "crop_name": "Paddy", "taluk": "Cheranmahadevi", "area_m2": 10804.47, "area_ha": 1.0804, "source": "reference_interpretation" }, "geometry": { "type": "Polygon", "coordinates": [ [ [ 778086.297991461702622, 963761.124548575375229 ], [ 778188.34122685494367, 963732.567837704205886 ], [ 778160.862463263911195, 963634.376489475136623 ], [ 778058.819227870670147, 963662.933200346305966 ], [ 778086.297991461702622, 963761.124548575375229 ] ] ] } },
{ "type": "Feature", "properties": { "parcel_id": "PARCEL_0094", "crop_class": 1, "crop_name": "Paddy", "taluk": "Cheranmahadevi", "area_m2": 10774.35, "area_ha": 1.0774, "source": "reference_interpretation" }, "geometry": { "type": "Polygon", "coordinates": [ [ [ 780330.636622076737694, 961225.02425802545622 ], [ 780427.108080762787722, 961204.487321276916191 ], [ 780404.363361072377302, 961097.644888405222446 ], [ 780307.891902386327274, 961118.181825153762475 ], [ 780330.636622076737694, 961225.02425802545622 ] ] ] } },
{ "type": "Feature", "properties": { "parcel_id": "PARCEL_0095", "crop_class": 1, "crop_name": "Paddy", "taluk": "Cheranmahadevi", "area_m2": 10876.52, "area_ha": 1.0877, "source": "reference_interpretation" }, "geometry": { "type": "Polygon", "coordinates": [ [ [ 777353.23778099718038, 963162.971978700836189 ], [ 777459.21104946907144, 963184.784702900447883 ], [ 777479.477914275717922, 963086.321719296160154 ], [ 777373.504645803826861, 963064.50899509654846 ], [ 777353.23778099718038, 963162.971978700836189 ] ] ] } },
{ "type": "Feature", "properties": { "parcel_id": "PARCEL_0096", "crop_class": 1, "crop_name": "Paddy", "taluk": "Cheranmahadevi", "area_m2": 3544.84, "area_ha": 0.3545, "source": "reference_interpretation" }, "geometry": { "type": "Polygon", "coordinates": [ [ [ 776047.718899001018144, 960437.294230264262296 ], [ 776112.539668524288572, 960451.710034339572303 ], [ 776124.128536262433045, 960399.600604940555058 ], [ 776059.307766739162616, 960385.184800865245052 ], [ 776047.718899001018144, 960437.294230264262296 ] ] ] } },
{ "type": "Feature", "properties": { "parcel_id": "PARCEL_0097", "crop_class": 1, "crop_name": "Paddy", "taluk": "Cheranmahadevi", "area_m2": 10256.71, "area_ha": 1.0257, "source": "reference_interpretation" }, "geometry": { "type": "Polygon", "coordinates": [ [ [ 780451.314130986924283, 961598.5394975268282 ], [ 780545.345522547257133, 961618.560781533364207 ], [ 780567.563187998603098, 961514.213927508564666 ], [ 780473.531796438270248, 961494.192643502028659 ], [ 780451.314130986924283, 961598.5394975268282 ] ] ] } },
{ "type": "Feature", "properties": { "parcel_id": "PARCEL_0098", "crop_class": 1, "crop_name": "Paddy", "taluk": "Cheranmahadevi", "area_m2": 6193.24, "area_ha": 0.6193, "source": "reference_interpretation" }, "geometry": { "type": "Polygon", "coordinates": [ [ [ 779904.327476355945691, 959632.726376705802977 ], [ 779961.95989838684909, 959636.402812215033919 ], [ 779968.787174064898863, 959529.377289204159752 ], [ 779911.154752033995464, 959525.70085369492881 ], [ 779904.327476355945691, 959632.726376705802977 ] ] ] } },
{ "type": "Feature", "properties": { "parcel_id": "PARCEL_0099", "crop_class": 1, "crop_name": "Paddy", "taluk": "Cheranmahadevi", "area_m2": 6225.88, "area_ha": 0.6226, "source": "reference_interpretation" }, "geometry": { "type": "Polygon", "coordinates": [ [ [ 781746.742131408420391, 960195.223908363142982 ], [ 781831.499308767612092, 960175.211726903216913 ], [ 781815.071429711650126, 960105.635071225930005 ], [ 781730.314252352458425, 960125.647252685856074 ], [ 781746.742131408420391, 960195.223908363142982 ] ] ] } },
{ "type": "Feature", "properties": { "parcel_id": "PARCEL_0100", "crop_class": 1, "crop_name": "Paddy", "taluk": "Cheranmahadevi", "area_m2": 7823.68, "area_ha": 0.7824, "source": "reference_interpretation" }, "geometry": { "type": "Polygon", "coordinates": [ [ [ 780880.58604042546358, 963986.477369256317616 ], [ 780974.782294811797328, 964006.683519893093035 ], [ 780991.81522947375197, 963927.280041456222534 ], [ 780897.618975087418221, 963907.073890819447115 ], [ 780880.58604042546358, 963986.477369256317616 ] ] ] } },
{ "type": "Feature", "properties": { "parcel_id": "PARCEL_0101", "crop_class": 1, "crop_name": "Paddy", "taluk": "Cheranmahadevi", "area_m2": 7613.78, "area_ha": 0.7614, "source": "reference_interpretation" }, "geometry": { "type": "Polygon", "coordinates": [ [ [ 784167.361014363006689, 963653.797104544471949 ], [ 784267.49647999193985, 963631.447883532848209 ], [ 784251.331515212194063, 963559.02091731922701 ], [ 784151.196049583260901, 963581.37013833085075 ], [ 784167.361014363006689, 963653.797104544471949 ] ] ] } },
{ "type": "Feature", "properties": { "parcel_id": "PARCEL_0102", "crop_class": 1, "crop_name": "Paddy", "taluk": "Cheranmahadevi", "area_m2": 3652.56, "area_ha": 0.3653, "source": "reference_interpretation" }, "geometry": { "type": "Polygon", "coordinates": [ [ [ 783158.568683229736052, 962590.270020322990604 ], [ 783218.702268644585274, 962572.241977808414958 ], [ 783201.993942754459567, 962516.510384029359557 ], [ 783141.860357339610346, 962534.538426543935202 ], [ 783158.568683229736052, 962590.270020322990604 ] ] ] } },
{ "type": "Feature", "properties": { "parcel_id": "PARCEL_0103", "crop_class": 1, "crop_name": "Paddy", "taluk": "Cheranmahadevi", "area_m2": 5606.91, "area_ha": 0.5607, "source": "reference_interpretation" }, "geometry": { "type": "Polygon", "coordinates": [ [ [ 782360.317892255145125, 959417.692643850110471 ], [ 782431.701046036905609, 959435.350192775949836 ], [ 782450.010260403272696, 959361.33258873433806 ], [ 782378.627106621512212, 959343.675039808498695 ], [ 782360.317892255145125, 959417.692643850110471 ] ] ] } },
{ "type": "Feature", "properties": { "parcel_id": "PARCEL_0104", "crop_class": 1, "crop_name": "Paddy", "taluk": "Cheranmahadevi", "area_m2": 7159.29, "area_ha": 0.7159, "source": "reference_interpretation" }, "geometry": { "type": "Polygon", "coordinates": [ [ [ 780809.162142869201489, 958928.208095370791852 ], [ 780905.921144409687258, 958935.308592332759872 ], [ 780911.321766155189835, 958861.713917116168886 ], [ 780814.562764614704065, 958854.613420154200867 ], [ 780809.162142869201489, 958928.208095370791852 ] ] ] } },
{ "type": "Feature", "properties": { "parcel_id": "PARCEL_0105", "crop_class": 1, "crop_name": "Paddy", "taluk": "Cheranmahadevi", "area_m2": 8437.39, "area_ha": 0.8437, "source": "reference_interpretation" }, "geometry": { "type": "Polygon", "coordinates": [ [ [ 777395.378865747246891, 961487.914940357557498 ], [ 777472.926250479649752, 961487.571469608345069 ], [ 777472.444352574180812, 961378.770582290482707 ], [ 777394.896967841777951, 961379.114053039695136 ], [ 777395.378865747246891, 961487.914940357557498 ] ] ] } },
{ "type": "Feature", "properties": { "parcel_id": "PARCEL_0106", "crop_class": 1, "crop_name": "Paddy", "taluk": "Cheranmahadevi", "area_m2": 3513.61, "area_ha": 0.3514, "source": "reference_interpretation" }, "geometry": { "type": "Polygon", "coordinates": [ [ [ 782495.434080558014102, 959804.279470956069417 ], [ 782558.252618772094138, 959790.055664331535809 ], [ 782546.205584714771248, 959736.850703853531741 ], [ 782483.387046500691213, 959751.074510478065349 ], [ 782495.434080558014102, 959804.279470956069417 ] ] ] } },
{ "type": "Feature", "properties": { "parcel_id": "PARCEL_0107", "crop_class": 1, "crop_name": "Paddy", "taluk": "Cheranmahadevi", "area_m2": 4308.97, "area_ha": 0.4309, "source": "reference_interpretation" }, "geometry": { "type": "Polygon", "coordinates": [ [ [ 781121.938159411773086, 960399.334088208619505 ], [ 781181.132870885543525, 960413.699183206539601 ], [ 781197.815526536898687, 960344.954424605704844 ], [ 781138.620815063128248, 960330.589329607784748 ], [ 781121.938159411773086, 960399.334088208619505 ] ] ] } },
{ "type": "Feature", "properties": { "parcel_id": "PARCEL_0108", "crop_class": 1, "crop_name": "Paddy", "taluk": "Cheranmahadevi", "area_m2": 3713.11, "area_ha": 0.3713, "source": "reference_interpretation" }, "geometry": { "type": "Polygon", "coordinates": [ [ [ 784178.503958790912293, 961154.582894506049342 ], [ 784236.568065584520809, 961138.170166935422458 ], [ 784219.829432246391661, 961078.953087413101457 ], [ 784161.765325452783145, 961095.365814983728342 ], [ 784178.503958790912293, 961154.582894506049342 ] ] ] } },
{ "type": "Feature", "properties": { "parcel_id": "PARCEL_0109", "crop_class": 1, "crop_name": "Paddy", "taluk": "Cheranmahadevi", "area_m2": 3353.66, "area_ha": 0.3354, "source": "reference_interpretation" }, "geometry": { "type": "Polygon", "coordinates": [ [ [ 779522.249724513618276, 960582.339970283559524 ], [ 779581.306739435298368, 960568.660436089732684 ], [ 779568.82284934562631, 960514.76523228676524 ], [ 779509.765834423946217, 960528.444766480592079 ], [ 779522.249724513618276, 960582.339970283559524 ] ] ] } },
{ "type": "Feature", "properties": { "parcel_id": "PARCEL_0110", "crop_class": 1, "crop_name": "Paddy", "taluk": "Cheranmahadevi", "area_m2": 5763.23, "area_ha": 0.5763, "source": "reference_interpretation" }, "geometry": { "type": "Polygon", "coordinates": [ [ [ 777878.374887168989517, 961305.906350484117866 ], [ 777949.762724384549074, 961314.097136648138985 ], [ 777958.905183593858965, 961234.414872124092653 ], [ 777887.517346378299408, 961226.224085960071534 ], [ 777878.374887168989517, 961305.906350484117866 ] ] ] } },
{ "type": "Feature", "properties": { "parcel_id": "PARCEL_0111", "crop_class": 1, "crop_name": "Paddy", "taluk": "Cheranmahadevi", "area_m2": 10779.39, "area_ha": 1.0779, "source": "reference_interpretation" }, "geometry": { "type": "Polygon", "coordinates": [ [ [ 779204.751853945781477, 961820.917926243622787 ], [ 779303.635567762306891, 961794.257365644094534 ], [ 779276.236317280796356, 961692.633859518566169 ], [ 779177.352603464270942, 961719.294420118094422 ], [ 779204.751853945781477, 961820.917926243622787 ] ] ] } },
{ "type": "Feature", "properties": { "parcel_id": "PARCEL_0112", "crop_class": 1, "crop_name": "Paddy", "taluk": "Cheranmahadevi", "area_m2": 5795.39, "area_ha": 0.5795, "source": "reference_interpretation" }, "geometry": { "type": "Polygon", "coordinates": [ [ [ 781991.007721104309894, 960793.868576912675053 ], [ 782084.463972961879335, 960777.403451272984967 ], [ 782073.867631457629614, 960717.258489002007991 ], [ 781980.411379600060172, 960733.723614641698077 ], [ 781991.007721104309894, 960793.868576912675053 ] ] ] } },
{ "type": "Feature", "properties": { "parcel_id": "PARCEL_0113", "crop_class": 1, "crop_name": "Paddy", "taluk": "Cheranmahadevi", "area_m2": 6282.6, "area_ha": 0.6283, "source": "reference_interpretation" }, "geometry": { "type": "Polygon", "coordinates": [ [ [ 779962.181001269258559, 958774.73173166718334 ], [ 780049.254283293150365, 958772.774066774640232 ], [ 780047.63288898486644, 958700.65747296740301 ], [ 779960.559606960974634, 958702.615137859946117 ], [ 779962.181001269258559, 958774.73173166718334 ] ] ] } },
{ "type": "Feature", "properties": { "parcel_id": "PARCEL_0114", "crop_class": 1, "crop_name": "Paddy", "taluk": "Cheranmahadevi", "area_m2": 8369.66, "area_ha": 0.837, "source": "reference_interpretation" }, "geometry": { "type": "Polygon", "coordinates": [ [ [ 781979.899761303211562, 960353.8207100587897 ], [ 782083.592920059687458, 960355.818926585838199 ], [ 782085.147771260584705, 960275.133260029600933 ], [ 781981.454612504108809, 960273.135043502552435 ], [ 781979.899761303211562, 960353.8207100587897 ] ] ] } },
{ "type": "Feature", "properties": { "parcel_id": "PARCEL_0115", "crop_class": 1, "crop_name": "Paddy", "taluk": "Cheranmahadevi", "area_m2": 5290.18, "area_ha": 0.529, "source": "reference_interpretation" }, "geometry": { "type": "Polygon", "coordinates": [ [ [ 780233.616179258795455, 960390.972273242543451 ], [ 780314.788930499460548, 960379.661207694443874 ], [ 780305.880491410382092, 960315.730669316486456 ], [ 780224.707740169716999, 960327.041734864586033 ], [ 780233.616179258795455, 960390.972273242543451 ] ] ] } },
{ "type": "Feature", "properties": { "parcel_id": "PARCEL_0116", "crop_class": 1, "crop_name": "Paddy", "taluk": "Cheranmahadevi", "area_m2": 4345.75, "area_ha": 0.4346, "source": "reference_interpretation" }, "geometry": { "type": "Polygon", "coordinates": [ [ [ 780132.332207305589691, 961477.407861523330212 ], [ 780201.285965182818472, 961470.245443763909861 ], [ 780194.809351476840675, 961407.894032780081034 ], [ 780125.855593599611893, 961415.056450539501384 ], [ 780132.332207305589691, 961477.407861523330212 ] ] ] } },
{ "type": "Feature", "properties": { "parcel_id": "PARCEL_0117", "crop_class": 1, "crop_name": "Paddy", "taluk": "Cheranmahadevi", "area_m2": 7778.92, "area_ha": 0.7779, "source": "reference_interpretation" }, "geometry": { "type": "Polygon", "coordinates": [ [ [ 783499.468450110522099, 962608.641000895993784 ], [ 783593.843956411699764, 962584.759214533027261 ], [ 783574.241436150739901, 962507.294415782671422 ], [ 783479.865929849562235, 962531.176202145637944 ], [ 783499.468450110522099, 962608.641000895993784 ] ] ] } },
{ "type": "Feature", "properties": { "parcel_id": "PARCEL_0118", "crop_class": 1, "crop_name": "Paddy", "taluk": "Cheranmahadevi", "area_m2": 7189.69, "area_ha": 0.719, "source": "reference_interpretation" }, "geometry": { "type": "Polygon", "coordinates": [ [ [ 784736.016825492377393, 962764.941059774719179 ], [ 784828.388139925082214, 962743.949986674590036 ], [ 784811.569027080317028, 962669.937402674695477 ], [ 784719.197712647612207, 962690.928475774824619 ], [ 784736.016825492377393, 962764.941059774719179 ] ] ] } },
{ "type": "Feature", "properties": { "parcel_id": "PARCEL_0119", "crop_class": 1, "crop_name": "Paddy", "taluk": "Cheranmahadevi", "area_m2": 7477.32, "area_ha": 0.7477, "source": "reference_interpretation" }, "geometry": { "type": "Polygon", "coordinates": [ [ [ 778883.307435128604993, 959886.433639108086936 ], [ 778971.731843585846946, 959878.779873073915951 ], [ 778964.466852686367929, 959794.847006577416323 ], [ 778876.042444229125977, 959802.500772611587308 ], [ 778883.307435128604993, 959886.433639108086936 ] ] ] } },
{ "type": "Feature", "properties": { "parcel_id": "PARCEL_0120", "crop_class": 1, "crop_name": "Paddy", "taluk": "Cheranmahadevi", "area_m2": 3603.95, "area_ha": 0.3604, "source": "reference_interpretation" }, "geometry": { "type": "Polygon", "coordinates": [ [ [ 780524.221958739683032, 961686.926901495782658 ], [ 780587.067290741717443, 961673.644560642307624 ], [ 780575.465395078761503, 961618.750246993498877 ], [ 780512.620063076727092, 961632.032587846973911 ], [ 780524.221958739683032, 961686.926901495782658 ] ] ] } },
{ "type": "Feature", "properties": { "parcel_id": "PARCEL_0121", "crop_class": 2, "crop_name": "Banana", "taluk": "Ambasamudram", "area_m2": 3219.21, "area_ha": 0.3219, "source": "reference_interpretation" }, "geometry": { "type": "Polygon", "coordinates": [ [ [ 770307.968329051393084, 961449.799306115950458 ], [ 770361.256733300047927, 961439.220283617614768 ], [ 770349.718422110076062, 961381.099772848770954 ], [ 770296.43001786142122, 961391.678795347106643 ], [ 770307.968329051393084, 961449.799306115950458 ] ] ] } },
{ "type": "Feature", "properties": { "parcel_id": "PARCEL_0122", "crop_class": 2, "crop_name": "Banana", "taluk": "Ambasamudram", "area_m2": 4762.6, "area_ha": 0.4763, "source": "reference_interpretation" }, "geometry": { "type": "Polygon", "coordinates": [ [ [ 766949.611387929646298, 962849.706424802774563 ], [ 767043.553616280201823, 962843.941802003188059 ], [ 767040.454334086272866, 962793.434858929598704 ], [ 766946.512105735717341, 962799.199481729185209 ], [ 766949.611387929646298, 962849.706424802774563 ] ] ] } },
{ "type": "Feature", "properties": { "parcel_id": "PARCEL_0123", "crop_class": 2, "crop_name": "Banana", "taluk": "Ambasamudram", "area_m2": 4199.6, "area_ha": 0.42, "source": "reference_interpretation" }, "geometry": { "type": "Polygon", "coordinates": [ [ [ 770425.931282047764398, 962937.570170929073356 ], [ 770477.708571986644529, 962951.21248776500579 ], [ 770497.691927906242199, 962875.368771052802913 ], [ 770445.914637967362069, 962861.726454216870479 ], [ 770425.931282047764398, 962937.570170929073356 ] ] ] } },
{ "type": "Feature", "properties": { "parcel_id": "PARCEL_0124", "crop_class": 2, "crop_name": "Banana", "taluk": "Ambasamudram", "area_m2": 4924.92, "area_ha": 0.4925, "source": "reference_interpretation" }, "geometry": { "type": "Polygon", "coordinates": [ [ [ 775156.787138326908462, 963990.044995139003731 ], [ 775214.749024029471911, 963979.031527951708995 ], [ 775199.166624529403634, 963897.02417791064363 ], [ 775141.204738826840185, 963908.037645097938366 ], [ 775156.787138326908462, 963990.044995139003731 ] ] ] } },
{ "type": "Feature", "properties": { "parcel_id": "PARCEL_0125", "crop_class": 2, "crop_name": "Banana", "taluk": "Ambasamudram", "area_m2": 4020.17, "area_ha": 0.402, "source": "reference_interpretation" }, "geometry": { "type": "Polygon", "coordinates": [ [ [ 770098.420394159969874, 959870.002664542058483 ], [ 770166.929882929776795, 959853.8822615086101 ], [ 770153.846642286865972, 959798.280293863033876 ], [ 770085.337153517059051, 959814.400696896482259 ], [ 770098.420394159969874, 959870.002664542058483 ] ] ] } },
{ "type": "Feature", "properties": { "parcel_id": "PARCEL_0126", "crop_class": 2, "crop_name": "Banana", "taluk": "Ambasamudram", "area_m2": 3904.41, "area_ha": 0.3904, "source": "reference_interpretation" }, "geometry": { "type": "Polygon", "coordinates": [ [ [ 768719.546726884436794, 962984.059988835360855 ], [ 768793.603896174696274, 962983.221926661906764 ], [ 768793.007353703607805, 962930.507166153285652 ], [ 768718.950184413348325, 962931.345228326739743 ], [ 768719.546726884436794, 962984.059988835360855 ] ] ] } },
{ "type": "Feature", "properties": { "parcel_id": "PARCEL_0127", "crop_class": 2, "crop_name": "Banana", "taluk": "Ambasamudram", "area_m2": 3197.9, "area_ha": 0.3198, "source": "reference_interpretation" }, "geometry": { "type": "Polygon", "coordinates": [ [ [ 770303.532253938959911, 962089.863088910700753 ], [ 770363.252842901274562, 962073.849763019010425 ], [ 770349.857757973251864, 962023.893722248729318 ], [ 770290.137169010937214, 962039.907048140419647 ], [ 770303.532253938959911, 962089.863088910700753 ] ] ] } },
{ "type": "Feature", "properties": { "parcel_id": "PARCEL_0128", "crop_class": 2, "crop_name": "Banana", "taluk": "Ambasamudram", "area_m2": 6564.14, "area_ha": 0.6564, "source": "reference_interpretation" }, "geometry": { "type": "Polygon", "coordinates": [ [ [ 770374.603462817729451, 962951.471144061884843 ], [ 770453.548443893319927, 962956.006242074421607 ], [ 770458.309293155209161, 962873.131483062985353 ], [ 770379.364312079618685, 962868.596385050448589 ], [ 770374.603462817729451, 962951.471144061884843 ] ] ] } },
{ "type": "Feature", "properties": { "parcel_id": "PARCEL_0129", "crop_class": 2, "crop_name": "Banana", "taluk": "Ambasamudram", "area_m2": 5712.1, "area_ha": 0.5712, "source": "reference_interpretation" }, "geometry": { "type": "Polygon", "coordinates": [ [ [ 767011.41671101457905, 961082.413978946628049 ], [ 767072.635532988817431, 961094.719900448806584 ], [ 767090.663088527158834, 961005.037407924188301 ], [ 767029.444266552920453, 960992.731486422009766 ], [ 767011.41671101457905, 961082.413978946628049 ] ] ] } },
{ "type": "Feature", "properties": { "parcel_id": "PARCEL_0130", "crop_class": 2, "crop_name": "Banana", "taluk": "Ambasamudram", "area_m2": 2612.52, "area_ha": 0.2613, "source": "reference_interpretation" }, "geometry": { "type": "Polygon", "coordinates": [ [ [ 771775.280819283099845, 962127.285702625405975 ], [ 771828.777700770879164, 962135.079676548601128 ], [ 771835.744604522129521, 962087.259703324059956 ], [ 771782.247723034350201, 962079.465729400864802 ], [ 771775.280819283099845, 962127.285702625405975 ] ] ] } },
{ "type": "Feature", "properties": { "parcel_id": "PARCEL_0131", "crop_class": 2, "crop_name": "Banana", "taluk": "Ambasamudram", "area_m2": 4406.73, "area_ha": 0.4407, "source": "reference_interpretation" }, "geometry": { "type": "Polygon", "coordinates": [ [ [ 773583.975700338371098, 962351.638129173777997 ], [ 773635.133438458899036, 962342.380574508337304 ], [ 773620.039721637032926, 962258.971894749207422 ], [ 773568.881983516504988, 962268.229449414648116 ], [ 773583.975700338371098, 962351.638129173777997 ] ] ] } },
{ "type": "Feature", "properties": { "parcel_id": "PARCEL_0132", "crop_class": 2, "crop_name": "Banana", "taluk": "Ambasamudram", "area_m2": 6709.12, "area_ha": 0.6709, "source": "reference_interpretation" }, "geometry": { "type": "Polygon", "coordinates": [ [ [ 770883.336905761389062, 961655.66456614038907 ], [ 770969.057432306930423, 961656.850950095802546 ], [ 770970.140455897431821, 961578.598583300365135 ], [ 770884.41992935189046, 961577.412199344951659 ], [ 770883.336905761389062, 961655.66456614038907 ] ] ] } },
{ "type": "Feature", "properties": { "parcel_id": "PARCEL_0133", "crop_class": 2, "crop_name": "Banana", "taluk": "Ambasamudram", "area_m2": 5546.53, "area_ha": 0.5547, "source": "reference_interpretation" }, "geometry": { "type": "Polygon", "coordinates": [ [ [ 773037.301748225698248, 961652.837843550718389 ], [ 773101.880916929105297, 961650.478424379951321 ], [ 773098.747184128500521, 961564.705679246573709 ], [ 773034.168015425093472, 961567.065098417340778 ], [ 773037.301748225698248, 961652.837843550718389 ] ] ] } },
{ "type": "Feature", "properties": { "parcel_id": "PARCEL_0134", "crop_class": 2, "crop_name": "Banana", "taluk": "Ambasamudram", "area_m2": 4948.5, "area_ha": 0.4949, "source": "reference_interpretation" }, "geometry": { "type": "Polygon", "coordinates": [ [ [ 770252.354924209648743, 959364.745267258957028 ], [ 770312.423737900564447, 959364.843313709367067 ], [ 770312.55820204783231, 959282.462954438989982 ], [ 770252.489388356916606, 959282.364907988579944 ], [ 770252.354924209648743, 959364.745267258957028 ] ] ] } },
{ "type": "Feature", "properties": { "parcel_id": "PARCEL_0135", "crop_class": 2, "crop_name": "Banana", "taluk": "Ambasamudram", "area_m2": 4633.41, "area_ha": 0.4633, "source": "reference_interpretation" }, "geometry": { "type": "Polygon", "coordinates": [ [ [ 772048.60735971678514, 961764.349611931247637 ], [ 772110.902249062317424, 961779.850851630792022 ], [ 772128.331185834133066, 961709.809118927456439 ], [ 772066.036296488600783, 961694.307879227912053 ], [ 772048.60735971678514, 961764.349611931247637 ] ] ] } },
{ "type": "Feature", "properties": { "parcel_id": "PARCEL_0136", "crop_class": 2, "crop_name": "Banana", "taluk": "Ambasamudram", "area_m2": 7026.82, "area_ha": 0.7027, "source": "reference_interpretation" }, "geometry": { "type": "Polygon", "coordinates": [ [ [ 769865.33803374983836, 962386.88373234658502 ], [ 769956.878688084310852, 962377.78624853445217 ], [ 769949.324575345381163, 962301.775294591672719 ], [ 769857.783921010908671, 962310.872778403805569 ], [ 769865.33803374983836, 962386.88373234658502 ] ] ] } },
{ "type": "Feature", "properties": { "parcel_id": "PARCEL_0137", "crop_class": 2, "crop_name": "Banana", "taluk": "Ambasamudram", "area_m2": 5447.41, "area_ha": 0.5447, "source": "reference_interpretation" }, "geometry": { "type": "Polygon", "coordinates": [ [ [ 772063.95724761148449, 961527.597057380015031 ], [ 772137.848174338112585, 961545.392672170652077 ], [ 772154.629819368361495, 961475.711949258111417 ], [ 772080.738892641733401, 961457.916334467474371 ], [ 772063.95724761148449, 961527.597057380015031 ] ] ] } },
{ "type": "Feature", "properties": { "parcel_id": "PARCEL_0138", "crop_class": 2, "crop_name": "Banana", "taluk": "Ambasamudram", "area_m2": 3479.12, "area_ha": 0.3479, "source": "reference_interpretation" }, "geometry": { "type": "Polygon", "coordinates": [ [ [ 770588.532262807129882, 962508.571777200675569 ], [ 770648.470540024922229, 962517.408000835799612 ], [ 770656.845651076757349, 962460.597563629620709 ], [ 770596.907373858965002, 962451.761339994496666 ], [ 770588.532262807129882, 962508.571777200675569 ] ] ] } },
{ "type": "Feature", "properties": { "parcel_id": "PARCEL_0139", "crop_class": 2, "crop_name": "Banana", "taluk": "Ambasamudram", "area_m2": 7384.5, "area_ha": 0.7384, "source": "reference_interpretation" }, "geometry": { "type": "Polygon", "coordinates": [ [ [ 771591.64664553431794, 961474.963060918846168 ], [ 771674.396730734733865, 961467.09886332473252 ], [ 771665.991808455437422, 961378.659066844847985 ], [ 771583.241723255021498, 961386.523264438961633 ], [ 771591.64664553431794, 961474.963060918846168 ] ] ] } },
{ "type": "Feature", "properties": { "parcel_id": "PARCEL_0140", "crop_class": 2, "crop_name": "Banana", "taluk": "Ambasamudram", "area_m2": 2964.05, "area_ha": 0.2964, "source": "reference_interpretation" }, "geometry": { "type": "Polygon", "coordinates": [ [ [ 773786.786494729225524, 961490.925735354074277 ], [ 773838.816299947793595, 961497.905411531333812 ], [ 773846.323375129257329, 961441.944124856381677 ], [ 773794.293569910689257, 961434.964448679122142 ], [ 773786.786494729225524, 961490.925735354074277 ] ] ] } },
{ "type": "Feature", "properties": { "parcel_id": "PARCEL_0141", "crop_class": 2, "crop_name": "Banana", "taluk": "Ambasamudram", "area_m2": 5749.07, "area_ha": 0.5749, "source": "reference_interpretation" }, "geometry": { "type": "Polygon", "coordinates": [ [ [ 773031.234450171585195, 963668.3467153707752 ], [ 773110.049766235635616, 963656.521950563066639 ], [ 773099.34686220868025, 963585.184145761071704 ], [ 773020.531546144629829, 963597.008910568780266 ], [ 773031.234450171585195, 963668.3467153707752 ] ] ] } },
{ "type": "Feature", "properties": { "parcel_id": "PARCEL_0142", "crop_class": 2, "crop_name": "Banana", "taluk": "Ambasamudram", "area_m2": 6706.6, "area_ha": 0.6707, "source": "reference_interpretation" }, "geometry": { "type": "Polygon", "coordinates": [ [ [ 769551.979829566786066, 961424.209937030565925 ], [ 769642.242404006188735, 961418.833949909661897 ], [ 769637.832720183767378, 961344.795563038089313 ], [ 769547.570145744364709, 961350.171550158993341 ], [ 769551.979829566786066, 961424.209937030565925 ] ] ] } },
{ "type": "Feature", "properties": { "parcel_id": "PARCEL_0143", "crop_class": 2, "crop_name": "Banana", "taluk": "Ambasamudram", "area_m2": 3913.81, "area_ha": 0.3914, "source": "reference_interpretation" }, "geometry": { "type": "Polygon", "coordinates": [ [ [ 772651.393282048637047, 961970.360866261296906 ], [ 772704.060523465508595, 961970.546951319207437 ], [ 772704.323080826085061, 961896.235923553700559 ], [ 772651.655839409213513, 961896.049838495790027 ], [ 772651.393282048637047, 961970.360866261296906 ] ] ] } },
{ "type": "Feature", "properties": { "parcel_id": "PARCEL_0144", "crop_class": 2, "crop_name": "Banana", "taluk": "Ambasamudram", "area_m2": 8116.85, "area_ha": 0.8117, "source": "reference_interpretation" }, "geometry": { "type": "Polygon", "coordinates": [ [ [ 771088.81801342102699, 962100.335587001987733 ], [ 771177.356556043727323, 962103.797427825513296 ], [ 771180.935595766408369, 962012.261456878739409 ], [ 771092.397053143708035, 962008.799616055213846 ], [ 771088.81801342102699, 962100.335587001987733 ] ] ] } },
{ "type": "Feature", "properties": { "parcel_id": "PARCEL_0145", "crop_class": 2, "crop_name": "Banana", "taluk": "Ambasamudram", "area_m2": 4229.2, "area_ha": 0.4229, "source": "reference_interpretation" }, "geometry": { "type": "Polygon", "coordinates": [ [ [ 772324.473710255231708, 962293.108182606869377 ], [ 772404.75147075438872, 962296.785306254518218 ], [ 772407.159523996990174, 962244.213475663098507 ], [ 772326.881763497833163, 962240.536352015449665 ], [ 772324.473710255231708, 962293.108182606869377 ] ] ] } },
{ "type": "Feature", "properties": { "parcel_id": "PARCEL_0146", "crop_class": 2, "crop_name": "Banana", "taluk": "Ambasamudram", "area_m2": 7504.6, "area_ha": 0.7505, "source": "reference_interpretation" }, "geometry": { "type": "Polygon", "coordinates": [ [ [ 769034.231159979128279, 964298.232885032426566 ], [ 769113.400466268532909, 964318.899168743751943 ], [ 769136.566271941992454, 964230.154584065778181 ], [ 769057.396965652587824, 964209.488300354452804 ], [ 769034.231159979128279, 964298.232885032426566 ] ] ] } },
{ "type": "Feature", "properties": { "parcel_id": "PARCEL_0147", "crop_class": 2, "crop_name": "Banana", "taluk": "Ambasamudram", "area_m2": 8193.87, "area_ha": 0.8194, "source": "reference_interpretation" }, "geometry": { "type": "Polygon", "coordinates": [ [ [ 769682.487707005813718, 961901.952720071771182 ], [ 769774.350054320180789, 961880.908124348265119 ], [ 769754.934940063394606, 961796.158671689103357 ], [ 769663.072592749027535, 961817.203267412609421 ], [ 769682.487707005813718, 961901.952720071771182 ] ] ] } },
{ "type": "Feature", "properties": { "parcel_id": "PARCEL_0148", "crop_class": 2, "crop_name": "Banana", "taluk": "Ambasamudram", "area_m2": 3100.59, "area_ha": 0.3101, "source": "reference_interpretation" }, "geometry": { "type": "Polygon", "coordinates": [ [ [ 776039.68391598877497, 962655.701603844761848 ], [ 776104.316782192327082, 962649.289687753887847 ], [ 776099.60405026609078, 962601.784797213971615 ], [ 776034.971184062538669, 962608.196713304845616 ], [ 776039.68391598877497, 962655.701603844761848 ] ] ] } },
{ "type": "Feature", "properties": { "parcel_id": "PARCEL_0149", "crop_class": 2, "crop_name": "Banana", "taluk": "Ambasamudram", "area_m2": 6539.63, "area_ha": 0.654, "source": "reference_interpretation" }, "geometry": { "type": "Polygon", "coordinates": [ [ [ 769646.61832192807924, 960062.783407050534151 ], [ 769718.182891928241588, 960056.166941298753954 ], [ 769709.805927135399543, 959965.560580471646972 ], [ 769638.241357135237195, 959972.177046223427169 ], [ 769646.61832192807924, 960062.783407050534151 ] ] ] } },
{ "type": "Feature", "properties": { "parcel_id": "PARCEL_0150", "crop_class": 2, "crop_name": "Banana", "taluk": "Ambasamudram", "area_m2": 3801.78, "area_ha": 0.3802, "source": "reference_interpretation" }, "geometry": { "type": "Polygon", "coordinates": [ [ [ 773753.236490963492543, 961046.899164720904082 ], [ 773820.819861427647993, 961044.970062376698479 ], [ 773819.215476709185168, 960988.762714377371594 ], [ 773751.632106245029718, 960990.691816721577197 ], [ 773753.236490963492543, 961046.899164720904082 ] ] ] } },
{ "type": "Feature", "properties": { "parcel_id": "PARCEL_0151", "crop_class": 2, "crop_name": "Banana", "taluk": "Ambasamudram", "area_m2": 4610.86, "area_ha": 0.4611, "source": "reference_interpretation" }, "geometry": { "type": "Polygon", "coordinates": [ [ [ 771015.657880890881643, 961696.076656743534841 ], [ 771083.421533174114302, 961713.300724173779599 ], [ 771099.667088399641216, 961649.38677586207632 ], [ 771031.903436116408557, 961632.162708431831561 ], [ 771015.657880890881643, 961696.076656743534841 ] ] ] } },
{ "type": "Feature", "properties": { "parcel_id": "PARCEL_0152", "crop_class": 2, "crop_name": "Banana", "taluk": "Ambasamudram", "area_m2": 3497.76, "area_ha": 0.3498, "source": "reference_interpretation" }, "geometry": { "type": "Polygon", "coordinates": [ [ [ 773404.469133810140193, 959805.078561669331975 ], [ 773480.713827630504966, 959812.583978668903001 ], [ 773485.186394609045237, 959767.148861619993113 ], [ 773408.941700788680464, 959759.643444620422088 ], [ 773404.469133810140193, 959805.078561669331975 ] ] ] } },
{ "type": "Feature", "properties": { "parcel_id": "PARCEL_0153", "crop_class": 2, "crop_name": "Banana", "taluk": "Ambasamudram", "area_m2": 4672.71, "area_ha": 0.4673, "source": "reference_interpretation" }, "geometry": { "type": "Polygon", "coordinates": [ [ [ 770991.304181802319363, 960719.558281898265705 ], [ 771040.571622479008511, 960719.623167460551485 ], [ 771040.696532200323418, 960624.779537121765316 ], [ 770991.42909152363427, 960624.714651559479535 ], [ 770991.304181802319363, 960719.558281898265705 ] ] ] } },
{ "type": "Feature", "properties": { "parcel_id": "PARCEL_0154", "crop_class": 2, "crop_name": "Banana", "taluk": "Ambasamudram", "area_m2": 4578.25, "area_ha": 0.4578, "source": "reference_interpretation" }, "geometry": { "type": "Polygon", "coordinates": [ [ [ 770233.738448714604601, 962196.345677249832079 ], [ 770313.894750425126404, 962215.862110858550295 ], [ 770327.023185444064438, 962161.942075084196404 ], [ 770246.866883733542636, 962142.425641475478187 ], [ 770233.738448714604601, 962196.345677249832079 ] ] ] } },
{ "type": "Feature", "properties": { "parcel_id": "PARCEL_0155", "crop_class": 2, "crop_name": "Banana", "taluk": "Ambasamudram", "area_m2": 3212.52, "area_ha": 0.3213, "source": "reference_interpretation" }, "geometry": { "type": "Polygon", "coordinates": [ [ [ 770442.678203884395771, 961377.134313992690295 ], [ 770489.470253312843852, 961378.955662708496675 ], [ 770492.138571346760727, 961310.404227030463517 ], [ 770445.346521918312646, 961308.582878314657137 ], [ 770442.678203884395771, 961377.134313992690295 ] ] ] } },
{ "type": "Feature", "properties": { "parcel_id": "PARCEL_0157", "crop_class": 2, "crop_name": "Banana", "taluk": "Ambasamudram", "area_m2": 8131.15, "area_ha": 0.8131, "source": "reference_interpretation" }, "geometry": { "type": "Polygon", "coordinates": [ [ [ 770842.749784871004522, 961603.635375512647443 ], [ 770930.584690116811544, 961596.945767416502349 ], [ 770923.574876439757645, 961504.906546097365208 ], [ 770835.739971193950623, 961511.596154193510301 ], [ 770842.749784871004522, 961603.635375512647443 ] ] ] } },
{ "type": "Feature", "properties": { "parcel_id": "PARCEL_0158", "crop_class": 2, "crop_name": "Banana", "taluk": "Ambasamudram", "area_m2": 3027.71, "area_ha": 0.3028, "source": "reference_interpretation" }, "geometry": { "type": "Polygon", "coordinates": [ [ [ 772972.517546990769915, 960437.499531541368924 ], [ 773036.566591012873687, 960424.09495074453298 ], [ 773027.088412443990819, 960378.806829795124941 ], [ 772963.039368421887048, 960392.211410591960885 ], [ 772972.517546990769915, 960437.499531541368924 ] ] ] } },
{ "type": "Feature", "properties": { "parcel_id": "PARCEL_0159", "crop_class": 2, "crop_name": "Banana", "taluk": "Ambasamudram", "area_m2": 2600.44, "area_ha": 0.26, "source": "reference_interpretation" }, "geometry": { "type": "Polygon", "coordinates": [ [ [ 773165.851056558894925, 963557.274656493565999 ], [ 773211.603729651193134, 963549.827485674410127 ], [ 773202.591158772003837, 963494.45757149241399 ], [ 773156.838485679705627, 963501.904742311569862 ], [ 773165.851056558894925, 963557.274656493565999 ] ] ] } },
{ "type": "Feature", "properties": { "parcel_id": "PARCEL_0160", "crop_class": 2, "crop_name": "Banana", "taluk": "Ambasamudram", "area_m2": 4186.77, "area_ha": 0.4187, "source": "reference_interpretation" }, "geometry": { "type": "Polygon", "coordinates": [ [ [ 771657.183780551655218, 961886.144814364612103 ], [ 771710.446989669697359, 961877.708166655851528 ], [ 771698.301018942845985, 961801.02683526603505 ], [ 771645.037809824803844, 961809.463482974795625 ], [ 771657.183780551655218, 961886.144814364612103 ] ] ] } },
{ "type": "Feature", "properties": { "parcel_id": "PARCEL_0161", "crop_class": 2, "crop_name": "Banana", "taluk": "Ambasamudram", "area_m2": 7120.52, "area_ha": 0.7121, "source": "reference_interpretation" }, "geometry": { "type": "Polygon", "coordinates": [ [ [ 771019.011360124102794, 961585.265631227754056 ], [ 771098.537805041647516, 961601.231831597629935 ], [ 771115.817206506500952, 961515.164430653210729 ], [ 771036.290761588956229, 961499.198230283334851 ], [ 771019.011360124102794, 961585.265631227754056 ] ] ] } },
{ "type": "Feature", "properties": { "parcel_id": "PARCEL_0162", "crop_class": 2, "crop_name": "Banana", "taluk": "Ambasamudram", "area_m2": 3296.02, "area_ha": 0.3296, "source": "reference_interpretation" }, "geometry": { "type": "Polygon", "coordinates": [ [ [ 774429.641192493261769, 960813.97458982327953 ], [ 774483.335595923708752, 960826.989457207499072 ], [ 774497.388881154591218, 960769.010935841593891 ], [ 774443.694477724144235, 960755.996068457374349 ], [ 774429.641192493261769, 960813.97458982327953 ] ] ] } },
{ "type": "Feature", "properties": { "parcel_id": "PARCEL_0163", "crop_class": 2, "crop_name": "Banana", "taluk": "Ambasamudram", "area_m2": 5922.2, "area_ha": 0.5922, "source": "reference_interpretation" }, "geometry": { "type": "Polygon", "coordinates": [ [ [ 772046.116675333003514, 960536.415847623953596 ], [ 772110.993077014922164, 960548.924229296855628 ], [ 772127.962204738636501, 960460.9115690512117 ], [ 772063.08580305671785, 960448.403187378309667 ], [ 772046.116675333003514, 960536.415847623953596 ] ] ] } },
{ "type": "Feature", "properties": { "parcel_id": "PARCEL_0164", "crop_class": 2, "crop_name": "Banana", "taluk": "Ambasamudram", "area_m2": 4767.8, "area_ha": 0.4768, "source": "reference_interpretation" }, "geometry": { "type": "Polygon", "coordinates": [ [ [ 769238.782841302920133, 961061.768453132128343 ], [ 769302.148897510720417, 961052.892949232831597 ], [ 769291.81272728019394, 960979.098565136315301 ], [ 769228.446671072393656, 960987.974069035612047 ], [ 769238.782841302920133, 961061.768453132128343 ] ] ] } },
{ "type": "Feature", "properties": { "parcel_id": "PARCEL_0165", "crop_class": 2, "crop_name": "Banana", "taluk": "Ambasamudram", "area_m2": 4850.3, "area_ha": 0.485, "source": "reference_interpretation" }, "geometry": { "type": "Polygon", "coordinates": [ [ [ 769163.310532912495546, 964143.367849394329824 ], [ 769235.361524487030692, 964134.437163436203264 ], [ 769227.143798100878485, 964068.138187368051149 ], [ 769155.092806526343338, 964077.068873326177709 ], [ 769163.310532912495546, 964143.367849394329824 ] ] ] } },
{ "type": "Feature", "properties": { "parcel_id": "PARCEL_0166", "crop_class": 2, "crop_name": "Banana", "taluk": "Ambasamudram", "area_m2": 5631.68, "area_ha": 0.5632, "source": "reference_interpretation" }, "geometry": { "type": "Polygon", "coordinates": [ [ [ 773217.879990883287974, 962006.639918051310815 ], [ 773299.407907506334595, 961982.619748629746027 ], [ 773280.681693738675676, 961919.06028042093385 ], [ 773199.153777115629055, 961943.080449842498638 ], [ 773217.879990883287974, 962006.639918051310815 ] ] ] } },
{ "type": "Feature", "properties": { "parcel_id": "PARCEL_0167", "crop_class": 2, "crop_name": "Banana", "taluk": "Ambasamudram", "area_m2": 4438.99, "area_ha": 0.4439, "source": "reference_interpretation" }, "geometry": { "type": "Polygon", "coordinates": [ [ [ 772022.815268767531961, 959984.301071130437776 ], [ 772097.701119622215629, 959967.839055200573057 ], [ 772085.271099243778735, 959911.294786493759602 ], [ 772010.385248389095068, 959927.756802423624322 ], [ 772022.815268767531961, 959984.301071130437776 ] ] ] } },
{ "type": "Feature", "properties": { "parcel_id": "PARCEL_0168", "crop_class": 2, "crop_name": "Banana", "taluk": "Ambasamudram", "area_m2": 2691.59, "area_ha": 0.2692, "source": "reference_interpretation" }, "geometry": { "type": "Polygon", "coordinates": [ [ [ 769146.739139188430272, 962136.024471687618643 ], [ 769203.552841161959805, 962150.445443831849843 ], [ 769214.850293685100041, 962105.937341722194105 ], [ 769158.036591711570509, 962091.516369577962905 ], [ 769146.739139188430272, 962136.024471687618643 ] ] ] } },
{ "type": "Feature", "properties": { "parcel_id": "PARCEL_0169", "crop_class": 2, "crop_name": "Banana", "taluk": "Ambasamudram", "area_m2": 4268.21, "area_ha": 0.4268, "source": "reference_interpretation" }, "geometry": { "type": "Polygon", "coordinates": [ [ [ 771819.992789282696322, 960859.494211439043283 ], [ 771878.453446856234223, 960864.820154465036467 ], [ 771885.050129069015384, 960792.411122284829617 ], [ 771826.589471495477483, 960787.085179258836433 ], [ 771819.992789282696322, 960859.494211439043283 ] ] ] } },
{ "type": "Feature", "properties": { "parcel_id": "PARCEL_0170", "crop_class": 2, "crop_name": "Banana", "taluk": "Ambasamudram", "area_m2": 2361.5, "area_ha": 0.2361, "source": "reference_interpretation" }, "geometry": { "type": "Polygon", "coordinates": [ [ [ 770627.250000549480319, 962652.090085971867666 ], [ 770671.494121607625857, 962662.917885904666036 ], [ 770683.818206748692319, 962612.559704344486818 ], [ 770639.574085690546781, 962601.731904411688447 ], [ 770627.250000549480319, 962652.090085971867666 ] ] ] } },
{ "type": "Feature", "properties": { "parcel_id": "PARCEL_0171", "crop_class": 2, "crop_name": "Banana", "taluk": "Ambasamudram", "area_m2": 5870.91, "area_ha": 0.5871, "source": "reference_interpretation" }, "geometry": { "type": "Polygon", "coordinates": [ [ [ 771931.622681581182405, 963224.875808571232483 ], [ 772005.229846684494987, 963210.354707835940644 ], [ 771990.084361948771402, 963133.582552897976711 ], [ 771916.47719684545882, 963148.10365363326855 ], [ 771931.622681581182405, 963224.875808571232483 ] ] ] } },
{ "type": "Feature", "properties": { "parcel_id": "PARCEL_0172", "crop_class": 2, "crop_name": "Banana", "taluk": "Ambasamudram", "area_m2": 4551.67, "area_ha": 0.4552, "source": "reference_interpretation" }, "geometry": { "type": "Polygon", "coordinates": [ [ [ 771194.040625349618495, 963010.695007217233069 ], [ 771255.841949145076796, 962993.469805220491253 ], [ 771236.794010397745296, 962925.128787775640376 ], [ 771174.992686602286994, 962942.353989772382192 ], [ 771194.040625349618495, 963010.695007217233069 ] ] ] } },
{ "type": "Feature", "properties": { "parcel_id": "PARCEL_0173", "crop_class": 2, "crop_name": "Banana", "taluk": "Ambasamudram", "area_m2": 3693.24, "area_ha": 0.3693, "source": "reference_interpretation" }, "geometry": { "type": "Polygon", "coordinates": [ [ [ 772413.221876456169412, 961169.987911028554663 ], [ 772461.789340264163911, 961162.50897303991951 ], [ 772450.350597232580185, 961088.22693740320392 ], [ 772401.783133424585685, 961095.705875391839072 ], [ 772413.221876456169412, 961169.987911028554663 ] ] ] } },
{ "type": "Feature", "properties": { "parcel_id": "PARCEL_0174", "crop_class": 2, "crop_name": "Banana", "taluk": "Ambasamudram", "area_m2": 5082.48, "area_ha": 0.5082, "source": "reference_interpretation" }, "geometry": { "type": "Polygon", "coordinates": [ [ [ 768730.527913521975279, 961085.861585140926763 ], [ 768792.846976558212191, 961078.23798300861381 ], [ 768783.017216260777786, 960997.884701058035716 ], [ 768720.698153224540874, 961005.50830319034867 ], [ 768730.527913521975279, 961085.861585140926763 ] ] ] } },
{ "type": "Feature", "properties": { "parcel_id": "PARCEL_0175", "crop_class": 2, "crop_name": "Banana", "taluk": "Ambasamudram", "area_m2": 7180.49, "area_ha": 0.718, "source": "reference_interpretation" }, "geometry": { "type": "Polygon", "coordinates": [ [ [ 769745.98305340425577, 965198.895546686369926 ], [ 769823.406638407963328, 965209.770162478787825 ], [ 769836.180946800741367, 965118.821408923482522 ], [ 769758.757361797033809, 965107.946793131064624 ], [ 769745.98305340425577, 965198.895546686369926 ] ] ] } },
{ "type": "Feature", "properties": { "parcel_id": "PARCEL_0176", "crop_class": 2, "crop_name": "Banana", "taluk": "Cheranmahadevi", "area_m2": 3321.35, "area_ha": 0.3321, "source": "reference_interpretation" }, "geometry": { "type": "Polygon", "coordinates": [ [ [ 784067.84757252689451, 958210.452957535162568 ], [ 784115.338578950380906, 958213.215565958293155 ], [ 784119.393139065941796, 958143.51508329808712 ], [ 784071.902132642455399, 958140.752474874956533 ], [ 784067.84757252689451, 958210.452957535162568 ] ] ] } },
{ "type": "Feature", "properties": { "parcel_id": "PARCEL_0177", "crop_class": 2, "crop_name": "Banana", "taluk": "Cheranmahadevi", "area_m2": 2453.93, "area_ha": 0.2454, "source": "reference_interpretation" }, "geometry": { "type": "Polygon", "coordinates": [ [ [ 785040.435210169176571, 959176.903939265175723 ], [ 785090.294136123848148, 959183.773263152805157 ], [ 785096.948764459346421, 959135.472640432766639 ], [ 785047.089838504674844, 959128.603316545137204 ], [ 785040.435210169176571, 959176.903939265175723 ] ] ] } },
{ "type": "Feature", "properties": { "parcel_id": "PARCEL_0178", "crop_class": 2, "crop_name": "Banana", "taluk": "Cheranmahadevi", "area_m2": 3825.62, "area_ha": 0.3826, "source": "reference_interpretation" }, "geometry": { "type": "Polygon", "coordinates": [ [ [ 786516.834499691030942, 959965.068534362362698 ], [ 786582.356314303237014, 959977.769001662265509 ], [ 786593.263973379856907, 959921.496299328049645 ], [ 786527.742158767650835, 959908.795832028146833 ], [ 786516.834499691030942, 959965.068534362362698 ] ] ] } },
{ "type": "Feature", "properties": { "parcel_id": "PARCEL_0179", "crop_class": 2, "crop_name": "Banana", "taluk": "Cheranmahadevi", "area_m2": 4366.92, "area_ha": 0.4367, "source": "reference_interpretation" }, "geometry": { "type": "Polygon", "coordinates": [ [ [ 784112.236304305843078, 961206.633113143499941 ], [ 784170.63977966515813, 961201.750017528189346 ], [ 784164.431556294090115, 961127.497565960744396 ], [ 784106.028080934775062, 961132.38066157605499 ], [ 784112.236304305843078, 961206.633113143499941 ] ] ] } },
{ "type": "Feature", "properties": { "parcel_id": "PARCEL_0180", "crop_class": 2, "crop_name": "Banana", "taluk": "Cheranmahadevi", "area_m2": 6391.03, "area_ha": 0.6391, "source": "reference_interpretation" }, "geometry": { "type": "Polygon", "coordinates": [ [ [ 780583.31975905096624, 959767.393381024710834 ], [ 780654.716103244456463, 959777.406267268117517 ], [ 780667.027840054477565, 959689.618093354394659 ], [ 780595.631495860987343, 959679.605207110987976 ], [ 780583.31975905096624, 959767.393381024710834 ] ] ] } },
{ "type": "Feature", "properties": { "parcel_id": "PARCEL_0181", "crop_class": 2, "crop_name": "Banana", "taluk": "Cheranmahadevi", "area_m2": 6963.01, "area_ha": 0.6963, "source": "reference_interpretation" }, "geometry": { "type": "Polygon", "coordinates": [ [ [ 783974.80759273073636, 961346.130930910119787 ], [ 784053.525072035379708, 961334.217908761231229 ], [ 784040.438019820954651, 961247.742810420924798 ], [ 783961.720540516311303, 961259.655832569813356 ], [ 783974.80759273073636, 961346.130930910119787 ] ] ] } },
{ "type": "Feature", "properties": { "parcel_id": "PARCEL_0182", "crop_class": 2, "crop_name": "Banana", "taluk": "Cheranmahadevi", "area_m2": 8702.43, "area_ha": 0.8702, "source": "reference_interpretation" }, "geometry": { "type": "Polygon", "coordinates": [ [ [ 780219.383764190366492, 959987.74226496857591 ], [ 780310.186201098840684, 959961.990687880665064 ], [ 780285.02953369775787, 959873.285957420710474 ], [ 780194.227096789283678, 959899.03753450862132 ], [ 780219.383764190366492, 959987.74226496857591 ] ] ] } },
{ "type": "Feature", "properties": { "parcel_id": "PARCEL_0183", "crop_class": 2, "crop_name": "Banana", "taluk": "Cheranmahadevi", "area_m2": 3965.56, "area_ha": 0.3966, "source": "reference_interpretation" }, "geometry": { "type": "Polygon", "coordinates": [ [ [ 783738.079259580816142, 960278.124436422018334 ], [ 783790.437840927275829, 960291.454352049622685 ], [ 783808.546329296543263, 960220.326012769481167 ], [ 783756.187747950083576, 960206.996097141876817 ], [ 783738.079259580816142, 960278.124436422018334 ] ] ] } },
{ "type": "Feature", "properties": { "parcel_id": "PARCEL_0184", "crop_class": 2, "crop_name": "Banana", "taluk": "Cheranmahadevi", "area_m2": 8626.83, "area_ha": 0.8627, "source": "reference_interpretation" }, "geometry": { "type": "Polygon", "coordinates": [ [ [ 783757.89396822929848, 959790.897964653093368 ], [ 783851.435683999792673, 959789.450621319701895 ], [ 783850.009065232123248, 959697.248333028983325 ], [ 783756.467349461629055, 959698.695676362374797 ], [ 783757.89396822929848, 959790.897964653093368 ] ] ] } },
{ "type": "Feature", "properties": { "parcel_id": "PARCEL_0185", "crop_class": 2, "crop_name": "Banana", "taluk": "Cheranmahadevi", "area_m2": 5269.3, "area_ha": 0.5269, "source": "reference_interpretation" }, "geometry": { "type": "Polygon", "coordinates": [ [ [ 783033.517283954424784, 960085.631229057675228 ], [ 783092.135435298318043, 960068.915151686873287 ], [ 783068.428870115196332, 959985.783505732193589 ], [ 783009.810718771303073, 960002.49958310299553 ], [ 783033.517283954424784, 960085.631229057675228 ] ] ] } },
{ "type": "Feature", "properties": { "parcel_id": "PARCEL_0186", "crop_class": 2, "crop_name": "Banana", "taluk": "Cheranmahadevi", "area_m2": 2492.62, "area_ha": 0.2493, "source": "reference_interpretation" }, "geometry": { "type": "Polygon", "coordinates": [ [ [ 780442.50488174171187, 960622.496706462115981 ], [ 780493.179739503422752, 960628.492597696720622 ], [ 780498.91939774621278, 960579.983317979495041 ], [ 780448.244539984501898, 960573.987426744890399 ], [ 780442.50488174171187, 960622.496706462115981 ] ] ] } },
{ "type": "Feature", "properties": { "parcel_id": "PARCEL_0187", "crop_class": 2, "crop_name": "Banana", "taluk": "Cheranmahadevi", "area_m2": 2932.97, "area_ha": 0.2933, "source": "reference_interpretation" }, "geometry": { "type": "Polygon", "coordinates": [ [ [ 785235.514058666070923, 958956.273173203575425 ], [ 785283.768326540943235, 958957.416761271771975 ], [ 785285.207993398653343, 958896.669301469693892 ], [ 785236.953725523781031, 958895.525713401497342 ], [ 785235.514058666070923, 958956.273173203575425 ] ] ] } },
{ "type": "Feature", "properties": { "parcel_id": "PARCEL_0188", "crop_class": 2, "crop_name": "Banana", "taluk": "Cheranmahadevi", "area_m2": 6813.02, "area_ha": 0.6813, "source": "reference_interpretation" }, "geometry": { "type": "Polygon", "coordinates": [ [ [ 781787.790704970946535, 961294.146904606721364 ], [ 781863.90099211060442, 961299.446472816984169 ], [ 781870.103865424403921, 961210.363277681055479 ], [ 781793.993578284746036, 961205.063709470792674 ], [ 781787.790704970946535, 961294.146904606721364 ] ] ] } },
{ "type": "Feature", "properties": { "parcel_id": "PARCEL_0189", "crop_class": 2, "crop_name": "Banana", "taluk": "Cheranmahadevi", "area_m2": 7810.44, "area_ha": 0.781, "source": "reference_interpretation" }, "geometry": { "type": "Polygon", "coordinates": [ [ [ 783091.670842472347431, 961305.632129193400033 ], [ 783179.550882087671198, 961332.697303060791455 ], [ 783204.551518919295631, 961251.520770963397808 ], [ 783116.671479303971864, 961224.455597096006386 ], [ 783091.670842472347431, 961305.632129193400033 ] ] ] } },
{ "type": "Feature", "properties": { "parcel_id": "PARCEL_0190", "crop_class": 2, "crop_name": "Banana", "taluk": "Cheranmahadevi", "area_m2": 4491.26, "area_ha": 0.4491, "source": "reference_interpretation" }, "geometry": { "type": "Polygon", "coordinates": [ [ [ 785166.618088656687178, 959211.790219380520284 ], [ 785231.524230276118033, 959216.765462047886103 ], [ 785236.79733347252477, 959147.973484307294711 ], [ 785171.891191853093915, 959142.998241639928892 ], [ 785166.618088656687178, 959211.790219380520284 ] ] ] } },
{ "type": "Feature", "properties": { "parcel_id": "PARCEL_0191", "crop_class": 2, "crop_name": "Banana", "taluk": "Cheranmahadevi", "area_m2": 5409.58, "area_ha": 0.541, "source": "reference_interpretation" }, "geometry": { "type": "Polygon", "coordinates": [ [ [ 782171.856823153328151, 961789.655466841417365 ], [ 782237.114839679328725, 961779.342751497286372 ], [ 782224.33409980381839, 961698.467278241063468 ], [ 782159.076083277817816, 961708.779993585194461 ], [ 782171.856823153328151, 961789.655466841417365 ] ] ] } },
{ "type": "Feature", "properties": { "parcel_id": "PARCEL_0192", "crop_class": 2, "crop_name": "Banana", "taluk": "Cheranmahadevi", "area_m2": 3550.76, "area_ha": 0.3551, "source": "reference_interpretation" }, "geometry": { "type": "Polygon", "coordinates": [ [ [ 782434.808455257792957, 959068.506079576793127 ], [ 782493.413747859071009, 959059.05828949843999 ], [ 782483.893787623033859, 959000.00532043853309 ], [ 782425.288495021755807, 959009.453110516886227 ], [ 782434.808455257792957, 959068.506079576793127 ] ] ] } },
{ "type": "Feature", "properties": { "parcel_id": "PARCEL_0193", "crop_class": 2, "crop_name": "Banana", "taluk": "Cheranmahadevi", "area_m2": 5071.96, "area_ha": 0.5072, "source": "reference_interpretation" }, "geometry": { "type": "Polygon", "coordinates": [ [ [ 782912.560865694889799, 960325.38792724814266 ], [ 782975.861822351580486, 960314.583935955073684 ], [ 782962.57353971269913, 960236.727430839557201 ], [ 782899.272583056008443, 960247.531422132626176 ], [ 782912.560865694889799, 960325.38792724814266 ] ] ] } },
{ "type": "Feature", "properties": { "parcel_id": "PARCEL_0194", "crop_class": 2, "crop_name": "Banana", "taluk": "Cheranmahadevi", "area_m2": 8204.99, "area_ha": 0.8205, "source": "reference_interpretation" }, "geometry": { "type": "Polygon", "coordinates": [ [ [ 782658.131028706789948, 959056.2775608075317 ], [ 782747.069929223158397, 959054.537774696713313 ], [ 782745.265979965333827, 958962.3188159505371 ], [ 782656.327079448965378, 958964.058602061355487 ], [ 782658.131028706789948, 959056.2775608075317 ] ] ] } },
{ "type": "Feature", "properties": { "parcel_id": "PARCEL_0195", "crop_class": 2, "crop_name": "Banana", "taluk": "Cheranmahadevi", "area_m2": 5350.46, "area_ha": 0.535, "source": "reference_interpretation" }, "geometry": { "type": "Polygon", "coordinates": [ [ [ 780926.052137173712254, 960473.779129268601537 ], [ 781017.293924591038376, 960498.603173260111362 ], [ 781032.148585201939568, 960444.004261573078111 ], [ 780940.906797784613445, 960419.180217581568286 ], [ 780926.052137173712254, 960473.779129268601537 ] ] ] } },
{ "type": "Feature", "properties": { "parcel_id": "PARCEL_0196", "crop_class": 2, "crop_name": "Banana", "taluk": "Cheranmahadevi", "area_m2": 3993.21, "area_ha": 0.3993, "source": "reference_interpretation" }, "geometry": { "type": "Polygon", "coordinates": [ [ [ 785071.582839757320471, 961979.877829081262462 ], [ 785140.891097335261293, 961966.254778600414284 ], [ 785129.987652023672126, 961910.782709609367885 ], [ 785060.679394445731305, 961924.405760090216063 ], [ 785071.582839757320471, 961979.877829081262462 ] ] ] } },
{ "type": "Feature", "properties": { "parcel_id": "PARCEL_0197", "crop_class": 2, "crop_name": "Banana", "taluk": "Cheranmahadevi", "area_m2": 5249.23, "area_ha": 0.5249, "source": "reference_interpretation" }, "geometry": { "type": "Polygon", "coordinates": [ [ [ 781846.020796279772185, 959374.596606775769033 ], [ 781927.062036590767093, 959352.577810748596676 ], [ 781910.673308591009118, 959292.258307239622809 ], [ 781829.632068280014209, 959314.277103266795166 ], [ 781846.020796279772185, 959374.596606775769033 ] ] ] } },
{ "type": "Feature", "properties": { "parcel_id": "PARCEL_0198", "crop_class": 2, "crop_name": "Banana", "taluk": "Cheranmahadevi", "area_m2": 6616.46, "area_ha": 0.6616, "source": "reference_interpretation" }, "geometry": { "type": "Polygon", "coordinates": [ [ [ 782295.54242919862736, 958639.306131396093406 ], [ 782376.673033945611678, 958622.211919535300694 ], [ 782360.220204645651393, 958544.125371774774976 ], [ 782279.089599898667075, 958561.219583635567687 ], [ 782295.54242919862736, 958639.306131396093406 ] ] ] } },
{ "type": "Feature", "properties": { "parcel_id": "PARCEL_0199", "crop_class": 2, "crop_name": "Banana", "taluk": "Cheranmahadevi", "area_m2": 4037.24, "area_ha": 0.4037, "source": "reference_interpretation" }, "geometry": { "type": "Polygon", "coordinates": [ [ [ 781975.944505109451711, 960793.820799624081701 ], [ 782032.048042363254353, 960796.952601992990822 ], [ 782036.052535478956997, 960725.215562989236787 ], [ 781979.948998225154355, 960722.083760620327666 ], [ 781975.944505109451711, 960793.820799624081701 ] ] ] } },
{ "type": "Feature", "properties": { "parcel_id": "PARCEL_0200", "crop_class": 2, "crop_name": "Banana", "taluk": "Cheranmahadevi", "area_m2": 5179.52, "area_ha": 0.518, "source": "reference_interpretation" }, "geometry": { "type": "Polygon", "coordinates": [ [ [ 781450.883048117859289, 960235.857093959464692 ], [ 781537.569362398004159, 960216.263709566439502 ], [ 781524.720668982015923, 960159.417691889568232 ], [ 781438.034354701871052, 960179.011076282593422 ], [ 781450.883048117859289, 960235.857093959464692 ] ] ] } },
{ "type": "Feature", "properties": { "parcel_id": "PARCEL_0201", "crop_class": 2, "crop_name": "Banana", "taluk": "Cheranmahadevi", "area_m2": 5641.09, "area_ha": 0.5641, "source": "reference_interpretation" }, "geometry": { "type": "Polygon", "coordinates": [ [ [ 783485.761013562791049, 960446.048300277674571 ], [ 783561.147668399615213, 960426.974854904925451 ], [ 783543.354393046814948, 960356.647995691280812 ], [ 783467.967738209990785, 960375.721441064029932 ], [ 783485.761013562791049, 960446.048300277674571 ] ] ] } },
{ "type": "Feature", "properties": { "parcel_id": "PARCEL_0202", "crop_class": 2, "crop_name": "Banana", "taluk": "Cheranmahadevi", "area_m2": 4706.92, "area_ha": 0.4707, "source": "reference_interpretation" }, "geometry": { "type": "Polygon", "coordinates": [ [ [ 779823.722102370345965, 958531.848764970782213 ], [ 779881.709614016348496, 958531.70527116174344 ], [ 779881.508751782588661, 958450.534514000057243 ], [ 779823.52124013658613, 958450.678007809096016 ], [ 779823.722102370345965, 958531.848764970782213 ] ] ] } },
{ "type": "Feature", "properties": { "parcel_id": "PARCEL_0203", "crop_class": 2, "crop_name": "Banana", "taluk": "Cheranmahadevi", "area_m2": 6107.98, "area_ha": 0.6108, "source": "reference_interpretation" }, "geometry": { "type": "Polygon", "coordinates": [ [ [ 782024.928718186216429, 960303.931781318620779 ], [ 782112.483123986516148, 960302.911896781180985 ], [ 782111.670605283463374, 960233.159302614745684 ], [ 782024.116199483163655, 960234.179187152185477 ], [ 782024.928718186216429, 960303.931781318620779 ] ] ] } },
{ "type": "Feature", "properties": { "parcel_id": "PARCEL_0204", "crop_class": 2, "crop_name": "Banana", "taluk": "Cheranmahadevi", "area_m2": 4922.66, "area_ha": 0.4923, "source": "reference_interpretation" }, "geometry": { "type": "Polygon", "coordinates": [ [ [ 785137.404080070788041, 960449.951792144333012 ], [ 785199.746024172054604, 960452.411782794748433 ], [ 785202.857000559335575, 960373.572330296155997 ], [ 785140.515056458069012, 960371.112339645740576 ], [ 785137.404080070788041, 960449.951792144333012 ] ] ] } },
{ "type": "Feature", "properties": { "parcel_id": "PARCEL_0205", "crop_class": 2, "crop_name": "Banana", "taluk": "Cheranmahadevi", "area_m2": 6613.39, "area_ha": 0.6613, "source": "reference_interpretation" }, "geometry": { "type": "Polygon", "coordinates": [ [ [ 784001.435278097167611, 959598.091388577478938 ], [ 784084.435854007955641, 959615.812622889294289 ], [ 784100.706189076416194, 959539.60759353346657 ], [ 784017.705613165628165, 959521.886359221651219 ], [ 784001.435278097167611, 959598.091388577478938 ] ] ] } },
{ "type": "Feature", "properties": { "parcel_id": "PARCEL_0206", "crop_class": 2, "crop_name": "Banana", "taluk": "Cheranmahadevi", "area_m2": 6937.07, "area_ha": 0.6937, "source": "reference_interpretation" }, "geometry": { "type": "Polygon", "coordinates": [ [ [ 783682.631593886646442, 960893.027683811844327 ], [ 783768.975448336103, 960902.396624844637699 ], [ 783777.591741418815218, 960822.989149310975336 ], [ 783691.24788696935866, 960813.620208278181963 ], [ 783682.631593886646442, 960893.027683811844327 ] ] ] } },
{ "type": "Feature", "properties": { "parcel_id": "PARCEL_0207", "crop_class": 2, "crop_name": "Banana", "taluk": "Cheranmahadevi", "area_m2": 4713.1, "area_ha": 0.4713, "source": "reference_interpretation" }, "geometry": { "type": "Polygon", "coordinates": [ [ [ 785452.226118727237917, 960816.014488124172203 ], [ 785503.844492113101296, 960827.725826706388034 ], [ 785523.546249007922597, 960740.889242090866901 ], [ 785471.927875622059219, 960729.17790350865107 ], [ 785452.226118727237917, 960816.014488124172203 ] ] ] } },
{ "type": "Feature", "properties": { "parcel_id": "PARCEL_0208", "crop_class": 2, "crop_name": "Banana", "taluk": "Cheranmahadevi", "area_m2": 4358.42, "area_ha": 0.4358, "source": "reference_interpretation" }, "geometry": { "type": "Polygon", "coordinates": [ [ [ 782288.047036210657097, 959017.975810718955472 ], [ 782368.731506473501213, 959033.558324305107817 ], [ 782378.788836839026771, 958981.482619810849428 ], [ 782298.104366576182656, 958965.900106224697083 ], [ 782288.047036210657097, 959017.975810718955472 ] ] ] } },
{ "type": "Feature", "properties": { "parcel_id": "PARCEL_0209", "crop_class": 2, "crop_name": "Banana", "taluk": "Cheranmahadevi", "area_m2": 2689.79, "area_ha": 0.269, "source": "reference_interpretation" }, "geometry": { "type": "Polygon", "coordinates": [ [ [ 783027.056532485294156, 961562.156777726020664 ], [ 783072.264343620161526, 961565.333597443532199 ], [ 783076.424830080126412, 961506.127692531561479 ], [ 783031.217018945259042, 961502.950872814049944 ], [ 783027.056532485294156, 961562.156777726020664 ] ] ] } },
{ "type": "Feature", "properties": { "parcel_id": "PARCEL_0210", "crop_class": 2, "crop_name": "Banana", "taluk": "Cheranmahadevi", "area_m2": 4447.86, "area_ha": 0.4448, "source": "reference_interpretation" }, "geometry": { "type": "Polygon", "coordinates": [ [ [ 783014.449052978539839, 960145.59092302119825 ], [ 783072.422543867258355, 960146.982045159558766 ], [ 783074.262501364341006, 960070.303832483128645 ], [ 783016.28901047562249, 960068.912710344768129 ], [ 783014.449052978539839, 960145.59092302119825 ] ] ] } },
{ "type": "Feature", "properties": { "parcel_id": "PARCEL_0211", "crop_class": 2, "crop_name": "Banana", "taluk": "Cheranmahadevi", "area_m2": 5984.96, "area_ha": 0.5985, "source": "reference_interpretation" }, "geometry": { "type": "Polygon", "coordinates": [ [ [ 782396.184293495258316, 960286.242847393965349 ], [ 782476.051698301918805, 960309.018533589085564 ], [ 782495.81406067404896, 960239.717938999412581 ], [ 782415.946655867388472, 960216.942252804292366 ], [ 782396.184293495258316, 960286.242847393965349 ] ] ] } },
{ "type": "Feature", "properties": { "parcel_id": "PARCEL_0212", "crop_class": 2, "crop_name": "Banana", "taluk": "Cheranmahadevi", "area_m2": 4591.56, "area_ha": 0.4592, "source": "reference_interpretation" }, "geometry": { "type": "Polygon", "coordinates": [ [ [ 785125.434066767455079, 958282.534281322499737 ], [ 785213.901469056610949, 958306.290042321896181 ], [ 785226.900932015734725, 958257.879523324780166 ], [ 785138.433529726578854, 958234.123762325383723 ], [ 785125.434066767455079, 958282.534281322499737 ] ] ] } },
{ "type": "Feature", "properties": { "parcel_id": "PARCEL_0213", "crop_class": 2, "crop_name": "Banana", "taluk": "Cheranmahadevi", "area_m2": 4828.39, "area_ha": 0.4828, "source": "reference_interpretation" }, "geometry": { "type": "Polygon", "coordinates": [ [ [ 782177.721149523393251, 960279.471966484095901 ], [ 782235.757437228108756, 960264.058562178164721 ], [ 782215.117838094593026, 960186.344016471877694 ], [ 782157.081550389877521, 960201.757420777808875 ], [ 782177.721149523393251, 960279.471966484095901 ] ] ] } },
{ "type": "Feature", "properties": { "parcel_id": "PARCEL_0214", "crop_class": 2, "crop_name": "Banana", "taluk": "Cheranmahadevi", "area_m2": 3595.98, "area_ha": 0.3596, "source": "reference_interpretation" }, "geometry": { "type": "Polygon", "coordinates": [ [ [ 779699.764819599222392, 961172.670345563092269 ], [ 779773.928888286696747, 961189.482571655535139 ], [ 779784.383136870339513, 961143.365560988546349 ], [ 779710.219068182865158, 961126.553334896103479 ], [ 779699.764819599222392, 961172.670345563092269 ] ] ] } },
{ "type": "Feature", "properties": { "parcel_id": "PARCEL_0215", "crop_class": 2, "crop_name": "Banana", "taluk": "Cheranmahadevi", "area_m2": 3833.02, "area_ha": 0.3833, "source": "reference_interpretation" }, "geometry": { "type": "Polygon", "coordinates": [ [ [ 781960.71369711519219, 960486.549737494089641 ], [ 782040.241925729438663, 960463.100794641184621 ], [ 782027.167652707081288, 960418.758762660785578 ], [ 781947.639424092834815, 960442.207705513690598 ], [ 781960.71369711519219, 960486.549737494089641 ] ] ] } },
{ "type": "Feature", "properties": { "parcel_id": "PARCEL_0216", "crop_class": 2, "crop_name": "Banana", "taluk": "Cheranmahadevi", "area_m2": 6611.87, "area_ha": 0.6612, "source": "reference_interpretation" }, "geometry": { "type": "Polygon", "coordinates": [ [ [ 782723.677232506568544, 957598.628476372919977 ], [ 782807.153610975597985, 957595.918016747338697 ], [ 782804.584502297104336, 957516.794946125941351 ], [ 782721.108123828074895, 957519.50540575152263 ], [ 782723.677232506568544, 957598.628476372919977 ] ] ] } },
{ "type": "Feature", "properties": { "parcel_id": "PARCEL_0217", "crop_class": 2, "crop_name": "Banana", "taluk": "Cheranmahadevi", "area_m2": 4506.6, "area_ha": 0.4507, "source": "reference_interpretation" }, "geometry": { "type": "Polygon", "coordinates": [ [ [ 780362.250987163977697, 957400.434190743952058 ], [ 780415.073486549314111, 957406.600440918351524 ], [ 780424.898971337592229, 957322.431513367802836 ], [ 780372.076471952255815, 957316.265263193403371 ], [ 780362.250987163977697, 957400.434190743952058 ] ] ] } },
{ "type": "Feature", "properties": { "parcel_id": "PARCEL_0218", "crop_class": 2, "crop_name": "Banana", "taluk": "Cheranmahadevi", "area_m2": 5428.86, "area_ha": 0.5429, "source": "reference_interpretation" }, "geometry": { "type": "Polygon", "coordinates": [ [ [ 785000.261807403992862, 961624.009976740344428 ], [ 785057.643762363586575, 961611.817518446245231 ], [ 785038.409674532711506, 961521.295202521025203 ], [ 784981.027719573117793, 961533.4876608151244 ], [ 785000.261807403992862, 961624.009976740344428 ] ] ] } },
{ "type": "Feature", "properties": { "parcel_id": "PARCEL_0219", "crop_class": 2, "crop_name": "Banana", "taluk": "Cheranmahadevi", "area_m2": 5076.09, "area_ha": 0.5076, "source": "reference_interpretation" }, "geometry": { "type": "Polygon", "coordinates": [ [ [ 784139.793015566421673, 959921.405467035714537 ], [ 784205.654861872317269, 959917.353593543870375 ], [ 784200.93122508469969, 959840.572459893766791 ], [ 784135.069378778804094, 959844.624333385610953 ], [ 784139.793015566421673, 959921.405467035714537 ] ] ] } },
{ "type": "Feature", "properties": { "parcel_id": "PARCEL_0220", "crop_class": 2, "crop_name": "Banana", "taluk": "Cheranmahadevi", "area_m2": 3144.39, "area_ha": 0.3144, "source": "reference_interpretation" }, "geometry": { "type": "Polygon", "coordinates": [ [ [ 784596.786571805598214, 959786.695660819299519 ], [ 784651.063372737262398, 959771.010559319285676 ], [ 784635.612167731625959, 959717.543134945444763 ], [ 784581.335366799961776, 959733.228236445458606 ], [ 784596.786571805598214, 959786.695660819299519 ] ] ] } },
{ "type": "Feature", "properties": { "parcel_id": "PARCEL_0221", "crop_class": 2, "crop_name": "Banana", "taluk": "Cheranmahadevi", "area_m2": 6057.09, "area_ha": 0.6057, "source": "reference_interpretation" }, "geometry": { "type": "Polygon", "coordinates": [ [ [ 780695.331490891636349, 961753.273504514829256 ], [ 780780.091426856233738, 961777.730678098858334 ], [ 780799.126582022872753, 961711.76154526101891 ], [ 780714.366646058275364, 961687.304371676989831 ], [ 780695.331490891636349, 961753.273504514829256 ] ] ] } },
{ "type": "Feature", "properties": { "parcel_id": "PARCEL_0222", "crop_class": 2, "crop_name": "Banana", "taluk": "Cheranmahadevi", "area_m2": 7003.66, "area_ha": 0.7004, "source": "reference_interpretation" }, "geometry": { "type": "Polygon", "coordinates": [ [ [ 783435.803523360635154, 959756.205440591787919 ], [ 783517.845997674274258, 959773.423887834884226 ], [ 783535.006163268932141, 959691.659113976871595 ], [ 783452.963688955293037, 959674.440666733775288 ], [ 783435.803523360635154, 959756.205440591787919 ] ] ] } },
{ "type": "Feature", "properties": { "parcel_id": "PARCEL_0223", "crop_class": 2, "crop_name": "Banana", "taluk": "Cheranmahadevi", "area_m2": 2404.16, "area_ha": 0.2404, "source": "reference_interpretation" }, "geometry": { "type": "Polygon", "coordinates": [ [ [ 784126.112982240505517, 961611.115902249701321 ], [ 784176.040120800025761, 961623.997898586792871 ], [ 784187.688953282544389, 961578.850170068209991 ], [ 784137.761814723024145, 961565.968173731118441 ], [ 784126.112982240505517, 961611.115902249701321 ] ] ] } },
{ "type": "Feature", "properties": { "parcel_id": "PARCEL_0224", "crop_class": 2, "crop_name": "Banana", "taluk": "Cheranmahadevi", "area_m2": 3513.59, "area_ha": 0.3514, "source": "reference_interpretation" }, "geometry": { "type": "Polygon", "coordinates": [ [ [ 785220.566261057509109, 960622.179671002668329 ], [ 785287.9029709729366, 960606.775855985819362 ], [ 785276.560101897688583, 960557.191289844107814 ], [ 785209.223391982261091, 960572.595104860956781 ], [ 785220.566261057509109, 960622.179671002668329 ] ] ] } },
{ "type": "Feature", "properties": { "parcel_id": "PARCEL_0225", "crop_class": 2, "crop_name": "Banana", "taluk": "Cheranmahadevi", "area_m2": 3828.71, "area_ha": 0.3829, "source": "reference_interpretation" }, "geometry": { "type": "Polygon", "coordinates": [ [ [ 781764.909279556013644, 962201.848157830536366 ], [ 781818.065164590254426, 962187.62358151236549 ], [ 781800.078433030517772, 962120.408881155308336 ], [ 781746.92254799627699, 962134.633457473479211 ], [ 781764.909279556013644, 962201.848157830536366 ] ] ] } },
{ "type": "Feature", "properties": { "parcel_id": "PARCEL_0226", "crop_class": 2, "crop_name": "Banana", "taluk": "Cheranmahadevi", "area_m2": 5136.65, "area_ha": 0.5137, "source": "reference_interpretation" }, "geometry": { "type": "Polygon", "coordinates": [ [ [ 780093.860873701516539, 960709.029512371402234 ], [ 780178.708194531267509, 960706.749293433502316 ], [ 780177.082395311910659, 960646.25303771533072 ], [ 780092.235074482159689, 960648.533256653230637 ], [ 780093.860873701516539, 960709.029512371402234 ] ] ] } },
{ "type": "Feature", "properties": { "parcel_id": "PARCEL_0227", "crop_class": 2, "crop_name": "Banana", "taluk": "Cheranmahadevi", "area_m2": 4468.8, "area_ha": 0.4469, "source": "reference_interpretation" }, "geometry": { "type": "Polygon", "coordinates": [ [ [ 782145.127099188044667, 957116.555582494474947 ], [ 782219.6154625415802, 957125.309886399656534 ], [ 782226.570151515305042, 957066.134033596143126 ], [ 782152.081788161769509, 957057.37972969096154 ], [ 782145.127099188044667, 957116.555582494474947 ] ] ] } },
{ "type": "Feature", "properties": { "parcel_id": "PARCEL_0228", "crop_class": 2, "crop_name": "Banana", "taluk": "Cheranmahadevi", "area_m2": 3242.88, "area_ha": 0.3243, "source": "reference_interpretation" }, "geometry": { "type": "Polygon", "coordinates": [ [ [ 783655.107451743795536, 960613.710414706496522 ], [ 783700.774659023736604, 960602.677961596986279 ], [ 783684.565556191490032, 960535.582778729964048 ], [ 783638.898348911548965, 960546.615231839474291 ], [ 783655.107451743795536, 960613.710414706496522 ] ] ] } },
{ "type": "Feature", "properties": { "parcel_id": "PARCEL_0229", "crop_class": 2, "crop_name": "Banana", "taluk": "Cheranmahadevi", "area_m2": 6081.98, "area_ha": 0.6082, "source": "reference_interpretation" }, "geometry": { "type": "Polygon", "coordinates": [ [ [ 782954.152372812037356, 958648.640293247299269 ], [ 783030.011550805880688, 958651.356393059715629 ], [ 783032.878486461821012, 958571.284452690510079 ], [ 782957.01930846797768, 958568.568352878093719 ], [ 782954.152372812037356, 958648.640293247299269 ] ] ] } },
{ "type": "Feature", "properties": { "parcel_id": "PARCEL_0230", "crop_class": 2, "crop_name": "Banana", "taluk": "Cheranmahadevi", "area_m2": 2917.72, "area_ha": 0.2918, "source": "reference_interpretation" }, "geometry": { "type": "Polygon", "coordinates": [ [ [ 781398.191308894311078, 960075.602167827542871 ], [ 781458.734324997640215, 960059.958878410514444 ], [ 781447.061486398684792, 960014.782391775399446 ], [ 781386.518470295355655, 960030.425681192427874 ], [ 781398.191308894311078, 960075.602167827542871 ] ] ] } },
{ "type": "Feature", "properties": { "parcel_id": "PARCEL_0231", "crop_class": 0, "crop_name": "Other", "taluk": "Ambasamudram", "area_m2": 8126.74, "area_ha": 0.8127, "source": "reference_interpretation" }, "geometry": { "type": "Polygon", "coordinates": [ [ [ 764146.540489005274139, 965201.826907669310458 ], [ 764230.558567952015437, 965217.146195231354795 ], [ 764247.627475373097695, 965123.532389404368587 ], [ 764163.609396426356398, 965108.213101842324249 ], [ 764146.540489005274139, 965201.826907669310458 ] ] ] } },
{ "type": "Feature", "properties": { "parcel_id": "PARCEL_0232", "crop_class": 0, "crop_name": "Other", "taluk": "Ambasamudram", "area_m2": 4397.11, "area_ha": 0.4397, "source": "reference_interpretation" }, "geometry": { "type": "Polygon", "coordinates": [ [ [ 765082.152460677665658, 965008.140612062183209 ], [ 765130.147215700824745, 965014.117069298750721 ], [ 765141.381400411832146, 964923.899416640517302 ], [ 765093.38664538867306, 964917.92295940394979 ], [ 765082.152460677665658, 965008.140612062183209 ] ] ] } },
{ "type": "Feature", "properties": { "parcel_id": "PARCEL_0233", "crop_class": 0, "crop_name": "Other", "taluk": "Ambasamudram", "area_m2": 10608.54, "area_ha": 1.0609, "source": "reference_interpretation" }, "geometry": { "type": "Polygon", "coordinates": [ [ [ 766052.345883347094059, 964771.867646995349787 ], [ 766148.27384364255704, 964784.258022599038668 ], [ 766162.323448365554214, 964675.484086511307396 ], [ 766066.395488070091233, 964663.093710907618515 ], [ 766052.345883347094059, 964771.867646995349787 ] ] ] } },
{ "type": "Feature", "properties": { "parcel_id": "PARCEL_0234", "crop_class": 0, "crop_name": "Other", "taluk": "Ambasamudram", "area_m2": 4881.6, "area_ha": 0.4882, "source": "reference_interpretation" }, "geometry": { "type": "Polygon", "coordinates": [ [ [ 764900.396223184419796, 966817.025967840920202 ], [ 765002.644653474213555, 966841.711085089831613 ], [ 765013.53599016321823, 966796.597988442634232 ], [ 764911.28755987342447, 966771.912871193722822 ], [ 764900.396223184419796, 966817.025967840920202 ] ] ] } },
{ "type": "Feature", "properties": { "parcel_id": "PARCEL_0235", "crop_class": 0, "crop_name": "Other", "taluk": "Ambasamudram", "area_m2": 6969.92, "area_ha": 0.697, "source": "reference_interpretation" }, "geometry": { "type": "Polygon", "coordinates": [ [ [ 768332.496752913459204, 965782.253469357965514 ], [ 768408.67265626846347, 965783.460318243829533 ], [ 768410.121883370098658, 965691.985581903718412 ], [ 768333.945980015094392, 965690.778733017854393 ], [ 768332.496752913459204, 965782.253469357965514 ] ] ] } },
{ "type": "Feature", "properties": { "parcel_id": "PARCEL_0236", "crop_class": 0, "crop_name": "Other", "taluk": "Ambasamudram", "area_m2": 2679.3, "area_ha": 0.2679, "source": "reference_interpretation" }, "geometry": { "type": "Polygon", "coordinates": [ [ [ 765318.975185241200961, 965779.268894640845247 ], [ 765362.871315208612941, 965770.175253714784048 ], [ 765350.746994198882021, 965711.649655976914801 ], [ 765306.850864231470041, 965720.743296902975999 ], [ 765318.975185241200961, 965779.268894640845247 ] ] ] } },
{ "type": "Feature", "properties": { "parcel_id": "PARCEL_0237", "crop_class": 0, "crop_name": "Other", "taluk": "Ambasamudram", "area_m2": 7904.93, "area_ha": 0.7905, "source": "reference_interpretation" }, "geometry": { "type": "Polygon", "coordinates": [ [ [ 765371.75693381333258, 966053.059409515699372 ], [ 765487.685116381268017, 966030.676440368406475 ], [ 765474.992756687221117, 965964.938861848786473 ], [ 765359.06457411928568, 965987.32183099607937 ], [ 765371.75693381333258, 966053.059409515699372 ] ] ] } },
{ "type": "Feature", "properties": { "parcel_id": "PARCEL_0238", "crop_class": 0, "crop_name": "Other", "taluk": "Ambasamudram", "area_m2": 6742.14, "area_ha": 0.6742, "source": "reference_interpretation" }, "geometry": { "type": "Polygon", "coordinates": [ [ [ 767068.516682651592419, 966891.803059661993757 ], [ 767147.682671735528857, 966902.275508170481771 ], [ 767158.754889600910246, 966818.575590432854369 ], [ 767079.588900516973808, 966808.103141924366355 ], [ 767068.516682651592419, 966891.803059661993757 ] ] ] } },
{ "type": "Feature", "properties": { "parcel_id": "PARCEL_0239", "crop_class": 0, "crop_name": "Other", "taluk": "Ambasamudram", "area_m2": 5283.97, "area_ha": 0.5284, "source": "reference_interpretation" }, "geometry": { "type": "Polygon", "coordinates": [ [ [ 766053.326361047220416, 965696.803812110330909 ], [ 766107.456279620877467, 965682.596292433096096 ], [ 766083.486160358297639, 965591.27137201349251 ], [ 766029.356241784640588, 965605.478891690727323 ], [ 766053.326361047220416, 965696.803812110330909 ] ] ] } },
{ "type": "Feature", "properties": { "parcel_id": "PARCEL_0240", "crop_class": 0, "crop_name": "Other", "taluk": "Ambasamudram", "area_m2": 9760.07, "area_ha": 0.976, "source": "reference_interpretation" }, "geometry": { "type": "Polygon", "coordinates": [ [ [ 767917.06667958770413, 965418.972128339926712 ], [ 768015.142124183592387, 965414.584840752766468 ], [ 768010.699288205127232, 965315.267641866463237 ], [ 767912.623843609238975, 965319.654929453623481 ], [ 767917.06667958770413, 965418.972128339926712 ] ] ] } },
{ "type": "Feature", "properties": { "parcel_id": "PARCEL_0241", "crop_class": 0, "crop_name": "Other", "taluk": "Ambasamudram", "area_m2": 5142.36, "area_ha": 0.5142, "source": "reference_interpretation" }, "geometry": { "type": "Polygon", "coordinates": [ [ [ 763730.833585936459713, 963750.834078894229606 ], [ 763846.971371137420647, 963776.831438093446195 ], [ 763856.410027255187742, 963734.66620860225521 ], [ 763740.272242054226808, 963708.668849403038621 ], [ 763730.833585936459713, 963750.834078894229606 ] ] ] } },
{ "type": "Feature", "properties": { "parcel_id": "PARCEL_0243", "crop_class": 0, "crop_name": "Other", "taluk": "Ambasamudram", "area_m2": 5430.84, "area_ha": 0.5431, "source": "reference_interpretation" }, "geometry": { "type": "Polygon", "coordinates": [ [ [ 765648.443261498468928, 966595.145518452744 ], [ 765708.697007630835287, 966610.365216445294209 ], [ 765730.098458714666776, 966525.63833151536528 ], [ 765669.844712582300417, 966510.418633522815071 ], [ 765648.443261498468928, 966595.145518452744 ] ] ] } },
{ "type": "Feature", "properties": { "parcel_id": "PARCEL_0244", "crop_class": 0, "crop_name": "Other", "taluk": "Ambasamudram", "area_m2": 8930.19, "area_ha": 0.893, "source": "reference_interpretation" }, "geometry": { "type": "Polygon", "coordinates": [ [ [ 766925.801886719535105, 964053.478750859736465 ], [ 767014.123847317066975, 964033.629975606338121 ], [ 766992.493727408931591, 963937.381488036480732 ], [ 766904.171766811399721, 963957.230263289879076 ], [ 766925.801886719535105, 964053.478750859736465 ] ] ] } },
{ "type": "Feature", "properties": { "parcel_id": "PARCEL_0245", "crop_class": 0, "crop_name": "Other", "taluk": "Ambasamudram", "area_m2": 3208.29, "area_ha": 0.3208, "source": "reference_interpretation" }, "geometry": { "type": "Polygon", "coordinates": [ [ [ 766854.913854232057929, 965833.550606993725523 ], [ 766907.128064119489864, 965848.725543834967539 ], [ 766923.594816385768354, 965792.066430983599275 ], [ 766871.380606498336419, 965776.89149414235726 ], [ 766854.913854232057929, 965833.550606993725523 ] ] ] } },
{ "type": "Feature", "properties": { "parcel_id": "PARCEL_0246", "crop_class": 0, "crop_name": "Other", "taluk": "Ambasamudram", "area_m2": 4745.35, "area_ha": 0.4745, "source": "reference_interpretation" }, "geometry": { "type": "Polygon", "coordinates": [ [ [ 766537.532949088141322, 965170.608145454782061 ], [ 766614.959189288550988, 965188.121441334602423 ], [ 766628.147510293172672, 965129.815904960851185 ], [ 766550.721270092763007, 965112.302609081030823 ], [ 766537.532949088141322, 965170.608145454782061 ] ] ] } },
{ "type": "Feature", "properties": { "parcel_id": "PARCEL_0247", "crop_class": 0, "crop_name": "Other", "taluk": "Ambasamudram", "area_m2": 6010.24, "area_ha": 0.601, "source": "reference_interpretation" }, "geometry": { "type": "Polygon", "coordinates": [ [ [ 767364.152590253390372, 962131.470623323810287 ], [ 767431.495191829977557, 962117.687347056460567 ], [ 767413.96276808064431, 962032.02708716399502 ], [ 767346.620166504057124, 962045.81036343134474 ], [ 767364.152590253390372, 962131.470623323810287 ] ] ] } },
{ "type": "Feature", "properties": { "parcel_id": "PARCEL_0248", "crop_class": 0, "crop_name": "Other", "taluk": "Ambasamudram", "area_m2": 5612.55, "area_ha": 0.5613, "source": "reference_interpretation" }, "geometry": { "type": "Polygon", "coordinates": [ [ [ 766648.389539691386744, 965444.97633407311514 ], [ 766708.706909030908719, 965438.626587042119354 ], [ 766699.018660387024283, 965346.596200814470649 ], [ 766638.701291047502309, 965352.945947845466435 ], [ 766648.389539691386744, 965444.97633407311514 ] ] ] } },
{ "type": "Feature", "properties": { "parcel_id": "PARCEL_0249", "crop_class": 0, "crop_name": "Other", "taluk": "Ambasamudram", "area_m2": 8972.16, "area_ha": 0.8972, "source": "reference_interpretation" }, "geometry": { "type": "Polygon", "coordinates": [ [ [ 765106.097577110398561, 965962.750932841096073 ], [ 765222.21175870182924, 965944.206666274694726 ], [ 765210.178098166827112, 965868.858383312588558 ], [ 765094.063916575396433, 965887.402649878989905 ], [ 765106.097577110398561, 965962.750932841096073 ] ] ] } },
{ "type": "Feature", "properties": { "parcel_id": "PARCEL_0250", "crop_class": 0, "crop_name": "Other", "taluk": "Ambasamudram", "area_m2": 7917.06, "area_ha": 0.7917, "source": "reference_interpretation" }, "geometry": { "type": "Polygon", "coordinates": [ [ [ 762181.756949482019991, 965849.805730646126904 ], [ 762286.86157754692249, 965833.837776484084316 ], [ 762275.67596887005493, 965760.211610744823702 ], [ 762170.571340805152431, 965776.17956490686629 ], [ 762181.756949482019991, 965849.805730646126904 ] ] ] } },
{ "type": "Feature", "properties": { "parcel_id": "PARCEL_0251", "crop_class": 0, "crop_name": "Other", "taluk": "Ambasamudram", "area_m2": 2850.11, "area_ha": 0.285, "source": "reference_interpretation" }, "geometry": { "type": "Polygon", "coordinates": [ [ [ 768683.038932195981033, 966553.267842125729658 ], [ 768734.353506214800291, 966538.623324468848296 ], [ 768719.696314087486826, 966487.264338946552016 ], [ 768668.381740068667568, 966501.908856603433378 ], [ 768683.038932195981033, 966553.267842125729658 ] ] ] } },
{ "type": "Feature", "properties": { "parcel_id": "PARCEL_0252", "crop_class": 0, "crop_name": "Other", "taluk": "Ambasamudram", "area_m2": 8384.45, "area_ha": 0.8384, "source": "reference_interpretation" }, "geometry": { "type": "Polygon", "coordinates": [ [ [ 767476.605048457975499, 967012.756230634520762 ], [ 767553.267869941308163, 967026.976146372384392 ], [ 767572.879387488239445, 966921.245965093956329 ], [ 767496.216566004906781, 966907.026049356092699 ], [ 767476.605048457975499, 967012.756230634520762 ] ] ] } },
{ "type": "Feature", "properties": { "parcel_id": "PARCEL_0253", "crop_class": 0, "crop_name": "Other", "taluk": "Ambasamudram", "area_m2": 2764.28, "area_ha": 0.2764, "source": "reference_interpretation" }, "geometry": { "type": "Polygon", "coordinates": [ [ [ 767829.916294684167951, 965814.678661018493585 ], [ 767885.845595037797466, 965806.902481353492476 ], [ 767879.104139830451459, 965758.415320645202883 ], [ 767823.174839476821944, 965766.191500310203992 ], [ 767829.916294684167951, 965814.678661018493585 ] ] ] } },
{ "type": "Feature", "properties": { "parcel_id": "PARCEL_0254", "crop_class": 0, "crop_name": "Other", "taluk": "Ambasamudram", "area_m2": 4958.87, "area_ha": 0.4959, "source": "reference_interpretation" }, "geometry": { "type": "Polygon", "coordinates": [ [ [ 766035.949437028262764, 964708.887186319101602 ], [ 766147.936386372894049, 964683.051686839433387 ], [ 766138.236988800577819, 964641.008530465885997 ], [ 766026.250039455946535, 964666.844029945554212 ], [ 766035.949437028262764, 964708.887186319101602 ] ] ] } },
{ "type": "Feature", "properties": { "parcel_id": "PARCEL_0255", "crop_class": 0, "crop_name": "Other", "taluk": "Ambasamudram", "area_m2": 5261.19, "area_ha": 0.5261, "source": "reference_interpretation" }, "geometry": { "type": "Polygon", "coordinates": [ [ [ 767298.275713504990563, 965450.781770459725522 ], [ 767361.113851531641558, 965433.04825838340912 ], [ 767339.228564471006393, 965355.498437279718928 ], [ 767276.390426444355398, 965373.231949356035329 ], [ 767298.275713504990563, 965450.781770459725522 ] ] ] } },
{ "type": "Feature", "properties": { "parcel_id": "PARCEL_0256", "crop_class": 0, "crop_name": "Other", "taluk": "Ambasamudram", "area_m2": 8358.44, "area_ha": 0.8358, "source": "reference_interpretation" }, "geometry": { "type": "Polygon", "coordinates": [ [ [ 766195.744973968830891, 966080.717781632207334 ], [ 766305.173646294861101, 966081.741803142474964 ], [ 766305.888363067642786, 966005.365958739072084 ], [ 766196.459690741612576, 966004.341937228804454 ], [ 766195.744973968830891, 966080.717781632207334 ] ] ] } },
{ "type": "Feature", "properties": { "parcel_id": "PARCEL_0257", "crop_class": 0, "crop_name": "Other", "taluk": "Ambasamudram", "area_m2": 2169.59, "area_ha": 0.217, "source": "reference_interpretation" }, "geometry": { "type": "Polygon", "coordinates": [ [ [ 769736.09573663410265, 965356.492843103711493 ], [ 769786.928411577246152, 965350.608710585976951 ], [ 769782.053200576570816, 965308.492049323976971 ], [ 769731.220525633427314, 965314.376181841711514 ], [ 769736.09573663410265, 965356.492843103711493 ] ] ] } },
{ "type": "Feature", "properties": { "parcel_id": "PARCEL_0258", "crop_class": 0, "crop_name": "Other", "taluk": "Ambasamudram", "area_m2": 11038.99, "area_ha": 1.1039, "source": "reference_interpretation" }, "geometry": { "type": "Polygon", "coordinates": [ [ [ 764279.391904532560147, 966341.505409089499153 ], [ 764370.493592273094691, 966318.857627420802601 ], [ 764342.123618726269342, 966204.738173732883297 ], [ 764251.021930985734798, 966227.385955401579849 ], [ 764279.391904532560147, 966341.505409089499153 ] ] ] } },
{ "type": "Feature", "properties": { "parcel_id": "PARCEL_0261", "crop_class": 0, "crop_name": "Other", "taluk": "Ambasamudram", "area_m2": 5308.07, "area_ha": 0.5308, "source": "reference_interpretation" }, "geometry": { "type": "Polygon", "coordinates": [ [ [ 767964.327680542715825, 966972.519599014194682 ], [ 768021.465640429290943, 966968.876049635699019 ], [ 768015.565678106038831, 966876.353134330827743 ], [ 767958.427718219463713, 966879.996683709323406 ], [ 767964.327680542715825, 966972.519599014194682 ] ] ] } },
{ "type": "Feature", "properties": { "parcel_id": "PARCEL_0262", "crop_class": 0, "crop_name": "Other", "taluk": "Ambasamudram", "area_m2": 11110.97, "area_ha": 1.1111, "source": "reference_interpretation" }, "geometry": { "type": "Polygon", "coordinates": [ [ [ 764582.506025718292221, 965926.141667789896019 ], [ 764671.751278148731217, 965901.339213985600509 ], [ 764639.632013580994681, 965785.766299432958476 ], [ 764550.386761150555685, 965810.568753237253986 ], [ 764582.506025718292221, 965926.141667789896019 ] ] ] } },
{ "type": "Feature", "properties": { "parcel_id": "PARCEL_0263", "crop_class": 0, "crop_name": "Other", "taluk": "Ambasamudram", "area_m2": 11250.14, "area_ha": 1.125, "source": "reference_interpretation" }, "geometry": { "type": "Polygon", "coordinates": [ [ [ 765827.703136935364455, 965943.564737019827589 ], [ 765937.274774194229394, 965947.972961914958432 ], [ 765941.39881532988511, 965845.465047708479688 ], [ 765831.827178071020171, 965841.056822813348845 ], [ 765827.703136935364455, 965943.564737019827589 ] ] ] } },
{ "type": "Feature", "properties": { "parcel_id": "PARCEL_0264", "crop_class": 0, "crop_name": "Other", "taluk": "Ambasamudram", "area_m2": 4785.63, "area_ha": 0.4786, "source": "reference_interpretation" }, "geometry": { "type": "Polygon", "coordinates": [ [ [ 766976.621532204560935, 965955.944426892790943 ], [ 767048.587376819225028, 965963.205516673158854 ], [ 767055.229224211303517, 965897.377084325766191 ], [ 766983.263379596639425, 965890.11599454539828 ], [ 766976.621532204560935, 965955.944426892790943 ] ] ] } },
{ "type": "Feature", "properties": { "parcel_id": "PARCEL_0265", "crop_class": 0, "crop_name": "Other", "taluk": "Ambasamudram", "area_m2": 7770.96, "area_ha": 0.7771, "source": "reference_interpretation" }, "geometry": { "type": "Polygon", "coordinates": [ [ [ 767017.255194470635615, 966368.312346202670597 ], [ 767119.198113229242153, 966387.992057197145186 ], [ 767133.385056988918222, 966314.50223534356337 ], [ 767031.442138230311684, 966294.822524349088781 ], [ 767017.255194470635615, 966368.312346202670597 ] ] ] } },
{ "type": "Feature", "properties": { "parcel_id": "PARCEL_0266", "crop_class": 0, "crop_name": "Other", "taluk": "Cheranmahadevi", "area_m2": 2669.07, "area_ha": 0.2669, "source": "reference_interpretation" }, "geometry": { "type": "Polygon", "coordinates": [ [ [ 785699.374388662050478, 957800.08760196575895 ], [ 785739.705278053064831, 957796.849234166555107 ], [ 785734.425462979474105, 957731.093998524360359 ], [ 785694.094573588459753, 957734.332366323564202 ], [ 785699.374388662050478, 957800.08760196575895 ] ] ] } },
{ "type": "Feature", "properties": { "parcel_id": "PARCEL_0268", "crop_class": 0, "crop_name": "Other", "taluk": "Cheranmahadevi", "area_m2": 4047.95, "area_ha": 0.4048, "source": "reference_interpretation" }, "geometry": { "type": "Polygon", "coordinates": [ [ [ 783145.080076295067556, 958320.434448871179484 ], [ 783190.702396347536705, 958325.05470232560765 ], [ 783199.596758578787558, 958237.228039920679294 ], [ 783153.974438526318409, 958232.607786466251127 ], [ 783145.080076295067556, 958320.434448871179484 ] ] ] } },
{ "type": "Feature", "properties": { "parcel_id": "PARCEL_0269", "crop_class": 0, "crop_name": "Other", "taluk": "Cheranmahadevi", "area_m2": 7676.43, "area_ha": 0.7676, "source": "reference_interpretation" }, "geometry": { "type": "Polygon", "coordinates": [ [ [ 784225.515911401482299, 961757.04983789101243 ], [ 784295.894160930067301, 961757.85563868121244 ], [ 784297.142845958704129, 961648.796094935387373 ], [ 784226.764596430119127, 961647.990294145187363 ], [ 784225.515911401482299, 961757.04983789101243 ] ] ] } },
{ "type": "Feature", "properties": { "parcel_id": "PARCEL_0270", "crop_class": 0, "crop_name": "Other", "taluk": "Cheranmahadevi", "area_m2": 4738.96, "area_ha": 0.4739, "source": "reference_interpretation" }, "geometry": { "type": "Polygon", "coordinates": [ [ [ 784650.908402244211175, 959013.262003731448203 ], [ 784718.084257898968644, 959009.178987081628293 ], [ 784713.812207203940488, 958938.893047678517178 ], [ 784646.636351549183019, 958942.976064328337088 ], [ 784650.908402244211175, 959013.262003731448203 ] ] ] } },
{ "type": "Feature", "properties": { "parcel_id": "PARCEL_0271", "crop_class": 0, "crop_name": "Other", "taluk": "Cheranmahadevi", "area_m2": 8968.77, "area_ha": 0.8969, "source": "reference_interpretation" }, "geometry": { "type": "Polygon", "coordinates": [ [ [ 787287.644076280877925, 961969.135323391761631 ], [ 787374.718232510029338, 961985.682074211072177 ], [ 787393.609478953876533, 961886.270451822550967 ], [ 787306.53532272472512, 961869.723701003240421 ], [ 787287.644076280877925, 961969.135323391761631 ] ] ] } },
{ "type": "Feature", "properties": { "parcel_id": "PARCEL_0272", "crop_class": 0, "crop_name": "Other", "taluk": "Cheranmahadevi", "area_m2": 5116.93, "area_ha": 0.5117, "source": "reference_interpretation" }, "geometry": { "type": "Polygon", "coordinates": [ [ [ 784984.236925597535446, 959477.444084173883311 ], [ 785094.543234267737716, 959506.866097303689457 ], [ 785106.094597599003464, 959463.558787108282559 ], [ 784995.788288928801194, 959434.136773978476413 ], [ 784984.236925597535446, 959477.444084173883311 ] ] ] } },
{ "type": "Feature", "properties": { "parcel_id": "PARCEL_0273", "crop_class": 0, "crop_name": "Other", "taluk": "Cheranmahadevi", "area_m2": 4774.94, "area_ha": 0.4775, "source": "reference_interpretation" }, "geometry": { "type": "Polygon", "coordinates": [ [ [ 784107.653354635811411, 958698.285135328769684 ], [ 784185.8669952735072, 958688.133168928790838 ], [ 784178.074125444167294, 958628.094680191017687 ], [ 784099.860484806471504, 958638.246646590996534 ], [ 784107.653354635811411, 958698.285135328769684 ] ] ] } },
{ "type": "Feature", "properties": { "parcel_id": "PARCEL_0274", "crop_class": 0, "crop_name": "Other", "taluk": "Cheranmahadevi", "area_m2": 5395.71, "area_ha": 0.5396, "source": "reference_interpretation" }, "geometry": { "type": "Polygon", "coordinates": [ [ [ 787203.999132427969016, 958288.695587415830232 ], [ 787286.949937116005458, 958294.19498909485992 ], [ 787291.243502535508014, 958229.432542682276107 ], [ 787208.292697847471572, 958223.933141003246419 ], [ 787203.999132427969016, 958288.695587415830232 ] ] ] } },
{ "type": "Feature", "properties": { "parcel_id": "PARCEL_0275", "crop_class": 0, "crop_name": "Other", "taluk": "Cheranmahadevi", "area_m2": 3635.99, "area_ha": 0.3636, "source": "reference_interpretation" }, "geometry": { "type": "Polygon", "coordinates": [ [ [ 783687.524019588832743, 960160.295331100351177 ], [ 783759.274598183692433, 960146.398748029838316 ], [ 783749.814688757876866, 960097.555520071298815 ], [ 783678.064110163017176, 960111.452103141811676 ], [ 783687.524019588832743, 960160.295331100351177 ] ] ] } },
{ "type": "Feature", "properties": { "parcel_id": "PARCEL_0276", "crop_class": 0, "crop_name": "Other", "taluk": "Cheranmahadevi", "area_m2": 7932.61, "area_ha": 0.7933, "source": "reference_interpretation" }, "geometry": { "type": "Polygon", "coordinates": [ [ [ 783726.871429097256623, 959717.850426718709059 ], [ 783806.613598960335366, 959698.684568791068159 ], [ 783784.009973773150705, 959604.63909866346512 ], [ 783704.267803910071962, 959623.80495659110602 ], [ 783726.871429097256623, 959717.850426718709059 ] ] ] } },
{ "type": "Feature", "properties": { "parcel_id": "PARCEL_0277", "crop_class": 0, "crop_name": "Other", "taluk": "Cheranmahadevi", "area_m2": 9208.67, "area_ha": 0.9209, "source": "reference_interpretation" }, "geometry": { "type": "Polygon", "coordinates": [ [ [ 782567.895190534298308, 959556.567098662140779 ], [ 782682.96242115215864, 959577.933537499862723 ], [ 782697.327368751750328, 959500.572272442863323 ], [ 782582.260138133889996, 959479.205833605141379 ], [ 782567.895190534298308, 959556.567098662140779 ] ] ] } },
{ "type": "Feature", "properties": { "parcel_id": "PARCEL_0278", "crop_class": 0, "crop_name": "Other", "taluk": "Cheranmahadevi", "area_m2": 10525.82, "area_ha": 1.0526, "source": "reference_interpretation" }, "geometry": { "type": "Polygon", "coordinates": [ [ [ 784409.086976364837028, 959131.612656389595941 ], [ 784499.57066226482857, 959137.136028729844838 ], [ 784506.645304936100729, 959021.239488374209031 ], [ 784416.161619036109187, 959015.716116033960134 ], [ 784409.086976364837028, 959131.612656389595941 ] ] ] } },
{ "type": "Feature", "properties": { "parcel_id": "PARCEL_0279", "crop_class": 0, "crop_name": "Other", "taluk": "Cheranmahadevi", "area_m2": 3317.92, "area_ha": 0.3318, "source": "reference_interpretation" }, "geometry": { "type": "Polygon", "coordinates": [ [ [ 785556.994317253353074, 959075.190862157265656 ], [ 785615.111613302025944, 959079.066541148466058 ], [ 785618.901935919187963, 959022.229196732048877 ], [ 785560.784639870515093, 959018.353517740848474 ], [ 785556.994317253353074, 959075.190862157265656 ] ] ] } },
{ "type": "Feature", "properties": { "parcel_id": "PARCEL_0280", "crop_class": 0, "crop_name": "Other", "taluk": "Cheranmahadevi", "area_m2": 7646.78, "area_ha": 0.7647, "source": "reference_interpretation" }, "geometry": { "type": "Polygon", "coordinates": [ [ [ 787519.018144879955798, 958681.432090485701337 ], [ 787629.62704862235114, 958663.822865982074291 ], [ 787618.892876869533211, 958596.398263046983629 ], [ 787508.28397312713787, 958614.007487550610676 ], [ 787519.018144879955798, 958681.432090485701337 ] ] ] } },
{ "type": "Feature", "properties": { "parcel_id": "PARCEL_0281", "crop_class": 0, "crop_name": "Other", "taluk": "Cheranmahadevi", "area_m2": 7819.2, "area_ha": 0.7819, "source": "reference_interpretation" }, "geometry": { "type": "Polygon", "coordinates": [ [ [ 784150.521177566261031, 960105.362689058878459 ], [ 784255.796105356770568, 960115.981768403784372 ], [ 784263.212666384526528, 960042.455815607798286 ], [ 784157.937738594016992, 960031.836736262892373 ], [ 784150.521177566261031, 960105.362689058878459 ] ] ] } },
{ "type": "Feature", "properties": { "parcel_id": "PARCEL_0282", "crop_class": 0, "crop_name": "Other", "taluk": "Cheranmahadevi", "area_m2": 6618.87, "area_ha": 0.6619, "source": "reference_interpretation" }, "geometry": { "type": "Polygon", "coordinates": [ [ [ 785902.342087074415758, 958111.717060851631686 ], [ 785976.977948548970744, 958096.650437029311433 ], [ 785959.776775066740811, 958011.440610570134595 ], [ 785885.140913592185825, 958026.507234392454848 ], [ 785902.342087074415758, 958111.717060851631686 ] ] ] } },
{ "type": "Feature", "properties": { "parcel_id": "PARCEL_0283", "crop_class": 0, "crop_name": "Other", "taluk": "Cheranmahadevi", "area_m2": 2732.62, "area_ha": 0.2733, "source": "reference_interpretation" }, "geometry": { "type": "Polygon", "coordinates": [ [ [ 786620.01013154478278, 959527.503954127198085 ], [ 786675.023160585318692, 959511.337672600755468 ], [ 786661.586639810702763, 959465.613879756303504 ], [ 786606.573610770166852, 959481.780161282746121 ], [ 786620.01013154478278, 959527.503954127198085 ] ] ] } },
{ "type": "Feature", "properties": { "parcel_id": "PARCEL_0284", "crop_class": 0, "crop_name": "Other", "taluk": "Cheranmahadevi", "area_m2": 4903.21, "area_ha": 0.4903, "source": "reference_interpretation" }, "geometry": { "type": "Polygon", "coordinates": [ [ [ 787664.38880829163827, 960980.029625176801346 ], [ 787747.945280644576997, 960974.552494529751129 ], [ 787744.115167162381113, 960916.122124340967275 ], [ 787660.558694809442386, 960921.599254988017492 ], [ 787664.38880829163827, 960980.029625176801346 ] ] ] } },
{ "type": "Feature", "properties": { "parcel_id": "PARCEL_0285", "crop_class": 0, "crop_name": "Other", "taluk": "Cheranmahadevi", "area_m2": 6060.07, "area_ha": 0.606, "source": "reference_interpretation" }, "geometry": { "type": "Polygon", "coordinates": [ [ [ 785279.014416333753616, 962113.982403999776579 ], [ 785397.222329503390938, 962127.886579297832213 ], [ 785403.170209601754323, 962077.320006370660849 ], [ 785284.962296432117, 962063.415831072605215 ], [ 785279.014416333753616, 962113.982403999776579 ] ] ] } },
{ "type": "Feature", "properties": { "parcel_id": "PARCEL_0287", "crop_class": 0, "crop_name": "Other", "taluk": "Cheranmahadevi", "area_m2": 2870.81, "area_ha": 0.2871, "source": "reference_interpretation" }, "geometry": { "type": "Polygon", "coordinates": [ [ [ 786499.857824175618589, 960984.159544929047115 ], [ 786559.886650707572699, 960968.92083415214438 ], [ 786548.481260891305283, 960923.992350579355843 ], [ 786488.452434359351173, 960939.231061356258579 ], [ 786499.857824175618589, 960984.159544929047115 ] ] ] } },
{ "type": "Feature", "properties": { "parcel_id": "PARCEL_0288", "crop_class": 0, "crop_name": "Other", "taluk": "Cheranmahadevi", "area_m2": 3115.87, "area_ha": 0.3116, "source": "reference_interpretation" }, "geometry": { "type": "Polygon", "coordinates": [ [ [ 783484.139206243678927, 958168.826017942395993 ], [ 783552.534438128815964, 958169.608211332117207 ], [ 783553.05537554435432, 958124.057282632333227 ], [ 783484.660143659217283, 958123.275089242612012 ], [ 783484.139206243678927, 958168.826017942395993 ] ] ] } },
{ "type": "Feature", "properties": { "parcel_id": "PARCEL_0289", "crop_class": 0, "crop_name": "Other", "taluk": "Cheranmahadevi", "area_m2": 10165.13, "area_ha": 1.0165, "source": "reference_interpretation" }, "geometry": { "type": "Polygon", "coordinates": [ [ [ 785864.712001058273017, 957177.859765578410588 ], [ 785975.096742251189426, 957180.042872188030742 ], [ 785976.917281388305128, 957087.99068353290204 ], [ 785866.532540195388719, 957085.807576923281886 ], [ 785864.712001058273017, 957177.859765578410588 ] ] ] } },
{ "type": "Feature", "properties": { "parcel_id": "PARCEL_0290", "crop_class": 0, "crop_name": "Other", "taluk": "Cheranmahadevi", "area_m2": 11183.21, "area_ha": 1.1183, "source": "reference_interpretation" }, "geometry": { "type": "Polygon", "coordinates": [ [ [ 783336.960698831710033, 957574.786990137188695 ], [ 783430.078913703910075, 957583.857623226591386 ], [ 783441.667576467501931, 957464.889566790661775 ], [ 783348.549361595301889, 957455.818933701259084 ], [ 783336.960698831710033, 957574.786990137188695 ] ] ] } },
{ "type": "Feature", "properties": { "parcel_id": "PARCEL_0291", "crop_class": 0, "crop_name": "Other", "taluk": "Cheranmahadevi", "area_m2": 3460.18, "area_ha": 0.346, "source": "reference_interpretation" }, "geometry": { "type": "Polygon", "coordinates": [ [ [ 788471.211751840193756, 959523.770089362864383 ], [ 788548.374266719329171, 959526.655620690085925 ], [ 788550.048840775503777, 959481.875533115700819 ], [ 788472.886325896368362, 959478.990001788479276 ], [ 788471.211751840193756, 959523.770089362864383 ] ] ] } },
{ "type": "Feature", "properties": { "parcel_id": "PARCEL_0292", "crop_class": 0, "crop_name": "Other", "taluk": "Cheranmahadevi", "area_m2": 3955.55, "area_ha": 0.3956, "source": "reference_interpretation" }, "geometry": { "type": "Polygon", "coordinates": [ [ [ 783676.049555818433873, 959780.38636869576294 ], [ 783758.879034727462567, 959777.919189747073688 ], [ 783757.457845085882582, 959730.206235032412224 ], [ 783674.628366176853888, 959732.673413981101476 ], [ 783676.049555818433873, 959780.38636869576294 ] ] ] } },
{ "type": "Feature", "properties": { "parcel_id": "PARCEL_0293", "crop_class": 0, "crop_name": "Other", "taluk": "Cheranmahadevi", "area_m2": 9658.14, "area_ha": 0.9658, "source": "reference_interpretation" }, "geometry": { "type": "Polygon", "coordinates": [ [ [ 784117.835445973090827, 960521.624409380019642 ], [ 784207.984037431422621, 960545.249716648249887 ], [ 784234.256760703865439, 960444.999211124959402 ], [ 784144.108169245533645, 960421.373903856729157 ], [ 784117.835445973090827, 960521.624409380019642 ] ] ] } },
{ "type": "Feature", "properties": { "parcel_id": "PARCEL_0294", "crop_class": 0, "crop_name": "Other", "taluk": "Cheranmahadevi", "area_m2": 6231.81, "area_ha": 0.6232, "source": "reference_interpretation" }, "geometry": { "type": "Polygon", "coordinates": [ [ [ 784498.59054802742321, 957362.564836701261811 ], [ 784549.080227736965753, 957375.790978666977026 ], [ 784579.336687232018448, 957260.28950038284529 ], [ 784528.847007522475906, 957247.063358417130075 ], [ 784498.59054802742321, 957362.564836701261811 ] ] ] } },
{ "type": "Feature", "properties": { "parcel_id": "PARCEL_0295", "crop_class": 0, "crop_name": "Other", "taluk": "Cheranmahadevi", "area_m2": 7341.66, "area_ha": 0.7342, "source": "reference_interpretation" }, "geometry": { "type": "Polygon", "coordinates": [ [ [ 787654.940044539631344, 959223.610927162342705 ], [ 787734.147288842475973, 959203.678900807281025 ], [ 787712.211675385362469, 959116.509665573365055 ], [ 787633.00443108251784, 959136.441691928426735 ], [ 787654.940044539631344, 959223.610927162342705 ] ] ] } },
{ "type": "Feature", "properties": { "parcel_id": "PARCEL_0296", "crop_class": 0, "crop_name": "Other", "taluk": "Cheranmahadevi", "area_m2": 10880.36, "area_ha": 1.088, "source": "reference_interpretation" }, "geometry": { "type": "Polygon", "coordinates": [ [ [ 784491.521984369494021, 959478.265259340172634 ], [ 784596.776413443963975, 959491.517408759333193 ], [ 784609.588450620649382, 959389.758545676711947 ], [ 784504.334021546179429, 959376.506396257551387 ], [ 784491.521984369494021, 959478.265259340172634 ] ] ] } },
{ "type": "Feature", "properties": { "parcel_id": "PARCEL_0297", "crop_class": 0, "crop_name": "Other", "taluk": "Cheranmahadevi", "area_m2": 5404.27, "area_ha": 0.5404, "source": "reference_interpretation" }, "geometry": { "type": "Polygon", "coordinates": [ [ [ 784059.870352655416355, 957459.210158468107693 ], [ 784106.857279571238905, 957460.727486737887375 ], [ 784110.567589516052976, 957345.830752993118949 ], [ 784063.580662600230426, 957344.313424723339267 ], [ 784059.870352655416355, 957459.210158468107693 ] ] ] } },
{ "type": "Feature", "properties": { "parcel_id": "PARCEL_0298", "crop_class": 0, "crop_name": "Other", "taluk": "Cheranmahadevi", "area_m2": 6671.91, "area_ha": 0.6672, "source": "reference_interpretation" }, "geometry": { "type": "Polygon", "coordinates": [ [ [ 783935.121761747752316, 957122.442234974354506 ], [ 784010.894611764117144, 957123.155100958887488 ], [ 784011.722920630942099, 957035.111450541531667 ], [ 783935.950070614577271, 957034.398584556998685 ], [ 783935.121761747752316, 957122.442234974354506 ] ] ] } },
{ "type": "Feature", "properties": { "parcel_id": "PARCEL_0299", "crop_class": 0, "crop_name": "Other", "taluk": "Cheranmahadevi", "area_m2": 12905.85, "area_ha": 1.2906, "source": "reference_interpretation" }, "geometry": { "type": "Polygon", "coordinates": [ [ [ 785439.702655211323872, 960069.806916244095191 ], [ 785557.254271833458915, 960049.035664639668539 ], [ 785538.442063244991004, 959942.570942439837381 ], [ 785420.890446622855961, 959963.342194044264033 ], [ 785439.702655211323872, 960069.806916244095191 ] ] ] } },
{ "type": "Feature", "properties": { "parcel_id": "PARCEL_0300", "crop_class": 0, "crop_name": "Other", "taluk": "Cheranmahadevi", "area_m2": 12064.94, "area_ha": 1.2065, "source": "reference_interpretation" }, "geometry": { "type": "Polygon", "coordinates": [ [ [ 784646.361750982119702, 960443.305625406093895 ], [ 784754.747807523817755, 960463.426942592021078 ], [ 784774.724306491552852, 960355.820967962266877 ], [ 784666.338249949854799, 960335.699650776339695 ], [ 784646.361750982119702, 960443.305625406093895 ] ] ] } }
]
}
