{
"type": "FeatureCollection",
"name": "classified_parcels",
"crs": { "type": "name", "properties": { "name": "urn:ogc:def:crs:OGC:1.3:CRS84" } },
"features": [
{ "type": "Feature", "properties": { "parcel_id": "PARCEL_0001", "taluk": "Ambasamudram", "area_m2": 8069.53, "area_ha": 0.80695290591528246, "area_sq_m": 8069.5290591528246, "area_sq_km": 0.0080695290591528239, "predicted_crop": "Other", "confidence": 0.63389999, "confidence_tier": "MEDIUM_CONFIDENCE", "prob_paddy": 0.2464, "prob_banana": 0.1197, "prob_other": 0.63389999, "data_quality_flag": "GOOD", "valid_pixel_count": 84, "number_of_valid_dates": 4, "model_name": "XGBoost_Advanced", "model_version": "v2.0", "feature_set": "FEATURE_SET_TEMPORAL", "prediction_date": "2026-10-08" }, "geometry": { "type": "Polygon", "coordinates": [ [ [ 77.447964550453705, 8.707498097876742 ], [ 77.448798339029409, 8.707318790001814 ], [ 77.448633477501488, 8.706559850709329 ], [ 77.447799690328793, 8.706739157785988 ], [ 77.447964550453705, 8.707498097876742 ] ] ] } },
{ "type": "Feature", "properties": { "parcel_id": "PARCEL_0002", "taluk": "Ambasamudram", "area_m2": 4738.44, "area_ha": 0.47384423536541082, "area_sq_m": 4738.442353654108, "area_sq_km": 0.0047384423536541084, "predicted_crop": "Paddy", "confidence": 0.99330002, "confidence_tier": "HIGH_CONFIDENCE", "prob_paddy": 0.99330002, "prob_banana": 0.0013, "prob_other": 0.0053, "data_quality_flag": "GOOD", "valid_pixel_count": 44, "number_of_valid_dates": 4, "model_name": "XGBoost_Advanced", "model_version": "v2.0", "feature_set": "FEATURE_SET_TEMPORAL", "prediction_date": "2026-10-08" }, "geometry": { "type": "Polygon", "coordinates": [ [ [ 77.444353906704436, 8.719618733797379 ], [ 77.445162269546884, 8.719846071545742 ], [ 77.445288850162044, 8.719400510970583 ], [ 77.444480488352468, 8.719173173244391 ], [ 77.444353906704436, 8.719618733797379 ] ] ] } },
{ "type": "Feature", "properties": { "parcel_id": "PARCEL_0003", "taluk": "Ambasamudram", "area_m2": 3715.74, "area_ha": 0.37157394995410603, "area_sq_m": 3715.7394995410605, "area_sq_km": 0.0037157394995410604, "predicted_crop": "Paddy", "confidence": 0.98760003, "confidence_tier": "HIGH_CONFIDENCE", "prob_paddy": 0.98760003, "prob_banana": 0.0018, "prob_other": 0.0106, "data_quality_flag": "GOOD", "valid_pixel_count": 36, "number_of_valid_dates": 4, "model_name": "XGBoost_Advanced", "model_version": "v2.0", "feature_set": "FEATURE_SET_TEMPORAL", "prediction_date": "2026-10-08" }, "geometry": { "type": "Polygon", "coordinates": [ [ [ 77.432310706840809, 8.714821080822878 ], [ 77.432859704802382, 8.714753058894445 ], [ 77.432791232019284, 8.714205976122859 ], [ 77.432242234790181, 8.714273997738381 ], [ 77.432310706840809, 8.714821080822878 ] ] ] } },
{ "type": "Feature", "properties": { "parcel_id": "PARCEL_0004", "taluk": "Ambasamudram", "area_m2": 5850.73, "area_ha": 0.58507279176067661, "area_sq_m": 5850.7279176067659, "area_sq_km": 0.0058507279176067658, "predicted_crop": "Paddy", "confidence": 0.99580002, "confidence_tier": "HIGH_CONFIDENCE", "prob_paddy": 0.99580002, "prob_banana": 0.0007, "prob_other": 0.0035, "data_quality_flag": "GOOD", "valid_pixel_count": 56, "number_of_valid_dates": 4, "model_name": "XGBoost_Advanced", "model_version": "v2.0", "feature_set": "FEATURE_SET_TEMPORAL", "prediction_date": "2026-10-08" }, "geometry": { "type": "Polygon", "coordinates": [ [ [ 77.397329721081718, 8.71960835138256 ], [ 77.397927476758653, 8.719473699921826 ], [ 77.397753556736504, 8.718709397141907 ], [ 77.397155802064773, 8.718844048021923 ], [ 77.397329721081718, 8.71960835138256 ] ] ] } },
{ "type": "Feature", "properties": { "parcel_id": "PARCEL_0005", "taluk": "Ambasamudram", "area_m2": 7512.88, "area_ha": 0.75128805147676725, "area_sq_m": 7512.8805147676721, "area_sq_km": 0.0075128805147676725, "predicted_crop": "Paddy", "confidence": 0.98680001, "confidence_tier": "HIGH_CONFIDENCE", "prob_paddy": 0.98680001, "prob_banana": 0.0032, "prob_other": 0.01, "data_quality_flag": "GOOD", "valid_pixel_count": 72, "number_of_valid_dates": 4, "model_name": "XGBoost_Advanced", "model_version": "v2.0", "feature_set": "FEATURE_SET_TEMPORAL", "prediction_date": "2026-10-08" }, "geometry": { "type": "Polygon", "coordinates": [ [ [ 77.424981130156695, 8.693855911163586 ], [ 77.425671592939906, 8.693726204973371 ], [ 77.425507965789961, 8.692863825416515 ], [ 77.424817504367553, 8.692993530897484 ], [ 77.424981130156695, 8.693855911163586 ] ] ] } },
{ "type": "Feature", "properties": { "parcel_id": "PARCEL_0006", "taluk": "Ambasamudram", "area_m2": 4563.58, "area_ha": 0.45635803466776431, "area_sq_m": 4563.5803466776433, "area_sq_km": 0.0045635803466776434, "predicted_crop": "Paddy", "confidence": 0.97719997, "confidence_tier": "HIGH_CONFIDENCE", "prob_paddy": 0.97719997, "prob_banana": 0.0219, "prob_other": 0.0009, "data_quality_flag": "GOOD", "valid_pixel_count": 48, "number_of_valid_dates": 4, "model_name": "XGBoost_Advanced", "model_version": "v2.0", "feature_set": "FEATURE_SET_TEMPORAL", "prediction_date": "2026-10-08" }, "geometry": { "type": "Polygon", "coordinates": [ [ [ 77.48190473325829, 8.713015603290888 ], [ 77.482374209539159, 8.712918844918239 ], [ 77.482214940924322, 8.712153822326565 ], [ 77.48174546544729, 8.712250580249913 ], [ 77.48190473325829, 8.713015603290888 ] ] ] } },
{ "type": "Feature", "properties": { "parcel_id": "PARCEL_0007", "taluk": "Ambasamudram", "area_m2": 6957.36, "area_ha": 0.69573573032562841, "area_sq_m": 6957.3573032562845, "area_sq_km": 0.0069573573032562846, "predicted_crop": "Paddy", "confidence": 0.98869997, "confidence_tier": "HIGH_CONFIDENCE", "prob_paddy": 0.98869997, "prob_banana": 0.0066, "prob_other": 0.0046, "data_quality_flag": "GOOD", "valid_pixel_count": 72, "number_of_valid_dates": 4, "model_name": "XGBoost_Advanced", "model_version": "v2.0", "feature_set": "FEATURE_SET_TEMPORAL", "prediction_date": "2026-10-08" }, "geometry": { "type": "Polygon", "coordinates": [ [ [ 77.430025995735178, 8.705911230026608 ], [ 77.430830630549423, 8.705721068763204 ], [ 77.430670250210511, 8.705049233446109 ], [ 77.429865616564911, 8.70523939400419 ], [ 77.430025995735178, 8.705911230026608 ] ] ] } },
{ "type": "Feature", "properties": { "parcel_id": "PARCEL_0008", "taluk": "Ambasamudram", "area_m2": 6851.43, "area_ha": 0.6851431251937885, "area_sq_m": 6851.4312519378855, "area_sq_km": 0.0068514312519378853, "predicted_crop": "Paddy", "confidence": 0.98360002, "confidence_tier": "HIGH_CONFIDENCE", "prob_paddy": 0.98360002, "prob_banana": 0.003, "prob_other": 0.0134, "data_quality_flag": "GOOD", "valid_pixel_count": 72, "number_of_valid_dates": 4, "model_name": "XGBoost_Advanced", "model_version": "v2.0", "feature_set": "FEATURE_SET_TEMPORAL", "prediction_date": "2026-10-08" }, "geometry": { "type": "Polygon", "coordinates": [ [ [ 77.430963417432537, 8.708828427683176 ], [ 77.431909173514654, 8.708914376303236 ], [ 77.431963308185772, 8.708324650980854 ], [ 77.431017553649866, 8.708238702090112 ], [ 77.430963417432537, 8.708828427683176 ] ] ] } },
{ "type": "Feature", "properties": { "parcel_id": "PARCEL_0009", "taluk": "Ambasamudram", "area_m2": 5058.52, "area_ha": 0.50585167962721223, "area_sq_m": 5058.5167962721225, "area_sq_km": 0.0050585167962721228, "predicted_crop": "Paddy", "confidence": 0.84359998, "confidence_tier": "HIGH_CONFIDENCE", "prob_paddy": 0.84359998, "prob_banana": 0.035700001, "prob_other": 0.1207, "data_quality_flag": "GOOD", "valid_pixel_count": 52, "number_of_valid_dates": 4, "model_name": "XGBoost_Advanced", "model_version": "v2.0", "feature_set": "FEATURE_SET_TEMPORAL", "prediction_date": "2026-10-08" }, "geometry": { "type": "Polygon", "coordinates": [ [ [ 77.443027727768182, 8.687471229674534 ], [ 77.443751440186574, 8.687674648196943 ], [ 77.443902269060089, 8.687143347663929 ], [ 77.443178557740737, 8.686939929164037 ], [ 77.443027727768182, 8.687471229674534 ] ] ] } },
{ "type": "Feature", "properties": { "parcel_id": "PARCEL_0010", "taluk": "Ambasamudram", "area_m2": 5824.78, "area_ha": 0.58247844586966158, "area_sq_m": 5824.7844586966157, "area_sq_km": 0.0058247844586966158, "predicted_crop": "Paddy", "confidence": 0.98890001, "confidence_tier": "HIGH_CONFIDENCE", "prob_paddy": 0.98890001, "prob_banana": 0.0061, "prob_other": 0.0049, "data_quality_flag": "GOOD", "valid_pixel_count": 56, "number_of_valid_dates": 4, "model_name": "XGBoost_Advanced", "model_version": "v2.0", "feature_set": "FEATURE_SET_TEMPORAL", "prediction_date": "2026-10-08" }, "geometry": { "type": "Polygon", "coordinates": [ [ [ 77.443402162063137, 8.718454548715833 ], [ 77.444341699812824, 8.718275854675348 ], [ 77.444247374347398, 8.71778490452826 ], [ 77.443307837651645, 8.717963598013696 ], [ 77.443402162063137, 8.718454548715833 ] ] ] } },
{ "type": "Feature", "properties": { "parcel_id": "PARCEL_0011", "taluk": "Ambasamudram", "area_m2": 4859.76, "area_ha": 0.48597609068115699, "area_sq_m": 4859.7609068115698, "area_sq_km": 0.0048597609068115697, "predicted_crop": "Paddy", "confidence": 0.98049998, "confidence_tier": "HIGH_CONFIDENCE", "prob_paddy": 0.98049998, "prob_banana": 0.0059, "prob_other": 0.0136, "data_quality_flag": "GOOD", "valid_pixel_count": 48, "number_of_valid_dates": 4, "model_name": "XGBoost_Advanced", "model_version": "v2.0", "feature_set": "FEATURE_SET_TEMPORAL", "prediction_date": "2026-10-08" }, "geometry": { "type": "Polygon", "coordinates": [ [ [ 77.43789234092074, 8.705558655421283 ], [ 77.438546205380504, 8.705684314484705 ], [ 77.438660371174947, 8.705096191586081 ], [ 77.43800650780895, 8.704970532445104 ], [ 77.43789234092074, 8.705558655421283 ] ] ] } },
{ "type": "Feature", "properties": { "parcel_id": "PARCEL_0012", "taluk": "Ambasamudram", "area_m2": 4826.19, "area_ha": 0.48261854140919158, "area_sq_m": 4826.1854140919158, "area_sq_km": 0.0048261854140919155, "predicted_crop": "Paddy", "confidence": 0.9727, "confidence_tier": "HIGH_CONFIDENCE", "prob_paddy": 0.9727, "prob_banana": 0.0038, "prob_other": 0.0235, "data_quality_flag": "GOOD", "valid_pixel_count": 48, "number_of_valid_dates": 4, "model_name": "XGBoost_Advanced", "model_version": "v2.0", "feature_set": "FEATURE_SET_TEMPORAL", "prediction_date": "2026-10-08" }, "geometry": { "type": "Polygon", "coordinates": [ [ [ 77.417694929851606, 8.69936684568081 ], [ 77.41843336782884, 8.699496703533333 ], [ 77.418525770885438, 8.698976485653716 ], [ 77.417787333996202, 8.698846627707747 ], [ 77.417694929851606, 8.69936684568081 ] ] ] } },
{ "type": "Feature", "properties": { "parcel_id": "PARCEL_0013", "taluk": "Ambasamudram", "area_m2": 4979.16, "area_ha": 0.49791617013966433, "area_sq_m": 4979.1617013966434, "area_sq_km": 0.0049791617013966432, "predicted_crop": "Paddy", "confidence": 0.98589998, "confidence_tier": "HIGH_CONFIDENCE", "prob_paddy": 0.98589998, "prob_banana": 0.001, "prob_other": 0.0131, "data_quality_flag": "GOOD", "valid_pixel_count": 44, "number_of_valid_dates": 4, "model_name": "XGBoost_Advanced", "model_version": "v2.0", "feature_set": "FEATURE_SET_TEMPORAL", "prediction_date": "2026-10-08" }, "geometry": { "type": "Polygon", "coordinates": [ [ [ 77.428884501090536, 8.715701982220448 ], [ 77.42933849850904, 8.71575538901844 ], [ 77.429444002227228, 8.714867540517046 ], [ 77.428990005936768, 8.714814133553652 ], [ 77.428884501090536, 8.715701982220448 ] ] ] } },
{ "type": "Feature", "properties": { "parcel_id": "PARCEL_0014", "taluk": "Ambasamudram", "area_m2": 3893.08, "area_ha": 0.38930840329385735, "area_sq_m": 3893.0840329385737, "area_sq_km": 0.0038930840329385735, "predicted_crop": "Paddy", "confidence": 0.96219999, "confidence_tier": "HIGH_CONFIDENCE", "prob_paddy": 0.96219999, "prob_banana": 0.025800001, "prob_other": 0.012, "data_quality_flag": "GOOD", "valid_pixel_count": 40, "number_of_valid_dates": 4, "model_name": "XGBoost_Advanced", "model_version": "v2.0", "feature_set": "FEATURE_SET_TEMPORAL", "prediction_date": "2026-10-08" }, "geometry": { "type": "Polygon", "coordinates": [ [ [ 77.45469856201791, 8.717045645192377 ], [ 77.455179237359104, 8.71693014068971 ], [ 77.455026758746669, 8.716301979396448 ], [ 77.454546084054854, 8.716417483500113 ], [ 77.45469856201791, 8.717045645192377 ] ] ] } },
{ "type": "Feature", "properties": { "parcel_id": "PARCEL_0015", "taluk": "Ambasamudram", "area_m2": 3759.08, "area_ha": 0.37590819226718608, "area_sq_m": 3759.0819226718609, "area_sq_km": 0.0037590819226718608, "predicted_crop": "Paddy", "confidence": 0.98940003, "confidence_tier": "HIGH_CONFIDENCE", "prob_paddy": 0.98940003, "prob_banana": 0.0009, "prob_other": 0.0097, "data_quality_flag": "GOOD", "valid_pixel_count": 44, "number_of_valid_dates": 4, "model_name": "XGBoost_Advanced", "model_version": "v2.0", "feature_set": "FEATURE_SET_TEMPORAL", "prediction_date": "2026-10-08" }, "geometry": { "type": "Polygon", "coordinates": [ [ [ 77.445386957624578, 8.719404059842324 ], [ 77.446016885023397, 8.719328559944229 ], [ 77.4459584266326, 8.718845731466498 ], [ 77.445328499978274, 8.718921231049485 ], [ 77.445386957624578, 8.719404059842324 ] ] ] } },
{ "type": "Feature", "properties": { "parcel_id": "PARCEL_0016", "taluk": "Ambasamudram", "area_m2": 9110.65, "area_ha": 0.91106474475584542, "area_sq_m": 9110.6474475584546, "area_sq_km": 0.0091106474475584551, "predicted_crop": "Paddy", "confidence": 0.98430002, "confidence_tier": "HIGH_CONFIDENCE", "prob_paddy": 0.98430002, "prob_banana": 0.0141, "prob_other": 0.0016, "data_quality_flag": "GOOD", "valid_pixel_count": 80, "number_of_valid_dates": 4, "model_name": "XGBoost_Advanced", "model_version": "v2.0", "feature_set": "FEATURE_SET_TEMPORAL", "prediction_date": "2026-10-08" }, "geometry": { "type": "Polygon", "coordinates": [ [ [ 77.459021359652951, 8.699191476144776 ], [ 77.459822697825729, 8.699173000726699 ], [ 77.459800977483724, 8.698240332642087 ], [ 77.458999641270566, 8.698258807464439 ], [ 77.459021359652951, 8.699191476144776 ] ] ] } },
{ "type": "Feature", "properties": { "parcel_id": "PARCEL_0017", "taluk": "Ambasamudram", "area_m2": 8003.43, "area_ha": 0.80034274187212029, "area_sq_m": 8003.4274187212031, "area_sq_km": 0.008003427418721204, "predicted_crop": "Paddy", "confidence": 0.98320001, "confidence_tier": "HIGH_CONFIDENCE", "prob_paddy": 0.98320001, "prob_banana": 0.0072, "prob_other": 0.0096, "data_quality_flag": "GOOD", "valid_pixel_count": 88, "number_of_valid_dates": 4, "model_name": "XGBoost_Advanced", "model_version": "v2.0", "feature_set": "FEATURE_SET_TEMPORAL", "prediction_date": "2026-10-08" }, "geometry": { "type": "Polygon", "coordinates": [ [ [ 77.445566819637989, 8.701852985616693 ], [ 77.44642497490608, 8.70198738226428 ], [ 77.446543141588521, 8.701240382471395 ], [ 77.445684988131177, 8.701105985627523 ], [ 77.445566819637989, 8.701852985616693 ] ] ] } },
{ "type": "Feature", "properties": { "parcel_id": "PARCEL_0018", "taluk": "Ambasamudram", "area_m2": 3898.0, "area_ha": 0.3898004224903755, "area_sq_m": 3898.0042249037551, "area_sq_km": 0.003898004224903755, "predicted_crop": "Paddy", "confidence": 0.991, "confidence_tier": "HIGH_CONFIDENCE", "prob_paddy": 0.991, "prob_banana": 0.0074, "prob_other": 0.0016, "data_quality_flag": "GOOD", "valid_pixel_count": 40, "number_of_valid_dates": 4, "model_name": "XGBoost_Advanced", "model_version": "v2.0", "feature_set": "FEATURE_SET_TEMPORAL", "prediction_date": "2026-10-08" }, "geometry": { "type": "Polygon", "coordinates": [ [ [ 77.494975776525578, 8.698549895724039 ], [ 77.495642865425651, 8.698386156798476 ], [ 77.495530786957119, 8.697934086336785 ], [ 77.494863698697912, 8.698097824857262 ], [ 77.494975776525578, 8.698549895724039 ] ] ] } },
{ "type": "Feature", "properties": { "parcel_id": "PARCEL_0019", "taluk": "Ambasamudram", "area_m2": 5544.32, "area_ha": 0.55443200755641397, "area_sq_m": 5544.3200755641401, "area_sq_km": 0.0055443200755641402, "predicted_crop": "Paddy", "confidence": 0.97079998, "confidence_tier": "HIGH_CONFIDENCE", "prob_paddy": 0.97079998, "prob_banana": 0.022500001, "prob_other": 0.0067, "data_quality_flag": "GOOD", "valid_pixel_count": 56, "number_of_valid_dates": 4, "model_name": "XGBoost_Advanced", "model_version": "v2.0", "feature_set": "FEATURE_SET_TEMPORAL", "prediction_date": "2026-10-08" }, "geometry": { "type": "Polygon", "coordinates": [ [ [ 77.44120012993406, 8.705609055961558 ], [ 77.441807932367951, 8.705755823811444 ], [ 77.441980400250486, 8.705048729387741 ], [ 77.441372599045806, 8.704901961512899 ], [ 77.44120012993406, 8.705609055961558 ] ] ] } },
{ "type": "Feature", "properties": { "parcel_id": "PARCEL_0020", "taluk": "Ambasamudram", "area_m2": 6075.38, "area_ha": 0.60753752840714037, "area_sq_m": 6075.3752840714042, "area_sq_km": 0.0060753752840714045, "predicted_crop": "Paddy", "confidence": 0.9702, "confidence_tier": "HIGH_CONFIDENCE", "prob_paddy": 0.9702, "prob_banana": 0.0243, "prob_other": 0.0055, "data_quality_flag": "GOOD", "valid_pixel_count": 64, "number_of_valid_dates": 4, "model_name": "XGBoost_Advanced", "model_version": "v2.0", "feature_set": "FEATURE_SET_TEMPORAL", "prediction_date": "2026-10-08" }, "geometry": { "type": "Polygon", "coordinates": [ [ [ 77.431002649445617, 8.692812638837138 ], [ 77.431839352984639, 8.692590960844559 ], [ 77.431690425153619, 8.692034428328204 ], [ 77.430853722581887, 8.692256105683676 ], [ 77.431002649445617, 8.692812638837138 ] ] ] } },
{ "type": "Feature", "properties": { "parcel_id": "PARCEL_0021", "taluk": "Ambasamudram", "area_m2": 10418.16, "area_ha": 1.0418161526608223, "area_sq_m": 10418.161526608223, "area_sq_km": 0.010418161526608223, "predicted_crop": "Paddy", "confidence": 0.99839997, "confidence_tier": "HIGH_CONFIDENCE", "prob_paddy": 0.99839997, "prob_banana": 0.0007, "prob_other": 0.0009, "data_quality_flag": "GOOD", "valid_pixel_count": 100, "number_of_valid_dates": 4, "model_name": "XGBoost_Advanced", "model_version": "v2.0", "feature_set": "FEATURE_SET_TEMPORAL", "prediction_date": "2026-10-08" }, "geometry": { "type": "Polygon", "coordinates": [ [ [ 77.426423300869047, 8.703632568698545 ], [ 77.427381485417285, 8.703702892530345 ], [ 77.427447288177618, 8.70281525021184 ], [ 77.426489105970361, 8.702744925927636 ], [ 77.426423300869047, 8.703632568698545 ] ] ] } },
{ "type": "Feature", "properties": { "parcel_id": "PARCEL_0022", "taluk": "Ambasamudram", "area_m2": 6336.88, "area_ha": 0.63368763977983822, "area_sq_m": 6336.8763977983826, "area_sq_km": 0.0063368763977983827, "predicted_crop": "Paddy", "confidence": 0.99370003, "confidence_tier": "HIGH_CONFIDENCE", "prob_paddy": 0.99370003, "prob_banana": 0.0039, "prob_other": 0.0024, "data_quality_flag": "GOOD", "valid_pixel_count": 60, "number_of_valid_dates": 4, "model_name": "XGBoost_Advanced", "model_version": "v2.0", "feature_set": "FEATURE_SET_TEMPORAL", "prediction_date": "2026-10-08" }, "geometry": { "type": "Polygon", "coordinates": [ [ [ 77.444127935795009, 8.712427355226083 ], [ 77.444683670223782, 8.712436833006976 ], [ 77.444699789302064, 8.711501143327482 ], [ 77.444144056270105, 8.711491665188865 ], [ 77.444127935795009, 8.712427355226083 ] ] ] } },
{ "type": "Feature", "properties": { "parcel_id": "PARCEL_0023", "taluk": "Ambasamudram", "area_m2": 4815.6, "area_ha": 0.48155992331052283, "area_sq_m": 4815.5992331052284, "area_sq_km": 0.0048155992331052281, "predicted_crop": "Paddy", "confidence": 0.9763, "confidence_tier": "HIGH_CONFIDENCE", "prob_paddy": 0.9763, "prob_banana": 0.0196, "prob_other": 0.0041, "data_quality_flag": "GOOD", "valid_pixel_count": 44, "number_of_valid_dates": 4, "model_name": "XGBoost_Advanced", "model_version": "v2.0", "feature_set": "FEATURE_SET_TEMPORAL", "prediction_date": "2026-10-08" }, "geometry": { "type": "Polygon", "coordinates": [ [ [ 77.428340376023996, 8.705383948155832 ], [ 77.428908926644411, 8.7054894560177 ], [ 77.429034866107941, 8.704817587079656 ], [ 77.428466316572397, 8.704712079134506 ], [ 77.428340376023996, 8.705383948155832 ] ] ] } },
{ "type": "Feature", "properties": { "parcel_id": "PARCEL_0024", "taluk": "Ambasamudram", "area_m2": 3621.76, "area_ha": 0.36217624568496715, "area_sq_m": 3621.7624568496713, "area_sq_km": 0.0036217624568496711, "predicted_crop": "Paddy", "confidence": 0.96969998, "confidence_tier": "HIGH_CONFIDENCE", "prob_paddy": 0.96969998, "prob_banana": 0.0071, "prob_other": 0.0231, "data_quality_flag": "GOOD", "valid_pixel_count": 44, "number_of_valid_dates": 4, "model_name": "XGBoost_Advanced", "model_version": "v2.0", "feature_set": "FEATURE_SET_TEMPORAL", "prediction_date": "2026-10-08" }, "geometry": { "type": "Polygon", "coordinates": [ [ [ 77.396543738341251, 8.712890514975077 ], [ 77.397115847631795, 8.712831232087629 ], [ 77.397062036650809, 8.71231714372543 ], [ 77.396489928090432, 8.7123764263242 ], [ 77.396543738341251, 8.712890514975077 ] ] ] } },
{ "type": "Feature", "properties": { "parcel_id": "PARCEL_0025", "taluk": "Ambasamudram", "area_m2": 7478.42, "area_ha": 0.74784194559428308, "area_sq_m": 7478.4194559428306, "area_sq_km": 0.0074784194559428304, "predicted_crop": "Paddy", "confidence": 0.99760002, "confidence_tier": "HIGH_CONFIDENCE", "prob_paddy": 0.99760002, "prob_banana": 0.0013, "prob_other": 0.001, "data_quality_flag": "GOOD", "valid_pixel_count": 76, "number_of_valid_dates": 4, "model_name": "XGBoost_Advanced", "model_version": "v2.0", "feature_set": "FEATURE_SET_TEMPORAL", "prediction_date": "2026-10-08" }, "geometry": { "type": "Polygon", "coordinates": [ [ [ 77.437249696196957, 8.713426403591129 ], [ 77.437983698901519, 8.713361770368529 ], [ 77.437909887516724, 8.712531956538017 ], [ 77.437175886341748, 8.712596589178839 ], [ 77.437249696196957, 8.713426403591129 ] ] ] } },
{ "type": "Feature", "properties": { "parcel_id": "PARCEL_0026", "taluk": "Ambasamudram", "area_m2": 4565.68, "area_ha": 0.45656847880423601, "area_sq_m": 4565.6847880423602, "area_sq_km": 0.0045656847880423601, "predicted_crop": "Paddy", "confidence": 0.9892, "confidence_tier": "HIGH_CONFIDENCE", "prob_paddy": 0.9892, "prob_banana": 0.0042, "prob_other": 0.0067, "data_quality_flag": "GOOD", "valid_pixel_count": 44, "number_of_valid_dates": 4, "model_name": "XGBoost_Advanced", "model_version": "v2.0", "feature_set": "FEATURE_SET_TEMPORAL", "prediction_date": "2026-10-08" }, "geometry": { "type": "Polygon", "coordinates": [ [ [ 77.439556199178128, 8.690811638972558 ], [ 77.440149464358285, 8.690639135564215 ], [ 77.439978550470244, 8.690057167103102 ], [ 77.439385285980194, 8.690229670018702 ], [ 77.439556199178128, 8.690811638972558 ] ] ] } },
{ "type": "Feature", "properties": { "parcel_id": "PARCEL_0027", "taluk": "Ambasamudram", "area_m2": 3542.02, "area_ha": 0.35420153857251352, "area_sq_m": 3542.0153857251353, "area_sq_km": 0.0035420153857251353, "predicted_crop": "Paddy", "confidence": 0.96039999, "confidence_tier": "HIGH_CONFIDENCE", "prob_paddy": 0.96039999, "prob_banana": 0.0021, "prob_other": 0.037500001, "data_quality_flag": "GOOD", "valid_pixel_count": 40, "number_of_valid_dates": 4, "model_name": "XGBoost_Advanced", "model_version": "v2.0", "feature_set": "FEATURE_SET_TEMPORAL", "prediction_date": "2026-10-08" }, "geometry": { "type": "Polygon", "coordinates": [ [ [ 77.44104058557717, 8.735522797542599 ], [ 77.441509163472873, 8.73563613387967 ], [ 77.441652326488025, 8.7350502516841 ], [ 77.441183749379917, 8.734936915332071 ], [ 77.44104058557717, 8.735522797542599 ] ] ] } },
{ "type": "Feature", "properties": { "parcel_id": "PARCEL_0028", "taluk": "Ambasamudram", "area_m2": 8662.06, "area_ha": 0.8662055250719719, "area_sq_m": 8662.055250719719, "area_sq_km": 0.0086620552507197194, "predicted_crop": "Paddy", "confidence": 0.83660001, "confidence_tier": "HIGH_CONFIDENCE", "prob_paddy": 0.83660001, "prob_banana": 0.15440001, "prob_other": 0.009, "data_quality_flag": "GOOD", "valid_pixel_count": 84, "number_of_valid_dates": 4, "model_name": "XGBoost_Advanced", "model_version": "v2.0", "feature_set": "FEATURE_SET_TEMPORAL", "prediction_date": "2026-10-08" }, "geometry": { "type": "Polygon", "coordinates": [ [ [ 77.430486729469948, 8.704614185985912 ], [ 77.431198254545976, 8.704499069972538 ], [ 77.431039159775338, 8.70352554177853 ], [ 77.430327636327718, 8.703640657007822 ], [ 77.430486729469948, 8.704614185985912 ] ] ] } },
{ "type": "Feature", "properties": { "parcel_id": "PARCEL_0029", "taluk": "Ambasamudram", "area_m2": 6020.55, "area_ha": 0.60205472382975245, "area_sq_m": 6020.547238297524, "area_sq_km": 0.0060205472382975243, "predicted_crop": "Paddy", "confidence": 0.9971, "confidence_tier": "HIGH_CONFIDENCE", "prob_paddy": 0.9971, "prob_banana": 0.0012, "prob_other": 0.0017, "data_quality_flag": "GOOD", "valid_pixel_count": 56, "number_of_valid_dates": 4, "model_name": "XGBoost_Advanced", "model_version": "v2.0", "feature_set": "FEATURE_SET_TEMPORAL", "prediction_date": "2026-10-08" }, "geometry": { "type": "Polygon", "coordinates": [ [ [ 77.458670686439348, 8.717060981024369 ], [ 77.459252184722914, 8.717011195516454 ], [ 77.459179225922128, 8.716167606280596 ], [ 77.458597728872803, 8.716217391319761 ], [ 77.458670686439348, 8.717060981024369 ] ] ] } },
{ "type": "Feature", "properties": { "parcel_id": "PARCEL_0030", "taluk": "Ambasamudram", "area_m2": 4552.34, "area_ha": 0.45523432652888179, "area_sq_m": 4552.3432652888177, "area_sq_km": 0.0045523432652888173, "predicted_crop": "Paddy", "confidence": 0.99629998, "confidence_tier": "HIGH_CONFIDENCE", "prob_paddy": 0.99629998, "prob_banana": 0.0023, "prob_other": 0.0014, "data_quality_flag": "GOOD", "valid_pixel_count": 48, "number_of_valid_dates": 4, "model_name": "XGBoost_Advanced", "model_version": "v2.0", "feature_set": "FEATURE_SET_TEMPORAL", "prediction_date": "2026-10-08" }, "geometry": { "type": "Polygon", "coordinates": [ [ [ 77.46284539110593, 8.723704902713447 ], [ 77.463577433771633, 8.723848497053833 ], [ 77.463674797081964, 8.723357148123823 ], [ 77.462942755442995, 8.723213553712887 ], [ 77.46284539110593, 8.723704902713447 ] ] ] } },
{ "type": "Feature", "properties": { "parcel_id": "PARCEL_0031", "taluk": "Ambasamudram", "area_m2": 4481.74, "area_ha": 0.44817417304746104, "area_sq_m": 4481.7417304746104, "area_sq_km": 0.0044817417304746105, "predicted_crop": "Paddy", "confidence": 0.97539997, "confidence_tier": "HIGH_CONFIDENCE", "prob_paddy": 0.97539997, "prob_banana": 0.023, "prob_other": 0.0016, "data_quality_flag": "GOOD", "valid_pixel_count": 40, "number_of_valid_dates": 4, "model_name": "XGBoost_Advanced", "model_version": "v2.0", "feature_set": "FEATURE_SET_TEMPORAL", "prediction_date": "2026-10-08" }, "geometry": { "type": "Polygon", "coordinates": [ [ [ 77.423678871134655, 8.70290348642234 ], [ 77.424152842357614, 8.702950867788765 ], [ 77.424230430900295, 8.702182468933977 ], [ 77.423756460689319, 8.702135087400652 ], [ 77.423678871134655, 8.70290348642234 ] ] ] } },
{ "type": "Feature", "properties": { "parcel_id": "PARCEL_0032", "taluk": "Ambasamudram", "area_m2": 5641.07, "area_ha": 0.56410697774926122, "area_sq_m": 5641.069777492612, "area_sq_km": 0.0056410697774926122, "predicted_crop": "Paddy", "confidence": 0.98879999, "confidence_tier": "HIGH_CONFIDENCE", "prob_paddy": 0.98879999, "prob_banana": 0.0056, "prob_other": 0.0055, "data_quality_flag": "GOOD", "valid_pixel_count": 56, "number_of_valid_dates": 4, "model_name": "XGBoost_Advanced", "model_version": "v2.0", "feature_set": "FEATURE_SET_TEMPORAL", "prediction_date": "2026-10-08" }, "geometry": { "type": "Polygon", "coordinates": [ [ [ 77.440109836340426, 8.705065880134653 ], [ 77.440675677171015, 8.704950679944121 ], [ 77.440514158904108, 8.704165263159886 ], [ 77.439948319072258, 8.704280462802597 ], [ 77.440109836340426, 8.705065880134653 ] ] ] } },
{ "type": "Feature", "properties": { "parcel_id": "PARCEL_0033", "taluk": "Ambasamudram", "area_m2": 6186.5, "area_ha": 0.61865047715250054, "area_sq_m": 6186.5047715250057, "area_sq_km": 0.006186504771525006, "predicted_crop": "Paddy", "confidence": 0.97839999, "confidence_tier": "HIGH_CONFIDENCE", "prob_paddy": 0.97839999, "prob_banana": 0.0131, "prob_other": 0.0085, "data_quality_flag": "GOOD", "valid_pixel_count": 56, "number_of_valid_dates": 4, "model_name": "XGBoost_Advanced", "model_version": "v2.0", "feature_set": "FEATURE_SET_TEMPORAL", "prediction_date": "2026-10-08" }, "geometry": { "type": "Polygon", "coordinates": [ [ [ 77.424812273251504, 8.725795639745254 ], [ 77.425771958269721, 8.725698115475421 ], [ 77.425718194795849, 8.725174408869741 ], [ 77.424758511028514, 8.725271932644313 ], [ 77.424812273251504, 8.725795639745254 ] ] ] } },
{ "type": "Feature", "properties": { "parcel_id": "PARCEL_0034", "taluk": "Ambasamudram", "area_m2": 8873.29, "area_ha": 0.88732917498233532, "area_sq_m": 8873.2917498233528, "area_sq_km": 0.0088732917498233529, "predicted_crop": "Paddy", "confidence": 0.99659997, "confidence_tier": "HIGH_CONFIDENCE", "prob_paddy": 0.99659997, "prob_banana": 0.0006, "prob_other": 0.0029, "data_quality_flag": "GOOD", "valid_pixel_count": 80, "number_of_valid_dates": 4, "model_name": "XGBoost_Advanced", "model_version": "v2.0", "feature_set": "FEATURE_SET_TEMPORAL", "prediction_date": "2026-10-08" }, "geometry": { "type": "Polygon", "coordinates": [ [ [ 77.433976164931437, 8.715085323119599 ], [ 77.434789699224055, 8.715106923025068 ], [ 77.43481369360633, 8.714212257737085 ], [ 77.43400016127876, 8.714190657351407 ], [ 77.433976164931437, 8.715085323119599 ] ] ] } },
{ "type": "Feature", "properties": { "parcel_id": "PARCEL_0035", "taluk": "Ambasamudram", "area_m2": 5771.68, "area_ha": 0.57716753506606888, "area_sq_m": 5771.6753506606883, "area_sq_km": 0.0057716753506606884, "predicted_crop": "Paddy", "confidence": 0.99510002, "confidence_tier": "HIGH_CONFIDENCE", "prob_paddy": 0.99510002, "prob_banana": 0.0019, "prob_other": 0.003, "data_quality_flag": "GOOD", "valid_pixel_count": 56, "number_of_valid_dates": 4, "model_name": "XGBoost_Advanced", "model_version": "v2.0", "feature_set": "FEATURE_SET_TEMPORAL", "prediction_date": "2026-10-08" }, "geometry": { "type": "Polygon", "coordinates": [ [ [ 77.413565798068689, 8.711148870971391 ], [ 77.414056942665042, 8.711265285996552 ], [ 77.414275499473334, 8.710352457517871 ], [ 77.413784356157763, 8.710236042464444 ], [ 77.413565798068689, 8.711148870971391 ] ] ] } },
{ "type": "Feature", "properties": { "parcel_id": "PARCEL_0036", "taluk": "Ambasamudram", "area_m2": 6638.13, "area_ha": 0.66381341861403764, "area_sq_m": 6638.1341861403762, "area_sq_km": 0.0066381341861403761, "predicted_crop": "Paddy", "confidence": 0.96649998, "confidence_tier": "HIGH_CONFIDENCE", "prob_paddy": 0.96649998, "prob_banana": 0.0081, "prob_other": 0.0254, "data_quality_flag": "GOOD", "valid_pixel_count": 64, "number_of_valid_dates": 4, "model_name": "XGBoost_Advanced", "model_version": "v2.0", "feature_set": "FEATURE_SET_TEMPORAL", "prediction_date": "2026-10-08" }, "geometry": { "type": "Polygon", "coordinates": [ [ [ 77.416317036789366, 8.721981667672063 ], [ 77.416944269176582, 8.722129016586777 ], [ 77.417139548363252, 8.721306136086216 ], [ 77.41651231745216, 8.721158787135753 ], [ 77.416317036789366, 8.721981667672063 ] ] ] } },
{ "type": "Feature", "properties": { "parcel_id": "PARCEL_0037", "taluk": "Ambasamudram", "area_m2": 4872.99, "area_ha": 0.48729887062840699, "area_sq_m": 4872.9887062840698, "area_sq_km": 0.0048729887062840703, "predicted_crop": "Paddy", "confidence": 0.99330002, "confidence_tier": "HIGH_CONFIDENCE", "prob_paddy": 0.99330002, "prob_banana": 0.0043, "prob_other": 0.0023, "data_quality_flag": "GOOD", "valid_pixel_count": 52, "number_of_valid_dates": 4, "model_name": "XGBoost_Advanced", "model_version": "v2.0", "feature_set": "FEATURE_SET_TEMPORAL", "prediction_date": "2026-10-08" }, "geometry": { "type": "Polygon", "coordinates": [ [ [ 77.443966583155046, 8.712637747296615 ], [ 77.444753033858277, 8.712471382449088 ], [ 77.444649054629764, 8.711984779078561 ], [ 77.443862604779341, 8.712151143446736 ], [ 77.443966583155046, 8.712637747296615 ] ] ] } },
{ "type": "Feature", "properties": { "parcel_id": "PARCEL_0038", "taluk": "Ambasamudram", "area_m2": 2835.37, "area_ha": 0.2835365443904001, "area_sq_m": 2835.365443904001, "area_sq_km": 0.0028353654439040011, "predicted_crop": "Paddy", "confidence": 0.991, "confidence_tier": "HIGH_CONFIDENCE", "prob_paddy": 0.991, "prob_banana": 0.0041, "prob_other": 0.005, "data_quality_flag": "GOOD", "valid_pixel_count": 32, "number_of_valid_dates": 4, "model_name": "XGBoost_Advanced", "model_version": "v2.0", "feature_set": "FEATURE_SET_TEMPORAL", "prediction_date": "2026-10-08" }, "geometry": { "type": "Polygon", "coordinates": [ [ [ 77.443695489781774, 8.717977788614126 ], [ 77.444152723662413, 8.7180195915341 ], [ 77.444199339760488, 8.717514840585011 ], [ 77.443742106520617, 8.717473037552589 ], [ 77.443695489781774, 8.717977788614126 ] ] ] } },
{ "type": "Feature", "properties": { "parcel_id": "PARCEL_0039", "taluk": "Ambasamudram", "area_m2": 5655.07, "area_ha": 0.56550653521567362, "area_sq_m": 5655.0653521567365, "area_sq_km": 0.0056550653521567368, "predicted_crop": "Paddy", "confidence": 0.99299997, "confidence_tier": "HIGH_CONFIDENCE", "prob_paddy": 0.99299997, "prob_banana": 0.0055, "prob_other": 0.0016, "data_quality_flag": "LIMITED", "valid_pixel_count": 48, "number_of_valid_dates": 4, "model_name": "XGBoost_Advanced", "model_version": "v2.0", "feature_set": "FEATURE_SET_TEMPORAL", "prediction_date": "2026-10-08" }, "geometry": { "type": "Polygon", "coordinates": [ [ [ 77.470287951228059, 8.713757951200199 ], [ 77.471091482710733, 8.713854977877808 ], [ 77.471160919372181, 8.713285704236974 ], [ 77.470357389172051, 8.713188677369992 ], [ 77.470287951228059, 8.713757951200199 ] ] ] } },
{ "type": "Feature", "properties": { "parcel_id": "PARCEL_0040", "taluk": "Ambasamudram", "area_m2": 8434.18, "area_ha": 0.84341762647524243, "area_sq_m": 8434.1762647524247, "area_sq_km": 0.0084341762647524247, "predicted_crop": "Paddy", "confidence": 0.95060003, "confidence_tier": "HIGH_CONFIDENCE", "prob_paddy": 0.95060003, "prob_banana": 0.0189, "prob_other": 0.030400001, "data_quality_flag": "GOOD", "valid_pixel_count": 84, "number_of_valid_dates": 4, "model_name": "XGBoost_Advanced", "model_version": "v2.0", "feature_set": "FEATURE_SET_TEMPORAL", "prediction_date": "2026-10-08" }, "geometry": { "type": "Polygon", "coordinates": [ [ [ 77.427325226677752, 8.696707709065356 ], [ 77.428168457741492, 8.696880517825088 ], [ 77.428331483760587, 8.696092933194537 ], [ 77.427488254586578, 8.695920124327074 ], [ 77.427325226677752, 8.696707709065356 ] ] ] } },
{ "type": "Feature", "properties": { "parcel_id": "PARCEL_0041", "taluk": "Ambasamudram", "area_m2": 4008.18, "area_ha": 0.40081762055819486, "area_sq_m": 4008.1762055819486, "area_sq_km": 0.0040081762055819486, "predicted_crop": "Paddy", "confidence": 0.9677, "confidence_tier": "HIGH_CONFIDENCE", "prob_paddy": 0.9677, "prob_banana": 0.022500001, "prob_other": 0.0098, "data_quality_flag": "GOOD", "valid_pixel_count": 36, "number_of_valid_dates": 4, "model_name": "XGBoost_Advanced", "model_version": "v2.0", "feature_set": "FEATURE_SET_TEMPORAL", "prediction_date": "2026-10-08" }, "geometry": { "type": "Polygon", "coordinates": [ [ [ 77.453560167599605, 8.729422359885882 ], [ 77.454059900861751, 8.729348546666312 ], [ 77.453963779099922, 8.728704369375924 ], [ 77.453464046606783, 8.728778182239397 ], [ 77.453560167599605, 8.729422359885882 ] ] ] } },
{ "type": "Feature", "properties": { "parcel_id": "PARCEL_0042", "taluk": "Ambasamudram", "area_m2": 8583.74, "area_ha": 0.85837397991810882, "area_sq_m": 8583.7397991810885, "area_sq_km": 0.0085837397991810893, "predicted_crop": "Paddy", "confidence": 0.97829998, "confidence_tier": "HIGH_CONFIDENCE", "prob_paddy": 0.97829998, "prob_banana": 0.0093, "prob_other": 0.0125, "data_quality_flag": "GOOD", "valid_pixel_count": 80, "number_of_valid_dates": 4, "model_name": "XGBoost_Advanced", "model_version": "v2.0", "feature_set": "FEATURE_SET_TEMPORAL", "prediction_date": "2026-10-08" }, "geometry": { "type": "Polygon", "coordinates": [ [ [ 77.45413942398153, 8.706333208933101 ], [ 77.454937487774288, 8.706329312945483 ], [ 77.454933133902188, 8.705446504377514 ], [ 77.4541350719783, 8.705450399837762 ], [ 77.45413942398153, 8.706333208933101 ] ] ] } },
{ "type": "Feature", "properties": { "parcel_id": "PARCEL_0043", "taluk": "Ambasamudram", "area_m2": 5760.88, "area_ha": 0.57608786634658449, "area_sq_m": 5760.8786634658454, "area_sq_km": 0.0057608786634658453, "predicted_crop": "Paddy", "confidence": 0.9867, "confidence_tier": "HIGH_CONFIDENCE", "prob_paddy": 0.9867, "prob_banana": 0.0069, "prob_other": 0.0064, "data_quality_flag": "GOOD", "valid_pixel_count": 60, "number_of_valid_dates": 4, "model_name": "XGBoost_Advanced", "model_version": "v2.0", "feature_set": "FEATURE_SET_TEMPORAL", "prediction_date": "2026-10-08" }, "geometry": { "type": "Polygon", "coordinates": [ [ [ 77.435833407048378, 8.738563072209853 ], [ 77.436388662557007, 8.738486350097856 ], [ 77.436272020623889, 8.73765077558576 ], [ 77.435716766235487, 8.737727497197458 ], [ 77.435833407048378, 8.738563072209853 ] ] ] } },
{ "type": "Feature", "properties": { "parcel_id": "PARCEL_0044", "taluk": "Ambasamudram", "area_m2": 6452.34, "area_ha": 0.64523427230680719, "area_sq_m": 6452.3427230680718, "area_sq_km": 0.0064523427230680714, "predicted_crop": "Paddy", "confidence": 0.99680001, "confidence_tier": "HIGH_CONFIDENCE", "prob_paddy": 0.99680001, "prob_banana": 0.0016, "prob_other": 0.0016, "data_quality_flag": "GOOD", "valid_pixel_count": 64, "number_of_valid_dates": 4, "model_name": "XGBoost_Advanced", "model_version": "v2.0", "feature_set": "FEATURE_SET_TEMPORAL", "prediction_date": "2026-10-08" }, "geometry": { "type": "Polygon", "coordinates": [ [ [ 77.440472202420452, 8.707479554660059 ], [ 77.441003505120548, 8.707623530872889 ], [ 77.441257522653459, 8.706695530596953 ], [ 77.440726221365225, 8.706551554399192 ], [ 77.440472202420452, 8.707479554660059 ] ] ] } },
{ "type": "Feature", "properties": { "parcel_id": "PARCEL_0045", "taluk": "Ambasamudram", "area_m2": 5382.98, "area_ha": 0.53829807278938346, "area_sq_m": 5382.9807278938342, "area_sq_km": 0.0053829807278938345, "predicted_crop": "Paddy", "confidence": 0.99409997, "confidence_tier": "HIGH_CONFIDENCE", "prob_paddy": 0.99409997, "prob_banana": 0.0041, "prob_other": 0.0018, "data_quality_flag": "LIMITED", "valid_pixel_count": 44, "number_of_valid_dates": 4, "model_name": "XGBoost_Advanced", "model_version": "v2.0", "feature_set": "FEATURE_SET_TEMPORAL", "prediction_date": "2026-10-08" }, "geometry": { "type": "Polygon", "coordinates": [ [ [ 77.436377816434586, 8.716835338356812 ], [ 77.436839821494686, 8.716812548125789 ], [ 77.436792280873618, 8.715858497717724 ], [ 77.43633027695239, 8.715881287570745 ], [ 77.436377816434586, 8.716835338356812 ] ] ] } },
{ "type": "Feature", "properties": { "parcel_id": "PARCEL_0046", "taluk": "Ambasamudram", "area_m2": 7388.68, "area_ha": 0.73886780765195104, "area_sq_m": 7388.6780765195108, "area_sq_km": 0.0073886780765195104, "predicted_crop": "Paddy", "confidence": 0.99440002, "confidence_tier": "HIGH_CONFIDENCE", "prob_paddy": 0.99440002, "prob_banana": 0.0035, "prob_other": 0.0021, "data_quality_flag": "GOOD", "valid_pixel_count": 72, "number_of_valid_dates": 4, "model_name": "XGBoost_Advanced", "model_version": "v2.0", "feature_set": "FEATURE_SET_TEMPORAL", "prediction_date": "2026-10-08" }, "geometry": { "type": "Polygon", "coordinates": [ [ [ 77.432569041972513, 8.717546584081227 ], [ 77.433228579518172, 8.717469929881872 ], [ 77.433122068380811, 8.716562724278687 ], [ 77.432462532304527, 8.716639377865771 ], [ 77.432569041972513, 8.717546584081227 ] ] ] } },
{ "type": "Feature", "properties": { "parcel_id": "PARCEL_0047", "taluk": "Ambasamudram", "area_m2": 9742.28, "area_ha": 0.97422835341185732, "area_sq_m": 9742.2835341185728, "area_sq_km": 0.0097422835341185732, "predicted_crop": "Paddy", "confidence": 0.97860003, "confidence_tier": "HIGH_CONFIDENCE", "prob_paddy": 0.97860003, "prob_banana": 0.020300001, "prob_other": 0.0011, "data_quality_flag": "GOOD", "valid_pixel_count": 96, "number_of_valid_dates": 4, "model_name": "XGBoost_Advanced", "model_version": "v2.0", "feature_set": "FEATURE_SET_TEMPORAL", "prediction_date": "2026-10-08" }, "geometry": { "type": "Polygon", "coordinates": [ [ [ 77.443104016924153, 8.69544616643377 ], [ 77.444067680261469, 8.695480301952889 ], [ 77.444097330385588, 8.694651562392503 ], [ 77.443133669209018, 8.694617426362889 ], [ 77.443104016924153, 8.69544616643377 ] ] ] } },
{ "type": "Feature", "properties": { "parcel_id": "PARCEL_0048", "taluk": "Ambasamudram", "area_m2": 6389.7, "area_ha": 0.63897001830635158, "area_sq_m": 6389.7001830635163, "area_sq_km": 0.0063897001830635165, "predicted_crop": "Paddy", "confidence": 0.99510002, "confidence_tier": "HIGH_CONFIDENCE", "prob_paddy": 0.99510002, "prob_banana": 0.0016, "prob_other": 0.0032, "data_quality_flag": "GOOD", "valid_pixel_count": 72, "number_of_valid_dates": 4, "model_name": "XGBoost_Advanced", "model_version": "v2.0", "feature_set": "FEATURE_SET_TEMPORAL", "prediction_date": "2026-10-08" }, "geometry": { "type": "Polygon", "coordinates": [ [ [ 77.443408997123981, 8.700045585732052 ], [ 77.444402644584372, 8.700050076303866 ], [ 77.44440505332102, 8.699522267202335 ], [ 77.443411407258111, 8.699517776252478 ], [ 77.443408997123981, 8.700045585732052 ] ] ] } },
{ "type": "Feature", "properties": { "parcel_id": "PARCEL_0049", "taluk": "Ambasamudram", "area_m2": 8461.21, "area_ha": 0.84612123465628686, "area_sq_m": 8461.2123465628683, "area_sq_km": 0.0084612123465628679, "predicted_crop": "Paddy", "confidence": 0.945, "confidence_tier": "HIGH_CONFIDENCE", "prob_paddy": 0.945, "prob_banana": 0.0438, "prob_other": 0.0112, "data_quality_flag": "GOOD", "valid_pixel_count": 88, "number_of_valid_dates": 4, "model_name": "XGBoost_Advanced", "model_version": "v2.0", "feature_set": "FEATURE_SET_TEMPORAL", "prediction_date": "2026-10-08" }, "geometry": { "type": "Polygon", "coordinates": [ [ [ 77.445699720733387, 8.715076584226262 ], [ 77.446530284790825, 8.715001360280823 ], [ 77.446454409416987, 8.714172027249935 ], [ 77.445623847085997, 8.71424725053137 ], [ 77.445699720733387, 8.715076584226262 ] ] ] } },
{ "type": "Feature", "properties": { "parcel_id": "PARCEL_0050", "taluk": "Ambasamudram", "area_m2": 10060.29, "area_ha": 1.0060293977742201, "area_sq_m": 10060.2939777422, "area_sq_km": 0.010060293977742199, "predicted_crop": "Paddy", "confidence": 0.97899997, "confidence_tier": "HIGH_CONFIDENCE", "prob_paddy": 0.97899997, "prob_banana": 0.0093, "prob_other": 0.0117, "data_quality_flag": "GOOD", "valid_pixel_count": 104, "number_of_valid_dates": 4, "model_name": "XGBoost_Advanced", "model_version": "v2.0", "feature_set": "FEATURE_SET_TEMPORAL", "prediction_date": "2026-10-08" }, "geometry": { "type": "Polygon", "coordinates": [ [ [ 77.454397309602541, 8.702277482018438 ], [ 77.455266925942638, 8.702490564429676 ], [ 77.455488500593461, 8.701595310307535 ], [ 77.454618886481327, 8.701382227856209 ], [ 77.454397309602541, 8.702277482018438 ] ] ] } },
{ "type": "Feature", "properties": { "parcel_id": "PARCEL_0052", "taluk": "Ambasamudram", "area_m2": 5097.74, "area_ha": 0.5097737116826393, "area_sq_m": 5097.7371168263926, "area_sq_km": 0.0050977371168263929, "predicted_crop": "Paddy", "confidence": 0.99800003, "confidence_tier": "HIGH_CONFIDENCE", "prob_paddy": 0.99800003, "prob_banana": 0.0008, "prob_other": 0.0012, "data_quality_flag": "GOOD", "valid_pixel_count": 48, "number_of_valid_dates": 4, "model_name": "XGBoost_Advanced", "model_version": "v2.0", "feature_set": "FEATURE_SET_TEMPORAL", "prediction_date": "2026-10-08" }, "geometry": { "type": "Polygon", "coordinates": [ [ [ 77.443770610983577, 8.710862889555113 ], [ 77.444389090273773, 8.710705710336905 ], [ 77.444226047800726, 8.710070592258166 ], [ 77.44360756933996, 8.710227770946457 ], [ 77.443770610983577, 8.710862889555113 ] ] ] } },
{ "type": "Feature", "properties": { "parcel_id": "PARCEL_0053", "taluk": "Ambasamudram", "area_m2": 6434.28, "area_ha": 0.6434283317807783, "area_sq_m": 6434.2833178077826, "area_sq_km": 0.0064342833178077825, "predicted_crop": "Paddy", "confidence": 0.93989998, "confidence_tier": "HIGH_CONFIDENCE", "prob_paddy": 0.93989998, "prob_banana": 0.0033, "prob_other": 0.0568, "data_quality_flag": "GOOD", "valid_pixel_count": 60, "number_of_valid_dates": 4, "model_name": "XGBoost_Advanced", "model_version": "v2.0", "feature_set": "FEATURE_SET_TEMPORAL", "prediction_date": "2026-10-08" }, "geometry": { "type": "Polygon", "coordinates": [ [ [ 77.431958429117785, 8.709936220617726 ], [ 77.432659914390783, 8.709841769155275 ], [ 77.432559355142232, 8.70910240793599 ], [ 77.43185787112121, 8.709196858844718 ], [ 77.431958429117785, 8.709936220617726 ] ] ] } },
{ "type": "Feature", "properties": { "parcel_id": "PARCEL_0054", "taluk": "Ambasamudram", "area_m2": 5190.45, "area_ha": 0.51904477558435469, "area_sq_m": 5190.4477558435465, "area_sq_km": 0.0051904477558435465, "predicted_crop": "Paddy", "confidence": 0.97759998, "confidence_tier": "HIGH_CONFIDENCE", "prob_paddy": 0.97759998, "prob_banana": 0.004, "prob_other": 0.0184, "data_quality_flag": "GOOD", "valid_pixel_count": 56, "number_of_valid_dates": 4, "model_name": "XGBoost_Advanced", "model_version": "v2.0", "feature_set": "FEATURE_SET_TEMPORAL", "prediction_date": "2026-10-08" }, "geometry": { "type": "Polygon", "coordinates": [ [ [ 77.433221203822171, 8.709962144876766 ], [ 77.433693765066977, 8.709919561181602 ], [ 77.433612366949276, 8.709025320149955 ], [ 77.43313980676362, 8.709067903439884 ], [ 77.433221203822171, 8.709962144876766 ] ] ] } },
{ "type": "Feature", "properties": { "parcel_id": "PARCEL_0055", "taluk": "Ambasamudram", "area_m2": 6055.69, "area_ha": 0.60556946210542062, "area_sq_m": 6055.6946210542064, "area_sq_km": 0.0060556946210542067, "predicted_crop": "Paddy", "confidence": 0.97170001, "confidence_tier": "HIGH_CONFIDENCE", "prob_paddy": 0.97170001, "prob_banana": 0.014, "prob_other": 0.0143, "data_quality_flag": "GOOD", "valid_pixel_count": 60, "number_of_valid_dates": 4, "model_name": "XGBoost_Advanced", "model_version": "v2.0", "feature_set": "FEATURE_SET_TEMPORAL", "prediction_date": "2026-10-08" }, "geometry": { "type": "Polygon", "coordinates": [ [ [ 77.440708221985815, 8.697140938223708 ], [ 77.441579975346059, 8.697199392242577 ], [ 77.441618416534766, 8.696631797020967 ], [ 77.440746664532341, 8.696573342728207 ], [ 77.440708221985815, 8.697140938223708 ] ] ] } },
{ "type": "Feature", "properties": { "parcel_id": "PARCEL_0056", "taluk": "Ambasamudram", "area_m2": 8256.76, "area_ha": 0.82567600840625566, "area_sq_m": 8256.7600840625564, "area_sq_km": 0.0082567600840625557, "predicted_crop": "Paddy", "confidence": 0.97890002, "confidence_tier": "HIGH_CONFIDENCE", "prob_paddy": 0.97890002, "prob_banana": 0.0075, "prob_other": 0.0137, "data_quality_flag": "GOOD", "valid_pixel_count": 84, "number_of_valid_dates": 4, "model_name": "XGBoost_Advanced", "model_version": "v2.0", "feature_set": "FEATURE_SET_TEMPORAL", "prediction_date": "2026-10-08" }, "geometry": { "type": "Polygon", "coordinates": [ [ [ 77.478874651695818, 8.728614531386231 ], [ 77.479645205552245, 8.728834104016787 ], [ 77.479879200719139, 8.72802124472126 ], [ 77.479108648664152, 8.727801672130919 ], [ 77.478874651695818, 8.728614531386231 ] ] ] } },
{ "type": "Feature", "properties": { "parcel_id": "PARCEL_0057", "taluk": "Ambasamudram", "area_m2": 6473.36, "area_ha": 0.64733587803650838, "area_sq_m": 6473.3587803650835, "area_sq_km": 0.0064733587803650836, "predicted_crop": "Paddy", "confidence": 0.99540001, "confidence_tier": "HIGH_CONFIDENCE", "prob_paddy": 0.99540001, "prob_banana": 0.0013, "prob_other": 0.0033, "data_quality_flag": "GOOD", "valid_pixel_count": 64, "number_of_valid_dates": 4, "model_name": "XGBoost_Advanced", "model_version": "v2.0", "feature_set": "FEATURE_SET_TEMPORAL", "prediction_date": "2026-10-08" }, "geometry": { "type": "Polygon", "coordinates": [ [ [ 77.406662011345887, 8.711131779850852 ], [ 77.40754870572782, 8.711093834658939 ], [ 77.407522847714063, 8.710495662009656 ], [ 77.406636154707982, 8.710533606760256 ], [ 77.406662011345887, 8.711131779850852 ] ] ] } },
{ "type": "Feature", "properties": { "parcel_id": "PARCEL_0058", "taluk": "Ambasamudram", "area_m2": 3586.79, "area_ha": 0.35867888316260066, "area_sq_m": 3586.7888316260064, "area_sq_km": 0.0035867888316260064, "predicted_crop": "Paddy", "confidence": 0.98299998, "confidence_tier": "HIGH_CONFIDENCE", "prob_paddy": 0.98299998, "prob_banana": 0.0014, "prob_other": 0.0156, "data_quality_flag": "GOOD", "valid_pixel_count": 36, "number_of_valid_dates": 4, "model_name": "XGBoost_Advanced", "model_version": "v2.0", "feature_set": "FEATURE_SET_TEMPORAL", "prediction_date": "2026-10-08" }, "geometry": { "type": "Polygon", "coordinates": [ [ [ 77.427457335675271, 8.726984860914071 ], [ 77.427999258321591, 8.726899901939689 ], [ 77.427915296351784, 8.726369755725635 ], [ 77.427373374386264, 8.726454714378216 ], [ 77.427457335675271, 8.726984860914071 ] ] ] } },
{ "type": "Feature", "properties": { "parcel_id": "PARCEL_0059", "taluk": "Ambasamudram", "area_m2": 5985.72, "area_ha": 0.59857156688910673, "area_sq_m": 5985.7156688910673, "area_sq_km": 0.0059857156688910675, "predicted_crop": "Paddy", "confidence": 0.99070001, "confidence_tier": "HIGH_CONFIDENCE", "prob_paddy": 0.99070001, "prob_banana": 0.0079, "prob_other": 0.0014, "data_quality_flag": "GOOD", "valid_pixel_count": 56, "number_of_valid_dates": 4, "model_name": "XGBoost_Advanced", "model_version": "v2.0", "feature_set": "FEATURE_SET_TEMPORAL", "prediction_date": "2026-10-08" }, "geometry": { "type": "Polygon", "coordinates": [ [ [ 77.46860699288581, 8.712970439200909 ], [ 77.469392199741833, 8.713183622470483 ], [ 77.469551907883357, 8.712601279914594 ], [ 77.468766702339593, 8.712388096656367 ], [ 77.46860699288581, 8.712970439200909 ] ] ] } },
{ "type": "Feature", "properties": { "parcel_id": "PARCEL_0060", "taluk": "Ambasamudram", "area_m2": 6518.0, "area_ha": 0.6518003453899498, "area_sq_m": 6518.0034538994978, "area_sq_km": 0.0065180034538994975, "predicted_crop": "Paddy", "confidence": 0.96609998, "confidence_tier": "HIGH_CONFIDENCE", "prob_paddy": 0.96609998, "prob_banana": 0.0122, "prob_other": 0.0217, "data_quality_flag": "GOOD", "valid_pixel_count": 64, "number_of_valid_dates": 4, "model_name": "XGBoost_Advanced", "model_version": "v2.0", "feature_set": "FEATURE_SET_TEMPORAL", "prediction_date": "2026-10-08" }, "geometry": { "type": "Polygon", "coordinates": [ [ [ 77.446137802975514, 8.726845743375822 ], [ 77.446915551712209, 8.726722578171916 ], [ 77.446808217066391, 8.72605164987662 ], [ 77.44603046956334, 8.726174814491186 ], [ 77.446137802975514, 8.726845743375822 ] ] ] } },
{ "type": "Feature", "properties": { "parcel_id": "PARCEL_0061", "taluk": "Cheranmahadevi", "area_m2": 2897.41, "area_ha": 0.28974128722486292, "area_sq_m": 2897.4128722486294, "area_sq_km": 0.0028974128722486295, "predicted_crop": "Paddy", "confidence": 0.99730003, "confidence_tier": "HIGH_CONFIDENCE", "prob_paddy": 0.99730003, "prob_banana": 0.0012, "prob_other": 0.0015, "data_quality_flag": "GOOD", "valid_pixel_count": 32, "number_of_valid_dates": 4, "model_name": "XGBoost_Advanced", "model_version": "v2.0", "feature_set": "FEATURE_SET_TEMPORAL", "prediction_date": "2026-10-08" }, "geometry": { "type": "Polygon", "coordinates": [ [ [ 77.569558423027601, 8.682290907664456 ], [ 77.570002444224272, 8.682164254622837 ], [ 77.569859894606637, 8.681669437057932 ], [ 77.569415873847419, 8.681796089780864 ], [ 77.569558423027601, 8.682290907664456 ] ] ] } },
{ "type": "Feature", "properties": { "parcel_id": "PARCEL_0062", "taluk": "Cheranmahadevi", "area_m2": 4441.5, "area_ha": 0.444149868272395, "area_sq_m": 4441.49868272395, "area_sq_km": 0.0044414986827239497, "predicted_crop": "Paddy", "confidence": 0.99849999, "confidence_tier": "HIGH_CONFIDENCE", "prob_paddy": 0.99849999, "prob_banana": 0.001, "prob_other": 0.0004, "data_quality_flag": "GOOD", "valid_pixel_count": 48, "number_of_valid_dates": 4, "model_name": "XGBoost_Advanced", "model_version": "v2.0", "feature_set": "FEATURE_SET_TEMPORAL", "prediction_date": "2026-10-08" }, "geometry": { "type": "Polygon", "coordinates": [ [ [ 77.54506329125951, 8.710482678257284 ], [ 77.545570577900378, 8.710471244491776 ], [ 77.545554226496407, 8.709753058345379 ], [ 77.545046940812071, 8.709764491811574 ], [ 77.54506329125951, 8.710482678257284 ] ] ] } },
{ "type": "Feature", "properties": { "parcel_id": "PARCEL_0063", "taluk": "Cheranmahadevi", "area_m2": 6426.57, "area_ha": 0.64265735444638805, "area_sq_m": 6426.5735444638804, "area_sq_km": 0.0064265735444638808, "predicted_crop": "Paddy", "confidence": 0.9788, "confidence_tier": "HIGH_CONFIDENCE", "prob_paddy": 0.9788, "prob_banana": 0.0034, "prob_other": 0.0178, "data_quality_flag": "GOOD", "valid_pixel_count": 60, "number_of_valid_dates": 4, "model_name": "XGBoost_Advanced", "model_version": "v2.0", "feature_set": "FEATURE_SET_TEMPORAL", "prediction_date": "2026-10-08" }, "geometry": { "type": "Polygon", "coordinates": [ [ [ 77.544468265711643, 8.676657036772962 ], [ 77.545137611132233, 8.676706649444542 ], [ 77.54519626625094, 8.675923090129258 ], [ 77.544526922272979, 8.675873477160939 ], [ 77.544468265711643, 8.676657036772962 ] ] ] } },
{ "type": "Feature", "properties": { "parcel_id": "PARCEL_0064", "taluk": "Cheranmahadevi", "area_m2": 7020.6, "area_ha": 0.70206026618687856, "area_sq_m": 7020.6026618687856, "area_sq_km": 0.0070206026618687854, "predicted_crop": "Paddy", "confidence": 0.99949998, "confidence_tier": "HIGH_CONFIDENCE", "prob_paddy": 0.99949998, "prob_banana": 0.0003, "prob_other": 0.0002, "data_quality_flag": "GOOD", "valid_pixel_count": 72, "number_of_valid_dates": 4, "model_name": "XGBoost_Advanced", "model_version": "v2.0", "feature_set": "FEATURE_SET_TEMPORAL", "prediction_date": "2026-10-08" }, "geometry": { "type": "Polygon", "coordinates": [ [ [ 77.546454981937245, 8.685030611836979 ], [ 77.547233076023801, 8.685193351296487 ], [ 77.547382870059906, 8.684484230243587 ], [ 77.546604777550911, 8.684321490682178 ], [ 77.546454981937245, 8.685030611836979 ] ] ] } },
{ "type": "Feature", "properties": { "parcel_id": "PARCEL_0065", "taluk": "Cheranmahadevi", "area_m2": 4802.17, "area_ha": 0.48021690823895685, "area_sq_m": 4802.1690823895688, "area_sq_km": 0.0048021690823895685, "predicted_crop": "Paddy", "confidence": 0.99190003, "confidence_tier": "HIGH_CONFIDENCE", "prob_paddy": 0.99190003, "prob_banana": 0.0039, "prob_other": 0.0042, "data_quality_flag": "GOOD", "valid_pixel_count": 48, "number_of_valid_dates": 4, "model_name": "XGBoost_Advanced", "model_version": "v2.0", "feature_set": "FEATURE_SET_TEMPORAL", "prediction_date": "2026-10-08" }, "geometry": { "type": "Polygon", "coordinates": [ [ [ 77.532920835598034, 8.695364257906137 ], [ 77.53339270250126, 8.695223748886026 ], [ 77.533162152208646, 8.694457196634795 ], [ 77.532690286015125, 8.694597705123746 ], [ 77.532920835598034, 8.695364257906137 ] ] ] } },
{ "type": "Feature", "properties": { "parcel_id": "PARCEL_0066", "taluk": "Cheranmahadevi", "area_m2": 6195.11, "area_ha": 0.61951066812253175, "area_sq_m": 6195.1066812253175, "area_sq_km": 0.0061951066812253172, "predicted_crop": "Paddy", "confidence": 0.99949998, "confidence_tier": "HIGH_CONFIDENCE", "prob_paddy": 0.99949998, "prob_banana": 0.0002, "prob_other": 0.0003, "data_quality_flag": "LIMITED", "valid_pixel_count": 52, "number_of_valid_dates": 4, "model_name": "XGBoost_Advanced", "model_version": "v2.0", "feature_set": "FEATURE_SET_TEMPORAL", "prediction_date": "2026-10-08" }, "geometry": { "type": "Polygon", "coordinates": [ [ [ 77.559231195866559, 8.691389037501336 ], [ 77.55999643610545, 8.691449483060527 ], [ 77.560049106623936, 8.690789283367439 ], [ 77.559283867780167, 8.690728837527091 ], [ 77.559231195866559, 8.691389037501336 ] ] ] } },
{ "type": "Feature", "properties": { "parcel_id": "PARCEL_0067", "taluk": "Cheranmahadevi", "area_m2": 7791.31, "area_ha": 0.77913097055549352, "area_sq_m": 7791.3097055549351, "area_sq_km": 0.0077913097055549354, "predicted_crop": "Paddy", "confidence": 0.9993, "confidence_tier": "HIGH_CONFIDENCE", "prob_paddy": 0.9993, "prob_banana": 0.0004, "prob_other": 0.0003, "data_quality_flag": "GOOD", "valid_pixel_count": 76, "number_of_valid_dates": 4, "model_name": "XGBoost_Advanced", "model_version": "v2.0", "feature_set": "FEATURE_SET_TEMPORAL", "prediction_date": "2026-10-08" }, "geometry": { "type": "Polygon", "coordinates": [ [ [ 77.583219700627666, 8.668581319860531 ], [ 77.584151686332433, 8.668837900679735 ], [ 77.584328848295726, 8.66820069368543 ], [ 77.583396864299445, 8.667944112866754 ], [ 77.583219700627666, 8.668581319860531 ] ] ] } },
{ "type": "Feature", "properties": { "parcel_id": "PARCEL_0068", "taluk": "Cheranmahadevi", "area_m2": 6961.73, "area_ha": 0.69617335091844279, "area_sq_m": 6961.7335091844279, "area_sq_km": 0.0069617335091844276, "predicted_crop": "Paddy", "confidence": 0.99949998, "confidence_tier": "HIGH_CONFIDENCE", "prob_paddy": 0.99949998, "prob_banana": 0.0002, "prob_other": 0.0003, "data_quality_flag": "GOOD", "valid_pixel_count": 68, "number_of_valid_dates": 4, "model_name": "XGBoost_Advanced", "model_version": "v2.0", "feature_set": "FEATURE_SET_TEMPORAL", "prediction_date": "2026-10-08" }, "geometry": { "type": "Polygon", "coordinates": [ [ [ 77.540947161312573, 8.692622794809242 ], [ 77.541548342226918, 8.69244249818866 ], [ 77.541284447532746, 8.691571302958327 ], [ 77.540683267641356, 8.69175159880637 ], [ 77.540947161312573, 8.692622794809242 ] ] ] } },
{ "type": "Feature", "properties": { "parcel_id": "PARCEL_0069", "taluk": "Cheranmahadevi", "area_m2": 5241.09, "area_ha": 0.52410933563158024, "area_sq_m": 5241.0933563158023, "area_sq_km": 0.005241093356315802, "predicted_crop": "Paddy", "confidence": 0.99949998, "confidence_tier": "HIGH_CONFIDENCE", "prob_paddy": 0.99949998, "prob_banana": 0.0002, "prob_other": 0.0003, "data_quality_flag": "LIMITED", "valid_pixel_count": 44, "number_of_valid_dates": 4, "model_name": "XGBoost_Advanced", "model_version": "v2.0", "feature_set": "FEATURE_SET_TEMPORAL", "prediction_date": "2026-10-08" }, "geometry": { "type": "Polygon", "coordinates": [ [ [ 77.539192098324165, 8.699465427647507 ], [ 77.539709287236491, 8.699501849053252 ], [ 77.539768148779928, 8.698674330387474 ], [ 77.539250961045894, 8.698637908736217 ], [ 77.539192098324165, 8.699465427647507 ] ] ] } },
{ "type": "Feature", "properties": { "parcel_id": "PARCEL_0070", "taluk": "Cheranmahadevi", "area_m2": 6572.34, "area_ha": 0.65723403516367296, "area_sq_m": 6572.3403516367298, "area_sq_km": 0.0065723403516367296, "predicted_crop": "Paddy", "confidence": 0.99589998, "confidence_tier": "HIGH_CONFIDENCE", "prob_paddy": 0.99589998, "prob_banana": 0.0031, "prob_other": 0.001, "data_quality_flag": "GOOD", "valid_pixel_count": 68, "number_of_valid_dates": 4, "model_name": "XGBoost_Advanced", "model_version": "v2.0", "feature_set": "FEATURE_SET_TEMPORAL", "prediction_date": "2026-10-08" }, "geometry": { "type": "Polygon", "coordinates": [ [ [ 77.554635876365438, 8.696441199959487 ], [ 77.555509948926371, 8.69626464370805 ], [ 77.555389035670856, 8.695671998324087 ], [ 77.55451496426781, 8.695848553921964 ], [ 77.554635876365438, 8.696441199959487 ] ] ] } },
{ "type": "Feature", "properties": { "parcel_id": "PARCEL_0071", "taluk": "Cheranmahadevi", "area_m2": 8180.69, "area_ha": 0.81806882071039988, "area_sq_m": 8180.688207103999, "area_sq_km": 0.0081806882071039991, "predicted_crop": "Paddy", "confidence": 0.99839997, "confidence_tier": "HIGH_CONFIDENCE", "prob_paddy": 0.99839997, "prob_banana": 0.0014, "prob_other": 0.0003, "data_quality_flag": "GOOD", "valid_pixel_count": 72, "number_of_valid_dates": 4, "model_name": "XGBoost_Advanced", "model_version": "v2.0", "feature_set": "FEATURE_SET_TEMPORAL", "prediction_date": "2026-10-08" }, "geometry": { "type": "Polygon", "coordinates": [ [ [ 77.560845770278448, 8.696707183744737 ], [ 77.561836110502625, 8.696624658417614 ], [ 77.561779450360788, 8.695951484442611 ], [ 77.56078911180964, 8.696034009116383 ], [ 77.560845770278448, 8.696707183744737 ] ] ] } },
{ "type": "Feature", "properties": { "parcel_id": "PARCEL_0072", "taluk": "Cheranmahadevi", "area_m2": 10743.82, "area_ha": 1.0743816478150916, "area_sq_m": 10743.816478150915, "area_sq_km": 0.010743816478150914, "predicted_crop": "Paddy", "confidence": 0.99959999, "confidence_tier": "HIGH_CONFIDENCE", "prob_paddy": 0.99959999, "prob_banana": 0.0002, "prob_other": 0.0002, "data_quality_flag": "GOOD", "valid_pixel_count": 100, "number_of_valid_dates": 4, "model_name": "XGBoost_Advanced", "model_version": "v2.0", "feature_set": "FEATURE_SET_TEMPORAL", "prediction_date": "2026-10-08" }, "geometry": { "type": "Polygon", "coordinates": [ [ [ 77.537740501982071, 8.702947054060903 ], [ 77.538700617115396, 8.702899908449274 ], [ 77.538655176822814, 8.701983775357673 ], [ 77.53769506395642, 8.702030920188815 ], [ 77.537740501982071, 8.702947054060903 ] ] ] } },
{ "type": "Feature", "properties": { "parcel_id": "PARCEL_0073", "taluk": "Cheranmahadevi", "area_m2": 5852.1, "area_ha": 0.58520994177733476, "area_sq_m": 5852.0994177733473, "area_sq_km": 0.0058520994177733475, "predicted_crop": "Paddy", "confidence": 0.99959999, "confidence_tier": "HIGH_CONFIDENCE", "prob_paddy": 0.99959999, "prob_banana": 0.0002, "prob_other": 0.0002, "data_quality_flag": "GOOD", "valid_pixel_count": 60, "number_of_valid_dates": 4, "model_name": "XGBoost_Advanced", "model_version": "v2.0", "feature_set": "FEATURE_SET_TEMPORAL", "prediction_date": "2026-10-08" }, "geometry": { "type": "Polygon", "coordinates": [ [ [ 77.562351205611265, 8.698994947827092 ], [ 77.56286147920909, 8.698993111083114 ], [ 77.562858057111981, 8.698051954028557 ], [ 77.562347784788003, 8.698053790399065 ], [ 77.562351205611265, 8.698994947827092 ] ] ] } },
{ "type": "Feature", "properties": { "parcel_id": "PARCEL_0074", "taluk": "Cheranmahadevi", "area_m2": 7608.92, "area_ha": 0.76089156396385038, "area_sq_m": 7608.9156396385042, "area_sq_km": 0.0076089156396385044, "predicted_crop": "Paddy", "confidence": 0.99959999, "confidence_tier": "HIGH_CONFIDENCE", "prob_paddy": 0.99959999, "prob_banana": 0.0002, "prob_other": 0.0002, "data_quality_flag": "GOOD", "valid_pixel_count": 72, "number_of_valid_dates": 4, "model_name": "XGBoost_Advanced", "model_version": "v2.0", "feature_set": "FEATURE_SET_TEMPORAL", "prediction_date": "2026-10-08" }, "geometry": { "type": "Polygon", "coordinates": [ [ [ 77.54021772139356, 8.700597232143364 ], [ 77.541117662641355, 8.700320033443568 ], [ 77.540920661077493, 8.699686834258136 ], [ 77.540020720929391, 8.699964032107166 ], [ 77.54021772139356, 8.700597232143364 ] ] ] } },
{ "type": "Feature", "properties": { "parcel_id": "PARCEL_0075", "taluk": "Cheranmahadevi", "area_m2": 9034.55, "area_ha": 0.90345460623689411, "area_sq_m": 9034.5460623689414, "area_sq_km": 0.0090345460623689408, "predicted_crop": "Paddy", "confidence": 0.99659997, "confidence_tier": "HIGH_CONFIDENCE", "prob_paddy": 0.99659997, "prob_banana": 0.0015, "prob_other": 0.0019, "data_quality_flag": "GOOD", "valid_pixel_count": 88, "number_of_valid_dates": 4, "model_name": "XGBoost_Advanced", "model_version": "v2.0", "feature_set": "FEATURE_SET_TEMPORAL", "prediction_date": "2026-10-08" }, "geometry": { "type": "Polygon", "coordinates": [ [ [ 77.553829038809212, 8.688691515136865 ], [ 77.554798546397762, 8.688761445459743 ], [ 77.554853966044419, 8.688000712894809 ], [ 77.553884460485946, 8.687930782148802 ], [ 77.553829038809212, 8.688691515136865 ] ] ] } },
{ "type": "Feature", "properties": { "parcel_id": "PARCEL_0076", "taluk": "Cheranmahadevi", "area_m2": 6299.27, "area_ha": 0.62992677057782254, "area_sq_m": 6299.2677057782257, "area_sq_km": 0.0062992677057782257, "predicted_crop": "Paddy", "confidence": 0.97189999, "confidence_tier": "HIGH_CONFIDENCE", "prob_paddy": 0.97189999, "prob_banana": 0.0243, "prob_other": 0.0038, "data_quality_flag": "GOOD", "valid_pixel_count": 60, "number_of_valid_dates": 4, "model_name": "XGBoost_Advanced", "model_version": "v2.0", "feature_set": "FEATURE_SET_TEMPORAL", "prediction_date": "2026-10-08" }, "geometry": { "type": "Polygon", "coordinates": [ [ [ 77.519353366763582, 8.685501569816958 ], [ 77.519979914839567, 8.685592467404801 ], [ 77.520098296672145, 8.684784539209378 ], [ 77.519471750023015, 8.684693641438672 ], [ 77.519353366763582, 8.685501569816958 ] ] ] } },
{ "type": "Feature", "properties": { "parcel_id": "PARCEL_0077", "taluk": "Cheranmahadevi", "area_m2": 4419.22, "area_ha": 0.44192181605885172, "area_sq_m": 4419.2181605885171, "area_sq_km": 0.0044192181605885172, "predicted_crop": "Paddy", "confidence": 0.99900001, "confidence_tier": "HIGH_CONFIDENCE", "prob_paddy": 0.99900001, "prob_banana": 0.0005, "prob_other": 0.0006, "data_quality_flag": "GOOD", "valid_pixel_count": 44, "number_of_valid_dates": 4, "model_name": "XGBoost_Advanced", "model_version": "v2.0", "feature_set": "FEATURE_SET_TEMPORAL", "prediction_date": "2026-10-08" }, "geometry": { "type": "Polygon", "coordinates": [ [ [ 77.559155112965726, 8.696951868034308 ], [ 77.559640342764737, 8.696817090075882 ], [ 77.559445814695366, 8.696123715830185 ], [ 77.558960585575917, 8.696258493306635 ], [ 77.559155112965726, 8.696951868034308 ] ] ] } },
{ "type": "Feature", "properties": { "parcel_id": "PARCEL_0078", "taluk": "Cheranmahadevi", "area_m2": 7337.29, "area_ha": 0.73372889938889685, "area_sq_m": 7337.2889938889684, "area_sq_km": 0.0073372889938889685, "predicted_crop": "Paddy", "confidence": 0.80080003, "confidence_tier": "HIGH_CONFIDENCE", "prob_paddy": 0.80080003, "prob_banana": 0.19859999, "prob_other": 0.0006, "data_quality_flag": "GOOD", "valid_pixel_count": 72, "number_of_valid_dates": 4, "model_name": "XGBoost_Advanced", "model_version": "v2.0", "feature_set": "FEATURE_SET_TEMPORAL", "prediction_date": "2026-10-08" }, "geometry": { "type": "Polygon", "coordinates": [ [ [ 77.514635152035225, 8.709639471639628 ], [ 77.515546921513121, 8.709420914788701 ], [ 77.515395772910665, 8.708796676106083 ], [ 77.51448400465172, 8.70901523219619 ], [ 77.514635152035225, 8.709639471639628 ] ] ] } },
{ "type": "Feature", "properties": { "parcel_id": "PARCEL_0079", "taluk": "Cheranmahadevi", "area_m2": 4883.08, "area_ha": 0.48830793322784932, "area_sq_m": 4883.079332278493, "area_sq_km": 0.0048830793322784932, "predicted_crop": "Paddy", "confidence": 0.99760002, "confidence_tier": "HIGH_CONFIDENCE", "prob_paddy": 0.99760002, "prob_banana": 0.0016, "prob_other": 0.0008, "data_quality_flag": "GOOD", "valid_pixel_count": 48, "number_of_valid_dates": 4, "model_name": "XGBoost_Advanced", "model_version": "v2.0", "feature_set": "FEATURE_SET_TEMPORAL", "prediction_date": "2026-10-08" }, "geometry": { "type": "Polygon", "coordinates": [ [ [ 77.555442618201582, 8.683979668759642 ], [ 77.556207712138004, 8.683780178703175 ], [ 77.556078648277932, 8.683290078893013 ], [ 77.555313555116825, 8.683489568427049 ], [ 77.555442618201582, 8.683979668759642 ] ] ] } },
{ "type": "Feature", "properties": { "parcel_id": "PARCEL_0080", "taluk": "Cheranmahadevi", "area_m2": 9173.86, "area_ha": 0.91738630626119744, "area_sq_m": 9173.8630626119739, "area_sq_km": 0.0091738630626119737, "predicted_crop": "Paddy", "confidence": 0.99959999, "confidence_tier": "HIGH_CONFIDENCE", "prob_paddy": 0.99959999, "prob_banana": 0.0002, "prob_other": 0.0002, "data_quality_flag": "GOOD", "valid_pixel_count": 92, "number_of_valid_dates": 4, "model_name": "XGBoost_Advanced", "model_version": "v2.0", "feature_set": "FEATURE_SET_TEMPORAL", "prediction_date": "2026-10-08" }, "geometry": { "type": "Polygon", "coordinates": [ [ [ 77.541654954173154, 8.692568323575957 ], [ 77.542527041501558, 8.692339433739404 ], [ 77.54231307518441, 8.691532299962372 ], [ 77.54144098931107, 8.691761188817837 ], [ 77.541654954173154, 8.692568323575957 ] ] ] } },
{ "type": "Feature", "properties": { "parcel_id": "PARCEL_0081", "taluk": "Cheranmahadevi", "area_m2": 10551.87, "area_ha": 1.055186807553443, "area_sq_m": 10551.86807553443, "area_sq_km": 0.01055186807553443, "predicted_crop": "Paddy", "confidence": 0.9993, "confidence_tier": "HIGH_CONFIDENCE", "prob_paddy": 0.9993, "prob_banana": 0.0003, "prob_other": 0.0004, "data_quality_flag": "GOOD", "valid_pixel_count": 108, "number_of_valid_dates": 4, "model_name": "XGBoost_Advanced", "model_version": "v2.0", "feature_set": "FEATURE_SET_TEMPORAL", "prediction_date": "2026-10-08" }, "geometry": { "type": "Polygon", "coordinates": [ [ [ 77.524711975281662, 8.675026212015785 ], [ 77.525572755882436, 8.675277108942606 ], [ 77.525845487988718, 8.674350613606443 ], [ 77.524984709675905, 8.674099716732767 ], [ 77.524711975281662, 8.675026212015785 ] ] ] } },
{ "type": "Feature", "properties": { "parcel_id": "PARCEL_0082", "taluk": "Cheranmahadevi", "area_m2": 5315.56, "area_ha": 0.53155552659298, "area_sq_m": 5315.5552659298, "area_sq_km": 0.0053155552659298003, "predicted_crop": "Paddy", "confidence": 0.99959999, "confidence_tier": "HIGH_CONFIDENCE", "prob_paddy": 0.99959999, "prob_banana": 0.0002, "prob_other": 0.0002, "data_quality_flag": "GOOD", "valid_pixel_count": 60, "number_of_valid_dates": 4, "model_name": "XGBoost_Advanced", "model_version": "v2.0", "feature_set": "FEATURE_SET_TEMPORAL", "prediction_date": "2026-10-08" }, "geometry": { "type": "Polygon", "coordinates": [ [ [ 77.538031528252631, 8.705043161380773 ], [ 77.538530929321809, 8.705057243914665 ], [ 77.538555790439972, 8.704184407818477 ], [ 77.538056390548192, 8.704170324985272 ], [ 77.538031528252631, 8.705043161380773 ] ] ] } },
{ "type": "Feature", "properties": { "parcel_id": "PARCEL_0083", "taluk": "Cheranmahadevi", "area_m2": 4508.67, "area_ha": 0.45086709765460781, "area_sq_m": 4508.6709765460782, "area_sq_km": 0.0045086709765460786, "predicted_crop": "Paddy", "confidence": 0.99959999, "confidence_tier": "HIGH_CONFIDENCE", "prob_paddy": 0.99959999, "prob_banana": 0.0002, "prob_other": 0.0002, "data_quality_flag": "GOOD", "valid_pixel_count": 44, "number_of_valid_dates": 4, "model_name": "XGBoost_Advanced", "model_version": "v2.0", "feature_set": "FEATURE_SET_TEMPORAL", "prediction_date": "2026-10-08" }, "geometry": { "type": "Polygon", "coordinates": [ [ [ 77.562920823411488, 8.688383516250456 ], [ 77.563412505851133, 8.688232203000142 ], [ 77.563199028418268, 8.687545392803568 ], [ 77.562707346628059, 8.6876967055482 ], [ 77.562920823411488, 8.688383516250456 ] ] ] } },
{ "type": "Feature", "properties": { "parcel_id": "PARCEL_0084", "taluk": "Cheranmahadevi", "area_m2": 3259.3, "area_ha": 0.32593036946234649, "area_sq_m": 3259.3036946234647, "area_sq_km": 0.0032593036946234645, "predicted_crop": "Paddy", "confidence": 0.98809999, "confidence_tier": "HIGH_CONFIDENCE", "prob_paddy": 0.98809999, "prob_banana": 0.0084, "prob_other": 0.0035, "data_quality_flag": "GOOD", "valid_pixel_count": 32, "number_of_valid_dates": 4, "model_name": "XGBoost_Advanced", "model_version": "v2.0", "feature_set": "FEATURE_SET_TEMPORAL", "prediction_date": "2026-10-08" }, "geometry": { "type": "Polygon", "coordinates": [ [ [ 77.537614705159712, 8.689580223348839 ], [ 77.538131751916765, 8.689622935150929 ], [ 77.538174618440621, 8.689109155407044 ], [ 77.537657572417771, 8.689066443461451 ], [ 77.537614705159712, 8.689580223348839 ] ] ] } },
{ "type": "Feature", "properties": { "parcel_id": "PARCEL_0085", "taluk": "Cheranmahadevi", "area_m2": 7809.61, "area_ha": 0.78096140350458121, "area_sq_m": 7809.6140350458118, "area_sq_km": 0.0078096140350458121, "predicted_crop": "Paddy", "confidence": 0.9605, "confidence_tier": "HIGH_CONFIDENCE", "prob_paddy": 0.9605, "prob_banana": 0.0131, "prob_other": 0.0264, "data_quality_flag": "GOOD", "valid_pixel_count": 84, "number_of_valid_dates": 4, "model_name": "XGBoost_Advanced", "model_version": "v2.0", "feature_set": "FEATURE_SET_TEMPORAL", "prediction_date": "2026-10-08" }, "geometry": { "type": "Polygon", "coordinates": [ [ [ 77.557214067945367, 8.70674621508185 ], [ 77.558183519240984, 8.706614869738118 ], [ 77.558094690495139, 8.705965793173288 ], [ 77.557125240710548, 8.706097137820693 ], [ 77.557214067945367, 8.70674621508185 ] ] ] } },
{ "type": "Feature", "properties": { "parcel_id": "PARCEL_0086", "taluk": "Cheranmahadevi", "area_m2": 5468.28, "area_ha": 0.54682779127221004, "area_sq_m": 5468.2779127221002, "area_sq_km": 0.0054682779127220998, "predicted_crop": "Paddy", "confidence": 0.9993, "confidence_tier": "HIGH_CONFIDENCE", "prob_paddy": 0.9993, "prob_banana": 0.0004, "prob_other": 0.0003, "data_quality_flag": "GOOD", "valid_pixel_count": 52, "number_of_valid_dates": 4, "model_name": "XGBoost_Advanced", "model_version": "v2.0", "feature_set": "FEATURE_SET_TEMPORAL", "prediction_date": "2026-10-08" }, "geometry": { "type": "Polygon", "coordinates": [ [ [ 77.542941801901847, 8.694881373619165 ], [ 77.54388391166259, 8.695146078660743 ], [ 77.544009109279258, 8.694704916208103 ], [ 77.543067000714615, 8.694440211179622 ], [ 77.542941801901847, 8.694881373619165 ] ] ] } },
{ "type": "Feature", "properties": { "parcel_id": "PARCEL_0087", "taluk": "Cheranmahadevi", "area_m2": 4530.09, "area_ha": 0.4530093704197693, "area_sq_m": 4530.0937041976931, "area_sq_km": 0.004530093704197693, "predicted_crop": "Paddy", "confidence": 0.9964, "confidence_tier": "HIGH_CONFIDENCE", "prob_paddy": 0.9964, "prob_banana": 0.0021, "prob_other": 0.0015, "data_quality_flag": "GOOD", "valid_pixel_count": 44, "number_of_valid_dates": 4, "model_name": "XGBoost_Advanced", "model_version": "v2.0", "feature_set": "FEATURE_SET_TEMPORAL", "prediction_date": "2026-10-08" }, "geometry": { "type": "Polygon", "coordinates": [ [ [ 77.552375700419049, 8.690200024654503 ], [ 77.552851437096933, 8.690333507059181 ], [ 77.553056577995562, 8.689609624130711 ], [ 77.552580842308814, 8.689476141735449 ], [ 77.552375700419049, 8.690200024654503 ] ] ] } },
{ "type": "Feature", "properties": { "parcel_id": "PARCEL_0088", "taluk": "Cheranmahadevi", "area_m2": 7089.36, "area_ha": 0.70893561209012634, "area_sq_m": 7089.3561209012632, "area_sq_km": 0.0070893561209012636, "predicted_crop": "Paddy", "confidence": 0.99949998, "confidence_tier": "HIGH_CONFIDENCE", "prob_paddy": 0.99949998, "prob_banana": 0.0002, "prob_other": 0.0003, "data_quality_flag": "GOOD", "valid_pixel_count": 64, "number_of_valid_dates": 4, "model_name": "XGBoost_Advanced", "model_version": "v2.0", "feature_set": "FEATURE_SET_TEMPORAL", "prediction_date": "2026-10-08" }, "geometry": { "type": "Polygon", "coordinates": [ [ [ 77.58584236094444, 8.694266212127651 ], [ 77.586673511021999, 8.694323954021 ], [ 77.586722387091285, 8.693627402354579 ], [ 77.585891238607346, 8.693569660119479 ], [ 77.58584236094444, 8.694266212127651 ] ] ] } },
{ "type": "Feature", "properties": { "parcel_id": "PARCEL_0089", "taluk": "Cheranmahadevi", "area_m2": 3525.2, "area_ha": 0.35251962457135372, "area_sq_m": 3525.1962457135373, "area_sq_km": 0.0035251962457135372, "predicted_crop": "Paddy", "confidence": 0.99959999, "confidence_tier": "HIGH_CONFIDENCE", "prob_paddy": 0.99959999, "prob_banana": 0.0002, "prob_other": 0.0002, "data_quality_flag": "GOOD", "valid_pixel_count": 32, "number_of_valid_dates": 4, "model_name": "XGBoost_Advanced", "model_version": "v2.0", "feature_set": "FEATURE_SET_TEMPORAL", "prediction_date": "2026-10-08" }, "geometry": { "type": "Polygon", "coordinates": [ [ [ 77.563014656938378, 8.691914760262723 ], [ 77.563476970972786, 8.692038850432768 ], [ 77.563635104054754, 8.691455550669053 ], [ 77.563172790796813, 8.691331460495679 ], [ 77.563014656938378, 8.691914760262723 ] ] ] } },
{ "type": "Feature", "properties": { "parcel_id": "PARCEL_0090", "taluk": "Cheranmahadevi", "area_m2": 5811.79, "area_ha": 0.58117885512421841, "area_sq_m": 5811.7885512421844, "area_sq_km": 0.0058117885512421847, "predicted_crop": "Paddy", "confidence": 0.99540001, "confidence_tier": "HIGH_CONFIDENCE", "prob_paddy": 0.99540001, "prob_banana": 0.0018, "prob_other": 0.0028, "data_quality_flag": "GOOD", "valid_pixel_count": 52, "number_of_valid_dates": 4, "model_name": "XGBoost_Advanced", "model_version": "v2.0", "feature_set": "FEATURE_SET_TEMPORAL", "prediction_date": "2026-10-08" }, "geometry": { "type": "Polygon", "coordinates": [ [ [ 77.546980029827694, 8.700762918261317 ], [ 77.547757202854726, 8.700611104122823 ], [ 77.547640606006439, 8.700020170199322 ], [ 77.546863434014924, 8.700171983766337 ], [ 77.546980029827694, 8.700762918261317 ] ] ] } },
{ "type": "Feature", "properties": { "parcel_id": "PARCEL_0091", "taluk": "Cheranmahadevi", "area_m2": 4647.51, "area_ha": 0.46475053119207077, "area_sq_m": 4647.5053119207078, "area_sq_km": 0.0046475053119207077, "predicted_crop": "Paddy", "confidence": 0.9914, "confidence_tier": "HIGH_CONFIDENCE", "prob_paddy": 0.9914, "prob_banana": 0.0071, "prob_other": 0.0015, "data_quality_flag": "GOOD", "valid_pixel_count": 40, "number_of_valid_dates": 4, "model_name": "XGBoost_Advanced", "model_version": "v2.0", "feature_set": "FEATURE_SET_TEMPORAL", "prediction_date": "2026-10-08" }, "geometry": { "type": "Polygon", "coordinates": [ [ [ 77.513856120625093, 8.68445450969352 ], [ 77.514598593153735, 8.684665359534939 ], [ 77.514734835726358, 8.684190344626124 ], [ 77.513992364209841, 8.68397949480153 ], [ 77.513856120625093, 8.68445450969352 ] ] ] } },
{ "type": "Feature", "properties": { "parcel_id": "PARCEL_0092", "taluk": "Cheranmahadevi", "area_m2": 9001.61, "area_ha": 0.90016095218074677, "area_sq_m": 9001.6095218074679, "area_sq_km": 0.0090016095218074677, "predicted_crop": "Paddy", "confidence": 0.99620003, "confidence_tier": "HIGH_CONFIDENCE", "prob_paddy": 0.99620003, "prob_banana": 0.0031, "prob_other": 0.0007, "data_quality_flag": "GOOD", "valid_pixel_count": 96, "number_of_valid_dates": 4, "model_name": "XGBoost_Advanced", "model_version": "v2.0", "feature_set": "FEATURE_SET_TEMPORAL", "prediction_date": "2026-10-08" }, "geometry": { "type": "Polygon", "coordinates": [ [ [ 77.517458861866118, 8.69442665531415 ], [ 77.518336858156289, 8.694241292008826 ], [ 77.518165163896427, 8.693436123958536 ], [ 77.517287169172079, 8.69362148636484 ], [ 77.517458861866118, 8.69442665531415 ] ] ] } },
{ "type": "Feature", "properties": { "parcel_id": "PARCEL_0093", "taluk": "Cheranmahadevi", "area_m2": 10804.47, "area_ha": 1.0804465967884946, "area_sq_m": 10804.465967884946, "area_sq_km": 0.010804465967884945, "predicted_crop": "Paddy", "confidence": 0.9982, "confidence_tier": "HIGH_CONFIDENCE", "prob_paddy": 0.9982, "prob_banana": 0.0013, "prob_other": 0.0004, "data_quality_flag": "GOOD", "valid_pixel_count": 108, "number_of_valid_dates": 4, "model_name": "XGBoost_Advanced", "model_version": "v2.0", "feature_set": "FEATURE_SET_TEMPORAL", "prediction_date": "2026-10-08" }, "geometry": { "type": "Polygon", "coordinates": [ [ [ 77.527269318519686, 8.710371270580028 ], [ 77.528194341515942, 8.710107056865514 ], [ 77.527938817495567, 8.709221423621111 ], [ 77.527013796141773, 8.709485636154339 ], [ 77.527269318519686, 8.710371270580028 ] ] ] } },
{ "type": "Feature", "properties": { "parcel_id": "PARCEL_0094", "taluk": "Cheranmahadevi", "area_m2": 10774.35, "area_ha": 1.077435221834391, "area_sq_m": 10774.352218343909, "area_sq_km": 0.01077435221834391, "predicted_crop": "Paddy", "confidence": 0.99949998, "confidence_tier": "HIGH_CONFIDENCE", "prob_paddy": 0.99949998, "prob_banana": 0.0003, "prob_other": 0.0003, "data_quality_flag": "GOOD", "valid_pixel_count": 108, "number_of_valid_dates": 4, "model_name": "XGBoost_Advanced", "model_version": "v2.0", "feature_set": "FEATURE_SET_TEMPORAL", "prediction_date": "2026-10-08" }, "geometry": { "type": "Polygon", "coordinates": [ [ [ 77.547497270736315, 8.687318356244813 ], [ 77.548372103916932, 8.687126920341335 ], [ 77.548159030722999, 8.686162848041679 ], [ 77.547284199388045, 8.686354282850862 ], [ 77.547497270736315, 8.687318356244813 ] ] ] } },
{ "type": "Feature", "properties": { "parcel_id": "PARCEL_0095", "taluk": "Cheranmahadevi", "area_m2": 10876.52, "area_ha": 1.0876519728458789, "area_sq_m": 10876.519728458788, "area_sq_km": 0.010876519728458789, "predicted_crop": "Paddy", "confidence": 0.99940002, "confidence_tier": "HIGH_CONFIDENCE", "prob_paddy": 0.99940002, "prob_banana": 0.0003, "prob_other": 0.0003, "data_quality_flag": "GOOD", "valid_pixel_count": 112, "number_of_valid_dates": 4, "model_name": "XGBoost_Advanced", "model_version": "v2.0", "feature_set": "FEATURE_SET_TEMPORAL", "prediction_date": "2026-10-08" }, "geometry": { "type": "Polygon", "coordinates": [ [ [ 77.520575436987897, 8.705010330536181 ], [ 77.52153919840471, 8.705201058080384 ], [ 77.521717300159793, 8.704310084769542 ], [ 77.520753541196044, 8.704119357045974 ], [ 77.520575436987897, 8.705010330536181 ] ] ] } },
{ "type": "Feature", "properties": { "parcel_id": "PARCEL_0096", "taluk": "Cheranmahadevi", "area_m2": 3544.84, "area_ha": 0.35448361598306011, "area_sq_m": 3544.836159830601, "area_sq_km": 0.003544836159830601, "predicted_crop": "Paddy", "confidence": 0.9964, "confidence_tier": "HIGH_CONFIDENCE", "prob_paddy": 0.9964, "prob_banana": 0.0026, "prob_other": 0.001, "data_quality_flag": "GOOD", "valid_pixel_count": 36, "number_of_valid_dates": 4, "model_name": "XGBoost_Advanced", "model_version": "v2.0", "feature_set": "FEATURE_SET_TEMPORAL", "prediction_date": "2026-10-08" }, "geometry": { "type": "Polygon", "coordinates": [ [ [ 77.508554843923349, 8.680458119665094 ], [ 77.509144374222117, 8.680584514779213 ], [ 77.509246487707443, 8.680112934470106 ], [ 77.508656958202351, 8.679986539311843 ], [ 77.508554843923349, 8.680458119665094 ] ] ] } },
{ "type": "Feature", "properties": { "parcel_id": "PARCEL_0097", "taluk": "Cheranmahadevi", "area_m2": 10256.71, "area_ha": 1.025670607885842, "area_sq_m": 10256.70607885842, "area_sq_km": 0.010256706078858421, "predicted_crop": "Paddy", "confidence": 0.99449998, "confidence_tier": "HIGH_CONFIDENCE", "prob_paddy": 0.99449998, "prob_banana": 0.0025, "prob_other": 0.003, "data_quality_flag": "GOOD", "valid_pixel_count": 100, "number_of_valid_dates": 4, "model_name": "XGBoost_Advanced", "model_version": "v2.0", "feature_set": "FEATURE_SET_TEMPORAL", "prediction_date": "2026-10-08" }, "geometry": { "type": "Polygon", "coordinates": [ [ [ 77.548615989412241, 8.690686198272315 ], [ 77.5494711475191, 8.690861399445748 ], [ 77.549666538799414, 8.689917146710799 ], [ 77.548811383001322, 8.689741945377913 ], [ 77.548615989412241, 8.690686198272315 ] ] ] } },
{ "type": "Feature", "properties": { "parcel_id": "PARCEL_0098", "taluk": "Cheranmahadevi", "area_m2": 6193.24, "area_ha": 0.61932401489749545, "area_sq_m": 6193.2401489749545, "area_sq_km": 0.0061932401489749548, "predicted_crop": "Paddy", "confidence": 0.96520001, "confidence_tier": "HIGH_CONFIDENCE", "prob_paddy": 0.96520001, "prob_banana": 0.0162, "prob_other": 0.0185, "data_quality_flag": "GOOD", "valid_pixel_count": 68, "number_of_valid_dates": 4, "model_name": "XGBoost_Advanced", "model_version": "v2.0", "feature_set": "FEATURE_SET_TEMPORAL", "prediction_date": "2026-10-08" }, "geometry": { "type": "Polygon", "coordinates": [ [ [ 77.543528875129866, 8.672955782120747 ], [ 77.544052458326703, 8.672985514486529 ], [ 77.54410794516285, 8.672017989046076 ], [ 77.543584363348373, 8.671988256370041 ], [ 77.543528875129866, 8.672955782120747 ] ] ] } },
{ "type": "Feature", "properties": { "parcel_id": "PARCEL_0099", "taluk": "Cheranmahadevi", "area_m2": 6225.88, "area_ha": 0.62258786419688483, "area_sq_m": 6225.8786419688486, "area_sq_km": 0.0062258786419688485, "predicted_crop": "Paddy", "confidence": 0.99910003, "confidence_tier": "HIGH_CONFIDENCE", "prob_paddy": 0.99910003, "prob_banana": 0.0006, "prob_other": 0.0003, "data_quality_flag": "GOOD", "valid_pixel_count": 60, "number_of_valid_dates": 4, "model_name": "XGBoost_Advanced", "model_version": "v2.0", "feature_set": "FEATURE_SET_TEMPORAL", "prediction_date": "2026-10-08" }, "geometry": { "type": "Polygon", "coordinates": [ [ [ 77.560294169832133, 8.677926710125005 ], [ 77.561062622504608, 8.677740709036073 ], [ 77.560909177666034, 8.677113005425088 ], [ 77.560140726015817, 8.67729900586151 ], [ 77.560294169832133, 8.677926710125005 ] ] ] } },
{ "type": "Feature", "properties": { "parcel_id": "PARCEL_0100", "taluk": "Cheranmahadevi", "area_m2": 7823.68, "area_ha": 0.78236802975650277, "area_sq_m": 7823.680297565028, "area_sq_km": 0.0078236802975650277, "predicted_crop": "Paddy", "confidence": 0.97149998, "confidence_tier": "HIGH_CONFIDENCE", "prob_paddy": 0.97149998, "prob_banana": 0.009, "prob_other": 0.0195, "data_quality_flag": "GOOD", "valid_pixel_count": 80, "number_of_valid_dates": 4, "model_name": "XGBoost_Advanced", "model_version": "v2.0", "feature_set": "FEATURE_SET_TEMPORAL", "prediction_date": "2026-10-08" }, "geometry": { "type": "Polygon", "coordinates": [ [ [ 77.552660629333289, 8.712237977561701 ], [ 77.553517347207531, 8.712414815240187 ], [ 77.553667166515908, 8.711696270627117 ], [ 77.552810450406454, 8.711519432830029 ], [ 77.552660629333289, 8.712237977561701 ] ] ] } },
{ "type": "Feature", "properties": { "parcel_id": "PARCEL_0101", "taluk": "Cheranmahadevi", "area_m2": 7613.78, "area_ha": 0.7613782356399621, "area_sq_m": 7613.7823563996208, "area_sq_km": 0.0076137823563996211, "predicted_crop": "Paddy", "confidence": 0.9993, "confidence_tier": "HIGH_CONFIDENCE", "prob_paddy": 0.9993, "prob_banana": 0.0004, "prob_other": 0.0003, "data_quality_flag": "GOOD", "valid_pixel_count": 76, "number_of_valid_dates": 4, "model_name": "XGBoost_Advanced", "model_version": "v2.0", "feature_set": "FEATURE_SET_TEMPORAL", "prediction_date": "2026-10-08" }, "geometry": { "type": "Polygon", "coordinates": [ [ [ 77.582489709419278, 8.709030151034215 ], [ 77.583397711005404, 8.708822023367766 ], [ 77.583246414553898, 8.708168572602199 ], [ 77.582338414250273, 8.708376699478068 ], [ 77.582489709419278, 8.709030151034215 ] ] ] } },
{ "type": "Feature", "properties": { "parcel_id": "PARCEL_0102", "taluk": "Cheranmahadevi", "area_m2": 3652.56, "area_ha": 0.36525589643130785, "area_sq_m": 3652.5589643130784, "area_sq_km": 0.0036525589643130784, "predicted_crop": "Paddy", "confidence": 0.99959999, "confidence_tier": "HIGH_CONFIDENCE", "prob_paddy": 0.99959999, "prob_banana": 0.0002, "prob_other": 0.0002, "data_quality_flag": "GOOD", "valid_pixel_count": 36, "number_of_valid_dates": 4, "model_name": "XGBoost_Advanced", "model_version": "v2.0", "feature_set": "FEATURE_SET_TEMPORAL", "prediction_date": "2026-10-08" }, "geometry": { "type": "Polygon", "coordinates": [ [ [ 77.573262552241516, 8.699482207475741 ], [ 77.573807537276281, 8.699315611104304 ], [ 77.573652361282555, 8.698813043922744 ], [ 77.573107376776662, 8.698979639884183 ], [ 77.573262552241516, 8.699482207475741 ] ] ] } },
{ "type": "Feature", "properties": { "parcel_id": "PARCEL_0103", "taluk": "Cheranmahadevi", "area_m2": 5606.91, "area_ha": 0.56069058603276367, "area_sq_m": 5606.9058603276371, "area_sq_km": 0.005606905860327637, "predicted_crop": "Paddy", "confidence": 0.99119997, "confidence_tier": "HIGH_CONFIDENCE", "prob_paddy": 0.99119997, "prob_banana": 0.0026, "prob_other": 0.0062, "data_quality_flag": "GOOD", "valid_pixel_count": 52, "number_of_valid_dates": 4, "model_name": "XGBoost_Advanced", "model_version": "v2.0", "feature_set": "FEATURE_SET_TEMPORAL", "prediction_date": "2026-10-08" }, "geometry": { "type": "Polygon", "coordinates": [ [ [ 77.565818314290368, 8.67086339697917 ], [ 77.566467612674472, 8.671018594413576 ], [ 77.566629332463108, 8.670348644658457 ], [ 77.565980035326589, 8.670193447179233 ], [ 77.565818314290368, 8.67086339697917 ] ] ] } },
{ "type": "Feature", "properties": { "parcel_id": "PARCEL_0104", "taluk": "Cheranmahadevi", "area_m2": 7159.29, "area_ha": 0.7159294390950357, "area_sq_m": 7159.2943909503574, "area_sq_km": 0.0071592943909503572, "predicted_crop": "Paddy", "confidence": 0.9975, "confidence_tier": "HIGH_CONFIDENCE", "prob_paddy": 0.9975, "prob_banana": 0.0018, "prob_other": 0.0007, "data_quality_flag": "GOOD", "valid_pixel_count": 64, "number_of_valid_dates": 4, "model_name": "XGBoost_Advanced", "model_version": "v2.0", "feature_set": "FEATURE_SET_TEMPORAL", "prediction_date": "2026-10-08" }, "geometry": { "type": "Polygon", "coordinates": [ [ [ 77.55170266735162, 8.666534738989364 ], [ 77.552581747465808, 8.666593028187242 ], [ 77.552626299998508, 8.665927682822717 ], [ 77.551747221486195, 8.665869393280106 ], [ 77.55170266735162, 8.666534738989364 ] ] ] } },
{ "type": "Feature", "properties": { "parcel_id": "PARCEL_0105", "taluk": "Cheranmahadevi", "area_m2": 8437.39, "area_ha": 0.84373897858997193, "area_sq_m": 8437.3897858997188, "area_sq_km": 0.0084373897858997186, "predicted_crop": "Paddy", "confidence": 0.83039999, "confidence_tier": "HIGH_CONFIDENCE", "prob_paddy": 0.83039999, "prob_banana": 0.14129999, "prob_other": 0.0283, "data_quality_flag": "GOOD", "valid_pixel_count": 80, "number_of_valid_dates": 4, "model_name": "XGBoost_Advanced", "model_version": "v2.0", "feature_set": "FEATURE_SET_TEMPORAL", "prediction_date": "2026-10-08" }, "geometry": { "type": "Polygon", "coordinates": [ [ [ 77.520856880383164, 8.689871263612968 ], [ 77.5215611106305, 8.689863497993102 ], [ 77.52155016034628, 8.688880355834375 ], [ 77.520845931925308, 8.688888120911058 ], [ 77.520856880383164, 8.689871263612968 ] ] ] } },
{ "type": "Feature", "properties": { "parcel_id": "PARCEL_0106", "taluk": "Cheranmahadevi", "area_m2": 3513.61, "area_ha": 0.35136125257966483, "area_sq_m": 3513.6125257966482, "area_sq_km": 0.0035136125257966481, "predicted_crop": "Paddy", "confidence": 0.9993, "confidence_tier": "HIGH_CONFIDENCE", "prob_paddy": 0.9993, "prob_banana": 0.0005, "prob_other": 0.0003, "data_quality_flag": "GOOD", "valid_pixel_count": 40, "number_of_valid_dates": 4, "model_name": "XGBoost_Advanced", "model_version": "v2.0", "feature_set": "FEATURE_SET_TEMPORAL", "prediction_date": "2026-10-08" }, "geometry": { "type": "Polygon", "coordinates": [ [ [ 77.56706900738385, 8.674348388734449 ], [ 77.567638579954988, 8.674216022198344 ], [ 77.567525915217686, 8.673735992614105 ], [ 77.566956343232889, 8.673868358785789 ], [ 77.56706900738385, 8.674348388734449 ] ] ] } },
{ "type": "Feature", "properties": { "parcel_id": "PARCEL_0107", "taluk": "Cheranmahadevi", "area_m2": 4308.97, "area_ha": 0.43089740839597179, "area_sq_m": 4308.974083959718, "area_sq_km": 0.0043089740839597178, "predicted_crop": "Paddy", "confidence": 0.99879998, "confidence_tier": "HIGH_CONFIDENCE", "prob_paddy": 0.99879998, "prob_banana": 0.0004, "prob_other": 0.0008, "data_quality_flag": "GOOD", "valid_pixel_count": 44, "number_of_valid_dates": 4, "model_name": "XGBoost_Advanced", "model_version": "v2.0", "feature_set": "FEATURE_SET_TEMPORAL", "prediction_date": "2026-10-08" }, "geometry": { "type": "Polygon", "coordinates": [ [ [ 77.554632795252203, 8.679809138919953 ], [ 77.555171225522386, 8.679935342741365 ], [ 77.555318517562753, 8.679313136577401 ], [ 77.554780088253295, 8.679186932718158 ], [ 77.554632795252203, 8.679809138919953 ] ] ] } },
{ "type": "Feature", "properties": { "parcel_id": "PARCEL_0108", "taluk": "Cheranmahadevi", "area_m2": 3713.11, "area_ha": 0.37131134582729813, "area_sq_m": 3713.1134582729815, "area_sq_km": 0.0037131134582729813, "predicted_crop": "Paddy", "confidence": 0.99940002, "confidence_tier": "HIGH_CONFIDENCE", "prob_paddy": 0.99940002, "prob_banana": 0.0002, "prob_other": 0.0003, "data_quality_flag": "GOOD", "valid_pixel_count": 36, "number_of_valid_dates": 4, "model_name": "XGBoost_Advanced", "model_version": "v2.0", "feature_set": "FEATURE_SET_TEMPORAL", "prediction_date": "2026-10-08" }, "geometry": { "type": "Polygon", "coordinates": [ [ [ 77.582436099508797, 8.686446587621278 ], [ 77.582962366381906, 8.686294708048871 ], [ 77.582806698898906, 8.685760653327678 ], [ 77.582280432582209, 8.685912532489276 ], [ 77.582436099508797, 8.686446587621278 ] ] ] } },
{ "type": "Feature", "properties": { "parcel_id": "PARCEL_0109", "taluk": "Cheranmahadevi", "area_m2": 3353.66, "area_ha": 0.3353663656552483, "area_sq_m": 3353.6636565524827, "area_sq_km": 0.0033536636565524827, "predicted_crop": "Paddy", "confidence": 0.99769998, "confidence_tier": "HIGH_CONFIDENCE", "prob_paddy": 0.99769998, "prob_banana": 0.0016, "prob_other": 0.0007, "data_quality_flag": "GOOD", "valid_pixel_count": 36, "number_of_valid_dates": 4, "model_name": "XGBoost_Advanced", "model_version": "v2.0", "feature_set": "FEATURE_SET_TEMPORAL", "prediction_date": "2026-10-08" }, "geometry": { "type": "Polygon", "coordinates": [ [ [ 77.540116941678036, 8.681559888624641 ], [ 77.540652419512199, 8.681432702423344 ], [ 77.540535772803565, 8.680946444915945 ], [ 77.540000295525587, 8.681073630769083 ], [ 77.540116941678036, 8.681559888624641 ] ] ] } },
{ "type": "Feature", "properties": { "parcel_id": "PARCEL_0110", "taluk": "Cheranmahadevi", "area_m2": 5763.23, "area_ha": 0.57632284572065184, "area_sq_m": 5763.2284572065182, "area_sq_km": 0.0057632284572065179, "predicted_crop": "Paddy", "confidence": 0.99760002, "confidence_tier": "HIGH_CONFIDENCE", "prob_paddy": 0.99760002, "prob_banana": 0.0016, "prob_other": 0.0008, "data_quality_flag": "GOOD", "valid_pixel_count": 64, "number_of_valid_dates": 4, "model_name": "XGBoost_Advanced", "model_version": "v2.0", "feature_set": "FEATURE_SET_TEMPORAL", "prediction_date": "2026-10-08" }, "geometry": { "type": "Polygon", "coordinates": [ [ [ 77.525232217115573, 8.688197504030812 ], [ 77.525881020459195, 8.688267221061531 ], [ 77.525959225469222, 8.687546630063862 ], [ 77.525310423429076, 8.687476912814255 ], [ 77.525232217115573, 8.688197504030812 ] ] ] } },
{ "type": "Feature", "properties": { "parcel_id": "PARCEL_0111", "taluk": "Cheranmahadevi", "area_m2": 10779.39, "area_ha": 1.0779389074592629, "area_sq_m": 10779.389074592629, "area_sq_km": 0.010779389074592629, "predicted_crop": "Paddy", "confidence": 0.99959999, "confidence_tier": "HIGH_CONFIDENCE", "prob_paddy": 0.99959999, "prob_banana": 0.0002, "prob_other": 0.0002, "data_quality_flag": "GOOD", "valid_pixel_count": 104, "number_of_valid_dates": 4, "model_name": "XGBoost_Advanced", "model_version": "v2.0", "feature_set": "FEATURE_SET_TEMPORAL", "prediction_date": "2026-10-08" }, "geometry": { "type": "Polygon", "coordinates": [ [ [ 77.537308952592269, 8.692771271832694 ], [ 77.538205343933427, 8.692524373302495 ], [ 77.537950335491132, 8.691607730522446 ], [ 77.537053945817306, 8.691854627884991 ], [ 77.537308952592269, 8.692771271832694 ] ] ] } },
{ "type": "Feature", "properties": { "parcel_id": "PARCEL_0112", "taluk": "Cheranmahadevi", "area_m2": 5795.39, "area_ha": 0.57953928361489693, "area_sq_m": 5795.3928361489698, "area_sq_km": 0.0057953928361489694, "predicted_crop": "Paddy", "confidence": 0.99910003, "confidence_tier": "HIGH_CONFIDENCE", "prob_paddy": 0.99910003, "prob_banana": 0.0005, "prob_other": 0.0003, "data_quality_flag": "GOOD", "valid_pixel_count": 60, "number_of_valid_dates": 4, "model_name": "XGBoost_Advanced", "model_version": "v2.0", "feature_set": "FEATURE_SET_TEMPORAL", "prediction_date": "2026-10-08" }, "geometry": { "type": "Polygon", "coordinates": [ [ [ 77.562549062787937, 8.683321249810069 ], [ 77.563396738083767, 8.68316676174063 ], [ 77.563296820303279, 8.682623930929765 ], [ 77.562449146057233, 8.68277841843892 ], [ 77.562549062787937, 8.683321249810069 ] ] ] } },
{ "type": "Feature", "properties": { "parcel_id": "PARCEL_0113", "taluk": "Cheranmahadevi", "area_m2": 6282.6, "area_ha": 0.62826026578943128, "area_sq_m": 6282.6026578943129, "area_sq_km": 0.0062826026578943128, "predicted_crop": "Paddy", "confidence": 0.99879998, "confidence_tier": "HIGH_CONFIDENCE", "prob_paddy": 0.99879998, "prob_banana": 0.0004, "prob_other": 0.0008, "data_quality_flag": "GOOD", "valid_pixel_count": 64, "number_of_valid_dates": 4, "model_name": "XGBoost_Advanced", "model_version": "v2.0", "feature_set": "FEATURE_SET_TEMPORAL", "prediction_date": "2026-10-08" }, "geometry": { "type": "Polygon", "coordinates": [ [ [ 77.544002063502091, 8.665199202143794 ], [ 77.544792639571412, 8.665176244376768 ], [ 77.544773531128385, 8.6645246771683 ], [ 77.543982956398665, 8.664547634503759 ], [ 77.544002063502091, 8.665199202143794 ] ] ] } },
{ "type": "Feature", "properties": { "parcel_id": "PARCEL_0114", "taluk": "Cheranmahadevi", "area_m2": 8369.66, "area_ha": 0.83696585609547236, "area_sq_m": 8369.6585609547237, "area_sq_km": 0.0083696585609547239, "predicted_crop": "Paddy", "confidence": 0.99059999, "confidence_tier": "HIGH_CONFIDENCE", "prob_paddy": 0.99059999, "prob_banana": 0.004, "prob_other": 0.0053, "data_quality_flag": "GOOD", "valid_pixel_count": 80, "number_of_valid_dates": 4, "model_name": "XGBoost_Advanced", "model_version": "v2.0", "feature_set": "FEATURE_SET_TEMPORAL", "prediction_date": "2026-10-08" }, "geometry": { "type": "Polygon", "coordinates": [ [ [ 77.56242119649346, 8.679345593256409 ], [ 77.563362957562106, 8.679357320369132 ], [ 77.563372127239944, 8.678628138806921 ], [ 77.562430368005494, 8.678616411188862 ], [ 77.56242119649346, 8.679345593256409 ] ] ] } },
{ "type": "Feature", "properties": { "parcel_id": "PARCEL_0115", "taluk": "Cheranmahadevi", "area_m2": 5290.18, "area_ha": 0.52901816269035495, "area_sq_m": 5290.1816269035498, "area_sq_km": 0.0052901816269035496, "predicted_crop": "Paddy", "confidence": 0.9896, "confidence_tier": "HIGH_CONFIDENCE", "prob_paddy": 0.9896, "prob_banana": 0.0058, "prob_other": 0.0046, "data_quality_flag": "GOOD", "valid_pixel_count": 52, "number_of_valid_dates": 4, "model_name": "XGBoost_Advanced", "model_version": "v2.0", "feature_set": "FEATURE_SET_TEMPORAL", "prediction_date": "2026-10-08" }, "geometry": { "type": "Polygon", "coordinates": [ [ [ 77.546565337633695, 8.679787542439566 ], [ 77.547301788550698, 8.679680408930103 ], [ 77.547216992359935, 8.679103257042431 ], [ 77.546480542450723, 8.679210390073182 ], [ 77.546565337633695, 8.679787542439566 ] ] ] } },
{ "type": "Feature", "properties": { "parcel_id": "PARCEL_0116", "taluk": "Cheranmahadevi", "area_m2": 4345.75, "area_ha": 0.43457523093111167, "area_sq_m": 4345.7523093111167, "area_sq_km": 0.0043457523093111171, "predicted_crop": "Paddy", "confidence": 0.99940002, "confidence_tier": "HIGH_CONFIDENCE", "prob_paddy": 0.99940002, "prob_banana": 0.0004, "prob_other": 0.0003, "data_quality_flag": "GOOD", "valid_pixel_count": 48, "number_of_valid_dates": 4, "model_name": "XGBoost_Advanced", "model_version": "v2.0", "feature_set": "FEATURE_SET_TEMPORAL", "prediction_date": "2026-10-08" }, "geometry": { "type": "Polygon", "coordinates": [ [ [ 77.545711799266073, 8.689610997042433 ], [ 77.54633755722017, 8.689542089729715 ], [ 77.546274936456669, 8.688979059873045 ], [ 77.545649179366748, 8.689047966818938 ], [ 77.545711799266073, 8.689610997042433 ] ] ] } },
{ "type": "Feature", "properties": { "parcel_id": "PARCEL_0117", "taluk": "Cheranmahadevi", "area_m2": 7778.92, "area_ha": 0.77789228036316327, "area_sq_m": 7778.9228036316326, "area_sq_km": 0.0077789228036316323, "predicted_crop": "Paddy", "confidence": 0.99860001, "confidence_tier": "HIGH_CONFIDENCE", "prob_paddy": 0.99860001, "prob_banana": 0.0005, "prob_other": 0.0009, "data_quality_flag": "GOOD", "valid_pixel_count": 84, "number_of_valid_dates": 4, "model_name": "XGBoost_Advanced", "model_version": "v2.0", "feature_set": "FEATURE_SET_TEMPORAL", "prediction_date": "2026-10-08" }, "geometry": { "type": "Polygon", "coordinates": [ [ [ 77.576359537510072, 8.699627256241142 ], [ 77.577215122428186, 8.699405654798804 ], [ 77.577032315441315, 8.698706886493383 ], [ 77.576176731763169, 8.698928487100817 ], [ 77.576359537510072, 8.699627256241142 ] ] ] } },
{ "type": "Feature", "properties": { "parcel_id": "PARCEL_0118", "taluk": "Cheranmahadevi", "area_m2": 7189.69, "area_ha": 0.71896908958350259, "area_sq_m": 7189.6908958350259, "area_sq_km": 0.0071896908958350263, "predicted_crop": "Paddy", "confidence": 0.99620003, "confidence_tier": "HIGH_CONFIDENCE", "prob_paddy": 0.99620003, "prob_banana": 0.0022, "prob_other": 0.0015, "data_quality_flag": "GOOD", "valid_pixel_count": 72, "number_of_valid_dates": 4, "model_name": "XGBoost_Advanced", "model_version": "v2.0", "feature_set": "FEATURE_SET_TEMPORAL", "prediction_date": "2026-10-08" }, "geometry": { "type": "Polygon", "coordinates": [ [ [ 77.587598780819803, 8.700963364402948 ], [ 77.588436333259281, 8.700767982886624 ], [ 77.588278997008857, 8.700100248346621 ], [ 77.587441445770153, 8.700295629112139 ], [ 77.587598780819803, 8.700963364402948 ] ] ] } },
{ "type": "Feature", "properties": { "parcel_id": "PARCEL_0119", "taluk": "Cheranmahadevi", "area_m2": 7477.32, "area_ha": 0.74773186106586353, "area_sq_m": 7477.3186106586354, "area_sq_km": 0.0074773186106586358, "predicted_crop": "Paddy", "confidence": 0.83759999, "confidence_tier": "HIGH_CONFIDENCE", "prob_paddy": 0.83759999, "prob_banana": 0.0354, "prob_other": 0.127, "data_quality_flag": "GOOD", "valid_pixel_count": 68, "number_of_valid_dates": 4, "model_name": "XGBoost_Advanced", "model_version": "v2.0", "feature_set": "FEATURE_SET_TEMPORAL", "prediction_date": "2026-10-08" }, "geometry": { "type": "Polygon", "coordinates": [ [ [ 77.534272344250084, 8.67531005938659 ], [ 77.535074872052363, 8.675235562124177 ], [ 77.535003808153292, 8.674477554758941 ], [ 77.53420128186275, 8.674552051416049 ], [ 77.534272344250084, 8.67531005938659 ] ] ] } },
{ "type": "Feature", "properties": { "parcel_id": "PARCEL_0120", "taluk": "Cheranmahadevi", "area_m2": 3603.95, "area_ha": 0.36039516990250292, "area_sq_m": 3603.9516990250295, "area_sq_km": 0.0036039516990250295, "predicted_crop": "Paddy", "confidence": 0.996, "confidence_tier": "HIGH_CONFIDENCE", "prob_paddy": 0.996, "prob_banana": 0.0019, "prob_other": 0.0021, "data_quality_flag": "GOOD", "valid_pixel_count": 36, "number_of_valid_dates": 4, "model_name": "XGBoost_Advanced", "model_version": "v2.0", "feature_set": "FEATURE_SET_TEMPORAL", "prediction_date": "2026-10-08" }, "geometry": { "type": "Polygon", "coordinates": [ [ [ 77.549283493415402, 8.691480455622541 ], [ 77.549853404998203, 8.691356612182689 ], [ 77.549744689115442, 8.69086128020953 ], [ 77.549174778151865, 8.69098512328387 ], [ 77.549283493415402, 8.691480455622541 ] ] ] } },
{ "type": "Feature", "properties": { "parcel_id": "PARCEL_0121", "taluk": "Ambasamudram", "area_m2": 3219.21, "area_ha": 0.32192133266599565, "area_sq_m": 3219.2133266599567, "area_sq_km": 0.0032192133266599567, "predicted_crop": "Banana", "confidence": 0.99180001, "confidence_tier": "HIGH_CONFIDENCE", "prob_paddy": 0.0038, "prob_banana": 0.99180001, "prob_other": 0.0043, "data_quality_flag": "GOOD", "valid_pixel_count": 36, "number_of_valid_dates": 4, "model_name": "XGBoost_Advanced", "model_version": "v2.0", "feature_set": "FEATURE_SET_TEMPORAL", "prediction_date": "2026-10-08" }, "geometry": { "type": "Polygon", "coordinates": [ [ [ 77.45648827089569, 8.689947402613837 ], [ 77.45697161362969, 8.689848679693412 ], [ 77.456863400886135, 8.689324128042342 ], [ 77.456380058719844, 8.689422850648873 ], [ 77.45648827089569, 8.689947402613837 ] ] ] } },
{ "type": "Feature", "properties": { "parcel_id": "PARCEL_0122", "taluk": "Ambasamudram", "area_m2": 4762.6, "area_ha": 0.47626009723051149, "area_sq_m": 4762.6009723051147, "area_sq_km": 0.0047626009723051145, "predicted_crop": "Banana", "confidence": 0.91460001, "confidence_tier": "HIGH_CONFIDENCE", "prob_paddy": 0.080799997, "prob_banana": 0.91460001, "prob_other": 0.0046, "data_quality_flag": "LIMITED", "valid_pixel_count": 40, "number_of_valid_dates": 4, "model_name": "XGBoost_Advanced", "model_version": "v2.0", "feature_set": "FEATURE_SET_TEMPORAL", "prediction_date": "2026-10-08" }, "geometry": { "type": "Polygon", "coordinates": [ [ [ 77.426068739508807, 8.702793967972006 ], [ 77.426921636018278, 8.702736429223144 ], [ 77.42689054502101, 8.702280174121988 ], [ 77.426037649502831, 8.702337712520544 ], [ 77.426068739508807, 8.702793967972006 ] ] ] } },
{ "type": "Feature", "properties": { "parcel_id": "PARCEL_0123", "taluk": "Ambasamudram", "area_m2": 4199.6, "area_ha": 0.41996013831503742, "area_sq_m": 4199.6013831503742, "area_sq_km": 0.0041996013831503741, "predicted_crop": "Paddy", "confidence": 0.76359999, "confidence_tier": "MEDIUM_CONFIDENCE", "prob_paddy": 0.76359999, "prob_banana": 0.1754, "prob_other": 0.061, "data_quality_flag": "GOOD", "valid_pixel_count": 40, "number_of_valid_dates": 4, "model_name": "XGBoost_Advanced", "model_version": "v2.0", "feature_set": "FEATURE_SET_TEMPORAL", "prediction_date": "2026-10-08" }, "geometry": { "type": "Polygon", "coordinates": [ [ [ 77.457647300329555, 8.703385273838924 ], [ 77.45811836322757, 8.703505518291765 ], [ 77.458295383617866, 8.702818956410365 ], [ 77.457824321646129, 8.702698711950502 ], [ 77.457647300329555, 8.703385273838924 ] ] ] } },
{ "type": "Feature", "properties": { "parcel_id": "PARCEL_0124", "taluk": "Ambasamudram", "area_m2": 4924.92, "area_ha": 0.49249168954436628, "area_sq_m": 4924.9168954436627, "area_sq_km": 0.0049249168954436625, "predicted_crop": "Banana", "confidence": 0.99269998, "confidence_tier": "HIGH_CONFIDENCE", "prob_paddy": 0.0045, "prob_banana": 0.99269998, "prob_other": 0.0029, "data_quality_flag": "GOOD", "valid_pixel_count": 48, "number_of_valid_dates": 4, "model_name": "XGBoost_Advanced", "model_version": "v2.0", "feature_set": "FEATURE_SET_TEMPORAL", "prediction_date": "2026-10-08" }, "geometry": { "type": "Polygon", "coordinates": [ [ [ 77.500676949127012, 8.712615942891782 ], [ 77.501202711422934, 8.71251295363472 ], [ 77.50105626045044, 8.711772821198199 ], [ 77.500530499034824, 8.711875809975536 ], [ 77.500676949127012, 8.712615942891782 ] ] ] } },
{ "type": "Feature", "properties": { "parcel_id": "PARCEL_0125", "taluk": "Ambasamudram", "area_m2": 4020.17, "area_ha": 0.40201694901410867, "area_sq_m": 4020.1694901410865, "area_sq_km": 0.0040201694901410862, "predicted_crop": "Banana", "confidence": 0.9946, "confidence_tier": "HIGH_CONFIDENCE", "prob_paddy": 0.004, "prob_banana": 0.9946, "prob_other": 0.0014, "data_quality_flag": "GOOD", "valid_pixel_count": 40, "number_of_valid_dates": 4, "model_name": "XGBoost_Advanced", "model_version": "v2.0", "feature_set": "FEATURE_SET_TEMPORAL", "prediction_date": "2026-10-08" }, "geometry": { "type": "Polygon", "coordinates": [ [ [ 77.454492306425195, 8.675683222011644 ], [ 77.455113540575326, 8.675533540054333 ], [ 77.454991457351312, 8.675031835746466 ], [ 77.454370223867187, 8.67518151729236 ], [ 77.454492306425195, 8.675683222011644 ] ] ] } },
{ "type": "Feature", "properties": { "parcel_id": "PARCEL_0126", "taluk": "Ambasamudram", "area_m2": 3904.41, "area_ha": 0.39044058827623168, "area_sq_m": 3904.4058827623167, "area_sq_km": 0.0039044058827623165, "predicted_crop": "Banana", "confidence": 0.94880003, "confidence_tier": "HIGH_CONFIDENCE", "prob_paddy": 0.040100001, "prob_banana": 0.94880003, "prob_other": 0.0111, "data_quality_flag": "LIMITED", "valid_pixel_count": 32, "number_of_valid_dates": 4, "model_name": "XGBoost_Advanced", "model_version": "v2.0", "feature_set": "FEATURE_SET_TEMPORAL", "prediction_date": "2026-10-08" }, "geometry": { "type": "Polygon", "coordinates": [ [ [ 77.442151996474351, 8.703905237110671 ], [ 77.442824567092728, 8.703893343538484 ], [ 77.442816058178508, 8.703416997121526 ], [ 77.442143488403431, 8.703428890444417 ], [ 77.442151996474351, 8.703905237110671 ] ] ] } },
{ "type": "Feature", "properties": { "parcel_id": "PARCEL_0127", "taluk": "Ambasamudram", "area_m2": 3197.9, "area_ha": 0.31979040373258871, "area_sq_m": 3197.9040373258872, "area_sq_km": 0.0031979040373258873, "predicted_crop": "Banana", "confidence": 0.9684, "confidence_tier": "HIGH_CONFIDENCE", "prob_paddy": 0.0169, "prob_banana": 0.9684, "prob_other": 0.0147, "data_quality_flag": "GOOD", "valid_pixel_count": 32, "number_of_valid_dates": 4, "model_name": "XGBoost_Advanced", "model_version": "v2.0", "feature_set": "FEATURE_SET_TEMPORAL", "prediction_date": "2026-10-08" }, "geometry": { "type": "Polygon", "coordinates": [ [ [ 77.456485673606096, 8.695731837664995 ], [ 77.457027121167869, 8.695583626547201 ], [ 77.456902521998302, 8.695132965622255 ], [ 77.456361074936382, 8.695281176399664 ], [ 77.456485673606096, 8.695731837664995 ] ] ] } },
{ "type": "Feature", "properties": { "parcel_id": "PARCEL_0128", "taluk": "Ambasamudram", "area_m2": 6564.14, "area_ha": 0.65641371998275366, "area_sq_m": 6564.1371998275363, "area_sq_km": 0.0065641371998275359, "predicted_crop": "Banana", "confidence": 0.92430001, "confidence_tier": "HIGH_CONFIDENCE", "prob_paddy": 0.0699, "prob_banana": 0.92430001, "prob_other": 0.0058, "data_quality_flag": "GOOD", "valid_pixel_count": 68, "number_of_valid_dates": 4, "model_name": "XGBoost_Advanced", "model_version": "v2.0", "feature_set": "FEATURE_SET_TEMPORAL", "prediction_date": "2026-10-08" }, "geometry": { "type": "Polygon", "coordinates": [ [ [ 77.457181944219883, 8.703513907288805 ], [ 77.457899215922282, 8.703550257008814 ], [ 77.45793756647241, 8.702801050100362 ], [ 77.457220296235803, 8.7027647000566 ], [ 77.457181944219883, 8.703513907288805 ] ] ] } },
{ "type": "Feature", "properties": { "parcel_id": "PARCEL_0129", "taluk": "Ambasamudram", "area_m2": 5712.1, "area_ha": 0.57121022274015643, "area_sq_m": 5712.1022274015641, "area_sq_km": 0.0057121022274015639, "predicted_crop": "Banana", "confidence": 0.99769998, "confidence_tier": "HIGH_CONFIDENCE", "prob_paddy": 0.0015, "prob_banana": 0.99769998, "prob_other": 0.0008, "data_quality_flag": "GOOD", "valid_pixel_count": 56, "number_of_valid_dates": 4, "model_name": "XGBoost_Advanced", "model_version": "v2.0", "feature_set": "FEATURE_SET_TEMPORAL", "prediction_date": "2026-10-08" }, "geometry": { "type": "Polygon", "coordinates": [ [ [ 77.426527259770836, 8.686819233368423 ], [ 77.427083972829038, 8.686926901599671 ], [ 77.427242487054428, 8.686115391281641 ], [ 77.426685775278273, 8.686007722961817 ], [ 77.426527259770836, 8.686819233368423 ] ] ] } },
{ "type": "Feature", "properties": { "parcel_id": "PARCEL_0130", "taluk": "Ambasamudram", "area_m2": 2612.52, "area_ha": 0.26125193065047153, "area_sq_m": 2612.5193065047151, "area_sq_km": 0.0026125193065047151, "predicted_crop": "Banana", "confidence": 0.99680001, "confidence_tier": "HIGH_CONFIDENCE", "prob_paddy": 0.0023, "prob_banana": 0.99680001, "prob_other": 0.0009, "data_quality_flag": "GOOD", "valid_pixel_count": 28, "number_of_valid_dates": 4, "model_name": "XGBoost_Advanced", "model_version": "v2.0", "feature_set": "FEATURE_SET_TEMPORAL", "prediction_date": "2026-10-08" }, "geometry": { "type": "Polygon", "coordinates": [ [ [ 77.469854457985363, 8.69598351945627 ], [ 77.470340781576823, 8.696050798777382 ], [ 77.470401222498936, 8.695618249689057 ], [ 77.469914899499088, 8.695550970291121 ], [ 77.469854457985363, 8.69598351945627 ] ] ] } },
{ "type": "Feature", "properties": { "parcel_id": "PARCEL_0131", "taluk": "Ambasamudram", "area_m2": 4406.73, "area_ha": 0.44067303046796535, "area_sq_m": 4406.7303046796533, "area_sq_km": 0.0044067303046796532, "predicted_crop": "Banana", "confidence": 0.99180001, "confidence_tier": "HIGH_CONFIDENCE", "prob_paddy": 0.0055, "prob_banana": 0.99180001, "prob_other": 0.0027, "data_quality_flag": "GOOD", "valid_pixel_count": 44, "number_of_valid_dates": 4, "model_name": "XGBoost_Advanced", "model_version": "v2.0", "feature_set": "FEATURE_SET_TEMPORAL", "prediction_date": "2026-10-08" }, "geometry": { "type": "Polygon", "coordinates": [ [ [ 77.486294409071434, 8.697903970797062 ], [ 77.486758471076357, 8.697817277471364 ], [ 77.48661641552421, 8.697064437002689 ], [ 77.486152354316715, 8.697151129906803 ], [ 77.486294409071434, 8.697903970797062 ] ] ] } },
{ "type": "Feature", "properties": { "parcel_id": "PARCEL_0132", "taluk": "Ambasamudram", "area_m2": 6709.12, "area_ha": 0.67091189669508366, "area_sq_m": 6709.1189669508367, "area_sq_km": 0.0067091189669508363, "predicted_crop": "Banana", "confidence": 0.97070003, "confidence_tier": "HIGH_CONFIDENCE", "prob_paddy": 0.0241, "prob_banana": 0.97070003, "prob_other": 0.0052, "data_quality_flag": "GOOD", "valid_pixel_count": 64, "number_of_valid_dates": 4, "model_name": "XGBoost_Advanced", "model_version": "v2.0", "feature_set": "FEATURE_SET_TEMPORAL", "prediction_date": "2026-10-08" }, "geometry": { "type": "Polygon", "coordinates": [ [ [ 77.461725908024022, 8.691774035888971 ], [ 77.462504492995066, 8.691779723447759 ], [ 77.462509710440614, 8.691072506302151 ], [ 77.461731126937664, 8.691066818347437 ], [ 77.461725908024022, 8.691774035888971 ] ] ] } },
{ "type": "Feature", "properties": { "parcel_id": "PARCEL_0133", "taluk": "Ambasamudram", "area_m2": 5546.53, "area_ha": 0.55465263673685372, "area_sq_m": 5546.5263673685367, "area_sq_km": 0.005546526367368537, "predicted_crop": "Banana", "confidence": 0.9939, "confidence_tier": "HIGH_CONFIDENCE", "prob_paddy": 0.0035, "prob_banana": 0.9939, "prob_other": 0.0027, "data_quality_flag": "GOOD", "valid_pixel_count": 60, "number_of_valid_dates": 4, "model_name": "XGBoost_Advanced", "model_version": "v2.0", "feature_set": "FEATURE_SET_TEMPORAL", "prediction_date": "2026-10-08" }, "geometry": { "type": "Polygon", "coordinates": [ [ [ 77.481287934566055, 8.69162152738472 ], [ 77.481874294175327, 8.691596383972126 ], [ 77.481840731973037, 8.690821466874699 ], [ 77.48125437353886, 8.69084660989906 ], [ 77.481287934566055, 8.69162152738472 ] ] ] } },
{ "type": "Feature", "properties": { "parcel_id": "PARCEL_0134", "taluk": "Ambasamudram", "area_m2": 4948.5, "area_ha": 0.4948503636535328, "area_sq_m": 4948.503636535328, "area_sq_km": 0.0049485036365353278, "predicted_crop": "Banana", "confidence": 0.9835, "confidence_tier": "HIGH_CONFIDENCE", "prob_paddy": 0.0133, "prob_banana": 0.9835, "prob_other": 0.0032, "data_quality_flag": "GOOD", "valid_pixel_count": 48, "number_of_valid_dates": 4, "model_name": "XGBoost_Advanced", "model_version": "v2.0", "feature_set": "FEATURE_SET_TEMPORAL", "prediction_date": "2026-10-08" }, "geometry": { "type": "Polygon", "coordinates": [ [ [ 77.455860611402997, 8.67110827110027 ], [ 77.45640613552996, 8.671105646696995 ], [ 77.456402518221523, 8.670361177086821 ], [ 77.45585699516748, 8.670363801185935 ], [ 77.455860611402997, 8.67110827110027 ] ] ] } },
{ "type": "Feature", "properties": { "parcel_id": "PARCEL_0135", "taluk": "Ambasamudram", "area_m2": 4633.41, "area_ha": 0.46334121149317581, "area_sq_m": 4633.412114931758, "area_sq_km": 0.0046334121149317576, "predicted_crop": "Banana", "confidence": 0.978, "confidence_tier": "HIGH_CONFIDENCE", "prob_paddy": 0.0116, "prob_banana": 0.978, "prob_other": 0.0104, "data_quality_flag": "GOOD", "valid_pixel_count": 44, "number_of_valid_dates": 4, "model_name": "XGBoost_Advanced", "model_version": "v2.0", "feature_set": "FEATURE_SET_TEMPORAL", "prediction_date": "2026-10-08" }, "geometry": { "type": "Polygon", "coordinates": [ [ [ 77.47231531030306, 8.692687635383278 ], [ 77.472881989088989, 8.692824042415836 ], [ 77.473036125898105, 8.692190064008592 ], [ 77.472469448139975, 8.69205365695087 ], [ 77.47231531030306, 8.692687635383278 ] ] ] } },
{ "type": "Feature", "properties": { "parcel_id": "PARCEL_0136", "taluk": "Ambasamudram", "area_m2": 7026.82, "area_ha": 0.70268158788669222, "area_sq_m": 7026.8158788669225, "area_sq_km": 0.0070268158788669224, "predicted_crop": "Banana", "confidence": 0.991, "confidence_tier": "HIGH_CONFIDENCE", "prob_paddy": 0.0075, "prob_banana": 0.991, "prob_other": 0.0015, "data_quality_flag": "GOOD", "valid_pixel_count": 80, "number_of_valid_dates": 4, "model_name": "XGBoost_Advanced", "model_version": "v2.0", "feature_set": "FEATURE_SET_TEMPORAL", "prediction_date": "2026-10-08" }, "geometry": { "type": "Polygon", "coordinates": [ [ [ 77.452523394263324, 8.698441646179468 ], [ 77.453354252748341, 8.698354073792379 ], [ 77.453281171615203, 8.697667613316252 ], [ 77.452450314539576, 8.697755185131747 ], [ 77.452523394263324, 8.698441646179468 ] ] ] } },
{ "type": "Feature", "properties": { "parcel_id": "PARCEL_0137", "taluk": "Ambasamudram", "area_m2": 5447.41, "area_ha": 0.54474128815005352, "area_sq_m": 5447.4128815005351, "area_sq_km": 0.0054474128815005353, "predicted_crop": "Banana", "confidence": 0.9964, "confidence_tier": "HIGH_CONFIDENCE", "prob_paddy": 0.0025, "prob_banana": 0.9964, "prob_other": 0.0011, "data_quality_flag": "GOOD", "valid_pixel_count": 56, "number_of_valid_dates": 4, "model_name": "XGBoost_Advanced", "model_version": "v2.0", "feature_set": "FEATURE_SET_TEMPORAL", "prediction_date": "2026-10-08" }, "geometry": { "type": "Polygon", "coordinates": [ [ [ 77.472440687248607, 8.690547253079997 ], [ 77.473112812763759, 8.690703710673088 ], [ 77.473261092057655, 8.690073032992276 ], [ 77.472588967754206, 8.689916575359444 ], [ 77.472440687248607, 8.690547253079997 ] ] ] } },
{ "type": "Feature", "properties": { "parcel_id": "PARCEL_0138", "taluk": "Ambasamudram", "area_m2": 3479.12, "area_ha": 0.34791240883509505, "area_sq_m": 3479.1240883509504, "area_sq_km": 0.0034791240883509504, "predicted_crop": "Banana", "confidence": 0.99550003, "confidence_tier": "HIGH_CONFIDENCE", "prob_paddy": 0.0028, "prob_banana": 0.99550003, "prob_other": 0.0018, "data_quality_flag": "GOOD", "valid_pixel_count": 32, "number_of_valid_dates": 4, "model_name": "XGBoost_Advanced", "model_version": "v2.0", "feature_set": "FEATURE_SET_TEMPORAL", "prediction_date": "2026-10-08" }, "geometry": { "type": "Polygon", "coordinates": [ [ [ 77.459098779366201, 8.69949893298271 ], [ 77.459643673281647, 8.699575265781558 ], [ 77.459716385530541, 8.699061386753199 ], [ 77.459171492403001, 8.69898505385439 ], [ 77.459098779366201, 8.69949893298271 ] ] ] } },
{ "type": "Feature", "properties": { "parcel_id": "PARCEL_0139", "taluk": "Ambasamudram", "area_m2": 7384.5, "area_ha": 0.73844986633854448, "area_sq_m": 7384.4986633854451, "area_sq_km": 0.0073844986633854453, "predicted_crop": "Banana", "confidence": 0.99440002, "confidence_tier": "HIGH_CONFIDENCE", "prob_paddy": 0.0031, "prob_banana": 0.99440002, "prob_other": 0.0025, "data_quality_flag": "GOOD", "valid_pixel_count": 80, "number_of_valid_dates": 4, "model_name": "XGBoost_Advanced", "model_version": "v2.0", "feature_set": "FEATURE_SET_TEMPORAL", "prediction_date": "2026-10-08" }, "geometry": { "type": "Polygon", "coordinates": [ [ [ 77.468148083220186, 8.690099433265813 ], [ 77.468899148313838, 8.690023495290486 ], [ 77.468817583315086, 8.689224778190864 ], [ 77.468066519707008, 8.689300715568674 ], [ 77.468148083220186, 8.690099433265813 ] ] ] } },
{ "type": "Feature", "properties": { "parcel_id": "PARCEL_0140", "taluk": "Ambasamudram", "area_m2": 2964.05, "area_ha": 0.29640517992831672, "area_sq_m": 2964.0517992831669, "area_sq_km": 0.0029640517992831671, "predicted_crop": "Banana", "confidence": 0.98830003, "confidence_tier": "HIGH_CONFIDENCE", "prob_paddy": 0.0087, "prob_banana": 0.98830003, "prob_other": 0.003, "data_quality_flag": "GOOD", "valid_pixel_count": 32, "number_of_valid_dates": 4, "model_name": "XGBoost_Advanced", "model_version": "v2.0", "feature_set": "FEATURE_SET_TEMPORAL", "prediction_date": "2026-10-08" }, "geometry": { "type": "Polygon", "coordinates": [ [ [ 77.488084990280242, 8.690113970223823 ], [ 77.488557930416931, 8.690173955989321 ], [ 77.48862277076779, 8.68966780771915 ], [ 77.48814983130211, 8.689607821857148 ], [ 77.488084990280242, 8.690113970223823 ] ] ] } },
{ "type": "Feature", "properties": { "parcel_id": "PARCEL_0141", "taluk": "Ambasamudram", "area_m2": 5749.07, "area_ha": 0.57490709556629882, "area_sq_m": 5749.0709556629881, "area_sq_km": 0.0057490709556629882, "predicted_crop": "Banana", "confidence": 0.97610003, "confidence_tier": "HIGH_CONFIDENCE", "prob_paddy": 0.0133, "prob_banana": 0.97610003, "prob_other": 0.0106, "data_quality_flag": "GOOD", "valid_pixel_count": 56, "number_of_valid_dates": 4, "model_name": "XGBoost_Advanced", "model_version": "v2.0", "feature_set": "FEATURE_SET_TEMPORAL", "prediction_date": "2026-10-08" }, "geometry": { "type": "Polygon", "coordinates": [ [ [ 77.481352827802993, 8.709835434439288 ], [ 77.482067948242644, 8.709723903166791 ], [ 77.481966488527902, 8.709079880347064 ], [ 77.481251369175794, 8.709191411097624 ], [ 77.481352827802993, 8.709835434439288 ] ] ] } },
{ "type": "Feature", "properties": { "parcel_id": "PARCEL_0142", "taluk": "Ambasamudram", "area_m2": 6706.6, "area_ha": 0.67066018098052094, "area_sq_m": 6706.6018098052091, "area_sq_km": 0.0067066018098052094, "predicted_crop": "Banana", "confidence": 0.98760003, "confidence_tier": "HIGH_CONFIDENCE", "prob_paddy": 0.0092, "prob_banana": 0.98760003, "prob_other": 0.0032, "data_quality_flag": "GOOD", "valid_pixel_count": 72, "number_of_valid_dates": 4, "model_name": "XGBoost_Advanced", "model_version": "v2.0", "feature_set": "FEATURE_SET_TEMPORAL", "prediction_date": "2026-10-08" }, "geometry": { "type": "Polygon", "coordinates": [ [ [ 77.449620857177237, 8.689760373550605 ], [ 77.450440310467556, 8.68970651811202 ], [ 77.450395914184824, 8.689037697075463 ], [ 77.449576462289727, 8.689091552019333 ], [ 77.449620857177237, 8.689760373550605 ] ] ] } },
{ "type": "Feature", "properties": { "parcel_id": "PARCEL_0143", "taluk": "Ambasamudram", "area_m2": 3913.81, "area_ha": 0.39138056972634433, "area_sq_m": 3913.8056972634431, "area_sq_km": 0.0039138056972634434, "predicted_crop": "Banana", "confidence": 0.98650002, "confidence_tier": "HIGH_CONFIDENCE", "prob_paddy": 0.0092, "prob_banana": 0.98650002, "prob_other": 0.0043, "data_quality_flag": "LIMITED", "valid_pixel_count": 32, "number_of_valid_dates": 4, "model_name": "XGBoost_Advanced", "model_version": "v2.0", "feature_set": "FEATURE_SET_TEMPORAL", "prediction_date": "2026-10-08" }, "geometry": { "type": "Polygon", "coordinates": [ [ [ 77.477802016986928, 8.694513717117246 ], [ 77.478280350324482, 8.694512285077765 ], [ 77.478278319413903, 8.693840741357493 ], [ 77.47779998692819, 8.693842173155829 ], [ 77.477802016986928, 8.694513717117246 ] ] ] } },
{ "type": "Feature", "properties": { "parcel_id": "PARCEL_0144", "taluk": "Ambasamudram", "area_m2": 8116.85, "area_ha": 0.8116851531002196, "area_sq_m": 8116.8515310021958, "area_sq_km": 0.0081168515310021949, "predicted_crop": "Banana", "confidence": 0.97970003, "confidence_tier": "HIGH_CONFIDENCE", "prob_paddy": 0.009, "prob_banana": 0.97970003, "prob_other": 0.0113, "data_quality_flag": "GOOD", "valid_pixel_count": 72, "number_of_valid_dates": 4, "model_name": "XGBoost_Advanced", "model_version": "v2.0", "feature_set": "FEATURE_SET_TEMPORAL", "prediction_date": "2026-10-08" }, "geometry": { "type": "Polygon", "coordinates": [ [ [ 77.463618353422405, 8.695780380940576 ], [ 77.464422673597582, 8.695806459493845 ], [ 77.464449769406954, 8.694979055172508 ], [ 77.463645451030132, 8.694952976184465 ], [ 77.463618353422405, 8.695780380940576 ] ] ] } },
{ "type": "Feature", "properties": { "parcel_id": "PARCEL_0145", "taluk": "Ambasamudram", "area_m2": 4229.2, "area_ha": 0.42292035347434148, "area_sq_m": 4229.2035347434148, "area_sq_km": 0.0042292035347434144, "predicted_crop": "Banana", "confidence": 0.96490002, "confidence_tier": "HIGH_CONFIDENCE", "prob_paddy": 0.03, "prob_banana": 0.96490002, "prob_other": 0.0051, "data_quality_flag": "GOOD", "valid_pixel_count": 48, "number_of_valid_dates": 4, "model_name": "XGBoost_Advanced", "model_version": "v2.0", "feature_set": "FEATURE_SET_TEMPORAL", "prediction_date": "2026-10-08" }, "geometry": { "type": "Polygon", "coordinates": [ [ [ 77.474852094054995, 8.697449616426505 ], [ 77.475581399802266, 8.697478103509917 ], [ 77.475600148400872, 8.697002883262822 ], [ 77.474870843593465, 8.696974395957964 ], [ 77.474852094054995, 8.697449616426505 ] ] ] } },
{ "type": "Feature", "properties": { "parcel_id": "PARCEL_0146", "taluk": "Ambasamudram", "area_m2": 7504.6, "area_ha": 0.75045983183456566, "area_sq_m": 7504.5983183456565, "area_sq_km": 0.0075045983183456566, "predicted_crop": "Banana", "confidence": 0.97500002, "confidence_tier": "HIGH_CONFIDENCE", "prob_paddy": 0.019200001, "prob_banana": 0.97500002, "prob_other": 0.0058, "data_quality_flag": "GOOD", "valid_pixel_count": 76, "number_of_valid_dates": 4, "model_name": "XGBoost_Advanced", "model_version": "v2.0", "feature_set": "FEATURE_SET_TEMPORAL", "prediction_date": "2026-10-08" }, "geometry": { "type": "Polygon", "coordinates": [ [ [ 77.445087276902598, 8.71576297731597 ], [ 77.445807563336487, 8.715945107086032 ], [ 77.446012754108907, 8.715141773082379 ], [ 77.445292469333012, 8.714959643298172 ], [ 77.445087276902598, 8.71576297731597 ] ] ] } },
{ "type": "Feature", "properties": { "parcel_id": "PARCEL_0147", "taluk": "Ambasamudram", "area_m2": 8193.87, "area_ha": 0.81938668853381713, "area_sq_m": 8193.8668853381714, "area_sq_km": 0.0081938668853381719, "predicted_crop": "Banana", "confidence": 0.99419999, "confidence_tier": "HIGH_CONFIDENCE", "prob_paddy": 0.0038, "prob_banana": 0.99419999, "prob_other": 0.002, "data_quality_flag": "GOOD", "valid_pixel_count": 80, "number_of_valid_dates": 4, "model_name": "XGBoost_Advanced", "model_version": "v2.0", "feature_set": "FEATURE_SET_TEMPORAL", "prediction_date": "2026-10-08" }, "geometry": { "type": "Polygon", "coordinates": [ [ [ 77.450834200705202, 8.69407006826204 ], [ 77.451667270668409, 8.693874518376358 ], [ 77.451485959083797, 8.693109780950692 ], [ 77.450652890496585, 8.693305330004181 ], [ 77.450834200705202, 8.69407006826204 ] ] ] } },
{ "type": "Feature", "properties": { "parcel_id": "PARCEL_0148", "taluk": "Ambasamudram", "area_m2": 3100.59, "area_ha": 0.31005948759506047, "area_sq_m": 3100.5948759506045, "area_sq_km": 0.0031005948759506045, "predicted_crop": "Banana", "confidence": 0.91189998, "confidence_tier": "HIGH_CONFIDENCE", "prob_paddy": 0.0561, "prob_banana": 0.91189998, "prob_other": 0.032, "data_quality_flag": "GOOD", "valid_pixel_count": 36, "number_of_valid_dates": 4, "model_name": "XGBoost_Advanced", "model_version": "v2.0", "feature_set": "FEATURE_SET_TEMPORAL", "prediction_date": "2026-10-08" }, "geometry": { "type": "Polygon", "coordinates": [ [ [ 77.508615240579118, 8.700505273108085 ], [ 77.509201843746752, 8.700443460540077 ], [ 77.50915618337099, 8.70001446456685 ], [ 77.50856958082457, 8.70007627687847 ], [ 77.508615240579118, 8.700505273108085 ] ] ] } },
{ "type": "Feature", "properties": { "parcel_id": "PARCEL_0149", "taluk": "Ambasamudram", "area_m2": 6539.63, "area_ha": 0.65396311525271733, "area_sq_m": 6539.6311525271731, "area_sq_km": 0.0065396311525271729, "predicted_crop": "Banana", "confidence": 0.99519998, "confidence_tier": "HIGH_CONFIDENCE", "prob_paddy": 0.0041, "prob_banana": 0.99519998, "prob_other": 0.0007, "data_quality_flag": "GOOD", "valid_pixel_count": 76, "number_of_valid_dates": 4, "model_name": "XGBoost_Advanced", "model_version": "v2.0", "feature_set": "FEATURE_SET_TEMPORAL", "prediction_date": "2026-10-08" }, "geometry": { "type": "Polygon", "coordinates": [ [ [ 77.450400481490576, 8.677451744173988 ], [ 77.451050024715983, 8.677387775642611 ], [ 77.4509686335645, 8.676569462270516 ], [ 77.450319091656652, 8.676633430278891 ], [ 77.450400481490576, 8.677451744173988 ] ] ] } },
{ "type": "Feature", "properties": { "parcel_id": "PARCEL_0150", "taluk": "Ambasamudram", "area_m2": 3801.78, "area_ha": 0.38017770449676097, "area_sq_m": 3801.77704496761, "area_sq_km": 0.00380177704496761, "predicted_crop": "Banana", "confidence": 0.8416, "confidence_tier": "HIGH_CONFIDENCE", "prob_paddy": 0.1358, "prob_banana": 0.8416, "prob_other": 0.022500001, "data_quality_flag": "LIMITED", "valid_pixel_count": 32, "number_of_valid_dates": 4, "model_name": "XGBoost_Advanced", "model_version": "v2.0", "feature_set": "FEATURE_SET_TEMPORAL", "prediction_date": "2026-10-08" }, "geometry": { "type": "Polygon", "coordinates": [ [ [ 77.487753830468691, 8.686103443044342 ], [ 77.488367487229752, 8.68608200264449 ], [ 77.488349566648054, 8.685574171220727 ], [ 77.487735910696614, 8.68559561136003 ], [ 77.487753830468691, 8.686103443044342 ] ] ] } },
{ "type": "Feature", "properties": { "parcel_id": "PARCEL_0151", "taluk": "Ambasamudram", "area_m2": 4610.86, "area_ha": 0.46108571080890071, "area_sq_m": 4610.8571080890069, "area_sq_km": 0.0046108571080890068, "predicted_crop": "Banana", "confidence": 0.98629999, "confidence_tier": "HIGH_CONFIDENCE", "prob_paddy": 0.0109, "prob_banana": 0.98629999, "prob_other": 0.0028, "data_quality_flag": "GOOD", "valid_pixel_count": 44, "number_of_valid_dates": 4, "model_name": "XGBoost_Advanced", "model_version": "v2.0", "feature_set": "FEATURE_SET_TEMPORAL", "prediction_date": "2026-10-08" }, "geometry": { "type": "Polygon", "coordinates": [ [ [ 77.462930034397345, 8.692131462376704 ], [ 77.463546481950502, 8.692283132138177 ], [ 77.463690249962724, 8.691704598425176 ], [ 77.463073803429651, 8.691552928645288 ], [ 77.462930034397345, 8.692131462376704 ] ] ] } },
{ "type": "Feature", "properties": { "parcel_id": "PARCEL_0152", "taluk": "Ambasamudram", "area_m2": 3497.76, "area_ha": 0.34977550683190262, "area_sq_m": 3497.7550683190261, "area_sq_km": 0.0034977550683190262, "predicted_crop": "Banana", "confidence": 0.98449999, "confidence_tier": "HIGH_CONFIDENCE", "prob_paddy": 0.0097, "prob_banana": 0.98449999, "prob_other": 0.0058, "data_quality_flag": "GOOD", "valid_pixel_count": 36, "number_of_valid_dates": 4, "model_name": "XGBoost_Advanced", "model_version": "v2.0", "feature_set": "FEATURE_SET_TEMPORAL", "prediction_date": "2026-10-08" }, "geometry": { "type": "Polygon", "coordinates": [ [ [ 77.484512570488604, 8.674902165974641 ], [ 77.485205429111389, 8.674965480265547 ], [ 77.485243345374784, 8.674554632855802 ], [ 77.484550487539252, 8.674491318422319 ], [ 77.484512570488604, 8.674902165974641 ] ] ] } },
{ "type": "Feature", "properties": { "parcel_id": "PARCEL_0153", "taluk": "Ambasamudram", "area_m2": 4672.71, "area_ha": 0.46727110361154856, "area_sq_m": 4672.7110361154855, "area_sq_km": 0.0046727110361154851, "predicted_crop": "Banana", "confidence": 0.9989, "confidence_tier": "HIGH_CONFIDENCE", "prob_paddy": 0.0006, "prob_banana": 0.9989, "prob_other": 0.0005, "data_quality_flag": "GOOD", "valid_pixel_count": 40, "number_of_valid_dates": 4, "model_name": "XGBoost_Advanced", "model_version": "v2.0", "feature_set": "FEATURE_SET_TEMPORAL", "prediction_date": "2026-10-08" }, "geometry": { "type": "Polygon", "coordinates": [ [ [ 77.462651238954408, 8.683308259245409 ], [ 77.463098680032004, 8.683305954475603 ], [ 77.463094220869607, 8.682448861130318 ], [ 77.462646780806395, 8.682451165611813 ], [ 77.462651238954408, 8.683308259245409 ] ] ] } },
{ "type": "Feature", "properties": { "parcel_id": "PARCEL_0154", "taluk": "Ambasamudram", "area_m2": 4578.25, "area_ha": 0.4578250886204715, "area_sq_m": 4578.2508862047152, "area_sq_km": 0.0045782508862047154, "predicted_crop": "Banana", "confidence": 0.95850003, "confidence_tier": "HIGH_CONFIDENCE", "prob_paddy": 0.025, "prob_banana": 0.95850003, "prob_other": 0.0165, "data_quality_flag": "GOOD", "valid_pixel_count": 48, "number_of_valid_dates": 4, "model_name": "XGBoost_Advanced", "model_version": "v2.0", "feature_set": "FEATURE_SET_TEMPORAL", "prediction_date": "2026-10-08" }, "geometry": { "type": "Polygon", "coordinates": [ [ [ 77.455858067158616, 8.696698197899664 ], [ 77.456587210325154, 8.696869867145216 ], [ 77.456703268168596, 8.696381829154681 ], [ 77.455974126019257, 8.696210159880396 ], [ 77.455858067158616, 8.696698197899664 ] ] ] } },
{ "type": "Feature", "properties": { "parcel_id": "PARCEL_0155", "taluk": "Ambasamudram", "area_m2": 3212.52, "area_ha": 0.32125221042620444, "area_sq_m": 3212.5221042620442, "area_sq_km": 0.0032125221042620441, "predicted_crop": "Banana", "confidence": 0.9896, "confidence_tier": "HIGH_CONFIDENCE", "prob_paddy": 0.007, "prob_banana": 0.9896, "prob_other": 0.0034, "data_quality_flag": "GOOD", "valid_pixel_count": 40, "number_of_valid_dates": 4, "model_name": "XGBoost_Advanced", "model_version": "v2.0", "feature_set": "FEATURE_SET_TEMPORAL", "prediction_date": "2026-10-08" }, "geometry": { "type": "Polygon", "coordinates": [ [ [ 77.457707426903681, 8.689282846254487 ], [ 77.458132498732169, 8.689296563317098 ], [ 77.458152694630172, 8.688676916962592 ], [ 77.457727623512852, 8.68866319972825 ], [ 77.457707426903681, 8.689282846254487 ] ] ] } },
{ "type": "Feature", "properties": { "parcel_id": "PARCEL_0157", "taluk": "Ambasamudram", "area_m2": 8131.15, "area_ha": 0.81311491897907606, "area_sq_m": 8131.1491897907608, "area_sq_km": 0.0081311491897907602, "predicted_crop": "Banana", "confidence": 0.99250001, "confidence_tier": "HIGH_CONFIDENCE", "prob_paddy": 0.0066, "prob_banana": 0.99250001, "prob_other": 0.001, "data_quality_flag": "GOOD", "valid_pixel_count": 80, "number_of_valid_dates": 4, "model_name": "XGBoost_Advanced", "model_version": "v2.0", "feature_set": "FEATURE_SET_TEMPORAL", "prediction_date": "2026-10-08" }, "geometry": { "type": "Polygon", "coordinates": [ [ [ 77.461354225646062, 8.69130623915739 ], [ 77.462151547869027, 8.691240629552617 ], [ 77.462082453751904, 8.690409297821798 ], [ 77.461285133195631, 8.690474906798494 ], [ 77.461354225646062, 8.69130623915739 ] ] ] } },
{ "type": "Feature", "properties": { "parcel_id": "PARCEL_0158", "taluk": "Ambasamudram", "area_m2": 3027.71, "area_ha": 0.30277118628004251, "area_sq_m": 3027.711862800425, "area_sq_km": 0.0030277118628004251, "predicted_crop": "Banana", "confidence": 0.99510002, "confidence_tier": "HIGH_CONFIDENCE", "prob_paddy": 0.0035, "prob_banana": 0.99510002, "prob_other": 0.0013, "data_quality_flag": "GOOD", "valid_pixel_count": 28, "number_of_valid_dates": 4, "model_name": "XGBoost_Advanced", "model_version": "v2.0", "feature_set": "FEATURE_SET_TEMPORAL", "prediction_date": "2026-10-08" }, "geometry": { "type": "Polygon", "coordinates": [ [ [ 77.480627357200049, 8.680642699900691 ], [ 77.481208229859789, 8.680517781681873 ], [ 77.48111946305535, 8.680109086202826 ], [ 77.480538590919096, 8.680234004120322 ], [ 77.480627357200049, 8.680642699900691 ] ] ] } },
{ "type": "Feature", "properties": { "parcel_id": "PARCEL_0159", "taluk": "Ambasamudram", "area_m2": 2600.44, "area_ha": 0.26004397375745486, "area_sq_m": 2600.4397375745484, "area_sq_km": 0.0026004397375745483, "predicted_crop": "Paddy", "confidence": 0.53789997, "confidence_tier": "LOW_CONFIDENCE", "prob_paddy": 0.53789997, "prob_banana": 0.3603, "prob_other": 0.1018, "data_quality_flag": "GOOD", "valid_pixel_count": 28, "number_of_valid_dates": 4, "model_name": "XGBoost_Advanced", "model_version": "v2.0", "feature_set": "FEATURE_SET_TEMPORAL", "prediction_date": "2026-10-08" }, "geometry": { "type": "Polygon", "coordinates": [ [ [ 77.482568834924137, 8.708823726119672 ], [ 77.482983929493699, 8.708753713944512 ], [ 77.482898773170731, 8.708253888220472 ], [ 77.482483679084751, 8.708323900154202 ], [ 77.482568834924137, 8.708823726119672 ] ] ] } },
{ "type": "Feature", "properties": { "parcel_id": "PARCEL_0160", "taluk": "Ambasamudram", "area_m2": 4186.77, "area_ha": 0.41867650653690469, "area_sq_m": 4186.7650653690471, "area_sq_km": 0.0041867650653690473, "predicted_crop": "Banana", "confidence": 0.99440002, "confidence_tier": "HIGH_CONFIDENCE", "prob_paddy": 0.0035, "prob_banana": 0.99440002, "prob_other": 0.0021, "data_quality_flag": "GOOD", "valid_pixel_count": 40, "number_of_valid_dates": 4, "model_name": "XGBoost_Advanced", "model_version": "v2.0", "feature_set": "FEATURE_SET_TEMPORAL", "prediction_date": "2026-10-08" }, "geometry": { "type": "Polygon", "coordinates": [ [ [ 77.468767618479433, 8.693811338731811 ], [ 77.469250856290699, 8.693731961406172 ], [ 77.469136007371446, 8.693039724028715 ], [ 77.468652770342302, 8.693119100970163 ], [ 77.468767618479433, 8.693811338731811 ] ] ] } },
{ "type": "Feature", "properties": { "parcel_id": "PARCEL_0161", "taluk": "Ambasamudram", "area_m2": 7120.52, "area_ha": 0.71205208064619674, "area_sq_m": 7120.5208064619674, "area_sq_km": 0.0071205208064619675, "predicted_crop": "Banana", "confidence": 0.98890001, "confidence_tier": "HIGH_CONFIDENCE", "prob_paddy": 0.0085, "prob_banana": 0.98890001, "prob_other": 0.0026, "data_quality_flag": "GOOD", "valid_pixel_count": 72, "number_of_valid_dates": 4, "model_name": "XGBoost_Advanced", "model_version": "v2.0", "feature_set": "FEATURE_SET_TEMPORAL", "prediction_date": "2026-10-08" }, "geometry": { "type": "Polygon", "coordinates": [ [ [ 77.462953949158745, 8.691129885042526 ], [ 77.463677150258846, 8.691269496994433 ], [ 77.46382899936745, 8.690490705772197 ], [ 77.463105799868799, 8.690351093703537 ], [ 77.462953949158745, 8.691129885042526 ] ] ] } },
{ "type": "Feature", "properties": { "parcel_id": "PARCEL_0162", "taluk": "Ambasamudram", "area_m2": 3296.02, "area_ha": 0.32960237601142495, "area_sq_m": 3296.0237601142494, "area_sq_km": 0.0032960237601142492, "predicted_crop": "Banana", "confidence": 0.99769998, "confidence_tier": "HIGH_CONFIDENCE", "prob_paddy": 0.0014, "prob_banana": 0.99769998, "prob_other": 0.0009, "data_quality_flag": "GOOD", "valid_pixel_count": 32, "number_of_valid_dates": 4, "model_name": "XGBoost_Advanced", "model_version": "v2.0", "feature_set": "FEATURE_SET_TEMPORAL", "prediction_date": "2026-10-08" }, "geometry": { "type": "Polygon", "coordinates": [ [ [ 77.493882808020828, 8.683958436215548 ], [ 77.494371216750409, 8.684072855481102 ], [ 77.494495379805628, 8.683548090508225 ], [ 77.4940069718091, 8.683433671218104 ], [ 77.493882808020828, 8.683958436215548 ] ] ] } },
{ "type": "Feature", "properties": { "parcel_id": "PARCEL_0163", "taluk": "Ambasamudram", "area_m2": 5922.2, "area_ha": 0.59222010254150714, "area_sq_m": 5922.2010254150719, "area_sq_km": 0.0059222010254150722, "predicted_crop": "Banana", "confidence": 0.99059999, "confidence_tier": "HIGH_CONFIDENCE", "prob_paddy": 0.0081, "prob_banana": 0.99059999, "prob_other": 0.0013, "data_quality_flag": "GOOD", "valid_pixel_count": 56, "number_of_valid_dates": 4, "model_name": "XGBoost_Advanced", "model_version": "v2.0", "feature_set": "FEATURE_SET_TEMPORAL", "prediction_date": "2026-10-08" }, "geometry": { "type": "Polygon", "coordinates": [ [ [ 77.472219965103434, 8.681591229746948 ], [ 77.47280989340689, 8.681700443832433 ], [ 77.472958791364078, 8.680904094375411 ], [ 77.472368864393786, 8.680794880180278 ], [ 77.472219965103434, 8.681591229746948 ] ] ] } },
{ "type": "Feature", "properties": { "parcel_id": "PARCEL_0164", "taluk": "Ambasamudram", "area_m2": 4767.8, "area_ha": 0.47677978096646884, "area_sq_m": 4767.7978096646884, "area_sq_km": 0.0047677978096646884, "predicted_crop": "Banana", "confidence": 0.99470001, "confidence_tier": "HIGH_CONFIDENCE", "prob_paddy": 0.0034, "prob_banana": 0.99470001, "prob_other": 0.0019, "data_quality_flag": "GOOD", "valid_pixel_count": 52, "number_of_valid_dates": 4, "model_name": "XGBoost_Advanced", "model_version": "v2.0", "feature_set": "FEATURE_SET_TEMPORAL", "prediction_date": "2026-10-08" }, "geometry": { "type": "Polygon", "coordinates": [ [ [ 77.446755136260748, 8.686503294304973 ], [ 77.447330105791025, 8.686419390995246 ], [ 77.447231907077821, 8.685753118568167 ], [ 77.446656938459455, 8.685837021457207 ], [ 77.446755136260748, 8.686503294304973 ] ] ] } },
{ "type": "Feature", "properties": { "parcel_id": "PARCEL_0165", "taluk": "Ambasamudram", "area_m2": 4850.3, "area_ha": 0.48502968997312712, "area_sq_m": 4850.296899731271, "area_sq_km": 0.0048502968997312709, "predicted_crop": "Banana", "confidence": 0.96039999, "confidence_tier": "HIGH_CONFIDENCE", "prob_paddy": 0.017100001, "prob_banana": 0.96039999, "prob_other": 0.022600001, "data_quality_flag": "GOOD", "valid_pixel_count": 44, "number_of_valid_dates": 4, "model_name": "XGBoost_Advanced", "model_version": "v2.0", "feature_set": "FEATURE_SET_TEMPORAL", "prediction_date": "2026-10-08" }, "geometry": { "type": "Polygon", "coordinates": [ [ [ 77.446250561464211, 8.714355922823337 ], [ 77.446904451227908, 8.714271001801622 ], [ 77.446825914004577, 8.71367234348244 ], [ 77.446172025190023, 8.713757264089036 ], [ 77.446250561464211, 8.714355922823337 ] ] ] } },
{ "type": "Feature", "properties": { "parcel_id": "PARCEL_0166", "taluk": "Ambasamudram", "area_m2": 5631.68, "area_ha": 0.56316778520568278, "area_sq_m": 5631.6778520568278, "area_sq_km": 0.0056316778520568277, "predicted_crop": "Banana", "confidence": 0.99089998, "confidence_tier": "HIGH_CONFIDENCE", "prob_paddy": 0.007, "prob_banana": 0.99089998, "prob_other": 0.0021, "data_quality_flag": "GOOD", "valid_pixel_count": 56, "number_of_valid_dates": 4, "model_name": "XGBoost_Advanced", "model_version": "v2.0", "feature_set": "FEATURE_SET_TEMPORAL", "prediction_date": "2026-10-08" }, "geometry": { "type": "Polygon", "coordinates": [ [ [ 77.482948982481517, 8.694808038071278 ], [ 77.483687983694807, 8.694586145069399 ], [ 77.483514128843964, 8.694012887603057 ], [ 77.482775128462308, 8.694234779986393 ], [ 77.482948982481517, 8.694808038071278 ] ] ] } },
{ "type": "Feature", "properties": { "parcel_id": "PARCEL_0167", "taluk": "Ambasamudram", "area_m2": 4438.99, "area_ha": 0.44389888665439603, "area_sq_m": 4438.9888665439603, "area_sq_km": 0.0044389888665439603, "predicted_crop": "Banana", "confidence": 0.98409998, "confidence_tier": "HIGH_CONFIDENCE", "prob_paddy": 0.0131, "prob_banana": 0.98409998, "prob_other": 0.0029, "data_quality_flag": "GOOD", "valid_pixel_count": 40, "number_of_valid_dates": 4, "model_name": "XGBoost_Advanced", "model_version": "v2.0", "feature_set": "FEATURE_SET_TEMPORAL", "prediction_date": "2026-10-08" }, "geometry": { "type": "Polygon", "coordinates": [ [ [ 77.47197568372674, 8.676603265760713 ], [ 77.472654791513349, 8.676450094370573 ], [ 77.472538562423281, 8.675939848479429 ], [ 77.471859455390998, 8.67609301942244 ], [ 77.47197568372674, 8.676603265760713 ] ] ] } },
{ "type": "Feature", "properties": { "parcel_id": "PARCEL_0168", "taluk": "Ambasamudram", "area_m2": 2691.59, "area_ha": 0.26915902968023819, "area_sq_m": 2691.590296802382, "area_sq_km": 0.0026915902968023819, "predicted_crop": "Banana", "confidence": 0.99550003, "confidence_tier": "HIGH_CONFIDENCE", "prob_paddy": 0.0036, "prob_banana": 0.99550003, "prob_other": 0.0009, "data_quality_flag": "GOOD", "valid_pixel_count": 24, "number_of_valid_dates": 4, "model_name": "XGBoost_Advanced", "model_version": "v2.0", "feature_set": "FEATURE_SET_TEMPORAL", "prediction_date": "2026-10-08" }, "geometry": { "type": "Polygon", "coordinates": [ [ [ 77.445982173650464, 8.696216654244926 ], [ 77.44649901478067, 8.696343659354426 ], [ 77.446599009421988, 8.695940782816402 ], [ 77.446082168887074, 8.695813777697024 ], [ 77.445982173650464, 8.696216654244926 ] ] ] } },
{ "type": "Feature", "properties": { "parcel_id": "PARCEL_0169", "taluk": "Ambasamudram", "area_m2": 4268.21, "area_ha": 0.42682131891442143, "area_sq_m": 4268.2131891442141, "area_sq_km": 0.004268213189144214, "predicted_crop": "Banana", "confidence": 0.98949999, "confidence_tier": "HIGH_CONFIDENCE", "prob_paddy": 0.0089, "prob_banana": 0.98949999, "prob_other": 0.0016, "data_quality_flag": "GOOD", "valid_pixel_count": 44, "number_of_valid_dates": 4, "model_name": "XGBoost_Advanced", "model_version": "v2.0", "feature_set": "FEATURE_SET_TEMPORAL", "prediction_date": "2026-10-08" }, "geometry": { "type": "Polygon", "coordinates": [ [ [ 77.470185483715099, 8.684524130858025 ], [ 77.470716725766565, 8.684568818598423 ], [ 77.470772350951734, 8.683914085739916 ], [ 77.470241109860297, 8.683869397819977 ], [ 77.470185483715099, 8.684524130858025 ] ] ] } },
{ "type": "Feature", "properties": { "parcel_id": "PARCEL_0170", "taluk": "Ambasamudram", "area_m2": 2361.5, "area_ha": 0.23614962094788824, "area_sq_m": 2361.4962094788825, "area_sq_km": 0.0023614962094788824, "predicted_crop": "Banana", "confidence": 0.99860001, "confidence_tier": "HIGH_CONFIDENCE", "prob_paddy": 0.0007, "prob_banana": 0.99860001, "prob_other": 0.0006, "data_quality_flag": "GOOD", "valid_pixel_count": 28, "number_of_valid_dates": 4, "model_name": "XGBoost_Advanced", "model_version": "v2.0", "feature_set": "FEATURE_SET_TEMPORAL", "prediction_date": "2026-10-08" }, "geometry": { "type": "Polygon", "coordinates": [ [ [ 77.459458891125863, 8.700793613390985 ], [ 77.459861366261407, 8.700888864412988 ], [ 77.459970324292854, 8.700433061514266 ], [ 77.459567849682045, 8.700337810477992 ], [ 77.459458891125863, 8.700793613390985 ] ] ] } },
{ "type": "Feature", "properties": { "parcel_id": "PARCEL_0171", "taluk": "Ambasamudram", "area_m2": 5870.91, "area_ha": 0.58709097933880727, "area_sq_m": 5870.909793388073, "area_sq_km": 0.0058709097933880728, "predicted_crop": "Banana", "confidence": 0.99620003, "confidence_tier": "HIGH_CONFIDENCE", "prob_paddy": 0.002, "prob_banana": 0.99620003, "prob_other": 0.0018, "data_quality_flag": "GOOD", "valid_pixel_count": 64, "number_of_valid_dates": 4, "model_name": "XGBoost_Advanced", "model_version": "v2.0", "feature_set": "FEATURE_SET_TEMPORAL", "prediction_date": "2026-10-08" }, "geometry": { "type": "Polygon", "coordinates": [ [ [ 77.471339448643235, 8.705892970095833 ], [ 77.472007108277381, 8.705757400334614 ], [ 77.471864996848069, 8.705064522971574 ], [ 77.471197338252551, 8.705200092158925 ], [ 77.471339448643235, 8.705892970095833 ] ] ] } },
{ "type": "Feature", "properties": { "parcel_id": "PARCEL_0172", "taluk": "Ambasamudram", "area_m2": 4551.67, "area_ha": 0.45516699401646438, "area_sq_m": 4551.6699401646438, "area_sq_km": 0.0045516699401646436, "predicted_crop": "Banana", "confidence": 0.98040003, "confidence_tier": "HIGH_CONFIDENCE", "prob_paddy": 0.0146, "prob_banana": 0.98040003, "prob_other": 0.0049, "data_quality_flag": "GOOD", "valid_pixel_count": 44, "number_of_valid_dates": 4, "model_name": "XGBoost_Advanced", "model_version": "v2.0", "feature_set": "FEATURE_SET_TEMPORAL", "prediction_date": "2026-10-08" }, "geometry": { "type": "Polygon", "coordinates": [ [ [ 77.464627824935718, 8.704000943424141 ], [ 77.465188103139468, 8.703841644354791 ], [ 77.465011060953898, 8.703225180991618 ], [ 77.464450783447049, 8.703384479570127 ], [ 77.464627824935718, 8.704000943424141 ] ] ] } },
{ "type": "Feature", "properties": { "parcel_id": "PARCEL_0173", "taluk": "Ambasamudram", "area_m2": 3693.24, "area_ha": 0.3693239727171489, "area_sq_m": 3693.239727171489, "area_sq_km": 0.0036932397271714889, "predicted_crop": "Banana", "confidence": 0.81879997, "confidence_tier": "HIGH_CONFIDENCE", "prob_paddy": 0.1496, "prob_banana": 0.81879997, "prob_other": 0.031599998, "data_quality_flag": "GOOD", "valid_pixel_count": 36, "number_of_valid_dates": 4, "model_name": "XGBoost_Advanced", "model_version": "v2.0", "feature_set": "FEATURE_SET_TEMPORAL", "prediction_date": "2026-10-08" }, "geometry": { "type": "Polygon", "coordinates": [ [ [ 77.47559146161295, 8.687295025281788 ], [ 77.476032098520406, 8.687224573728727 ], [ 77.475923808266728, 8.686553981193198 ], [ 77.475483172052449, 8.68662443240944 ], [ 77.47559146161295, 8.687295025281788 ] ] ] } },
{ "type": "Feature", "properties": { "parcel_id": "PARCEL_0174", "taluk": "Ambasamudram", "area_m2": 5082.48, "area_ha": 0.508247942461024, "area_sq_m": 5082.4794246102401, "area_sq_km": 0.0050824794246102402, "predicted_crop": "Banana", "confidence": 0.93900001, "confidence_tier": "HIGH_CONFIDENCE", "prob_paddy": 0.0319, "prob_banana": 0.93900001, "prob_other": 0.029100001, "data_quality_flag": "GOOD", "valid_pixel_count": 52, "number_of_valid_dates": 4, "model_name": "XGBoost_Advanced", "model_version": "v2.0", "feature_set": "FEATURE_SET_TEMPORAL", "prediction_date": "2026-10-08" }, "geometry": { "type": "Polygon", "coordinates": [ [ [ 77.442140570698299, 8.686750636726291 ], [ 77.442706108001616, 8.686678114360124 ], [ 77.442612132408925, 8.685952536460238 ], [ 77.442046596098663, 8.686025058393787 ], [ 77.442140570698299, 8.686750636726291 ] ] ] } },
{ "type": "Feature", "properties": { "parcel_id": "PARCEL_0175", "taluk": "Ambasamudram", "area_m2": 7180.49, "area_ha": 0.71804942476557521, "area_sq_m": 7180.4942476557517, "area_sq_km": 0.0071804942476557517, "predicted_crop": "Banana", "confidence": 0.98019999, "confidence_tier": "HIGH_CONFIDENCE", "prob_paddy": 0.0085, "prob_banana": 0.98019999, "prob_other": 0.0112, "data_quality_flag": "GOOD", "valid_pixel_count": 64, "number_of_valid_dates": 4, "model_name": "XGBoost_Advanced", "model_version": "v2.0", "feature_set": "FEATURE_SET_TEMPORAL", "prediction_date": "2026-10-08" }, "geometry": { "type": "Polygon", "coordinates": [ [ [ 77.451604993544038, 8.723860495581896 ], [ 77.452308862470204, 8.723954224032759 ], [ 77.452419523648885, 8.723131580607632 ], [ 77.451715656352931, 8.723037851940653 ], [ 77.451604993544038, 8.723860495581896 ] ] ] } },
{ "type": "Feature", "properties": { "parcel_id": "PARCEL_0176", "taluk": "Cheranmahadevi", "area_m2": 3321.35, "area_ha": 0.33213472316632853, "area_sq_m": 3321.3472316632851, "area_sq_km": 0.003321347231663285, "predicted_crop": "Banana", "confidence": 0.99860001, "confidence_tier": "HIGH_CONFIDENCE", "prob_paddy": 0.0007, "prob_banana": 0.99860001, "prob_other": 0.0006, "data_quality_flag": "GOOD", "valid_pixel_count": 40, "number_of_valid_dates": 4, "model_name": "XGBoost_Advanced", "model_version": "v2.0", "feature_set": "FEATURE_SET_TEMPORAL", "prediction_date": "2026-10-08" }, "geometry": { "type": "Polygon", "coordinates": [ [ [ 77.581249465726742, 8.659850208427768 ], [ 77.58168087373123, 8.659872258235271 ], [ 77.581713393990299, 8.659242194949744 ], [ 77.581281986724861, 8.659220144968497 ], [ 77.581249465726742, 8.659850208427768 ] ] ] } },
{ "type": "Feature", "properties": { "parcel_id": "PARCEL_0177", "taluk": "Cheranmahadevi", "area_m2": 2453.93, "area_ha": 0.24539299691512625, "area_sq_m": 2453.9299691512624, "area_sq_km": 0.0024539299691512624, "predicted_crop": "Banana", "confidence": 0.99900001, "confidence_tier": "HIGH_CONFIDENCE", "prob_paddy": 0.0005, "prob_banana": 0.99900001, "prob_other": 0.0004, "data_quality_flag": "GOOD", "valid_pixel_count": 28, "number_of_valid_dates": 4, "model_name": "XGBoost_Advanced", "model_version": "v2.0", "feature_set": "FEATURE_SET_TEMPORAL", "prediction_date": "2026-10-08" }, "geometry": { "type": "Polygon", "coordinates": [ [ [ 77.590140732046748, 8.668523256320796 ], [ 77.590593903967871, 8.66858225516108 ], [ 77.590651340707993, 8.66814540328323 ], [ 77.590198169342699, 8.668086404358871 ], [ 77.590140732046748, 8.668523256320796 ] ] ] } },
{ "type": "Feature", "properties": { "parcel_id": "PARCEL_0178", "taluk": "Cheranmahadevi", "area_m2": 3825.62, "area_ha": 0.38256219374914469, "area_sq_m": 3825.6219374914467, "area_sq_km": 0.0038256219374914469, "predicted_crop": "Banana", "confidence": 0.99870002, "confidence_tier": "HIGH_CONFIDENCE", "prob_paddy": 0.0008, "prob_banana": 0.99870002, "prob_other": 0.0005, "data_quality_flag": "GOOD", "valid_pixel_count": 40, "number_of_valid_dates": 4, "model_name": "XGBoost_Advanced", "model_version": "v2.0", "feature_set": "FEATURE_SET_TEMPORAL", "prediction_date": "2026-10-08" }, "geometry": { "type": "Polygon", "coordinates": [ [ [ 77.603596251357999, 8.675553800842792 ], [ 77.604192021460733, 8.675664498913559 ], [ 77.60428756396324, 8.675155351315814 ], [ 77.603691794725506, 8.675044653163248 ], [ 77.603596251357999, 8.675553800842792 ] ] ] } },
{ "type": "Feature", "properties": { "parcel_id": "PARCEL_0179", "taluk": "Cheranmahadevi", "area_m2": 4366.92, "area_ha": 0.43669165738101362, "area_sq_m": 4366.9165738101365, "area_sq_km": 0.0043669165738101368, "predicted_crop": "Banana", "confidence": 0.9993, "confidence_tier": "HIGH_CONFIDENCE", "prob_paddy": 0.0004, "prob_banana": 0.9993, "prob_other": 0.0003, "data_quality_flag": "LIMITED", "valid_pixel_count": 36, "number_of_valid_dates": 4, "model_name": "XGBoost_Advanced", "model_version": "v2.0", "feature_set": "FEATURE_SET_TEMPORAL", "prediction_date": "2026-10-08" }, "geometry": { "type": "Polygon", "coordinates": [ [ [ 77.581837539250301, 8.686920991813338 ], [ 77.582367602251182, 8.686873273635625 ], [ 77.582306632118474, 8.686202710818753 ], [ 77.581776570003328, 8.686250428640115 ], [ 77.581837539250301, 8.686920991813338 ] ] ] } },
{ "type": "Feature", "properties": { "parcel_id": "PARCEL_0180", "taluk": "Cheranmahadevi", "area_m2": 6391.03, "area_ha": 0.63910307009996414, "area_sq_m": 6391.0307009996413, "area_sq_km": 0.0063910307009996409, "predicted_crop": "Banana", "confidence": 0.99910003, "confidence_tier": "HIGH_CONFIDENCE", "prob_paddy": 0.0005, "prob_banana": 0.99910003, "prob_other": 0.0004, "data_quality_flag": "GOOD", "valid_pixel_count": 68, "number_of_valid_dates": 4, "model_name": "XGBoost_Advanced", "model_version": "v2.0", "feature_set": "FEATURE_SET_TEMPORAL", "prediction_date": "2026-10-08" }, "geometry": { "type": "Polygon", "coordinates": [ [ [ 77.54970299639416, 8.674131514950895 ], [ 77.550351955625914, 8.674217660375342 ], [ 77.550458402887656, 8.673423638895972 ], [ 77.549809445102937, 8.673337493262611 ], [ 77.54970299639416, 8.674131514950895 ] ] ] } },
{ "type": "Feature", "properties": { "parcel_id": "PARCEL_0181", "taluk": "Cheranmahadevi", "area_m2": 6963.01, "area_ha": 0.69630081068641769, "area_sq_m": 6963.0081068641766, "area_sq_km": 0.0069630081068641769, "predicted_crop": "Banana", "confidence": 0.9993, "confidence_tier": "HIGH_CONFIDENCE", "prob_paddy": 0.0004, "prob_banana": 0.9993, "prob_other": 0.0003, "data_quality_flag": "GOOD", "valid_pixel_count": 68, "number_of_valid_dates": 4, "model_name": "XGBoost_Advanced", "model_version": "v2.0", "feature_set": "FEATURE_SET_TEMPORAL", "prediction_date": "2026-10-08" }, "geometry": { "type": "Polygon", "coordinates": [ [ [ 77.580598164956285, 8.688189950732252 ], [ 77.581312268884588, 8.688077461268469 ], [ 77.581188076833797, 8.687296877182213 ], [ 77.580473974211003, 8.687409365996489 ], [ 77.580598164956285, 8.688189950732252 ] ] ] } },
{ "type": "Feature", "properties": { "parcel_id": "PARCEL_0182", "taluk": "Cheranmahadevi", "area_m2": 8702.43, "area_ha": 0.87024295509271543, "area_sq_m": 8702.4295509271542, "area_sq_km": 0.008702429550927154, "predicted_crop": "Banana", "confidence": 0.9957, "confidence_tier": "HIGH_CONFIDENCE", "prob_paddy": 0.0022, "prob_banana": 0.9957, "prob_other": 0.0021, "data_quality_flag": "GOOD", "valid_pixel_count": 84, "number_of_valid_dates": 4, "model_name": "XGBoost_Advanced", "model_version": "v2.0", "feature_set": "FEATURE_SET_TEMPORAL", "prediction_date": "2026-10-08" }, "geometry": { "type": "Polygon", "coordinates": [ [ [ 77.546411520054647, 8.676144715896225 ], [ 77.547234531843202, 8.675906512665556 ], [ 77.54700067822634, 8.675106479667399 ], [ 77.546177667741659, 8.675344681941608 ], [ 77.546411520054647, 8.676144715896225 ] ] ] } },
{ "type": "Feature", "properties": { "parcel_id": "PARCEL_0183", "taluk": "Cheranmahadevi", "area_m2": 3965.56, "area_ha": 0.39655635603436634, "area_sq_m": 3965.5635603436635, "area_sq_km": 0.0039655635603436639, "predicted_crop": "Banana", "confidence": 0.99940002, "confidence_tier": "HIGH_CONFIDENCE", "prob_paddy": 0.0003, "prob_banana": 0.99940002, "prob_other": 0.0002, "data_quality_flag": "GOOD", "valid_pixel_count": 36, "number_of_valid_dates": 4, "model_name": "XGBoost_Advanced", "model_version": "v2.0", "feature_set": "FEATURE_SET_TEMPORAL", "prediction_date": "2026-10-08" }, "geometry": { "type": "Polygon", "coordinates": [ [ [ 77.578382472215452, 8.67855397311436 ], [ 77.578858756724316, 8.678671207492728 ], [ 77.579018807796245, 8.67802737796314 ], [ 77.578542524168668, 8.677910143558798 ], [ 77.578382472215452, 8.67855397311436 ] ] ] } },
{ "type": "Feature", "properties": { "parcel_id": "PARCEL_0184", "taluk": "Cheranmahadevi", "area_m2": 8626.83, "area_ha": 0.86268250518422396, "area_sq_m": 8626.8250518422392, "area_sq_km": 0.00862682505184224, "predicted_crop": "Banana", "confidence": 0.99790001, "confidence_tier": "HIGH_CONFIDENCE", "prob_paddy": 0.0011, "prob_banana": 0.99790001, "prob_other": 0.0009, "data_quality_flag": "GOOD", "valid_pixel_count": 92, "number_of_valid_dates": 4, "model_name": "XGBoost_Advanced", "model_version": "v2.0", "feature_set": "FEATURE_SET_TEMPORAL", "prediction_date": "2026-10-08" }, "geometry": { "type": "Polygon", "coordinates": [ [ [ 77.57853234910003, 8.674150163965408 ], [ 77.579381690498693, 8.674131343945387 ], [ 77.579363047497949, 8.673298289408599 ], [ 77.578513707949185, 8.673317108840942 ], [ 77.57853234910003, 8.674150163965408 ] ] ] } },
{ "type": "Feature", "properties": { "parcel_id": "PARCEL_0185", "taluk": "Cheranmahadevi", "area_m2": 5269.3, "area_ha": 0.52693041818353881, "area_sq_m": 5269.3041818353886, "area_sq_km": 0.0052693041818353886, "predicted_crop": "Banana", "confidence": 0.99830002, "confidence_tier": "HIGH_CONFIDENCE", "prob_paddy": 0.0011, "prob_banana": 0.99830002, "prob_other": 0.0007, "data_quality_flag": "GOOD", "valid_pixel_count": 48, "number_of_valid_dates": 4, "model_name": "XGBoost_Advanced", "model_version": "v2.0", "feature_set": "FEATURE_SET_TEMPORAL", "prediction_date": "2026-10-08" }, "geometry": { "type": "Polygon", "coordinates": [ [ [ 77.571972566753104, 8.676857796172651 ], [ 77.572503842385842, 8.676703158643862 ], [ 77.572283449861189, 8.675953426853349 ], [ 77.571752175013529, 8.676108063799298 ], [ 77.571972566753104, 8.676857796172651 ] ] ] } },
{ "type": "Feature", "properties": { "parcel_id": "PARCEL_0186", "taluk": "Cheranmahadevi", "area_m2": 2492.62, "area_ha": 0.2492615216341024, "area_sq_m": 2492.6152163410238, "area_sq_km": 0.0024926152163410238, "predicted_crop": "Banana", "confidence": 0.9989, "confidence_tier": "HIGH_CONFIDENCE", "prob_paddy": 0.0005, "prob_banana": 0.9989, "prob_other": 0.0006, "data_quality_flag": "GOOD", "valid_pixel_count": 24, "number_of_valid_dates": 4, "model_name": "XGBoost_Advanced", "model_version": "v2.0", "feature_set": "FEATURE_SET_TEMPORAL", "prediction_date": "2026-10-08" }, "geometry": { "type": "Polygon", "coordinates": [ [ [ 77.548476406960674, 8.681866978948142 ], [ 77.548936959868726, 8.681918082458614 ], [ 77.548986122469316, 8.681479392607763 ], [ 77.548525570125193, 8.681428289003234 ], [ 77.548476406960674, 8.681866978948142 ] ] ] } },
{ "type": "Feature", "properties": { "parcel_id": "PARCEL_0187", "taluk": "Cheranmahadevi", "area_m2": 2932.97, "area_ha": 0.29329705838481684, "area_sq_m": 2932.9705838481686, "area_sq_km": 0.0029329705838481686, "predicted_crop": "Banana", "confidence": 0.99680001, "confidence_tier": "HIGH_CONFIDENCE", "prob_paddy": 0.0019, "prob_banana": 0.99680001, "prob_other": 0.0013, "data_quality_flag": "LIMITED", "valid_pixel_count": 24, "number_of_valid_dates": 4, "model_name": "XGBoost_Advanced", "model_version": "v2.0", "feature_set": "FEATURE_SET_TEMPORAL", "prediction_date": "2026-10-08" }, "geometry": { "type": "Polygon", "coordinates": [ [ [ 77.591898487125647, 8.6665176279229 ], [ 77.592336730406089, 8.66652498685275 ], [ 77.592346040050671, 8.665975988016964 ], [ 77.59190779741354, 8.665968628910672 ], [ 77.591898487125647, 8.6665176279229 ] ] ] } },
{ "type": "Feature", "properties": { "parcel_id": "PARCEL_0188", "taluk": "Cheranmahadevi", "area_m2": 6813.02, "area_ha": 0.6813020111339807, "area_sq_m": 6813.020111339807, "area_sq_km": 0.0068130201113398067, "predicted_crop": "Banana", "confidence": 0.9964, "confidence_tier": "HIGH_CONFIDENCE", "prob_paddy": 0.0028, "prob_banana": 0.9964, "prob_other": 0.0009, "data_quality_flag": "GOOD", "valid_pixel_count": 68, "number_of_valid_dates": 4, "model_name": "XGBoost_Advanced", "model_version": "v2.0", "feature_set": "FEATURE_SET_TEMPORAL", "prediction_date": "2026-10-08" }, "geometry": { "type": "Polygon", "coordinates": [ [ [ 77.560734309155791, 8.687854243737791 ], [ 77.561425809105842, 8.68789748468761 ], [ 77.56147667228899, 8.687092137237185 ], [ 77.560785173865483, 8.687048895952243 ], [ 77.560734309155791, 8.687854243737791 ] ] ] } },
{ "type": "Feature", "properties": { "parcel_id": "PARCEL_0189", "taluk": "Cheranmahadevi", "area_m2": 7810.44, "area_ha": 0.78104434391969801, "area_sq_m": 7810.4434391969799, "area_sq_km": 0.0078104434391969802, "predicted_crop": "Banana", "confidence": 0.99919999, "confidence_tier": "HIGH_CONFIDENCE", "prob_paddy": 0.0004, "prob_banana": 0.99919999, "prob_other": 0.0003, "data_quality_flag": "GOOD", "valid_pixel_count": 80, "number_of_valid_dates": 4, "model_name": "XGBoost_Advanced", "model_version": "v2.0", "feature_set": "FEATURE_SET_TEMPORAL", "prediction_date": "2026-10-08" }, "geometry": { "type": "Polygon", "coordinates": [ [ [ 77.572575794463006, 8.687878247086415 ], [ 77.573375514195433, 8.688117419422568 ], [ 77.57359754355295, 8.687382369711505 ], [ 77.572797825514058, 8.68714319742128 ], [ 77.572575794463006, 8.687878247086415 ] ] ] } },
{ "type": "Feature", "properties": { "parcel_id": "PARCEL_0190", "taluk": "Cheranmahadevi", "area_m2": 4491.26, "area_ha": 0.44912568175237455, "area_sq_m": 4491.2568175237457, "area_sq_km": 0.0044912568175237456, "predicted_crop": "Banana", "confidence": 0.99910003, "confidence_tier": "HIGH_CONFIDENCE", "prob_paddy": 0.0005, "prob_banana": 0.99910003, "prob_other": 0.0004, "data_quality_flag": "GOOD", "valid_pixel_count": 60, "number_of_valid_dates": 4, "model_name": "XGBoost_Advanced", "model_version": "v2.0", "feature_set": "FEATURE_SET_TEMPORAL", "prediction_date": "2026-10-08" }, "geometry": { "type": "Polygon", "coordinates": [ [ [ 77.591288702752024, 8.668830711045658 ], [ 77.591878394474278, 8.66887166588887 ], [ 77.591922015104998, 8.668249740828095 ], [ 77.591332324389469, 8.66820878576755 ], [ 77.591288702752024, 8.668830711045658 ] ] ] } },
{ "type": "Feature", "properties": { "parcel_id": "PARCEL_0191", "taluk": "Cheranmahadevi", "area_m2": 5409.58, "area_ha": 0.5409577102526234, "area_sq_m": 5409.5771025262338, "area_sq_km": 0.0054095771025262336, "predicted_crop": "Banana", "confidence": 0.99830002, "confidence_tier": "HIGH_CONFIDENCE", "prob_paddy": 0.0008, "prob_banana": 0.99830002, "prob_other": 0.0008, "data_quality_flag": "GOOD", "valid_pixel_count": 56, "number_of_valid_dates": 4, "model_name": "XGBoost_Advanced", "model_version": "v2.0", "feature_set": "FEATURE_SET_TEMPORAL", "prediction_date": "2026-10-08" }, "geometry": { "type": "Polygon", "coordinates": [ [ [ 77.564252544836421, 8.69230825983187 ], [ 77.564844539017301, 8.692211081324089 ], [ 77.564723501565865, 8.691481062643687 ], [ 77.564131508391398, 8.69157824064315 ], [ 77.564252544836421, 8.69230825983187 ] ] ] } },
{ "type": "Feature", "properties": { "parcel_id": "PARCEL_0192", "taluk": "Cheranmahadevi", "area_m2": 3550.76, "area_ha": 0.35507591165944119, "area_sq_m": 3550.7591165944118, "area_sq_km": 0.0035507591165944118, "predicted_crop": "Banana", "confidence": 0.99760002, "confidence_tier": "HIGH_CONFIDENCE", "prob_paddy": 0.001, "prob_banana": 0.99760002, "prob_other": 0.0014, "data_quality_flag": "GOOD", "valid_pixel_count": 36, "number_of_valid_dates": 4, "model_name": "XGBoost_Advanced", "model_version": "v2.0", "feature_set": "FEATURE_SET_TEMPORAL", "prediction_date": "2026-10-08" }, "geometry": { "type": "Polygon", "coordinates": [ [ [ 77.566473323194529, 8.667703557876568 ], [ 77.56700492071154, 8.667614608906932 ], [ 77.566914849963538, 8.667081580625682 ], [ 77.56638325310206, 8.667170529260062 ], [ 77.566473323194529, 8.667703557876568 ] ] ] } },
{ "type": "Feature", "properties": { "parcel_id": "PARCEL_0193", "taluk": "Cheranmahadevi", "area_m2": 5071.96, "area_ha": 0.50719577456890397, "area_sq_m": 5071.9577456890402, "area_sq_km": 0.0050719577456890402, "predicted_crop": "Banana", "confidence": 0.99739999, "confidence_tier": "HIGH_CONFIDENCE", "prob_paddy": 0.0023, "prob_banana": 0.99739999, "prob_other": 0.0003, "data_quality_flag": "GOOD", "valid_pixel_count": 56, "number_of_valid_dates": 4, "model_name": "XGBoost_Advanced", "model_version": "v2.0", "feature_set": "FEATURE_SET_TEMPORAL", "prediction_date": "2026-10-08" }, "geometry": { "type": "Polygon", "coordinates": [ [ [ 77.570888924987656, 8.679031662759051 ], [ 77.571463092403249, 8.678930161052083 ], [ 77.571337631362582, 8.678227457216062 ], [ 77.57076346487213, 8.678328958436008 ], [ 77.570888924987656, 8.679031662759051 ] ] ] } },
{ "type": "Feature", "properties": { "parcel_id": "PARCEL_0194", "taluk": "Cheranmahadevi", "area_m2": 8204.99, "area_ha": 0.8204991283512636, "area_sq_m": 8204.9912835126361, "area_sq_km": 0.0082049912835126353, "predicted_crop": "Banana", "confidence": 0.99650002, "confidence_tier": "HIGH_CONFIDENCE", "prob_paddy": 0.0016, "prob_banana": 0.99650002, "prob_other": 0.0019, "data_quality_flag": "GOOD", "valid_pixel_count": 80, "number_of_valid_dates": 4, "model_name": "XGBoost_Advanced", "model_version": "v2.0", "feature_set": "FEATURE_SET_TEMPORAL", "prediction_date": "2026-10-08" }, "geometry": { "type": "Polygon", "coordinates": [ [ [ 77.56850049692288, 8.667579422674585 ], [ 77.569308016057846, 8.667558267886823 ], [ 77.569285972305678, 8.666725078447563 ], [ 77.568478454923934, 8.666746232671569 ], [ 77.56850049692288, 8.667579422674585 ] ] ] } },
{ "type": "Feature", "properties": { "parcel_id": "PARCEL_0195", "taluk": "Cheranmahadevi", "area_m2": 5350.46, "area_ha": 0.53504550418496111, "area_sq_m": 5350.455041849611, "area_sq_km": 0.0053504550418496111, "predicted_crop": "Banana", "confidence": 0.9993, "confidence_tier": "HIGH_CONFIDENCE", "prob_paddy": 0.0004, "prob_banana": 0.9993, "prob_other": 0.0003, "data_quality_flag": "GOOD", "valid_pixel_count": 56, "number_of_valid_dates": 4, "model_name": "XGBoost_Advanced", "model_version": "v2.0", "feature_set": "FEATURE_SET_TEMPORAL", "prediction_date": "2026-10-08" }, "geometry": { "type": "Polygon", "coordinates": [ [ [ 77.552858486555877, 8.680493754077398 ], [ 77.553688580244128, 8.680712520299831 ], [ 77.553820139347835, 8.680218249872008 ], [ 77.552990046838715, 8.679999483639223 ], [ 77.552858486555877, 8.680493754077398 ] ] ] } },
{ "type": "Feature", "properties": { "parcel_id": "PARCEL_0196", "taluk": "Cheranmahadevi", "area_m2": 3993.21, "area_ha": 0.39932106319076949, "area_sq_m": 3993.2106319076947, "area_sq_km": 0.0039932106319076951, "predicted_crop": "Banana", "confidence": 0.9831, "confidence_tier": "HIGH_CONFIDENCE", "prob_paddy": 0.0135, "prob_banana": 0.9831, "prob_other": 0.0033, "data_quality_flag": "GOOD", "valid_pixel_count": 44, "number_of_valid_dates": 4, "model_name": "XGBoost_Advanced", "model_version": "v2.0", "feature_set": "FEATURE_SET_TEMPORAL", "prediction_date": "2026-10-08" }, "geometry": { "type": "Polygon", "coordinates": [ [ [ 77.590597391330292, 8.693848843776877 ], [ 77.591225944173743, 8.693721463223532 ], [ 77.591123482569117, 8.693220895402144 ], [ 77.590494930426829, 8.693348275554825 ], [ 77.590597391330292, 8.693848843776877 ] ] ] } },
{ "type": "Feature", "properties": { "parcel_id": "PARCEL_0197", "taluk": "Cheranmahadevi", "area_m2": 5249.23, "area_ha": 0.52492274382821302, "area_sq_m": 5249.2274382821306, "area_sq_km": 0.0052492274382821306, "predicted_crop": "Banana", "confidence": 0.99900001, "confidence_tier": "HIGH_CONFIDENCE", "prob_paddy": 0.0006, "prob_banana": 0.99900001, "prob_other": 0.0005, "data_quality_flag": "GOOD", "valid_pixel_count": 52, "number_of_valid_dates": 4, "model_name": "XGBoost_Advanced", "model_version": "v2.0", "feature_set": "FEATURE_SET_TEMPORAL", "prediction_date": "2026-10-08" }, "geometry": { "type": "Polygon", "coordinates": [ [ [ 77.561145445618095, 8.670505342125331 ], [ 77.56188001674002, 8.670301438169535 ], [ 77.561727499738154, 8.66975738083293 ], [ 77.560992929420507, 8.669961284216972 ], [ 77.561145445618095, 8.670505342125331 ] ] ] } },
{ "type": "Feature", "properties": { "parcel_id": "PARCEL_0198", "taluk": "Cheranmahadevi", "area_m2": 6616.46, "area_ha": 0.66164569921787042, "area_sq_m": 6616.4569921787042, "area_sq_km": 0.0066164569921787044, "predicted_crop": "Banana", "confidence": 0.9975, "confidence_tier": "HIGH_CONFIDENCE", "prob_paddy": 0.001, "prob_banana": 0.9975, "prob_other": 0.0015, "data_quality_flag": "GOOD", "valid_pixel_count": 64, "number_of_valid_dates": 4, "model_name": "XGBoost_Advanced", "model_version": "v2.0", "feature_set": "FEATURE_SET_TEMPORAL", "prediction_date": "2026-10-08" }, "geometry": { "type": "Polygon", "coordinates": [ [ [ 77.56518238039007, 8.663833750466319 ], [ 77.565918048485585, 8.663674336776928 ], [ 77.565763860576766, 8.662969740450842 ], [ 77.565028193613827, 8.663129153468319 ], [ 77.56518238039007, 8.663833750466319 ] ] ] } },
{ "type": "Feature", "properties": { "parcel_id": "PARCEL_0199", "taluk": "Cheranmahadevi", "area_m2": 4037.24, "area_ha": 0.40372429212506461, "area_sq_m": 4037.2429212506458, "area_sq_km": 0.004037242921250646, "predicted_crop": "Banana", "confidence": 0.99760002, "confidence_tier": "HIGH_CONFIDENCE", "prob_paddy": 0.001, "prob_banana": 0.99760002, "prob_other": 0.0014, "data_quality_flag": "GOOD", "valid_pixel_count": 48, "number_of_valid_dates": 4, "model_name": "XGBoost_Advanced", "model_version": "v2.0", "feature_set": "FEATURE_SET_TEMPORAL", "prediction_date": "2026-10-08" }, "geometry": { "type": "Polygon", "coordinates": [ [ [ 77.562412269175638, 8.683321737760773 ], [ 77.562921943535514, 8.683346611549673 ], [ 77.562953906449295, 8.682698141309025 ], [ 77.562444232989293, 8.682673267308825 ], [ 77.562412269175638, 8.683321737760773 ] ] ] } },
{ "type": "Feature", "properties": { "parcel_id": "PARCEL_0200", "taluk": "Cheranmahadevi", "area_m2": 5179.52, "area_ha": 0.51795211429595234, "area_sq_m": 5179.5211429595238, "area_sq_km": 0.0051795211429595239, "predicted_crop": "Banana", "confidence": 0.9989, "confidence_tier": "HIGH_CONFIDENCE", "prob_paddy": 0.0004, "prob_banana": 0.9989, "prob_other": 0.0007, "data_quality_flag": "GOOD", "valid_pixel_count": 56, "number_of_valid_dates": 4, "model_name": "XGBoost_Advanced", "model_version": "v2.0", "feature_set": "FEATURE_SET_TEMPORAL", "prediction_date": "2026-10-08" }, "geometry": { "type": "Polygon", "coordinates": [ [ [ 77.557609959531987, 8.678311906271716 ], [ 77.558395959995437, 8.678129576789699 ], [ 77.558275800830401, 8.677616689101024 ], [ 77.557489801232961, 8.677799018047084 ], [ 77.557609959531987, 8.678311906271716 ] ] ] } },
{ "type": "Feature", "properties": { "parcel_id": "PARCEL_0201", "taluk": "Cheranmahadevi", "area_m2": 5641.09, "area_ha": 0.56410857267408743, "area_sq_m": 5641.0857267408746, "area_sq_km": 0.0056410857267408746, "predicted_crop": "Banana", "confidence": 0.9993, "confidence_tier": "HIGH_CONFIDENCE", "prob_paddy": 0.0004, "prob_banana": 0.9993, "prob_other": 0.0003, "data_quality_flag": "GOOD", "valid_pixel_count": 52, "number_of_valid_dates": 4, "model_name": "XGBoost_Advanced", "model_version": "v2.0", "feature_set": "FEATURE_SET_TEMPORAL", "prediction_date": "2026-10-08" }, "geometry": { "type": "Polygon", "coordinates": [ [ [ 77.576101552034629, 8.680086826034765 ], [ 77.576784956553297, 8.679909851596738 ], [ 77.576619040157482, 8.67927546715684 ], [ 77.575935636535633, 8.679452440990149 ], [ 77.576101552034629, 8.680086826034765 ] ] ] } },
{ "type": "Feature", "properties": { "parcel_id": "PARCEL_0202", "taluk": "Cheranmahadevi", "area_m2": 4706.92, "area_ha": 0.47069190487151363, "area_sq_m": 4706.9190487151363, "area_sq_km": 0.0047069190487151365, "predicted_crop": "Banana", "confidence": 0.99910003, "confidence_tier": "HIGH_CONFIDENCE", "prob_paddy": 0.0003, "prob_banana": 0.99910003, "prob_other": 0.0006, "data_quality_flag": "GOOD", "valid_pixel_count": 48, "number_of_valid_dates": 4, "model_name": "XGBoost_Advanced", "model_version": "v2.0", "feature_set": "FEATURE_SET_TEMPORAL", "prediction_date": "2026-10-08" }, "geometry": { "type": "Polygon", "coordinates": [ [ [ 77.542729989970965, 8.663012814629541 ], [ 77.543256551816455, 8.663008012654286 ], [ 77.543249796656667, 8.662274542623939 ], [ 77.54272323582795, 8.662279344295561 ], [ 77.542729989970965, 8.663012814629541 ] ] ] } },
{ "type": "Feature", "properties": { "parcel_id": "PARCEL_0203", "taluk": "Cheranmahadevi", "area_m2": 6107.98, "area_ha": 0.61079756105333194, "area_sq_m": 6107.9756105333199, "area_sq_km": 0.0061079756105333199, "predicted_crop": "Banana", "confidence": 0.99910003, "confidence_tier": "HIGH_CONFIDENCE", "prob_paddy": 0.0004, "prob_banana": 0.99910003, "prob_other": 0.0006, "data_quality_flag": "GOOD", "valid_pixel_count": 60, "number_of_valid_dates": 4, "model_name": "XGBoost_Advanced", "model_version": "v2.0", "feature_set": "FEATURE_SET_TEMPORAL", "prediction_date": "2026-10-08" }, "geometry": { "type": "Polygon", "coordinates": [ [ [ 77.562827044932291, 8.678892041815164 ], [ 77.563622063518196, 8.678877481591561 ], [ 77.563610405652113, 8.678247237384896 ], [ 77.562815388380258, 8.678261797199646 ], [ 77.562827044932291, 8.678892041815164 ] ] ] } },
{ "type": "Feature", "properties": { "parcel_id": "PARCEL_0204", "taluk": "Cheranmahadevi", "area_m2": 4922.66, "area_ha": 0.49226577134680849, "area_sq_m": 4922.6577134680847, "area_sq_km": 0.0049226577134680845, "predicted_crop": "Banana", "confidence": 0.99919999, "confidence_tier": "HIGH_CONFIDENCE", "prob_paddy": 0.0005, "prob_banana": 0.99919999, "prob_other": 0.0004, "data_quality_flag": "GOOD", "valid_pixel_count": 48, "number_of_valid_dates": 4, "model_name": "XGBoost_Advanced", "model_version": "v2.0", "feature_set": "FEATURE_SET_TEMPORAL", "prediction_date": "2026-10-08" }, "geometry": { "type": "Polygon", "coordinates": [ [ [ 77.591100161475197, 8.680020465535822 ], [ 77.59166643007201, 8.680038846157622 ], [ 77.591689789822382, 8.679326266105321 ], [ 77.591123522315257, 8.679307885204457 ], [ 77.591100161475197, 8.680020465535822 ] ] ] } },
{ "type": "Feature", "properties": { "parcel_id": "PARCEL_0205", "taluk": "Cheranmahadevi", "area_m2": 6613.39, "area_ha": 0.66133917439121448, "area_sq_m": 6613.3917439121451, "area_sq_km": 0.0066133917439121451, "predicted_crop": "Banana", "confidence": 0.99620003, "confidence_tier": "HIGH_CONFIDENCE", "prob_paddy": 0.0018, "prob_banana": 0.99620003, "prob_other": 0.002, "data_quality_flag": "GOOD", "valid_pixel_count": 64, "number_of_valid_dates": 4, "model_name": "XGBoost_Advanced", "model_version": "v2.0", "feature_set": "FEATURE_SET_TEMPORAL", "prediction_date": "2026-10-08" }, "geometry": { "type": "Polygon", "coordinates": [ [ [ 77.580731989751527, 8.672393007880601 ], [ 77.581486788015297, 8.672548039149692 ], [ 77.581629829645735, 8.671858450299192 ], [ 77.580875032869628, 8.671703418922704 ], [ 77.580731989751527, 8.672393007880601 ] ] ] } },
{ "type": "Feature", "properties": { "parcel_id": "PARCEL_0206", "taluk": "Cheranmahadevi", "area_m2": 6937.07, "area_ha": 0.69370730514905221, "area_sq_m": 6937.0730514905217, "area_sq_km": 0.0069370730514905221, "predicted_crop": "Banana", "confidence": 0.9989, "confidence_tier": "HIGH_CONFIDENCE", "prob_paddy": 0.0004, "prob_banana": 0.9989, "prob_other": 0.0007, "data_quality_flag": "GOOD", "valid_pixel_count": 80, "number_of_valid_dates": 4, "model_name": "XGBoost_Advanced", "model_version": "v2.0", "feature_set": "FEATURE_SET_TEMPORAL", "prediction_date": "2026-10-08" }, "geometry": { "type": "Polygon", "coordinates": [ [ [ 77.577916905882418, 8.684113662178028 ], [ 77.57870157409485, 8.684193015478792 ], [ 77.578774915206282, 8.68347495819375 ], [ 77.577990248562514, 8.683395604610443 ], [ 77.577916905882418, 8.684113662178028 ] ] ] } },
{ "type": "Feature", "properties": { "parcel_id": "PARCEL_0207", "taluk": "Cheranmahadevi", "area_m2": 4713.1, "area_ha": 0.47130971938968469, "area_sq_m": 4713.0971938968469, "area_sq_km": 0.0047130971938968468, "predicted_crop": "Banana", "confidence": 0.99910003, "confidence_tier": "HIGH_CONFIDENCE", "prob_paddy": 0.0005, "prob_banana": 0.99910003, "prob_other": 0.0004, "data_quality_flag": "GOOD", "valid_pixel_count": 44, "number_of_valid_dates": 4, "model_name": "XGBoost_Advanced", "model_version": "v2.0", "feature_set": "FEATURE_SET_TEMPORAL", "prediction_date": "2026-10-08" }, "geometry": { "type": "Polygon", "coordinates": [ [ [ 77.593981733495042, 8.683308738145387 ], [ 77.594451201245178, 8.683411370246443 ], [ 77.594624715788555, 8.682625504713529 ], [ 77.594155249096843, 8.682522872549576 ], [ 77.593981733495042, 8.683308738145387 ] ] ] } },
{ "type": "Feature", "properties": { "parcel_id": "PARCEL_0208", "taluk": "Cheranmahadevi", "area_m2": 4358.42, "area_ha": 0.43584191177448739, "area_sq_m": 4358.4191177448738, "area_sq_km": 0.0043584191177448734, "predicted_crop": "Banana", "confidence": 0.99760002, "confidence_tier": "HIGH_CONFIDENCE", "prob_paddy": 0.0015, "prob_banana": 0.99760002, "prob_other": 0.0008, "data_quality_flag": "GOOD", "valid_pixel_count": 40, "number_of_valid_dates": 4, "model_name": "XGBoost_Advanced", "model_version": "v2.0", "feature_set": "FEATURE_SET_TEMPORAL", "prediction_date": "2026-10-08" }, "geometry": { "type": "Polygon", "coordinates": [ [ [ 77.565137527635159, 8.667255915889982 ], [ 77.565871154663554, 8.66739179852504 ], [ 77.565959288710772, 8.666920622306442 ], [ 77.565225662665597, 8.666784739581233 ], [ 77.565137527635159, 8.667255915889982 ] ] ] } },
{ "type": "Feature", "properties": { "parcel_id": "PARCEL_0209", "taluk": "Cheranmahadevi", "area_m2": 2689.79, "area_ha": 0.26897864827497447, "area_sq_m": 2689.7864827497447, "area_sq_km": 0.0026897864827497447, "predicted_crop": "Banana", "confidence": 0.9989, "confidence_tier": "HIGH_CONFIDENCE", "prob_paddy": 0.0008, "prob_banana": 0.9989, "prob_other": 0.0004, "data_quality_flag": "GOOD", "valid_pixel_count": 32, "number_of_valid_dates": 4, "model_name": "XGBoost_Advanced", "model_version": "v2.0", "feature_set": "FEATURE_SET_TEMPORAL", "prediction_date": "2026-10-08" }, "geometry": { "type": "Polygon", "coordinates": [ [ [ 77.57200483125871, 8.690200183810417 ], [ 77.572415568412708, 8.690226116986226 ], [ 77.572449700916181, 8.689690873317604 ], [ 77.572038964365262, 8.689664940009143 ], [ 77.57200483125871, 8.690200183810417 ] ] ] } },
{ "type": "Feature", "properties": { "parcel_id": "PARCEL_0210", "taluk": "Cheranmahadevi", "area_m2": 4447.86, "area_ha": 0.44478632695680764, "area_sq_m": 4447.8632695680762, "area_sq_km": 0.004447863269568076, "predicted_crop": "Banana", "confidence": 0.99790001, "confidence_tier": "HIGH_CONFIDENCE", "prob_paddy": 0.0017, "prob_banana": 0.99790001, "prob_other": 0.0004, "data_quality_flag": "GOOD", "valid_pixel_count": 44, "number_of_valid_dates": 4, "model_name": "XGBoost_Advanced", "model_version": "v2.0", "feature_set": "FEATURE_SET_TEMPORAL", "prediction_date": "2026-10-08" }, "geometry": { "type": "Polygon", "coordinates": [ [ [ 77.57180310005667, 8.67740076417132 ], [ 77.572329636944701, 8.677409784097382 ], [ 77.57234162593754, 8.676716801486011 ], [ 77.571815090026419, 8.676707781294919 ], [ 77.57180310005667, 8.67740076417132 ] ] ] } },
{ "type": "Feature", "properties": { "parcel_id": "PARCEL_0211", "taluk": "Cheranmahadevi", "area_m2": 5984.96, "area_ha": 0.5984960005297566, "area_sq_m": 5984.9600052975657, "area_sq_km": 0.0059849600052975654, "predicted_crop": "Banana", "confidence": 0.99669999, "confidence_tier": "HIGH_CONFIDENCE", "prob_paddy": 0.0016, "prob_banana": 0.99669999, "prob_other": 0.0017, "data_quality_flag": "GOOD", "valid_pixel_count": 60, "number_of_valid_dates": 4, "model_name": "XGBoost_Advanced", "model_version": "v2.0", "feature_set": "FEATURE_SET_TEMPORAL", "prediction_date": "2026-10-08" }, "geometry": { "type": "Polygon", "coordinates": [ [ [ 77.566197325267296, 8.678709529381702 ], [ 77.566923997706482, 8.678910451577185 ], [ 77.567099201645178, 8.678283035715751 ], [ 77.566372530517668, 8.678082113524873 ], [ 77.566197325267296, 8.678709529381702 ] ] ] } },
{ "type": "Feature", "properties": { "parcel_id": "PARCEL_0212", "taluk": "Cheranmahadevi", "area_m2": 4591.56, "area_ha": 0.45915649943221359, "area_sq_m": 4591.564994322136, "area_sq_km": 0.0045915649943221361, "predicted_crop": "Banana", "confidence": 0.99940002, "confidence_tier": "HIGH_CONFIDENCE", "prob_paddy": 0.0004, "prob_banana": 0.99940002, "prob_other": 0.0002, "data_quality_flag": "GOOD", "valid_pixel_count": 44, "number_of_valid_dates": 4, "model_name": "XGBoost_Advanced", "model_version": "v2.0", "feature_set": "FEATURE_SET_TEMPORAL", "prediction_date": "2026-10-08" }, "geometry": { "type": "Polygon", "coordinates": [ [ [ 77.590857206028943, 8.660436542841746 ], [ 77.591661991367133, 8.660645750881878 ], [ 77.591777034805261, 8.660207515615184 ], [ 77.59097225048059, 8.659998307558034 ], [ 77.590857206028943, 8.660436542841746 ] ] ] } },
{ "type": "Feature", "properties": { "parcel_id": "PARCEL_0213", "taluk": "Cheranmahadevi", "area_m2": 4828.39, "area_ha": 0.48283902196085621, "area_sq_m": 4828.3902196085619, "area_sq_km": 0.0048283902196085615, "predicted_crop": "Banana", "confidence": 0.99690002, "confidence_tier": "HIGH_CONFIDENCE", "prob_paddy": 0.0015, "prob_banana": 0.99690002, "prob_other": 0.0016, "data_quality_flag": "GOOD", "valid_pixel_count": 52, "number_of_valid_dates": 4, "model_name": "XGBoost_Advanced", "model_version": "v2.0", "feature_set": "FEATURE_SET_TEMPORAL", "prediction_date": "2026-10-08" }, "geometry": { "type": "Polygon", "coordinates": [ [ [ 77.564213050951068, 8.678661692068772 ], [ 77.564739131329929, 8.678518870370162 ], [ 77.564546934232283, 8.677817892305111 ], [ 77.564020854603058, 8.677960713480502 ], [ 77.564213050951068, 8.678661692068772 ] ] ] } },
{ "type": "Feature", "properties": { "parcel_id": "PARCEL_0214", "taluk": "Cheranmahadevi", "area_m2": 3595.98, "area_ha": 0.35959843375823469, "area_sq_m": 3595.9843375823471, "area_sq_km": 0.003595984337582347, "predicted_crop": "Banana", "confidence": 0.99940002, "confidence_tier": "HIGH_CONFIDENCE", "prob_paddy": 0.0004, "prob_banana": 0.99940002, "prob_other": 0.0003, "data_quality_flag": "GOOD", "valid_pixel_count": 36, "number_of_valid_dates": 4, "model_name": "XGBoost_Advanced", "model_version": "v2.0", "feature_set": "FEATURE_SET_TEMPORAL", "prediction_date": "2026-10-08" }, "geometry": { "type": "Polygon", "coordinates": [ [ [ 77.54176492736002, 8.686883538207512 ], [ 77.542439460260496, 8.68703096432484 ], [ 77.542531590046778, 8.686613604553399 ], [ 77.541857057952242, 8.686466178392271 ], [ 77.54176492736002, 8.686883538207512 ] ] ] } },
{ "type": "Feature", "properties": { "parcel_id": "PARCEL_0215", "taluk": "Cheranmahadevi", "area_m2": 3833.02, "area_ha": 0.38330211375019396, "area_sq_m": 3833.0211375019394, "area_sq_km": 0.0038330211375019393, "predicted_crop": "Banana", "confidence": 0.99940002, "confidence_tier": "HIGH_CONFIDENCE", "prob_paddy": 0.0003, "prob_banana": 0.99940002, "prob_other": 0.0003, "data_quality_flag": "GOOD", "valid_pixel_count": 44, "number_of_valid_dates": 4, "model_name": "XGBoost_Advanced", "model_version": "v2.0", "feature_set": "FEATURE_SET_TEMPORAL", "prediction_date": "2026-10-08" }, "geometry": { "type": "Polygon", "coordinates": [ [ [ 77.562255107651296, 8.680546122567279 ], [ 77.562975868066218, 8.680329380434122 ], [ 77.56285442004787, 8.67992949777322 ], [ 77.562133660193098, 8.68014623947934 ], [ 77.562255107651296, 8.680546122567279 ] ] ] } },
{ "type": "Feature", "properties": { "parcel_id": "PARCEL_0216", "taluk": "Cheranmahadevi", "area_m2": 6611.87, "area_ha": 0.66118708541702975, "area_sq_m": 6611.8708541702972, "area_sq_km": 0.0066118708541702976, "predicted_crop": "Banana", "confidence": 0.99119997, "confidence_tier": "HIGH_CONFIDENCE", "prob_paddy": 0.008, "prob_banana": 0.99119997, "prob_other": 0.0008, "data_quality_flag": "GOOD", "valid_pixel_count": 64, "number_of_valid_dates": 4, "model_name": "XGBoost_Advanced", "model_version": "v2.0", "feature_set": "FEATURE_SET_TEMPORAL", "prediction_date": "2026-10-08" }, "geometry": { "type": "Polygon", "coordinates": [ [ [ 77.569006267723495, 8.654403949537519 ], [ 77.569764097381565, 8.654374364121173 ], [ 77.56973591705102, 8.653659556739063 ], [ 77.568978088790246, 8.653689141683749 ], [ 77.569006267723495, 8.654403949537519 ] ] ] } },
{ "type": "Feature", "properties": { "parcel_id": "PARCEL_0217", "taluk": "Cheranmahadevi", "area_m2": 4506.6, "area_ha": 0.4506599521092563, "area_sq_m": 4506.599521092563, "area_sq_km": 0.0045065995210925632, "predicted_crop": "Banana", "confidence": 0.99430001, "confidence_tier": "HIGH_CONFIDENCE", "prob_paddy": 0.0017, "prob_banana": 0.99430001, "prob_other": 0.004, "data_quality_flag": "GOOD", "valid_pixel_count": 44, "number_of_valid_dates": 4, "model_name": "XGBoost_Advanced", "model_version": "v2.0", "feature_set": "FEATURE_SET_TEMPORAL", "prediction_date": "2026-10-08" }, "geometry": { "type": "Polygon", "coordinates": [ [ [ 77.547551419223595, 8.652756479312121 ], [ 77.548031447647872, 8.652809003767853 ], [ 77.548115550776075, 8.65204783731658 ], [ 77.547635523367788, 8.65199531268888 ], [ 77.547551419223595, 8.652756479312121 ] ] ] } },
{ "type": "Feature", "properties": { "parcel_id": "PARCEL_0218", "taluk": "Cheranmahadevi", "area_m2": 5428.86, "area_ha": 0.54288582689620735, "area_sq_m": 5428.8582689620735, "area_sq_km": 0.005428858268962073, "predicted_crop": "Banana", "confidence": 0.9989, "confidence_tier": "HIGH_CONFIDENCE", "prob_paddy": 0.0005, "prob_banana": 0.9989, "prob_other": 0.0005, "data_quality_flag": "GOOD", "valid_pixel_count": 56, "number_of_valid_dates": 4, "model_name": "XGBoost_Advanced", "model_version": "v2.0", "feature_set": "FEATURE_SET_TEMPORAL", "prediction_date": "2026-10-08" }, "geometry": { "type": "Polygon", "coordinates": [ [ [ 77.589927621332833, 8.690637650220618 ], [ 77.590447954802102, 8.690523935710329 ], [ 77.59026766957335, 8.689707169702984 ], [ 77.589747337032577, 8.689820883656878 ], [ 77.589927621332833, 8.690637650220618 ] ] ] } },
{ "type": "Feature", "properties": { "parcel_id": "PARCEL_0219", "taluk": "Cheranmahadevi", "area_m2": 5076.09, "area_ha": 0.50760868023403982, "area_sq_m": 5076.0868023403982, "area_sq_km": 0.0050760868023403986, "predicted_crop": "Banana", "confidence": 0.9993, "confidence_tier": "HIGH_CONFIDENCE", "prob_paddy": 0.0004, "prob_banana": 0.9993, "prob_other": 0.0003, "data_quality_flag": "GOOD", "valid_pixel_count": 48, "number_of_valid_dates": 4, "model_name": "XGBoost_Advanced", "model_version": "v2.0", "feature_set": "FEATURE_SET_TEMPORAL", "prediction_date": "2026-10-08" }, "geometry": { "type": "Polygon", "coordinates": [ [ [ 77.582008342917831, 8.675305976755729 ], [ 77.582606169029759, 8.675265315500182 ], [ 77.582558531403322, 8.67457181149933 ], [ 77.581960706341178, 8.674612472361943 ], [ 77.582008342917831, 8.675305976755729 ] ] ] } },
{ "type": "Feature", "properties": { "parcel_id": "PARCEL_0220", "taluk": "Cheranmahadevi", "area_m2": 3144.39, "area_ha": 0.31443944678787022, "area_sq_m": 3144.394467878702, "area_sq_km": 0.0031443944678787019, "predicted_crop": "Banana", "confidence": 0.995, "confidence_tier": "HIGH_CONFIDENCE", "prob_paddy": 0.0025, "prob_banana": 0.995, "prob_other": 0.0024, "data_quality_flag": "GOOD", "valid_pixel_count": 32, "number_of_valid_dates": 4, "model_name": "XGBoost_Advanced", "model_version": "v2.0", "feature_set": "FEATURE_SET_TEMPORAL", "prediction_date": "2026-10-08" }, "geometry": { "type": "Polygon", "coordinates": [ [ [ 77.586149858060892, 8.674060631634905 ], [ 77.586641759705657, 8.673915560298914 ], [ 77.58649814416512, 8.673433381283219 ], [ 77.586006242984212, 8.673578452269311 ], [ 77.586149858060892, 8.674060631634905 ] ] ] } },
{ "type": "Feature", "properties": { "parcel_id": "PARCEL_0221", "taluk": "Cheranmahadevi", "area_m2": 6057.09, "area_ha": 0.6057085569084707, "area_sq_m": 6057.0855690847065, "area_sq_km": 0.0060570855690847067, "predicted_crop": "Banana", "confidence": 0.99739999, "confidence_tier": "HIGH_CONFIDENCE", "prob_paddy": 0.0015, "prob_banana": 0.99739999, "prob_other": 0.0011, "data_quality_flag": "GOOD", "valid_pixel_count": 60, "number_of_valid_dates": 4, "model_name": "XGBoost_Advanced", "model_version": "v2.0", "feature_set": "FEATURE_SET_TEMPORAL", "prediction_date": "2026-10-08" }, "geometry": { "type": "Polygon", "coordinates": [ [ [ 77.550841462560697, 8.692069571994246 ], [ 77.551612697095536, 8.69228541483832 ], [ 77.551781528014331, 8.691688145302313 ], [ 77.551010294805337, 8.691472302470096 ], [ 77.550841462560697, 8.692069571994246 ] ] ] } },
{ "type": "Feature", "properties": { "parcel_id": "PARCEL_0222", "taluk": "Cheranmahadevi", "area_m2": 7003.66, "area_ha": 0.7003655764980925, "area_sq_m": 7003.6557649809247, "area_sq_km": 0.0070036557649809251, "predicted_crop": "Banana", "confidence": 0.99860001, "confidence_tier": "HIGH_CONFIDENCE", "prob_paddy": 0.0007, "prob_banana": 0.99860001, "prob_other": 0.0008, "data_quality_flag": "GOOD", "valid_pixel_count": 72, "number_of_valid_dates": 4, "model_name": "XGBoost_Advanced", "model_version": "v2.0", "feature_set": "FEATURE_SET_TEMPORAL", "prediction_date": "2026-10-08" }, "geometry": { "type": "Polygon", "coordinates": [ [ [ 77.575605378539677, 8.67385643672001 ], [ 77.576351449496428, 8.674006993436892 ], [ 77.576502238592383, 8.673267110997532 ], [ 77.575756169212283, 8.673116554161821 ], [ 77.575605378539677, 8.67385643672001 ] ] ] } },
{ "type": "Feature", "properties": { "parcel_id": "PARCEL_0223", "taluk": "Cheranmahadevi", "area_m2": 2404.16, "area_ha": 0.2404157114766089, "area_sq_m": 2404.1571147660889, "area_sq_km": 0.0024041571147660886, "predicted_crop": "Banana", "confidence": 0.99919999, "confidence_tier": "HIGH_CONFIDENCE", "prob_paddy": 0.0003, "prob_banana": 0.99919999, "prob_other": 0.0005, "data_quality_flag": "GOOD", "valid_pixel_count": 24, "number_of_valid_dates": 4, "model_name": "XGBoost_Advanced", "model_version": "v2.0", "feature_set": "FEATURE_SET_TEMPORAL", "prediction_date": "2026-10-08" }, "geometry": { "type": "Polygon", "coordinates": [ [ [ 77.581988576957613, 8.690575043713952 ], [ 77.582442769558227, 8.690688371092236 ], [ 77.58254576005605, 8.690279699139179 ], [ 77.582091567989806, 8.690166371747045 ], [ 77.581988576957613, 8.690575043713952 ] ] ] } },
{ "type": "Feature", "properties": { "parcel_id": "PARCEL_0224", "taluk": "Cheranmahadevi", "area_m2": 3513.59, "area_ha": 0.35135850035622151, "area_sq_m": 3513.5850035622152, "area_sq_km": 0.0035135850035622153, "predicted_crop": "Banana", "confidence": 0.99870002, "confidence_tier": "HIGH_CONFIDENCE", "prob_paddy": 0.0007, "prob_banana": 0.99870002, "prob_other": 0.0005, "data_quality_flag": "GOOD", "valid_pixel_count": 36, "number_of_valid_dates": 4, "model_name": "XGBoost_Advanced", "model_version": "v2.0", "feature_set": "FEATURE_SET_TEMPORAL", "prediction_date": "2026-10-08" }, "geometry": { "type": "Polygon", "coordinates": [ [ [ 77.591866027735477, 8.681571571956129 ], [ 77.592476546430646, 8.681428226250857 ], [ 77.592370466457808, 8.680980884169161 ], [ 77.591759948346166, 8.681124229506883 ], [ 77.591866027735477, 8.681571571956129 ] ] ] } },
{ "type": "Feature", "properties": { "parcel_id": "PARCEL_0225", "taluk": "Cheranmahadevi", "area_m2": 3828.71, "area_ha": 0.38287105205765998, "area_sq_m": 3828.7105205765997, "area_sq_km": 0.0038287105205765995, "predicted_crop": "Banana", "confidence": 0.9975, "confidence_tier": "HIGH_CONFIDENCE", "prob_paddy": 0.0017, "prob_banana": 0.9975, "prob_other": 0.0008, "data_quality_flag": "GOOD", "valid_pixel_count": 36, "number_of_valid_dates": 4, "model_name": "XGBoost_Advanced", "model_version": "v2.0", "feature_set": "FEATURE_SET_TEMPORAL", "prediction_date": "2026-10-08" }, "geometry": { "type": "Polygon", "coordinates": [ [ [ 77.560582226814873, 8.696057764895706 ], [ 77.561064084427926, 8.695925981561048 ], [ 77.560896611792259, 8.695319718849783 ], [ 77.560414754772893, 8.69545150176857 ], [ 77.560582226814873, 8.696057764895706 ] ] ] } },
{ "type": "Feature", "properties": { "parcel_id": "PARCEL_0226", "taluk": "Cheranmahadevi", "area_m2": 5136.65, "area_ha": 0.51366523960875632, "area_sq_m": 5136.6523960875629, "area_sq_km": 0.0051366523960875632, "predicted_crop": "Banana", "confidence": 0.99760002, "confidence_tier": "HIGH_CONFIDENCE", "prob_paddy": 0.0017, "prob_banana": 0.99760002, "prob_other": 0.0007, "data_quality_flag": "GOOD", "valid_pixel_count": 48, "number_of_valid_dates": 4, "model_name": "XGBoost_Advanced", "model_version": "v2.0", "feature_set": "FEATURE_SET_TEMPORAL", "prediction_date": "2026-10-08" }, "geometry": { "type": "Polygon", "coordinates": [ [ [ 77.545315580033744, 8.682670065370798 ], [ 77.546085957450416, 8.682644314724561 ], [ 77.546067505464904, 8.682097753642552 ], [ 77.545297129142341, 8.682123503931102 ], [ 77.545315580033744, 8.682670065370798 ] ] ] } },
{ "type": "Feature", "properties": { "parcel_id": "PARCEL_0227", "taluk": "Cheranmahadevi", "area_m2": 4468.8, "area_ha": 0.44687958862254434, "area_sq_m": 4468.7958862254436, "area_sq_km": 0.004468795886225444, "predicted_crop": "Banana", "confidence": 0.99379998, "confidence_tier": "HIGH_CONFIDENCE", "prob_paddy": 0.0048, "prob_banana": 0.99379998, "prob_other": 0.0014, "data_quality_flag": "GOOD", "valid_pixel_count": 44, "number_of_valid_dates": 4, "model_name": "XGBoost_Advanced", "model_version": "v2.0", "feature_set": "FEATURE_SET_TEMPORAL", "prediction_date": "2026-10-08" }, "geometry": { "type": "Polygon", "coordinates": [ [ [ 77.5637233233019, 8.650083128414341 ], [ 77.564400235317834, 8.650157700195267 ], [ 77.56445976644531, 8.649622555471197 ], [ 77.563782855437026, 8.649547983518753 ], [ 77.5637233233019, 8.650083128414341 ] ] ] } },
{ "type": "Feature", "properties": { "parcel_id": "PARCEL_0228", "taluk": "Cheranmahadevi", "area_m2": 3242.88, "area_ha": 0.32428757904178446, "area_sq_m": 3242.8757904178447, "area_sq_km": 0.0032428757904178446, "predicted_crop": "Banana", "confidence": 0.99769998, "confidence_tier": "HIGH_CONFIDENCE", "prob_paddy": 0.002, "prob_banana": 0.99769998, "prob_other": 0.0003, "data_quality_flag": "GOOD", "valid_pixel_count": 36, "number_of_valid_dates": 4, "model_name": "XGBoost_Advanced", "model_version": "v2.0", "feature_set": "FEATURE_SET_TEMPORAL", "prediction_date": "2026-10-08" }, "geometry": { "type": "Polygon", "coordinates": [ [ [ 77.577649719822318, 8.681591432988231 ], [ 77.578063740800729, 8.681488939070782 ], [ 77.577912406137486, 8.680883660318463 ], [ 77.577498385685843, 8.680986153892558 ], [ 77.577649719822318, 8.681591432988231 ] ] ] } },
{ "type": "Feature", "properties": { "parcel_id": "PARCEL_0229", "taluk": "Cheranmahadevi", "area_m2": 6081.98, "area_ha": 0.60819784601772831, "area_sq_m": 6081.9784601772835, "area_sq_km": 0.0060819784601772835, "predicted_crop": "Banana", "confidence": 0.99669999, "confidence_tier": "HIGH_CONFIDENCE", "prob_paddy": 0.002, "prob_banana": 0.99669999, "prob_other": 0.0013, "data_quality_flag": "GOOD", "valid_pixel_count": 64, "number_of_valid_dates": 4, "model_name": "XGBoost_Advanced", "model_version": "v2.0", "feature_set": "FEATURE_SET_TEMPORAL", "prediction_date": "2026-10-08" }, "geometry": { "type": "Polygon", "coordinates": [ [ [ 77.571163525908915, 8.663877884393944 ], [ 77.571852537797142, 8.66389778979172 ], [ 77.571873651564374, 8.663174077835272 ], [ 77.571184641017524, 8.663154172090778 ], [ 77.571163525908915, 8.663877884393944 ] ] ] } },
{ "type": "Feature", "properties": { "parcel_id": "PARCEL_0230", "taluk": "Cheranmahadevi", "area_m2": 2917.72, "area_ha": 0.29177223503633215, "area_sq_m": 2917.7223503633213, "area_sq_km": 0.0029177223503633215, "predicted_crop": "Banana", "confidence": 0.9989, "confidence_tier": "HIGH_CONFIDENCE", "prob_paddy": 0.0006, "prob_banana": 0.9989, "prob_other": 0.0005, "data_quality_flag": "GOOD", "valid_pixel_count": 32, "number_of_valid_dates": 4, "model_name": "XGBoost_Advanced", "model_version": "v2.0", "feature_set": "FEATURE_SET_TEMPORAL", "prediction_date": "2026-10-08" }, "geometry": { "type": "Polygon", "coordinates": [ [ [ 77.557121658793946, 8.676867022585755 ], [ 77.557670491908382, 8.676721980691156 ], [ 77.557561726630851, 8.67631446869383 ], [ 77.557012893976022, 8.676459510275103 ], [ 77.557121658793946, 8.676867022585755 ] ] ] } },
{ "type": "Feature", "properties": { "parcel_id": "PARCEL_0231", "taluk": "Ambasamudram", "area_m2": 8126.74, "area_ha": 0.81267356296301108, "area_sq_m": 8126.7356296301105, "area_sq_km": 0.0081267356296301097, "predicted_crop": "Other", "confidence": 0.97509998, "confidence_tier": "HIGH_CONFIDENCE", "prob_paddy": 0.0208, "prob_banana": 0.0041, "prob_other": 0.97509998, "data_quality_flag": "GOOD", "valid_pixel_count": 80, "number_of_valid_dates": 4, "model_name": "XGBoost_Advanced", "model_version": "v2.0", "feature_set": "FEATURE_SET_TEMPORAL", "prediction_date": "2026-10-08" }, "geometry": { "type": "Polygon", "coordinates": [ [ [ 77.400745227183407, 8.724212187409131 ], [ 77.401509266103716, 8.724345802012431 ], [ 77.401658897307001, 8.723498811442495 ], [ 77.400894860222763, 8.723365196684043 ], [ 77.400745227183407, 8.724212187409131 ] ] ] } },
{ "type": "Feature", "properties": { "parcel_id": "PARCEL_0232", "taluk": "Ambasamudram", "area_m2": 4397.11, "area_ha": 0.43971147626094059, "area_sq_m": 4397.1147626094062, "area_sq_km": 0.0043971147626094059, "predicted_crop": "Other", "confidence": 0.9544, "confidence_tier": "HIGH_CONFIDENCE", "prob_paddy": 0.036200002, "prob_banana": 0.0094, "prob_other": 0.9544, "data_quality_flag": "GOOD", "valid_pixel_count": 52, "number_of_valid_dates": 4, "model_name": "XGBoost_Advanced", "model_version": "v2.0", "feature_set": "FEATURE_SET_TEMPORAL", "prediction_date": "2026-10-08" }, "geometry": { "type": "Polygon", "coordinates": [ [ [ 77.409232335110829, 8.722407945323168 ], [ 77.409668623147724, 8.722459187919211 ], [ 77.409765435012872, 8.721643227353416 ], [ 77.409329147972414, 8.721591984613264 ], [ 77.409232335110829, 8.722407945323168 ] ] ] } },
{ "type": "Feature", "properties": { "parcel_id": "PARCEL_0233", "taluk": "Ambasamudram", "area_m2": 10608.54, "area_ha": 1.0608541701806409, "area_sq_m": 10608.541701806409, "area_sq_km": 0.010608541701806409, "predicted_crop": "Other", "confidence": 0.97649997, "confidence_tier": "HIGH_CONFIDENCE", "prob_paddy": 0.021500001, "prob_banana": 0.002, "prob_other": 0.97649997, "data_quality_flag": "GOOD", "valid_pixel_count": 112, "number_of_valid_dates": 4, "model_name": "XGBoost_Advanced", "model_version": "v2.0", "feature_set": "FEATURE_SET_TEMPORAL", "prediction_date": "2026-10-08" }, "geometry": { "type": "Polygon", "coordinates": [ [ [ 77.418030938896976, 8.720216673597079 ], [ 77.418902972934717, 8.720323095694166 ], [ 77.419024257777295, 8.719339280102604 ], [ 77.418152226144088, 8.719232857666857 ], [ 77.418030938896976, 8.720216673597079 ] ] ] } },
{ "type": "Feature", "properties": { "parcel_id": "PARCEL_0234", "taluk": "Ambasamudram", "area_m2": 4881.6, "area_ha": 0.48815972408531416, "area_sq_m": 4881.5972408531416, "area_sq_km": 0.0048815972408531418, "predicted_crop": "Other", "confidence": 0.99199998, "confidence_tier": "HIGH_CONFIDENCE", "prob_paddy": 0.0054, "prob_banana": 0.0026, "prob_other": 0.99199998, "data_quality_flag": "GOOD", "valid_pixel_count": 48, "number_of_valid_dates": 4, "model_name": "XGBoost_Advanced", "model_version": "v2.0", "feature_set": "FEATURE_SET_TEMPORAL", "prediction_date": "2026-10-08" }, "geometry": { "type": "Polygon", "coordinates": [ [ [ 77.407686285252296, 8.738765652762023 ], [ 77.408616493261263, 8.738982832365224 ], [ 77.408712805964058, 8.738574508442944 ], [ 77.407782599042676, 8.738357328813214 ], [ 77.407686285252296, 8.738765652762023 ] ] ] } },
{ "type": "Feature", "properties": { "parcel_id": "PARCEL_0235", "taluk": "Ambasamudram", "area_m2": 6969.92, "area_ha": 0.69699196729817736, "area_sq_m": 6969.9196729817741, "area_sq_km": 0.0069699196729817742, "predicted_crop": "Paddy", "confidence": 0.88, "confidence_tier": "HIGH_CONFIDENCE", "prob_paddy": 0.88, "prob_banana": 0.0139, "prob_other": 0.1061, "data_quality_flag": "LIMITED", "valid_pixel_count": 48, "number_of_valid_dates": 4, "model_name": "XGBoost_Advanced", "model_version": "v2.0", "feature_set": "FEATURE_SET_TEMPORAL", "prediction_date": "2026-10-08" }, "geometry": { "type": "Polygon", "coordinates": [ [ [ 77.438800672640724, 8.729215020968724 ], [ 77.439492654833998, 8.729221476873931 ], [ 77.439500446330712, 8.728394737634016 ], [ 77.438808465670931, 8.728388281324577 ], [ 77.438800672640724, 8.729215020968724 ] ] ] } },
{ "type": "Feature", "properties": { "parcel_id": "PARCEL_0236", "taluk": "Ambasamudram", "area_m2": 2679.3, "area_ha": 0.26793014664567738, "area_sq_m": 2679.3014664567736, "area_sq_km": 0.0026793014664567736, "predicted_crop": "Other", "confidence": 0.99199998, "confidence_tier": "HIGH_CONFIDENCE", "prob_paddy": 0.007, "prob_banana": 0.0009, "prob_other": 0.99199998, "data_quality_flag": "GOOD", "valid_pixel_count": 28, "number_of_valid_dates": 4, "model_name": "XGBoost_Advanced", "model_version": "v2.0", "feature_set": "FEATURE_SET_TEMPORAL", "prediction_date": "2026-10-08" }, "geometry": { "type": "Polygon", "coordinates": [ [ [ 77.411428169105676, 8.729363094584109 ], [ 77.411826361186826, 8.729278378293648 ], [ 77.411712834905444, 8.728750173608054 ], [ 77.411314643294219, 8.728834889636241 ], [ 77.411428169105676, 8.729363094584109 ] ] ] } },
{ "type": "Feature", "properties": { "parcel_id": "PARCEL_0237", "taluk": "Ambasamudram", "area_m2": 7904.93, "area_ha": 0.79049306996346935, "area_sq_m": 7904.9306996346932, "area_sq_km": 0.0079049306996346932, "predicted_crop": "Paddy", "confidence": 0.64099997, "confidence_tier": "MEDIUM_CONFIDENCE", "prob_paddy": 0.64099997, "prob_banana": 0.20379999, "prob_other": 0.1552, "data_quality_flag": "GOOD", "valid_pixel_count": 80, "number_of_valid_dates": 4, "model_name": "XGBoost_Advanced", "model_version": "v2.0", "feature_set": "FEATURE_SET_TEMPORAL", "prediction_date": "2026-10-08" }, "geometry": { "type": "Polygon", "coordinates": [ [ [ 77.411923499771902, 8.731834333199734 ], [ 77.412975211600298, 8.731625354317856 ], [ 77.412856103498044, 8.73103200775528 ], [ 77.411804393086811, 8.731240985879101 ], [ 77.411923499771902, 8.731834333199734 ] ] ] } },
{ "type": "Feature", "properties": { "parcel_id": "PARCEL_0238", "taluk": "Ambasamudram", "area_m2": 6742.14, "area_ha": 0.67421400054133562, "area_sq_m": 6742.1400054133564, "area_sq_km": 0.0067421400054133562, "predicted_crop": "Other", "confidence": 0.59020001, "confidence_tier": "LOW_CONFIDENCE", "prob_paddy": 0.2366, "prob_banana": 0.1732, "prob_other": 0.59020001, "data_quality_flag": "GOOD", "valid_pixel_count": 68, "number_of_valid_dates": 4, "model_name": "XGBoost_Advanced", "model_version": "v2.0", "feature_set": "FEATURE_SET_TEMPORAL", "prediction_date": "2026-10-08" }, "geometry": { "type": "Polygon", "coordinates": [ [ [ 77.427384671945518, 8.739315737246146 ], [ 77.428104380783125, 8.739405768500069 ], [ 77.428200055692727, 8.738648724081466 ], [ 77.427480348387149, 8.738558692616079 ], [ 77.427384671945518, 8.739315737246146 ] ] ] } },
{ "type": "Feature", "properties": { "parcel_id": "PARCEL_0239", "taluk": "Ambasamudram", "area_m2": 5283.97, "area_ha": 0.528396644714762, "area_sq_m": 5283.9664471476199, "area_sq_km": 0.0052839664471476195, "predicted_crop": "Other", "confidence": 0.97420001, "confidence_tier": "HIGH_CONFIDENCE", "prob_paddy": 0.0235, "prob_banana": 0.0024, "prob_other": 0.97420001, "data_quality_flag": "GOOD", "valid_pixel_count": 48, "number_of_valid_dates": 4, "model_name": "XGBoost_Advanced", "model_version": "v2.0", "feature_set": "FEATURE_SET_TEMPORAL", "prediction_date": "2026-10-08" }, "geometry": { "type": "Polygon", "coordinates": [ [ [ 77.418093657626542, 8.72857537382176 ], [ 77.418584503262181, 8.728443843678962 ], [ 77.418361461790553, 8.727619918369147 ], [ 77.417870616996453, 8.727751447956274 ], [ 77.418093657626542, 8.72857537382176 ] ] ] } },
{ "type": "Feature", "properties": { "parcel_id": "PARCEL_0240", "taluk": "Ambasamudram", "area_m2": 9760.07, "area_ha": 0.97600704359325574, "area_sq_m": 9760.0704359325573, "area_sq_km": 0.0097600704359325566, "predicted_crop": "Other", "confidence": 0.89850003, "confidence_tier": "HIGH_CONFIDENCE", "prob_paddy": 0.0403, "prob_banana": 0.0612, "prob_other": 0.89850003, "data_quality_flag": "GOOD", "valid_pixel_count": 100, "number_of_valid_dates": 4, "model_name": "XGBoost_Advanced", "model_version": "v2.0", "feature_set": "FEATURE_SET_TEMPORAL", "prediction_date": "2026-10-08" }, "geometry": { "type": "Polygon", "coordinates": [ [ [ 77.43500599255961, 8.725956294838143 ], [ 77.435896556567585, 8.725910927957781 ], [ 77.435850380714484, 8.725013657795861 ], [ 77.434959818771205, 8.725059023987857 ], [ 77.43500599255961, 8.725956294838143 ] ] ] } },
{ "type": "Feature", "properties": { "parcel_id": "PARCEL_0241", "taluk": "Ambasamudram", "area_m2": 5142.36, "area_ha": 0.51423564990486359, "area_sq_m": 5142.3564990486357, "area_sq_km": 0.0051423564990486356, "predicted_crop": "Other", "confidence": 0.9752, "confidence_tier": "HIGH_CONFIDENCE", "prob_paddy": 0.020500001, "prob_banana": 0.0043, "prob_other": 0.9752, "data_quality_flag": "GOOD", "valid_pixel_count": 48, "number_of_valid_dates": 4, "model_name": "XGBoost_Advanced", "model_version": "v2.0", "feature_set": "FEATURE_SET_TEMPORAL", "prediction_date": "2026-10-08" }, "geometry": { "type": "Polygon", "coordinates": [ [ [ 77.396885651967452, 8.711123057140023 ], [ 77.397942019540565, 8.711351346713588 ], [ 77.398025320974057, 8.710969747642576 ], [ 77.396968954549621, 8.710741458020653 ], [ 77.396885651967452, 8.711123057140023 ] ] ] } },
{ "type": "Feature", "properties": { "parcel_id": "PARCEL_0243", "taluk": "Ambasamudram", "area_m2": 5430.84, "area_ha": 0.54308358372524057, "area_sq_m": 5430.8358372524062, "area_sq_km": 0.0054308358372524065, "predicted_crop": "Other", "confidence": 0.99540001, "confidence_tier": "HIGH_CONFIDENCE", "prob_paddy": 0.0034, "prob_banana": 0.0012, "prob_other": 0.99540001, "data_quality_flag": "GOOD", "valid_pixel_count": 52, "number_of_valid_dates": 4, "model_name": "XGBoost_Advanced", "model_version": "v2.0", "feature_set": "FEATURE_SET_TEMPORAL", "prediction_date": "2026-10-08" }, "geometry": { "type": "Polygon", "coordinates": [ [ [ 77.414468255835743, 8.736717242381125 ], [ 77.415016451556923, 8.736851296885517 ], [ 77.415205919411065, 8.736084369841443 ], [ 77.414657724894639, 8.735950315320647 ], [ 77.414468255835743, 8.736717242381125 ] ] ] } },
{ "type": "Feature", "properties": { "parcel_id": "PARCEL_0244", "taluk": "Ambasamudram", "area_m2": 8930.19, "area_ha": 0.89301865154776172, "area_sq_m": 8930.1865154776169, "area_sq_km": 0.0089301865154776169, "predicted_crop": "Other", "confidence": 0.978, "confidence_tier": "HIGH_CONFIDENCE", "prob_paddy": 0.0147, "prob_banana": 0.0073, "prob_other": 0.978, "data_quality_flag": "GOOD", "valid_pixel_count": 88, "number_of_valid_dates": 4, "model_name": "XGBoost_Advanced", "model_version": "v2.0", "feature_set": "FEATURE_SET_TEMPORAL", "prediction_date": "2026-10-08" }, "geometry": { "type": "Polygon", "coordinates": [ [ [ 77.425922619163657, 8.713673925460895 ], [ 77.426723671042055, 8.713489427018921 ], [ 77.426521597534602, 8.712620878008149 ], [ 77.425720547173654, 8.712805375552293 ], [ 77.425922619163657, 8.713673925460895 ] ] ] } },
{ "type": "Feature", "properties": { "parcel_id": "PARCEL_0245", "taluk": "Ambasamudram", "area_m2": 3208.29, "area_ha": 0.32082927360781893, "area_sq_m": 3208.2927360781896, "area_sq_km": 0.0032082927360781895, "predicted_crop": "Other", "confidence": 0.99150002, "confidence_tier": "HIGH_CONFIDENCE", "prob_paddy": 0.0074, "prob_banana": 0.0012, "prob_other": 0.99150002, "data_quality_flag": "GOOD", "valid_pixel_count": 36, "number_of_valid_dates": 4, "model_name": "XGBoost_Advanced", "model_version": "v2.0", "feature_set": "FEATURE_SET_TEMPORAL", "prediction_date": "2026-10-08" }, "geometry": { "type": "Polygon", "coordinates": [ [ [ 77.425382601751892, 8.729764670887276 ], [ 77.42585775901685, 8.729898773999778 ], [ 77.426004020203891, 8.729385785204256 ], [ 77.425528863637794, 8.729251682108988 ], [ 77.425382601751892, 8.729764670887276 ] ] ] } },
{ "type": "Feature", "properties": { "parcel_id": "PARCEL_0246", "taluk": "Ambasamudram", "area_m2": 4745.35, "area_ha": 0.47453494321997758, "area_sq_m": 4745.3494321997759, "area_sq_km": 0.0047453494321997762, "predicted_crop": "Other", "confidence": 0.99260002, "confidence_tier": "HIGH_CONFIDENCE", "prob_paddy": 0.0059, "prob_banana": 0.0015, "prob_other": 0.99260002, "data_quality_flag": "GOOD", "valid_pixel_count": 48, "number_of_valid_dates": 4, "model_name": "XGBoost_Advanced", "model_version": "v2.0", "feature_set": "FEATURE_SET_TEMPORAL", "prediction_date": "2026-10-08" }, "geometry": { "type": "Polygon", "coordinates": [ [ [ 77.422461119410627, 8.723792029944526 ], [ 77.423165407057255, 8.72394580870658 ], [ 77.423281798022884, 8.723418131731062 ], [ 77.422577511438135, 8.723264352924508 ], [ 77.422461119410627, 8.723792029944526 ] ] ] } },
{ "type": "Feature", "properties": { "parcel_id": "PARCEL_0247", "taluk": "Ambasamudram", "area_m2": 6010.24, "area_ha": 0.60102389930585209, "area_sq_m": 6010.2389930585214, "area_sq_km": 0.006010238993058521, "predicted_crop": "Other", "confidence": 0.94770002, "confidence_tier": "HIGH_CONFIDENCE", "prob_paddy": 0.0162, "prob_banana": 0.0361, "prob_other": 0.94770002, "data_quality_flag": "GOOD", "valid_pixel_count": 56, "number_of_valid_dates": 4, "model_name": "XGBoost_Advanced", "model_version": "v2.0", "feature_set": "FEATURE_SET_TEMPORAL", "prediction_date": "2026-10-08" }, "geometry": { "type": "Polygon", "coordinates": [ [ [ 77.429791946090702, 8.696279199892777 ], [ 77.430402771122459, 8.696150734724004 ], [ 77.430238543647334, 8.695377635466535 ], [ 77.429627719667963, 8.695506100047542 ], [ 77.429791946090702, 8.696279199892777 ] ] ] } },
{ "type": "Feature", "properties": { "parcel_id": "PARCEL_0248", "taluk": "Ambasamudram", "area_m2": 5612.55, "area_ha": 0.56125487246139971, "area_sq_m": 5612.5487246139974, "area_sq_km": 0.0056125487246139975, "predicted_crop": "Other", "confidence": 0.96960002, "confidence_tier": "HIGH_CONFIDENCE", "prob_paddy": 0.0186, "prob_banana": 0.0118, "prob_other": 0.96960002, "data_quality_flag": "GOOD", "valid_pixel_count": 56, "number_of_valid_dates": 4, "model_name": "XGBoost_Advanced", "model_version": "v2.0", "feature_set": "FEATURE_SET_TEMPORAL", "prediction_date": "2026-10-08" }, "geometry": { "type": "Polygon", "coordinates": [ [ [ 77.423484035249189, 8.726265087941396 ], [ 77.424031533905605, 8.726204204317627 ], [ 77.423938166318266, 8.725373080877596 ], [ 77.423390668785558, 8.725433964042438 ], [ 77.423484035249189, 8.726265087941396 ] ] ] } },
{ "type": "Feature", "properties": { "parcel_id": "PARCEL_0249", "taluk": "Ambasamudram", "area_m2": 8972.16, "area_ha": 0.89721596191951614, "area_sq_m": 8972.1596191951612, "area_sq_km": 0.0089721596191951608, "predicted_crop": "Other", "confidence": 0.98610002, "confidence_tier": "HIGH_CONFIDENCE", "prob_paddy": 0.0119, "prob_banana": 0.002, "prob_other": 0.98610002, "data_quality_flag": "GOOD", "valid_pixel_count": 92, "number_of_valid_dates": 4, "model_name": "XGBoost_Advanced", "model_version": "v2.0", "feature_set": "FEATURE_SET_TEMPORAL", "prediction_date": "2026-10-08" }, "geometry": { "type": "Polygon", "coordinates": [ [ [ 77.409505188546376, 8.731033544156006 ], [ 77.410558813733303, 8.730859252472552 ], [ 77.410445135210054, 8.730179012460873 ], [ 77.40939151170906, 8.730353303330357 ], [ 77.409505188546376, 8.731033544156006 ] ] ] } },
{ "type": "Feature", "properties": { "parcel_id": "PARCEL_0250", "taluk": "Ambasamudram", "area_m2": 7917.06, "area_ha": 0.79170620524966206, "area_sq_m": 7917.0620524966207, "area_sq_km": 0.0079170620524966206, "predicted_crop": "Other", "confidence": 0.98979998, "confidence_tier": "HIGH_CONFIDENCE", "prob_paddy": 0.0065, "prob_banana": 0.0038, "prob_other": 0.98979998, "data_quality_flag": "GOOD", "valid_pixel_count": 72, "number_of_valid_dates": 4, "model_name": "XGBoost_Advanced", "model_version": "v2.0", "feature_set": "FEATURE_SET_TEMPORAL", "prediction_date": "2026-10-08" }, "geometry": { "type": "Polygon", "coordinates": [ [ [ 77.382935727556969, 8.730180696608624 ], [ 77.383889525907094, 8.730030387878092 ], [ 77.383783696321075, 8.729365641677406 ], [ 77.382829899475325, 8.729515949704689 ], [ 77.382935727556969, 8.730180696608624 ] ] ] } },
{ "type": "Feature", "properties": { "parcel_id": "PARCEL_0251", "taluk": "Ambasamudram", "area_m2": 2850.11, "area_ha": 0.28501119730240837, "area_sq_m": 2850.1119730240835, "area_sq_km": 0.0028501119730240834, "predicted_crop": "Other", "confidence": 0.99519998, "confidence_tier": "HIGH_CONFIDENCE", "prob_paddy": 0.0036, "prob_banana": 0.0012, "prob_other": 0.99519998, "data_quality_flag": "LIMITED", "valid_pixel_count": 24, "number_of_valid_dates": 4, "model_name": "XGBoost_Advanced", "model_version": "v2.0", "feature_set": "FEATURE_SET_TEMPORAL", "prediction_date": "2026-10-08" }, "geometry": { "type": "Polygon", "coordinates": [ [ [ 77.442030015299039, 8.73616215136002 ], [ 77.442495255079365, 8.736026805521655 ], [ 77.442359098550995, 8.735563535129254 ], [ 77.441893859204043, 8.735698880658978 ], [ 77.442030015299039, 8.73616215136002 ] ] ] } },
{ "type": "Feature", "properties": { "parcel_id": "PARCEL_0252", "taluk": "Ambasamudram", "area_m2": 8384.45, "area_ha": 0.83844481397575288, "area_sq_m": 8384.4481397575291, "area_sq_km": 0.0083844481397575294, "predicted_crop": "Other", "confidence": 0.95109999, "confidence_tier": "HIGH_CONFIDENCE", "prob_paddy": 0.023800001, "prob_banana": 0.0251, "prob_other": 0.95109999, "data_quality_flag": "GOOD", "valid_pixel_count": 84, "number_of_valid_dates": 4, "model_name": "XGBoost_Advanced", "model_version": "v2.0", "feature_set": "FEATURE_SET_TEMPORAL", "prediction_date": "2026-10-08" }, "geometry": { "type": "Polygon", "coordinates": [ [ [ 77.431098583272103, 8.740385022011768 ], [ 77.431795775596981, 8.740509057306845 ], [ 77.431967716754954, 8.739552428083975 ], [ 77.431270526328916, 8.739428392629573 ], [ 77.431098583272103, 8.740385022011768 ] ] ] } },
{ "type": "Feature", "properties": { "parcel_id": "PARCEL_0253", "taluk": "Ambasamudram", "area_m2": 2764.28, "area_ha": 0.27642757414445124, "area_sq_m": 2764.2757414445123, "area_sq_km": 0.0027642757414445122, "predicted_crop": "Other", "confidence": 0.99510002, "confidence_tier": "HIGH_CONFIDENCE", "prob_paddy": 0.0037, "prob_banana": 0.0013, "prob_other": 0.99510002, "data_quality_flag": "GOOD", "valid_pixel_count": 32, "number_of_valid_dates": 4, "model_name": "XGBoost_Advanced", "model_version": "v2.0", "feature_set": "FEATURE_SET_TEMPORAL", "prediction_date": "2026-10-08" }, "geometry": { "type": "Polygon", "coordinates": [ [ [ 77.434237588520773, 8.729537377858524 ], [ 77.434745144852656, 8.729463843106741 ], [ 77.434681069503554, 8.729026057606871 ], [ 77.434173513704295, 8.729099592115634 ], [ 77.434237588520773, 8.729537377858524 ] ] ] } },
{ "type": "Feature", "properties": { "parcel_id": "PARCEL_0254", "taluk": "Ambasamudram", "area_m2": 4958.87, "area_ha": 0.49588736040255343, "area_sq_m": 4958.8736040255344, "area_sq_km": 0.0049588736040255344, "predicted_crop": "Other", "confidence": 0.97600001, "confidence_tier": "HIGH_CONFIDENCE", "prob_paddy": 0.0209, "prob_banana": 0.0031, "prob_other": 0.97600001, "data_quality_flag": "GOOD", "valid_pixel_count": 48, "number_of_valid_dates": 4, "model_name": "XGBoost_Advanced", "model_version": "v2.0", "feature_set": "FEATURE_SET_TEMPORAL", "prediction_date": "2026-10-08" }, "geometry": { "type": "Polygon", "coordinates": [ [ [ 77.417878347950932, 8.719648460178131 ], [ 77.418894020683538, 8.71940850200744 ], [ 77.418803475955272, 8.719029114481549 ], [ 77.41778780405798, 8.7192690721505 ], [ 77.417878347950932, 8.719648460178131 ] ] ] } },
{ "type": "Feature", "properties": { "parcel_id": "PARCEL_0255", "taluk": "Ambasamudram", "area_m2": 5261.19, "area_ha": 0.52611893648392016, "area_sq_m": 5261.1893648392015, "area_sq_km": 0.0052611893648392017, "predicted_crop": "Other", "confidence": 0.98970002, "confidence_tier": "HIGH_CONFIDENCE", "prob_paddy": 0.0062, "prob_banana": 0.0041, "prob_other": 0.98970002, "data_quality_flag": "GOOD", "valid_pixel_count": 52, "number_of_valid_dates": 4, "model_name": "XGBoost_Advanced", "model_version": "v2.0", "feature_set": "FEATURE_SET_TEMPORAL", "prediction_date": "2026-10-08" }, "geometry": { "type": "Polygon", "coordinates": [ [ [ 77.429387347824431, 8.726279794691438 ], [ 77.429957073791243, 8.726115880624914 ], [ 77.429753753990752, 8.725416333178027 ], [ 77.429184028828914, 8.725580246678364 ], [ 77.429387347824431, 8.726279794691438 ] ] ] } },
{ "type": "Feature", "properties": { "parcel_id": "PARCEL_0256", "taluk": "Ambasamudram", "area_m2": 8358.44, "area_ha": 0.83584391361929189, "area_sq_m": 8358.4391361929192, "area_sq_km": 0.0083584391361929185, "predicted_crop": "Other", "confidence": 0.95590001, "confidence_tier": "HIGH_CONFIDENCE", "prob_paddy": 0.0348, "prob_banana": 0.0093, "prob_other": 0.95590001, "data_quality_flag": "GOOD", "valid_pixel_count": 80, "number_of_valid_dates": 4, "model_name": "XGBoost_Advanced", "model_version": "v2.0", "feature_set": "FEATURE_SET_TEMPORAL", "prediction_date": "2026-10-08" }, "geometry": { "type": "Polygon", "coordinates": [ [ [ 77.419409637674406, 8.732036594812683 ], [ 77.420403667737332, 8.732039504313425 ], [ 77.420405708054901, 8.731349246836986 ], [ 77.419411679825387, 8.731346336843853 ], [ 77.419409637674406, 8.732036594812683 ] ] ] } },
{ "type": "Feature", "properties": { "parcel_id": "PARCEL_0257", "taluk": "Ambasamudram", "area_m2": 2169.59, "area_ha": 0.21695889392016196, "area_sq_m": 2169.5889392016197, "area_sq_km": 0.0021695889392016198, "predicted_crop": "Other", "confidence": 0.99690002, "confidence_tier": "HIGH_CONFIDENCE", "prob_paddy": 0.0021, "prob_banana": 0.0009, "prob_other": 0.99690002, "data_quality_flag": "GOOD", "valid_pixel_count": 20, "number_of_valid_dates": 4, "model_name": "XGBoost_Advanced", "model_version": "v2.0", "feature_set": "FEATURE_SET_TEMPORAL", "prediction_date": "2026-10-08" }, "geometry": { "type": "Polygon", "coordinates": [ [ [ 77.451524484459085, 8.7252852655159 ], [ 77.451985845003222, 8.725229107508213 ], [ 77.451939079148502, 8.724848790114226 ], [ 77.451477719033406, 8.724904947938981 ], [ 77.451524484459085, 8.7252852655159 ] ] ] } },
{ "type": "Feature", "properties": { "parcel_id": "PARCEL_0258", "taluk": "Ambasamudram", "area_m2": 11038.99, "area_ha": 1.1038991801832416, "area_sq_m": 11038.991801832415, "area_sq_km": 0.011038991801832414, "predicted_crop": "Other", "confidence": 0.96469998, "confidence_tier": "HIGH_CONFIDENCE", "prob_paddy": 0.020300001, "prob_banana": 0.0151, "prob_other": 0.96469998, "data_quality_flag": "GOOD", "valid_pixel_count": 104, "number_of_valid_dates": 4, "model_name": "XGBoost_Advanced", "model_version": "v2.0", "feature_set": "FEATURE_SET_TEMPORAL", "prediction_date": "2026-10-08" }, "geometry": { "type": "Polygon", "coordinates": [ [ [ 77.402017848227487, 8.73450407899028 ], [ 77.40284405486689, 8.73429416069574 ], [ 77.402579753638662, 8.733264472100446 ], [ 77.401753548806894, 8.733474389255971 ], [ 77.402017848227487, 8.73450407899028 ] ] ] } },
{ "type": "Feature", "properties": { "parcel_id": "PARCEL_0261", "taluk": "Ambasamudram", "area_m2": 5308.07, "area_ha": 0.53080674273347539, "area_sq_m": 5308.067427334754, "area_sq_km": 0.005308067427334754, "predicted_crop": "Other", "confidence": 0.58139998, "confidence_tier": "LOW_CONFIDENCE", "prob_paddy": 0.242, "prob_banana": 0.17659999, "prob_other": 0.58139998, "data_quality_flag": "GOOD", "valid_pixel_count": 56, "number_of_valid_dates": 4, "model_name": "XGBoost_Advanced", "model_version": "v2.0", "feature_set": "FEATURE_SET_TEMPORAL", "prediction_date": "2026-10-08" }, "geometry": { "type": "Polygon", "coordinates": [ [ [ 77.43552639250548, 8.739992942167715 ], [ 77.436045183047312, 8.739956677847967 ], [ 77.435986159155178, 8.739120893864609 ], [ 77.435467369720755, 8.739157157789894 ], [ 77.43552639250548, 8.739992942167715 ] ] ] } },
{ "type": "Feature", "properties": { "parcel_id": "PARCEL_0262", "taluk": "Ambasamudram", "area_m2": 11110.97, "area_ha": 1.1110970509041325, "area_sq_m": 11110.970509041324, "area_sq_km": 0.011110970509041324, "predicted_crop": "Other", "confidence": 0.98, "confidence_tier": "HIGH_CONFIDENCE", "prob_paddy": 0.0175, "prob_banana": 0.0025, "prob_other": 0.98, "data_quality_flag": "GOOD", "valid_pixel_count": 108, "number_of_valid_dates": 4, "model_name": "XGBoost_Advanced", "model_version": "v2.0", "feature_set": "FEATURE_SET_TEMPORAL", "prediction_date": "2026-10-08" }, "geometry": { "type": "Polygon", "coordinates": [ [ [ 77.404747111827476, 8.730732893046502 ], [ 77.405556320159306, 8.730503606197264 ], [ 77.40525787738008, 8.729461001388332 ], [ 77.404448670767891, 8.729690287052565 ], [ 77.404747111827476, 8.730732893046502 ] ] ] } },
{ "type": "Feature", "properties": { "parcel_id": "PARCEL_0263", "taluk": "Ambasamudram", "area_m2": 11250.14, "area_ha": 1.1250139692397878, "area_sq_m": 11250.139692397879, "area_sq_km": 0.01125013969239788, "predicted_crop": "Other", "confidence": 0.98769999, "confidence_tier": "HIGH_CONFIDENCE", "prob_paddy": 0.0103, "prob_banana": 0.002, "prob_other": 0.98769999, "data_quality_flag": "GOOD", "valid_pixel_count": 112, "number_of_valid_dates": 4, "model_name": "XGBoost_Advanced", "model_version": "v2.0", "feature_set": "FEATURE_SET_TEMPORAL", "prediction_date": "2026-10-08" }, "geometry": { "type": "Polygon", "coordinates": [ [ [ 77.416058628600481, 8.730818445242502 ], [ 77.417054153365768, 8.730851939602855 ], [ 77.417085647426177, 8.729925324340252 ], [ 77.416090125164075, 8.729891829393807 ], [ 77.416058628600481, 8.730818445242502 ] ] ] } },
{ "type": "Feature", "properties": { "parcel_id": "PARCEL_0264", "taluk": "Ambasamudram", "area_m2": 4785.63, "area_ha": 0.4785625783760773, "area_sq_m": 4785.6257837607727, "area_sq_km": 0.0047856257837607724, "predicted_crop": "Other", "confidence": 0.94950002, "confidence_tier": "HIGH_CONFIDENCE", "prob_paddy": 0.0239, "prob_banana": 0.0265, "prob_other": 0.94950002, "data_quality_flag": "GOOD", "valid_pixel_count": 44, "number_of_valid_dates": 4, "model_name": "XGBoost_Advanced", "model_version": "v2.0", "feature_set": "FEATURE_SET_TEMPORAL", "prediction_date": "2026-10-08" }, "geometry": { "type": "Polygon", "coordinates": [ [ [ 77.426495244652173, 8.730863678606552 ], [ 77.427149348938087, 8.730925113518815 ], [ 77.427205830963786, 8.73032983226344 ], [ 77.426551727761037, 8.730268397166274 ], [ 77.426495244652173, 8.730863678606552 ] ] ] } },
{ "type": "Feature", "properties": { "parcel_id": "PARCEL_0265", "taluk": "Ambasamudram", "area_m2": 7770.96, "area_ha": 0.77709618918894474, "area_sq_m": 7770.9618918894475, "area_sq_km": 0.0077709618918894476, "predicted_crop": "Other", "confidence": 0.96270001, "confidence_tier": "HIGH_CONFIDENCE", "prob_paddy": 0.012, "prob_banana": 0.0253, "prob_other": 0.96270001, "data_quality_flag": "GOOD", "valid_pixel_count": 84, "number_of_valid_dates": 4, "model_name": "XGBoost_Advanced", "model_version": "v2.0", "feature_set": "FEATURE_SET_TEMPORAL", "prediction_date": "2026-10-08" }, "geometry": { "type": "Polygon", "coordinates": [ [ [ 77.426888430625397, 8.734587907767132 ], [ 77.427815557992702, 8.734759823696937 ], [ 77.427940123907419, 8.734094867230677 ], [ 77.427012998296249, 8.733922951167521 ], [ 77.426888430625397, 8.734587907767132 ] ] ] } },
{ "type": "Feature", "properties": { "parcel_id": "PARCEL_0266", "taluk": "Cheranmahadevi", "area_m2": 2669.07, "area_ha": 0.2669065118685508, "area_sq_m": 2669.065118685508, "area_sq_km": 0.002669065118685508, "predicted_crop": "Other", "confidence": 0.99839997, "confidence_tier": "HIGH_CONFIDENCE", "prob_paddy": 0.0012, "prob_banana": 0.0005, "prob_other": 0.99839997, "data_quality_flag": "GOOD", "valid_pixel_count": 24, "number_of_valid_dates": 4, "model_name": "XGBoost_Advanced", "model_version": "v2.0", "feature_set": "FEATURE_SET_TEMPORAL", "prediction_date": "2026-10-08" }, "geometry": { "type": "Polygon", "coordinates": [ [ [ 77.596038874736863, 8.656041825050092 ], [ 77.596404886990598, 8.656010076450658 ], [ 77.596352870454581, 8.655416243596166 ], [ 77.595986858741725, 8.655447991978685 ], [ 77.596038874736863, 8.656041825050092 ] ] ] } },
{ "type": "Feature", "properties": { "parcel_id": "PARCEL_0268", "taluk": "Cheranmahadevi", "area_m2": 4047.95, "area_ha": 0.40479503092016733, "area_sq_m": 4047.9503092016735, "area_sq_km": 0.0040479503092016736, "predicted_crop": "Other", "confidence": 0.98180002, "confidence_tier": "HIGH_CONFIDENCE", "prob_paddy": 0.0154, "prob_banana": 0.0029, "prob_other": 0.98180002, "data_quality_flag": "GOOD", "valid_pixel_count": 40, "number_of_valid_dates": 4, "model_name": "XGBoost_Advanced", "model_version": "v2.0", "feature_set": "FEATURE_SET_TEMPORAL", "prediction_date": "2026-10-08" }, "geometry": { "type": "Polygon", "coordinates": [ [ [ 77.572877088333385, 8.660900517100867 ], [ 77.573291645428611, 8.660939476261772 ], [ 77.573367013271067, 8.660145324155341 ], [ 77.57295245708751, 8.660106364823108 ], [ 77.572877088333385, 8.660900517100867 ] ] ] } },
{ "type": "Feature", "properties": { "parcel_id": "PARCEL_0269", "taluk": "Cheranmahadevi", "area_m2": 7676.43, "area_ha": 0.76764259746000951, "area_sq_m": 7676.4259746000953, "area_sq_km": 0.0076764259746000957, "predicted_crop": "Other", "confidence": 0.9867, "confidence_tier": "HIGH_CONFIDENCE", "prob_paddy": 0.011, "prob_banana": 0.0023, "prob_other": 0.9867, "data_quality_flag": "GOOD", "valid_pixel_count": 96, "number_of_valid_dates": 4, "model_name": "XGBoost_Advanced", "model_version": "v2.0", "feature_set": "FEATURE_SET_TEMPORAL", "prediction_date": "2026-10-08" }, "geometry": { "type": "Polygon", "coordinates": [ [ [ 77.582900302601132, 8.691887580139257 ], [ 77.583539468974521, 8.691890525463561 ], [ 77.583544055456102, 8.690904988008398 ], [ 77.582904890760247, 8.690902042203806 ], [ 77.582900302601132, 8.691887580139257 ] ] ] } },
{ "type": "Feature", "properties": { "parcel_id": "PARCEL_0270", "taluk": "Cheranmahadevi", "area_m2": 4738.96, "area_ha": 0.47389609740190974, "area_sq_m": 4738.9609740190972, "area_sq_km": 0.0047389609740190975, "predicted_crop": "Other", "confidence": 0.98269999, "confidence_tier": "HIGH_CONFIDENCE", "prob_paddy": 0.0138, "prob_banana": 0.0035, "prob_other": 0.98269999, "data_quality_flag": "GOOD", "valid_pixel_count": 56, "number_of_valid_dates": 4, "model_name": "XGBoost_Advanced", "model_version": "v2.0", "feature_set": "FEATURE_SET_TEMPORAL", "prediction_date": "2026-10-08" }, "geometry": { "type": "Polygon", "coordinates": [ [ [ 77.586593491247442, 8.667068573650878 ], [ 77.587203231941785, 8.667027546891703 ], [ 77.587160093757518, 8.666392707975072 ], [ 77.586550354042814, 8.666433734367601 ], [ 77.586593491247442, 8.667068573650878 ] ] ] } },
{ "type": "Feature", "properties": { "parcel_id": "PARCEL_0271", "taluk": "Cheranmahadevi", "area_m2": 8968.77, "area_ha": 0.89687718864240284, "area_sq_m": 8968.7718864240287, "area_sq_km": 0.0089687718864240283, "predicted_crop": "Other", "confidence": 0.9982, "confidence_tier": "HIGH_CONFIDENCE", "prob_paddy": 0.0009, "prob_banana": 0.0009, "prob_other": 0.9982, "data_quality_flag": "GOOD", "valid_pixel_count": 84, "number_of_valid_dates": 4, "model_name": "XGBoost_Advanced", "model_version": "v2.0", "feature_set": "FEATURE_SET_TEMPORAL", "prediction_date": "2026-10-08" }, "geometry": { "type": "Polygon", "coordinates": [ [ [ 77.610720957953006, 8.693614298305226 ], [ 77.611512714692893, 8.693758387718672 ], [ 77.611678042184522, 8.692858949029707 ], [ 77.610886287478209, 8.692714859415615 ], [ 77.610720957953006, 8.693614298305226 ] ] ] } },
{ "type": "Feature", "properties": { "parcel_id": "PARCEL_0272", "taluk": "Cheranmahadevi", "area_m2": 5116.93, "area_ha": 0.51169338896904126, "area_sq_m": 5116.9338896904128, "area_sq_km": 0.0051169338896904131, "predicted_crop": "Other", "confidence": 0.99860001, "confidence_tier": "HIGH_CONFIDENCE", "prob_paddy": 0.0009, "prob_banana": 0.0005, "prob_other": 0.99860001, "data_quality_flag": "GOOD", "valid_pixel_count": 48, "number_of_valid_dates": 4, "model_name": "XGBoost_Advanced", "model_version": "v2.0", "feature_set": "FEATURE_SET_TEMPORAL", "prediction_date": "2026-10-08" }, "geometry": { "type": "Polygon", "coordinates": [ [ [ 77.589649027022872, 8.671242384753086 ], [ 77.590652499074764, 8.671501442490326 ], [ 77.590754709843921, 8.671109408008034 ], [ 77.589751238923583, 8.670850350250168 ], [ 77.589649027022872, 8.671242384753086 ] ] ] } },
{ "type": "Feature", "properties": { "parcel_id": "PARCEL_0273", "taluk": "Cheranmahadevi", "area_m2": 4774.94, "area_ha": 0.47749417352334023, "area_sq_m": 4774.9417352334021, "area_sq_km": 0.0047749417352334024, "predicted_crop": "Other", "confidence": 0.99849999, "confidence_tier": "HIGH_CONFIDENCE", "prob_paddy": 0.0011, "prob_banana": 0.0004, "prob_other": 0.99849999, "data_quality_flag": "GOOD", "valid_pixel_count": 52, "number_of_valid_dates": 4, "model_name": "XGBoost_Advanced", "model_version": "v2.0", "feature_set": "FEATURE_SET_TEMPORAL", "prediction_date": "2026-10-08" }, "geometry": { "type": "Polygon", "coordinates": [ [ [ 77.581640999390487, 8.664255824940115 ], [ 77.582350592762992, 8.664159290559706 ], [ 77.582276125718593, 8.663617260706324 ], [ 77.581566533263484, 8.663713794658445 ], [ 77.581640999390487, 8.664255824940115 ] ] ] } },
{ "type": "Feature", "properties": { "parcel_id": "PARCEL_0274", "taluk": "Cheranmahadevi", "area_m2": 5395.71, "area_ha": 0.53957090843667033, "area_sq_m": 5395.7090843667029, "area_sq_km": 0.0053957090843667031, "predicted_crop": "Other", "confidence": 0.99830002, "confidence_tier": "HIGH_CONFIDENCE", "prob_paddy": 0.0013, "prob_banana": 0.0004, "prob_other": 0.99830002, "data_quality_flag": "GOOD", "valid_pixel_count": 64, "number_of_valid_dates": 4, "model_name": "XGBoost_Advanced", "model_version": "v2.0", "feature_set": "FEATURE_SET_TEMPORAL", "prediction_date": "2026-10-08" }, "geometry": { "type": "Polygon", "coordinates": [ [ [ 77.60973155155277, 8.660363776219262 ], [ 77.61048510533557, 8.660408322714936 ], [ 77.61052005465281, 8.659822875422785 ], [ 77.609766502074592, 8.659778328650832 ], [ 77.60973155155277, 8.660363776219262 ] ] ] } },
{ "type": "Feature", "properties": { "parcel_id": "PARCEL_0275", "taluk": "Cheranmahadevi", "area_m2": 3635.99, "area_ha": 0.363599028364121, "area_sq_m": 3635.9902836412102, "area_sq_km": 0.0036359902836412103, "predicted_crop": "Other", "confidence": 0.9975, "confidence_tier": "HIGH_CONFIDENCE", "prob_paddy": 0.0019, "prob_banana": 0.0005, "prob_other": 0.9975, "data_quality_flag": "GOOD", "valid_pixel_count": 44, "number_of_valid_dates": 4, "model_name": "XGBoost_Advanced", "model_version": "v2.0", "feature_set": "FEATURE_SET_TEMPORAL", "prediction_date": "2026-10-08" }, "geometry": { "type": "Polygon", "coordinates": [ [ [ 77.577916117331597, 8.677492369259836 ], [ 77.578566816453574, 8.677362394675383 ], [ 77.578477898997562, 8.6769216266344 ], [ 77.577827200515969, 8.67705160085686 ], [ 77.577916117331597, 8.677492369259836 ] ] ] } },
{ "type": "Feature", "properties": { "parcel_id": "PARCEL_0276", "taluk": "Cheranmahadevi", "area_m2": 7932.61, "area_ha": 0.79326077227556457, "area_sq_m": 7932.6077227556452, "area_sq_km": 0.0079326077227556448, "predicted_crop": "Other", "confidence": 0.95520002, "confidence_tier": "HIGH_CONFIDENCE", "prob_paddy": 0.039299998, "prob_banana": 0.0054, "prob_other": 0.95520002, "data_quality_flag": "GOOD", "valid_pixel_count": 80, "number_of_valid_dates": 4, "model_name": "XGBoost_Advanced", "model_version": "v2.0", "feature_set": "FEATURE_SET_TEMPORAL", "prediction_date": "2026-10-08" }, "geometry": { "type": "Polygon", "coordinates": [ [ [ 77.57824613585862, 8.673492007869365 ], [ 77.578969072837893, 8.673313930938374 ], [ 77.578758014979257, 8.672465520617504 ], [ 77.578035079289975, 8.672643596710026 ], [ 77.57824613585862, 8.673492007869365 ] ] ] } },
{ "type": "Feature", "properties": { "parcel_id": "PARCEL_0277", "taluk": "Cheranmahadevi", "area_m2": 9208.67, "area_ha": 0.92086743014969252, "area_sq_m": 9208.6743014969252, "area_sq_km": 0.0092086743014969247, "predicted_crop": "Other", "confidence": 0.99550003, "confidence_tier": "HIGH_CONFIDENCE", "prob_paddy": 0.0024, "prob_banana": 0.0021, "prob_other": 0.99550003, "data_quality_flag": "GOOD", "valid_pixel_count": 92, "number_of_valid_dates": 4, "model_name": "XGBoost_Advanced", "model_version": "v2.0", "feature_set": "FEATURE_SET_TEMPORAL", "prediction_date": "2026-10-08" }, "geometry": { "type": "Polygon", "coordinates": [ [ [ 77.567711804099503, 8.672105605076998 ], [ 77.568758018713737, 8.672291642290231 ], [ 77.56888371162286, 8.671591720065098 ], [ 77.567837499089606, 8.671405682644888 ], [ 77.567711804099503, 8.672105605076998 ] ] ] } },
{ "type": "Feature", "properties": { "parcel_id": "PARCEL_0278", "taluk": "Cheranmahadevi", "area_m2": 10525.82, "area_ha": 1.0525822040082693, "area_sq_m": 10525.822040082694, "area_sq_km": 0.010525822040082695, "predicted_crop": "Other", "confidence": 0.99870002, "confidence_tier": "HIGH_CONFIDENCE", "prob_paddy": 0.0009, "prob_banana": 0.0005, "prob_other": 0.99870002, "data_quality_flag": "GOOD", "valid_pixel_count": 100, "number_of_valid_dates": 4, "model_name": "XGBoost_Advanced", "model_version": "v2.0", "feature_set": "FEATURE_SET_TEMPORAL", "prediction_date": "2026-10-08" }, "geometry": { "type": "Polygon", "coordinates": [ [ [ 77.584404929618913, 8.668152858194068 ], [ 77.58522691551137, 8.668197204429715 ], [ 77.585283996064987, 8.667149530033857 ], [ 77.584462012519467, 8.667105183253582 ], [ 77.584404929618913, 8.668152858194068 ] ] ] } },
{ "type": "Feature", "properties": { "parcel_id": "PARCEL_0279", "taluk": "Cheranmahadevi", "area_m2": 3317.92, "area_ha": 0.3317922845806508, "area_sq_m": 3317.9228458065081, "area_sq_km": 0.0033179228458065082, "predicted_crop": "Other", "confidence": 0.99419999, "confidence_tier": "HIGH_CONFIDENCE", "prob_paddy": 0.0042, "prob_banana": 0.0017, "prob_other": 0.99419999, "data_quality_flag": "GOOD", "valid_pixel_count": 36, "number_of_valid_dates": 4, "model_name": "XGBoost_Advanced", "model_version": "v2.0", "feature_set": "FEATURE_SET_TEMPORAL", "prediction_date": "2026-10-08" }, "geometry": { "type": "Polygon", "coordinates": [ [ [ 77.594825057219538, 8.66757233231689 ], [ 77.595353031423102, 8.667603765649213 ], [ 77.595383923838696, 8.667089954420087 ], [ 77.594855950376456, 8.667058520919442 ], [ 77.594825057219538, 8.66757233231689 ] ] ] } },
{ "type": "Feature", "properties": { "parcel_id": "PARCEL_0280", "taluk": "Cheranmahadevi", "area_m2": 7646.78, "area_ha": 0.7646781856172532, "area_sq_m": 7646.7818561725326, "area_sq_km": 0.0076467818561725322, "predicted_crop": "Other", "confidence": 0.99860001, "confidence_tier": "HIGH_CONFIDENCE", "prob_paddy": 0.001, "prob_banana": 0.0004, "prob_other": 0.99860001, "data_quality_flag": "GOOD", "valid_pixel_count": 72, "number_of_valid_dates": 4, "model_name": "XGBoost_Advanced", "model_version": "v2.0", "feature_set": "FEATURE_SET_TEMPORAL", "prediction_date": "2026-10-08" }, "geometry": { "type": "Polygon", "coordinates": [ [ [ 77.612616496424579, 8.663892914054967 ], [ 77.613619756240155, 8.663726929717683 ], [ 77.613518077508829, 8.663118362541846 ], [ 77.612514819105115, 8.663284346151244 ], [ 77.612616496424579, 8.663892914054967 ] ] ] } },
{ "type": "Feature", "properties": { "parcel_id": "PARCEL_0281", "taluk": "Cheranmahadevi", "area_m2": 7819.2, "area_ha": 0.78191964213459264, "area_sq_m": 7819.196421345926, "area_sq_km": 0.0078191964213459256, "predicted_crop": "Other", "confidence": 0.99870002, "confidence_tier": "HIGH_CONFIDENCE", "prob_paddy": 0.0009, "prob_banana": 0.0005, "prob_other": 0.99870002, "data_quality_flag": "GOOD", "valid_pixel_count": 72, "number_of_valid_dates": 4, "model_name": "XGBoost_Advanced", "model_version": "v2.0", "feature_set": "FEATURE_SET_TEMPORAL", "prediction_date": "2026-10-08" }, "geometry": { "type": "Polygon", "coordinates": [ [ [ 77.582117127050637, 8.676967555469131 ], [ 77.583073765015854, 8.677057036235359 ], [ 77.583136569141686, 8.676392199898602 ], [ 77.582179932940932, 8.676302718799164 ], [ 77.582117127050637, 8.676967555469131 ] ] ] } },
{ "type": "Feature", "properties": { "parcel_id": "PARCEL_0282", "taluk": "Cheranmahadevi", "area_m2": 6618.87, "area_ha": 0.66188724140372213, "area_sq_m": 6618.8724140372215, "area_sq_km": 0.0066188724140372216, "predicted_crop": "Other", "confidence": 0.99839997, "confidence_tier": "HIGH_CONFIDENCE", "prob_paddy": 0.0012, "prob_banana": 0.0005, "prob_other": 0.99839997, "data_quality_flag": "GOOD", "valid_pixel_count": 68, "number_of_valid_dates": 4, "model_name": "XGBoost_Advanced", "model_version": "v2.0", "feature_set": "FEATURE_SET_TEMPORAL", "prediction_date": "2026-10-08" }, "geometry": { "type": "Polygon", "coordinates": [ [ [ 77.597901189292983, 8.658845157860473 ], [ 77.598577967721155, 8.658704409989481 ], [ 77.598416490551486, 8.65793552492041 ], [ 77.597739713269647, 8.658076272122425 ], [ 77.597901189292983, 8.658845157860473 ] ] ] } },
{ "type": "Feature", "properties": { "parcel_id": "PARCEL_0283", "taluk": "Cheranmahadevi", "area_m2": 2732.62, "area_ha": 0.27326229211736197, "area_sq_m": 2732.6229211736199, "area_sq_km": 0.0027326229211736201, "predicted_crop": "Other", "confidence": 0.99220002, "confidence_tier": "HIGH_CONFIDENCE", "prob_paddy": 0.0065, "prob_banana": 0.0013, "prob_other": 0.99220002, "data_quality_flag": "GOOD", "valid_pixel_count": 28, "number_of_valid_dates": 4, "model_name": "XGBoost_Advanced", "model_version": "v2.0", "feature_set": "FEATURE_SET_TEMPORAL", "prediction_date": "2026-10-08" }, "geometry": { "type": "Polygon", "coordinates": [ [ [ 77.604505893031714, 8.671593639923026 ], [ 77.605004433015495, 8.67144415439337 ], [ 77.604879574585851, 8.671031834228812 ], [ 77.604381035000074, 8.671181319452058 ], [ 77.604505893031714, 8.671593639923026 ] ] ] } },
{ "type": "Feature", "properties": { "parcel_id": "PARCEL_0284", "taluk": "Cheranmahadevi", "area_m2": 4903.21, "area_ha": 0.49032136431861079, "area_sq_m": 4903.2136431861081, "area_sq_km": 0.0049032136431861086, "predicted_crop": "Other", "confidence": 0.99650002, "confidence_tier": "HIGH_CONFIDENCE", "prob_paddy": 0.0017, "prob_banana": 0.0018, "prob_other": 0.99650002, "data_quality_flag": "GOOD", "valid_pixel_count": 48, "number_of_valid_dates": 4, "model_name": "XGBoost_Advanced", "model_version": "v2.0", "feature_set": "FEATURE_SET_TEMPORAL", "prediction_date": "2026-10-08" }, "geometry": { "type": "Polygon", "coordinates": [ [ [ 77.614080221252479, 8.684653492266508 ], [ 77.614838634914747, 8.684598796529968 ], [ 77.614800195810389, 8.684071072136028 ], [ 77.61404178315901, 8.684125767485222 ], [ 77.614080221252479, 8.684653492266508 ] ] ] } },
{ "type": "Feature", "properties": { "parcel_id": "PARCEL_0285", "taluk": "Cheranmahadevi", "area_m2": 6060.07, "area_ha": 0.60600694294006674, "area_sq_m": 6060.0694294006671, "area_sq_km": 0.0060600694294006673, "predicted_crop": "Other", "confidence": 0.9921, "confidence_tier": "HIGH_CONFIDENCE", "prob_paddy": 0.005, "prob_banana": 0.0029, "prob_other": 0.9921, "data_quality_flag": "GOOD", "valid_pixel_count": 60, "number_of_valid_dates": 4, "model_name": "XGBoost_Advanced", "model_version": "v2.0", "feature_set": "FEATURE_SET_TEMPORAL", "prediction_date": "2026-10-08" }, "geometry": { "type": "Polygon", "coordinates": [ [ [ 77.592489444478403, 8.695047778565721 ], [ 77.593563775302229, 8.695166102632001 ], [ 77.593614644400091, 8.694708819476157 ], [ 77.592540314950597, 8.694590495173857 ], [ 77.592489444478403, 8.695047778565721 ] ] ] } },
{ "type": "Feature", "properties": { "parcel_id": "PARCEL_0287", "taluk": "Cheranmahadevi", "area_m2": 2870.81, "area_ha": 0.28708075834426039, "area_sq_m": 2870.807583442604, "area_sq_km": 0.0028708075834426041, "predicted_crop": "Other", "confidence": 0.99169999, "confidence_tier": "HIGH_CONFIDENCE", "prob_paddy": 0.0045, "prob_banana": 0.0038, "prob_other": 0.99169999, "data_quality_flag": "GOOD", "valid_pixel_count": 32, "number_of_valid_dates": 4, "model_name": "XGBoost_Advanced", "model_version": "v2.0", "feature_set": "FEATURE_SET_TEMPORAL", "prediction_date": "2026-10-08" }, "geometry": { "type": "Polygon", "coordinates": [ [ [ 77.603505598120236, 8.68476320456341 ], [ 77.604049760245815, 8.684621785331075 ], [ 77.603943388066824, 8.684216526348379 ], [ 77.603399226396206, 8.684357945270886 ], [ 77.603505598120236, 8.68476320456341 ] ] ] } },
{ "type": "Feature", "properties": { "parcel_id": "PARCEL_0288", "taluk": "Cheranmahadevi", "area_m2": 3115.87, "area_ha": 0.31158738048079615, "area_sq_m": 3115.8738048079613, "area_sq_km": 0.0031158738048079611, "predicted_crop": "Other", "confidence": 0.99809998, "confidence_tier": "HIGH_CONFIDENCE", "prob_paddy": 0.0014, "prob_banana": 0.0006, "prob_other": 0.99809998, "data_quality_flag": "GOOD", "valid_pixel_count": 32, "number_of_valid_dates": 4, "model_name": "XGBoost_Advanced", "model_version": "v2.0", "feature_set": "FEATURE_SET_TEMPORAL", "prediction_date": "2026-10-08" }, "geometry": { "type": "Polygon", "coordinates": [ [ [ 77.575946583081489, 8.659509830903984 ], [ 77.576567689787467, 8.659512712010642 ], [ 77.57656961774174, 8.659101079598614 ], [ 77.575948511714103, 8.65909819829753 ], [ 77.575946583081489, 8.659509830903984 ] ] ] } },
{ "type": "Feature", "properties": { "parcel_id": "PARCEL_0289", "taluk": "Cheranmahadevi", "area_m2": 10165.13, "area_ha": 1.0165131451961207, "area_sq_m": 10165.131451961206, "area_sq_km": 0.010165131451961205, "predicted_crop": "Other", "confidence": 0.99180001, "confidence_tier": "HIGH_CONFIDENCE", "prob_paddy": 0.0024, "prob_banana": 0.0058, "prob_other": 0.99180001, "data_quality_flag": "GOOD", "valid_pixel_count": 120, "number_of_valid_dates": 4, "model_name": "XGBoost_Advanced", "model_version": "v2.0", "feature_set": "FEATURE_SET_TEMPORAL", "prediction_date": "2026-10-08" }, "geometry": { "type": "Polygon", "coordinates": [ [ [ 77.597501610055858, 8.650409236495895 ], [ 77.598504045657066, 8.650422155698861 ], [ 77.598514871047016, 8.649590269217992 ], [ 77.597512437666524, 8.649577349393345 ], [ 77.597501610055858, 8.650409236495895 ] ] ] } },
{ "type": "Feature", "properties": { "parcel_id": "PARCEL_0290", "taluk": "Cheranmahadevi", "area_m2": 11183.21, "area_ha": 1.1183209550054278, "area_sq_m": 11183.209550054278, "area_sq_km": 0.011183209550054278, "predicted_crop": "Other", "confidence": 0.99800003, "confidence_tier": "HIGH_CONFIDENCE", "prob_paddy": 0.0011, "prob_banana": 0.0009, "prob_other": 0.99800003, "data_quality_flag": "GOOD", "valid_pixel_count": 120, "number_of_valid_dates": 4, "model_name": "XGBoost_Advanced", "model_version": "v2.0", "feature_set": "FEATURE_SET_TEMPORAL", "prediction_date": "2026-10-08" }, "geometry": { "type": "Polygon", "coordinates": [ [ [ 77.574573629057397, 8.654151060973712 ], [ 77.575419729463576, 8.654227329802751 ], [ 77.575517646828686, 8.653151618402395 ], [ 77.57467154893736, 8.653075349089415 ], [ 77.574573629057397, 8.654151060973712 ] ] ] } },
{ "type": "Feature", "properties": { "parcel_id": "PARCEL_0291", "taluk": "Cheranmahadevi", "area_m2": 3460.18, "area_ha": 0.34601762096463218, "area_sq_m": 3460.1762096463217, "area_sq_km": 0.0034601762096463217, "predicted_crop": "Other", "confidence": 0.99849999, "confidence_tier": "HIGH_CONFIDENCE", "prob_paddy": 0.0009, "prob_banana": 0.0005, "prob_other": 0.99849999, "data_quality_flag": "LIMITED", "valid_pixel_count": 24, "number_of_valid_dates": 4, "model_name": "XGBoost_Advanced", "model_version": "v2.0", "feature_set": "FEATURE_SET_TEMPORAL", "prediction_date": "2026-10-08" }, "geometry": { "type": "Polygon", "coordinates": [ [ [ 77.62131542219845, 8.671444810394615 ], [ 77.622016269180349, 8.671466069946781 ], [ 77.622028667505987, 8.671061345236014 ], [ 77.621327821288688, 8.671040085483469 ], [ 77.62131542219845, 8.671444810394615 ] ] ] } },
{ "type": "Feature", "properties": { "parcel_id": "PARCEL_0292", "taluk": "Cheranmahadevi", "area_m2": 3955.55, "area_ha": 0.39555455053912941, "area_sq_m": 3955.5455053912942, "area_sq_km": 0.0039555455053912943, "predicted_crop": "Other", "confidence": 0.99430001, "confidence_tier": "HIGH_CONFIDENCE", "prob_paddy": 0.0036, "prob_banana": 0.0021, "prob_other": 0.99430001, "data_quality_flag": "LIMITED", "valid_pixel_count": 32, "number_of_valid_dates": 4, "model_name": "XGBoost_Advanced", "model_version": "v2.0", "feature_set": "FEATURE_SET_TEMPORAL", "prediction_date": "2026-10-08" }, "geometry": { "type": "Polygon", "coordinates": [ [ [ 77.577788490311903, 8.67406020305036 ], [ 77.57854049378885, 8.67403282690975 ], [ 77.578524645674094, 8.673601778426448 ], [ 77.577772643036752, 8.67362915428609 ], [ 77.577788490311903, 8.67406020305036 ] ] ] } },
{ "type": "Feature", "properties": { "parcel_id": "PARCEL_0293", "taluk": "Cheranmahadevi", "area_m2": 9658.14, "area_ha": 0.96581430259949941, "area_sq_m": 9658.1430259949939, "area_sq_km": 0.0096581430259949936, "predicted_crop": "Other", "confidence": 0.9806, "confidence_tier": "HIGH_CONFIDENCE", "prob_paddy": 0.0143, "prob_banana": 0.0052, "prob_other": 0.9806, "data_quality_flag": "GOOD", "valid_pixel_count": 100, "number_of_valid_dates": 4, "model_name": "XGBoost_Advanced", "model_version": "v2.0", "feature_set": "FEATURE_SET_TEMPORAL", "prediction_date": "2026-10-08" }, "geometry": { "type": "Polygon", "coordinates": [ [ [ 77.581846034290677, 8.68073090745307 ], [ 77.582666125514876, 8.680938840911841 ], [ 77.582898507498413, 8.680031361439333 ], [ 77.582078418415222, 8.679823427933412 ], [ 77.581846034290677, 8.68073090745307 ] ] ] } },
{ "type": "Feature", "properties": { "parcel_id": "PARCEL_0294", "taluk": "Cheranmahadevi", "area_m2": 6231.81, "area_ha": 0.62318088732059729, "area_sq_m": 6231.8088732059732, "area_sq_km": 0.0062318088732059729, "predicted_crop": "Other", "confidence": 0.97359997, "confidence_tier": "HIGH_CONFIDENCE", "prob_paddy": 0.0142, "prob_banana": 0.0122, "prob_other": 0.97359997, "data_quality_flag": "GOOD", "valid_pixel_count": 68, "number_of_valid_dates": 4, "model_name": "XGBoost_Advanced", "model_version": "v2.0", "feature_set": "FEATURE_SET_TEMPORAL", "prediction_date": "2026-10-08" }, "geometry": { "type": "Polygon", "coordinates": [ [ [ 77.585108465307599, 8.652162258566262 ], [ 77.585567737326784, 8.652278670837591 ], [ 77.585835346787533, 8.651233143422436 ], [ 77.585376076146005, 8.651116731119032 ], [ 77.585108465307599, 8.652162258566262 ] ] ] } },
{ "type": "Feature", "properties": { "parcel_id": "PARCEL_0295", "taluk": "Cheranmahadevi", "area_m2": 7341.66, "area_ha": 0.73416561364065458, "area_sq_m": 7341.6561364065456, "area_sq_km": 0.0073416561364065451, "predicted_crop": "Other", "confidence": 0.98869997, "confidence_tier": "HIGH_CONFIDENCE", "prob_paddy": 0.009, "prob_banana": 0.0023, "prob_other": 0.98869997, "data_quality_flag": "GOOD", "valid_pixel_count": 72, "number_of_valid_dates": 4, "model_name": "XGBoost_Advanced", "model_version": "v2.0", "feature_set": "FEATURE_SET_TEMPORAL", "prediction_date": "2026-10-08" }, "geometry": { "type": "Polygon", "coordinates": [ [ [ 77.613884570914209, 8.668783478374317 ], [ 77.614602557446986, 8.668598451743257 ], [ 77.614397926588396, 8.667812174306823 ], [ 77.613679941220411, 8.667997200146468 ], [ 77.613884570914209, 8.668783478374317 ] ] ] } },
{ "type": "Feature", "properties": { "parcel_id": "PARCEL_0296", "taluk": "Cheranmahadevi", "area_m2": 10880.36, "area_ha": 1.0880358068057732, "area_sq_m": 10880.358068057732, "area_sq_km": 0.010880358068057733, "predicted_crop": "Other", "confidence": 0.99739999, "confidence_tier": "HIGH_CONFIDENCE", "prob_paddy": 0.0012, "prob_banana": 0.0014, "prob_other": 0.99739999, "data_quality_flag": "GOOD", "valid_pixel_count": 104, "number_of_valid_dates": 4, "model_name": "XGBoost_Advanced", "model_version": "v2.0", "feature_set": "FEATURE_SET_TEMPORAL", "prediction_date": "2026-10-08" }, "geometry": { "type": "Polygon", "coordinates": [ [ [ 77.585174911493098, 8.671280137836535 ], [ 77.586131509778312, 8.67139340857495 ], [ 77.586241558948956, 8.670473129505304 ], [ 77.585284963126497, 8.670359858365323 ], [ 77.585174911493098, 8.671280137836535 ] ] ] } },
{ "type": "Feature", "properties": { "parcel_id": "PARCEL_0297", "taluk": "Cheranmahadevi", "area_m2": 5404.27, "area_ha": 0.54042741895010682, "area_sq_m": 5404.2741895010677, "area_sq_km": 0.0054042741895010673, "predicted_crop": "Other", "confidence": 0.99720001, "confidence_tier": "HIGH_CONFIDENCE", "prob_paddy": 0.0019, "prob_banana": 0.0009, "prob_other": 0.99720001, "data_quality_flag": "GOOD", "valid_pixel_count": 52, "number_of_valid_dates": 4, "model_name": "XGBoost_Advanced", "model_version": "v2.0", "feature_set": "FEATURE_SET_TEMPORAL", "prediction_date": "2026-10-08" }, "geometry": { "type": "Polygon", "coordinates": [ [ [ 77.581130744670205, 8.653062453006923 ], [ 77.581557490975243, 8.653073283748098 ], [ 77.58158410467388, 8.652034847319642 ], [ 77.581157359557281, 8.652024016264862 ], [ 77.581130744670205, 8.653062453006923 ] ] ] } },
{ "type": "Feature", "properties": { "parcel_id": "PARCEL_0298", "taluk": "Cheranmahadevi", "area_m2": 6671.91, "area_ha": 0.66719087911834063, "area_sq_m": 6671.9087911834058, "area_sq_km": 0.0066719087911834059, "predicted_crop": "Other", "confidence": 0.99830002, "confidence_tier": "HIGH_CONFIDENCE", "prob_paddy": 0.0012, "prob_banana": 0.0005, "prob_other": 0.99830002, "data_quality_flag": "GOOD", "valid_pixel_count": 64, "number_of_valid_dates": 4, "model_name": "XGBoost_Advanced", "model_version": "v2.0", "feature_set": "FEATURE_SET_TEMPORAL", "prediction_date": "2026-10-08" }, "geometry": { "type": "Polygon", "coordinates": [ [ [ 77.579977268872739, 8.650027051473629 ], [ 77.580665343897138, 8.650028852227715 ], [ 77.58066744601085, 8.649233236746777 ], [ 77.579979372435545, 8.649231435572812 ], [ 77.579977268872739, 8.650027051473629 ] ] ] } },
{ "type": "Feature", "properties": { "parcel_id": "PARCEL_0299", "taluk": "Cheranmahadevi", "area_m2": 12905.85, "area_ha": 1.2905853325642684, "area_sq_m": 12905.853325642685, "area_sq_km": 0.012905853325642685, "predicted_crop": "Other", "confidence": 0.9989, "confidence_tier": "HIGH_CONFIDENCE", "prob_paddy": 0.0007, "prob_banana": 0.0004, "prob_other": 0.9989, "data_quality_flag": "GOOD", "valid_pixel_count": 132, "number_of_valid_dates": 4, "model_name": "XGBoost_Advanced", "model_version": "v2.0", "feature_set": "FEATURE_SET_TEMPORAL", "prediction_date": "2026-10-08" }, "geometry": { "type": "Polygon", "coordinates": [ [ [ 77.593821681866658, 8.676566842023371 ], [ 77.594887845141827, 8.676371894198967 ], [ 77.594710408129345, 8.675411050326696 ], [ 77.593644247184116, 8.675605996893314 ], [ 77.593821681866658, 8.676566842023371 ] ] ] } },
{ "type": "Feature", "properties": { "parcel_id": "PARCEL_0300", "taluk": "Cheranmahadevi", "area_m2": 12064.94, "area_ha": 1.206494072243921, "area_sq_m": 12064.940722439211, "area_sq_km": 0.012064940722439211, "predicted_crop": "Other", "confidence": 0.99839997, "confidence_tier": "HIGH_CONFIDENCE", "prob_paddy": 0.0009, "prob_banana": 0.0007, "prob_other": 0.99839997, "data_quality_flag": "GOOD", "valid_pixel_count": 120, "number_of_valid_dates": 4, "model_name": "XGBoost_Advanced", "model_version": "v2.0", "feature_set": "FEATURE_SET_TEMPORAL", "prediction_date": "2026-10-08" }, "geometry": { "type": "Polygon", "coordinates": [ [ [ 77.586640673696749, 8.679990688366765 ], [ 77.587626157489566, 8.680165825325322 ], [ 77.587800896229282, 8.679192270718024 ], [ 77.586815415167152, 8.679017133483185 ], [ 77.586640673696749, 8.679990688366765 ] ] ] } }
]
}
